{
"type": "FeatureCollection",
"name": "BLOCKS",
"crs": { "type": "name", "properties": { "name": "urn:ogc:def:crs:OGC:1.3:CRS84" } },
"features": [
{ "type": "Feature", "properties": { "ID": "411", "BLOCK NAME": "B.1.8.12+13", "FILL-TOTAL": null, "CUT-TOTAL": null, "FILL-DONE": null, "CUT-DONE": null, "FILL-REMAN": null, "CUT-REMAN": null, "EQUPIMENTS": null, "CONTRACTOR": null, "STATUS": null }, "geometry": { "type": "MultiPolygon", "coordinates": [ [ [ [ 39.720337035287301, 21.305604037181268, 0.0 ], [ 39.720337103537339, 21.305609389269868, 0.0 ], [ 39.720337248903824, 21.305614739998418, 0.0 ], [ 39.720337471360232, 21.305620088391741, 0.0 ], [ 39.720337770866031, 21.305625433474976, 0.0 ], [ 39.720338147366668, 21.305630774273943, 0.0 ], [ 39.720338600793497, 21.305636109815161, 0.0 ], [ 39.720339131063923, 21.305641439126209, 0.0 ], [ 39.720339738081265, 21.305646761235732, 0.0 ], [ 39.720340421734903, 21.3056520751737, 0.0 ], [ 39.720341181900245, 21.305657379971603, 0.0 ], [ 39.720342018438778, 21.305662674662525, 0.0 ], [ 39.72034293119799, 21.305667958281457, 0.0 ], [ 39.720343920011551, 21.305673229865437, 0.0 ], [ 39.720344984699253, 21.305678488453577, 0.0 ], [ 39.720346125067032, 21.305683733087481, 0.0 ], [ 39.720347340907082, 21.305688962811214, 0.0 ], [ 39.720348631997773, 21.305694176671594, 0.0 ], [ 39.720349998103799, 21.305699373718348, 0.0 ], [ 39.720351438976188, 21.305704553004222, 0.0 ], [ 39.720352954352308, 21.305709713585234, 0.0 ], [ 39.72035454395602, 21.30571485452079, 0.0 ], [ 39.720356207497545, 21.305719974873902, 0.0 ], [ 39.720357944673729, 21.305725073711276, 0.0 ], [ 39.720359755167934, 21.305730150103642, 0.0 ], [ 39.720361638650189, 21.305735203125707, 0.0 ], [ 39.720363594777197, 21.305740231856504, 0.0 ], [ 39.720365623192471, 21.305745235379494, 0.0 ], [ 39.720367723526287, 21.305750212782719, 0.0 ], [ 39.720369895395827, 21.305755163158956, 0.0 ], [ 39.720372138405253, 21.305760085605932, 0.0 ], [ 39.720374452145769, 21.305764979226492, 0.0 ], [ 39.720376836195655, 21.305769843128687, 0.0 ], [ 39.720379290120412, 21.305774676426015, 0.0 ], [ 39.720381813472756, 21.305779478237529, 0.0 ], [ 39.720384405792799, 21.305784247688049, 0.0 ], [ 39.720387066608062, 21.305788983908258, 0.0 ], [ 39.720389795433562, 21.305793686034932, 0.0 ], [ 39.720392591771962, 21.305798353211038, 0.0 ], [ 39.720395455113589, 21.30580298458592, 0.0 ], [ 39.720398384936573, 21.305807579315434, 0.0 ], [ 39.720401380706896, 21.305812136562164, 0.0 ], [ 39.720404441878571, 21.305816655495452, 0.0 ], [ 39.720407567893652, 21.305821135291666, 0.0 ], [ 39.720410758182382, 21.305825575134314, 0.0 ], [ 39.720414012163289, 21.305829974214177, 0.0 ], [ 39.720417329243311, 21.305834331729443, 0.0 ], [ 39.720420708817862, 21.305838646885913, 0.0 ], [ 39.720423948142006, 21.305842671276451, 0.0 ], [ 39.720427491707845, 21.305847075415965, 0.0 ], [ 39.720430973377681, 21.305851522678228, 0.0 ], [ 39.720434392553905, 21.305856012299852, 0.0 ], [ 39.72043774864963, 21.305860543510274, 0.0 ], [ 39.720441041088812, 21.30586511553172, 0.0 ], [ 39.720444269306327, 21.305869727579445, 0.0 ], [ 39.720447432748053, 21.305874378861841, 0.0 ], [ 39.72045053087102, 21.305879068580531, 0.0 ], [ 39.720453563143458, 21.30588379593059, 0.0 ], [ 39.720456529044881, 21.305888560100559, 0.0 ], [ 39.720459428066206, 21.305893360272751, 0.0 ], [ 39.720462259709841, 21.305898195623229, 0.0 ], [ 39.720465023489751, 21.305903065322049, 0.0 ], [ 39.720467718931545, 21.305907968533369, 0.0 ], [ 39.720470345572551, 21.305912904415578, 0.0 ], [ 39.720472902961951, 21.305917872121476, 0.0 ], [ 39.720475390660759, 21.305922870798412, 0.0 ], [ 39.720477808241974, 21.305927899588365, 0.0 ], [ 39.720480155290645, 21.305932957628208, 0.0 ], [ 39.720482431403887, 21.305938044049771, 0.0 ], [ 39.720484636191046, 21.305943157979989, 0.0 ], [ 39.720486769273641, 21.305948298541104, 0.0 ], [ 39.720488104340788, 21.305951621466196, 0.0 ], [ 39.720490345502839, 21.305957168055702, 0.0 ], [ 39.720492658632459, 21.30596268864355, 0.0 ], [ 39.720495043386315, 21.305968182410229, 0.0 ], [ 39.720497499410392, 21.30597364854022, 0.0 ], [ 39.720500026340119, 21.305979086222099, 0.0 ], [ 39.720502623800407, 21.305984494648687, 0.0 ], [ 39.720505291405665, 21.305989873017147, 0.0 ], [ 39.720508028759937, 21.305995220529066, 0.0 ], [ 39.720510835456871, 21.306000536390645, 0.0 ], [ 39.720513711079839, 21.306005819812803, 0.0 ], [ 39.720516655201983, 21.306011070011227, 0.0 ], [ 39.720519667386263, 21.306016286206543, 0.0 ], [ 39.720522747185541, 21.306021467624468, 0.0 ], [ 39.720525894142682, 21.306026613495824, 0.0 ], [ 39.720529107790504, 21.306031723056751, 0.0 ], [ 39.720532387651978, 21.306036795548785, 0.0 ], [ 39.720535733240261, 21.306041830218888, 0.0 ], [ 39.720539144058684, 21.306046826319754, 0.0 ], [ 39.720542619600984, 21.306051783109705, 0.0 ], [ 39.720546159351201, 21.306056699852949, 0.0 ], [ 39.720549762783904, 21.306061575819616, 0.0 ], [ 39.720553429364195, 21.306066410285887, 0.0 ], [ 39.720557158547798, 21.306071202534142, 0.0 ], [ 39.720560949781138, 21.306075951852989, 0.0 ], [ 39.720564802501414, 21.306080657537407, 0.0 ], [ 39.720568716136754, 21.306085318888883, 0.0 ], [ 39.720572690106195, 21.30608993521545, 0.0 ], [ 39.720576723819804, 21.306094505831851, 0.0 ], [ 39.720580816678847, 21.306099030059588, 0.0 ], [ 39.720584968075741, 21.306103507227085, 0.0 ], [ 39.720589177394238, 21.306107936669729, 0.0 ], [ 39.720593444009509, 21.306112317730012, 0.0 ], [ 39.72059776728819, 21.306116649757527, 0.0 ], [ 39.720602146588533, 21.306120932109273, 0.0 ], [ 39.720606581260441, 21.306125164149556, 0.0 ], [ 39.720611070645631, 21.306129345250106, 0.0 ], [ 39.720615614077701, 21.306133474790311, 0.0 ], [ 39.72062021088216, 21.306137552157139, 0.0 ], [ 39.720624860376681, 21.306141576745343, 0.0 ], [ 39.720629561871078, 21.306145547957485, 0.0 ], [ 39.720634314667414, 21.306149465204047, 0.0 ], [ 39.720639118060205, 21.306153327903562, 0.0 ], [ 39.720643971336372, 21.306157135482625, 0.0 ], [ 39.720648873775524, 21.30616088737602, 0.0 ], [ 39.720653824649879, 21.306164583026796, 0.0 ], [ 39.720658823224554, 21.30616822188636, 0.0 ], [ 39.720663104993562, 21.30617126706812, 0.0 ], [ 39.722410522945104, 21.30740070635526, 0.0 ], [ 39.722395296192559, 21.3073672244258, 0.0 ], [ 39.72238014043716, 21.307333714229141, 0.0 ], [ 39.722365055738628, 21.307300175897424, 0.0 ], [ 39.72235004215635, 21.307266609562831, 0.0 ], [ 39.722335099749522, 21.307233015357756, 0.0 ], [ 39.722320228576962, 21.307199393414603, 0.0 ], [ 39.722305428697261, 21.307165743865944, 0.0 ], [ 39.722290700168735, 21.307132066844453, 0.0 ], [ 39.722276043049398, 21.307098362482886, 0.0 ], [ 39.722261457396989, 21.307064630914123, 0.0 ], [ 39.722246943268964, 21.307030872271191, 0.0 ], [ 39.722232500722491, 21.306997086687129, 0.0 ], [ 39.722218129814458, 21.306963274295171, 0.0 ], [ 39.722203830601487, 21.306929435228611, 0.0 ], [ 39.722189603139917, 21.30689556962087, 0.0 ], [ 39.72217544748576, 21.306861677605454, 0.0 ], [ 39.722161363694795, 21.306827759315993, 0.0 ], [ 39.7221473518225, 21.306793814886202, 0.0 ], [ 39.722133411924055, 21.306759844449925, 0.0 ], [ 39.722119544054372, 21.306725848141078, 0.0 ], [ 39.722105748268099, 21.306691826093683, 0.0 ], [ 39.722092024619549, 21.306657778441874, 0.0 ], [ 39.722078373162788, 21.306623705319907, 0.0 ], [ 39.722064793951603, 21.306589606862083, 0.0 ], [ 39.722051287039456, 21.306555483202867, 0.0 ], [ 39.722037852479552, 21.30652133447677, 0.0 ], [ 39.72202449032482, 21.306487160818445, 0.0 ], [ 39.722011200627882, 21.306452962362599, 0.0 ], [ 39.721997983441099, 21.306418739244062, 0.0 ], [ 39.721984838816496, 21.306384491597772, 0.0 ], [ 39.721971766805879, 21.306350219558738, 0.0 ], [ 39.721958767460734, 21.306315923262076, 0.0 ], [ 39.72194584083222, 21.306281602843015, 0.0 ], [ 39.721932986971289, 21.306247258436848, 0.0 ], [ 39.721920205928562, 21.306212890178983, 0.0 ], [ 39.721907497754387, 21.306178498204908, 0.0 ], [ 39.721894862498772, 21.306144082650221, 0.0 ], [ 39.721882300211526, 21.306109643650604, 0.0 ], [ 39.721869810942096, 21.306075181341829, 0.0 ], [ 39.721857394739693, 21.306040695859757, 0.0 ], [ 39.721845051653204, 21.306006187340348, 0.0 ], [ 39.721832781731237, 21.305971655919663, 0.0 ], [ 39.72182058502213, 21.305937101733839, 0.0 ], [ 39.721808461573893, 21.30590252491908, 0.0 ], [ 39.721796411434298, 21.305867925611743, 0.0 ], [ 39.721784434650786, 21.305833303948198, 0.0 ], [ 39.721772531270524, 21.305798660064958, 0.0 ], [ 39.721760701340379, 21.305763994098594, 0.0 ], [ 39.721748944906977, 21.305729306185786, 0.0 ], [ 39.721737262016575, 21.305694596463283, 0.0 ], [ 39.7217256527152, 21.30565986506792, 0.0 ], [ 39.721714117048563, 21.305625112136646, 0.0 ], [ 39.721702655062096, 21.305590337806446, 0.0 ], [ 39.721691266800917, 21.305555542214432, 0.0 ], [ 39.721679952309913, 21.305520725497768, 0.0 ], [ 39.721668711633605, 21.305485887793719, 0.0 ], [ 39.721657544816267, 21.305451029239649, 0.0 ], [ 39.721646451901861, 21.30541614997297, 0.0 ], [ 39.721635432934086, 21.305381250131184, 0.0 ], [ 39.721624487956326, 21.305346329851911, 0.0 ], [ 39.721613617011656, 21.305311389272781, 0.0 ], [ 39.72160282014292, 21.30527642853157, 0.0 ], [ 39.721592097392609, 21.305241447766083, 0.0 ], [ 39.721581448802944, 21.305206447114259, 0.0 ], [ 39.721570874415853, 21.305171426714089, 0.0 ], [ 39.721560374272975, 21.305136386703595, 0.0 ], [ 39.721549948415657, 21.305101327220942, 0.0 ], [ 39.721539596884959, 21.305066248404358, 0.0 ], [ 39.721529319721611, 21.305031150392136, 0.0 ], [ 39.721519116966093, 21.304996033322613, 0.0 ], [ 39.721508988658584, 21.304960897334304, 0.0 ], [ 39.721498934838955, 21.304925742565647, 0.0 ], [ 39.721488955546775, 21.304890569155283, 0.0 ], [ 39.72147905082133, 21.304855377241871, 0.0 ], [ 39.721469220701657, 21.304820166964152, 0.0 ], [ 39.721459465226431, 21.304784938460941, 0.0 ], [ 39.721449784434036, 21.304749691871102, 0.0 ], [ 39.721440178362613, 21.3047144273336, 0.0 ], [ 39.721430647049971, 21.304679144987471, 0.0 ], [ 39.721421190533626, 21.304643844971789, 0.0 ], [ 39.721411808850831, 21.304608527425771, 0.0 ], [ 39.721402502038487, 21.304573192488597, 0.0 ], [ 39.721393270133255, 21.30453784029957, 0.0 ], [ 39.721384113171453, 21.304502470998095, 0.0 ], [ 39.721375031189154, 21.304467084723598, 0.0 ], [ 39.7213660242221, 21.304431681615576, 0.0 ], [ 39.721357092305738, 21.304396261813604, 0.0 ], [ 39.721348235475226, 21.304360825457302, 0.0 ], [ 39.721339453765424, 21.30432537268641, 0.0 ], [ 39.721330747210921, 21.304289903640662, 0.0 ], [ 39.721322115845972, 21.304254418459891, 0.0 ], [ 39.721313559704548, 21.304218917284018, 0.0 ], [ 39.721305078820322, 21.304183400252988, 0.0 ], [ 39.721296673226703, 21.304147867506799, 0.0 ], [ 39.721288342956747, 21.304112319185563, 0.0 ], [ 39.72128008804323, 21.304076755429396, 0.0 ], [ 39.721271908518666, 21.304041176378512, 0.0 ], [ 39.721263804415244, 21.304005582173186, 0.0 ], [ 39.721255775764874, 21.303969972953738, 0.0 ], [ 39.721247822599103, 21.30393434886053, 0.0 ], [ 39.721239944949296, 21.303898710034026, 0.0 ], [ 39.721232142846382, 21.303863056614702, 0.0 ], [ 39.721224416321121, 21.303827388743155, 0.0 ], [ 39.721216765403909, 21.303791706559952, 0.0 ], [ 39.721209190124831, 21.303756010205806, 0.0 ], [ 39.721201690513709, 21.303720299821411, 0.0 ], [ 39.721194266600065, 21.303684575547543, 0.0 ], [ 39.721186918413089, 21.303648837525067, 0.0 ], [ 39.721179645981714, 21.303613085894845, 0.0 ], [ 39.72117244933456, 21.303577320797839, 0.0 ], [ 39.721165328499922, 21.303541542375047, 0.0 ], [ 39.721158283505829, 21.303505750767485, 0.0 ], [ 39.721151314380002, 21.303469946116291, 0.0 ], [ 39.721144421149859, 21.303434128562596, 0.0 ], [ 39.721137603842514, 21.303398298247604, 0.0 ], [ 39.72113086248477, 21.30336245531257, 0.0 ], [ 39.721124197103201, 21.30332659989881, 0.0 ], [ 39.72111760772399, 21.303290732147673, 0.0 ], [ 39.72111109437305, 21.303254852200524, 0.0 ], [ 39.72110465707604, 21.303218960198858, 0.0 ], [ 39.721098295858241, 21.303183056284123, 0.0 ], [ 39.721092010744712, 21.303147140597918, 0.0 ], [ 39.72108580176014, 21.303111213281777, 0.0 ], [ 39.721079668928986, 21.303075274477369, 0.0 ], [ 39.721073612275333, 21.303039324326345, 0.0 ], [ 39.721067631823026, 21.303003362970461, 0.0 ], [ 39.721061727595583, 21.302967390551462, 0.0 ], [ 39.721055899616225, 21.302931407211158, 0.0 ], [ 39.721050147907874, 21.302895413091434, 0.0 ], [ 39.721044472493141, 21.302859408334154, 0.0 ], [ 39.72103887339432, 21.302823393081276, 0.0 ], [ 39.721033350633476, 21.302787367474764, 0.0 ], [ 39.721027904232301, 21.302751331656651, 0.0 ], [ 39.721022534212217, 21.302715285768997, 0.0 ], [ 39.721017240594321, 21.302679229953881, 0.0 ], [ 39.721012023399439, 21.302643164353483, 0.0 ], [ 39.721006882648105, 21.302607089109951, 0.0 ], [ 39.721001818360484, 21.302571004365507, 0.0 ], [ 39.720996830556516, 21.302534910262413, 0.0 ], [ 39.720991919255788, 21.302498806942957, 0.0 ], [ 39.720987084477628, 21.302462694549451, 0.0 ], [ 39.720982326241035, 21.30242657322426, 0.0 ], [ 39.72097764456467, 21.302390443109811, 0.0 ], [ 39.720973039466998, 21.302354304348498, 0.0 ], [ 39.720968510966074, 21.302318157082805, 0.0 ], [ 39.720964059079712, 21.302282001455229, 0.0 ], [ 39.720959683825392, 21.3022458376083, 0.0 ], [ 39.7209553852203, 21.302209665684583, 0.0 ], [ 39.720951163281363, 21.302173485826675, 0.0 ], [ 39.720947018025143, 21.3021372981772, 0.0 ], [ 39.720942949467911, 21.302101102878822, 0.0 ], [ 39.720938957625663, 21.302064900074217, 0.0 ], [ 39.720935042514107, 21.302028689906109, 0.0 ], [ 39.72093120414857, 21.301992472517256, 0.0 ], [ 39.720927442544166, 21.301956248050413, 0.0 ], [ 39.720923757715646, 21.301920016648385, 0.0 ], [ 39.720920149677482, 21.301883778454027, 0.0 ], [ 39.720916618443852, 21.301847533610161, 0.0 ], [ 39.720913164028616, 21.301811282259695, 0.0 ], [ 39.720909786445318, 21.301775024545513, 0.0 ], [ 39.72090648570726, 21.301738760610576, 0.0 ], [ 39.720903261827353, 21.301702490597808, 0.0 ], [ 39.720900114818257, 21.30166621465024, 0.0 ], [ 39.72089704469235, 21.301629932910831, 0.0 ], [ 39.720894051461642, 21.301593645522619, 0.0 ], [ 39.720891135137897, 21.301557352628656, 0.0 ], [ 39.72088829573255, 21.301521054372028, 0.0 ], [ 39.720885533256727, 21.301484750895792, 0.0 ], [ 39.720882847721292, 21.301448442343101, 0.0 ], [ 39.720880239136747, 21.301412128857059, 0.0 ], [ 39.720877707513331, 21.30137581058084, 0.0 ], [ 39.720875252860964, 21.301339487657586, 0.0 ], [ 39.720872875189251, 21.301303160230503, 0.0 ], [ 39.720870574507529, 21.301266828442802, 0.0 ], [ 39.720868350824816, 21.301230492437703, 0.0 ], [ 39.720866204149786, 21.301194152358448, 0.0 ], [ 39.720864134490874, 21.301157808348286, 0.0 ], [ 39.72086214185618, 21.301121460550501, 0.0 ], [ 39.720860226253507, 21.301085109108346, 0.0 ], [ 39.720858387690335, 21.301048754165162, 0.0 ], [ 39.720856626173848, 21.301012395864234, 0.0 ], [ 39.720854941710947, 21.300976034348913, 0.0 ], [ 39.720853334308224, 21.300939669762531, 0.0 ], [ 39.720851803971946, 21.300903302248425, 0.0 ], [ 39.720850350708083, 21.300866931949987, 0.0 ], [ 39.720848974522312, 21.30083055901056, 0.0 ], [ 39.720847675420032, 21.300794183573551, 0.0 ], [ 39.720846453406246, 21.30075780578235, 0.0 ], [ 39.720845308485771, 21.300721425780345, 0.0 ], [ 39.720844240663034, 21.300685043710953, 0.0 ], [ 39.720843249942185, 21.300648659717616, 0.0 ], [ 39.720842336327088, 21.300612273943756, 0.0 ], [ 39.720841499821262, 21.300575886532776, 0.0 ], [ 39.720840740427974, 21.300539497628154, 0.0 ], [ 39.720840058150166, 21.300503107373309, 0.0 ], [ 39.720839452990454, 21.300466715911714, 0.0 ], [ 39.720838924951146, 21.300430323386806, 0.0 ], [ 39.720838474034323, 21.300393929942071, 0.0 ], [ 39.720838100241657, 21.300357535720948, 0.0 ], [ 39.720837803574575, 21.300321140866927, 0.0 ], [ 39.7208375840342, 21.300284745523474, 0.0 ], [ 39.720837441621327, 21.300248349834021, 0.0 ], [ 39.720837376336476, 21.300211953942085, 0.0 ], [ 39.720837388179831, 21.300175557991121, 0.0 ], [ 39.720837477151314, 21.300139162124623, 0.0 ], [ 39.720837643250491, 21.300102766486031, 0.0 ], [ 39.720837886476659, 21.300066371218843, 0.0 ], [ 39.720838206828795, 21.300029976466515, 0.0 ], [ 39.720838604305591, 21.299993582372522, 0.0 ], [ 39.720839078905399, 21.299957189080342, 0.0 ], [ 39.720839630626344, 21.299920796733403, 0.0 ], [ 39.720840259466144, 21.299884405475208, 0.0 ], [ 39.720840965422276, 21.299848015449165, 0.0 ], [ 39.720841748491907, 21.299811626798757, 0.0 ], [ 39.720842608671894, 21.299775239667401, 0.0 ], [ 39.720843545958779, 21.299738854198548, 0.0 ], [ 39.720844560348809, 21.299702470535642, 0.0 ], [ 39.720845651837941, 21.299666088822097, 0.0 ], [ 39.720846820421826, 21.299629709201326, 0.0 ], [ 39.720848066095755, 21.29959333181673, 0.0 ], [ 39.720849388854809, 21.299556956811717, 0.0 ], [ 39.720850788693674, 21.299520584329684, 0.0 ], [ 39.72085226560683, 21.299484214513981, 0.0 ], [ 39.720853819588335, 21.299447847508006, 0.0 ], [ 39.720855450632065, 21.299411483455103, 0.0 ], [ 39.720857158731469, 21.299375122498628, 0.0 ], [ 39.720857195355407, 21.299374360454078, 0.0 ], [ 39.720796932422637, 21.299367792924485, 0.0 ], [ 39.720356051279644, 21.304664720899925, 0.0 ], [ 39.720337035287301, 21.305604037181268, 0.0 ] ] ] ] } },
{ "type": "Feature", "properties": { "ID": "423", "BLOCK NAME": "B.1.8.5+10", "FILL-TOTAL": null, "CUT-TOTAL": null, "FILL-DONE": null, "CUT-DONE": null, "FILL-REMAN": null, "CUT-REMAN": null, "EQUPIMENTS": null, "CONTRACTOR": null, "STATUS": null }, "geometry": { "type": "MultiPolygon", "coordinates": [ [ [ [ 39.720091452039014, 21.301114734572664, 0.0 ], [ 39.720027816112221, 21.301112521970239, 0.0 ], [ 39.720020641092148, 21.301293052508758, 0.0 ], [ 39.719833783019531, 21.301286555375782, 0.0 ], [ 39.719793810410295, 21.301321321489951, 0.0 ], [ 39.719652993103011, 21.304864231928676, 0.0 ], [ 39.719622140207299, 21.305640465514401, 0.0 ], [ 39.719625636718426, 21.305641069372157, 0.0 ], [ 39.719629146397509, 21.305641602029457, 0.0 ], [ 39.719632667592961, 21.305642063235627, 0.0 ], [ 39.719636198647805, 21.30564245277365, 0.0 ], [ 39.71963973790043, 21.30564277046021, 0.0 ], [ 39.719643283685308, 21.305643016145822, 0.0 ], [ 39.719646834333915, 21.305643189714857, 0.0 ], [ 39.719650388175388, 21.305643291085637, 0.0 ], [ 39.719653943537359, 21.305643320210486, 0.0 ], [ 39.719657498746791, 21.305643277075689, 0.0 ], [ 39.719661052130661, 21.305643161701514, 0.0 ], [ 39.719664602016849, 21.305642974142284, 0.0 ], [ 39.719668146734861, 21.305642714486247, 0.0 ], [ 39.719671684616628, 21.305642382855606, 0.0 ], [ 39.71967521399732, 21.305641979406403, 0.0 ], [ 39.719678733216114, 21.305641504328513, 0.0 ], [ 39.719682240616905, 21.305640957845458, 0.0 ], [ 39.719685734549216, 21.305640340214438, 0.0 ], [ 39.719689213368909, 21.305639651726068, 0.0 ], [ 39.719692675438914, 21.305638892704351, 0.0 ], [ 39.719696119130056, 21.305638063506464, 0.0 ], [ 39.719699542821836, 21.305637164522597, 0.0 ], [ 39.71970294490314, 21.305636196175804, 0.0 ], [ 39.719706323773039, 21.305635158921753, 0.0 ], [ 39.719709677841529, 21.305634053248557, 0.0 ], [ 39.719713005530217, 21.305632879676512, 0.0 ], [ 39.719716305273231, 21.30563163875788, 0.0 ], [ 39.719719575517772, 21.30563033107661, 0.0 ], [ 39.719722814724932, 21.305628957248061, 0.0 ], [ 39.719726021370434, 21.305627517918719, 0.0 ], [ 39.719729193945305, 21.305626013765902, 0.0 ], [ 39.71973233095661, 21.305624445497433, 0.0 ], [ 39.719735430928154, 21.305622813851297, 0.0 ], [ 39.719738492401156, 21.305621119595298, 0.0 ], [ 39.719741513934963, 21.305619363526727, 0.0 ], [ 39.719744494107736, 21.305617546471922, 0.0 ], [ 39.719747431517064, 21.305615669285984, 0.0 ], [ 39.719750324780662, 21.305613732852251, 0.0 ], [ 39.719753172537061, 21.305611738081943, 0.0 ], [ 39.719755973446162, 21.305609685913776, 0.0 ], [ 39.719758726189937, 21.305607577313438, 0.0 ], [ 39.719761429473017, 21.305605413273177, 0.0 ], [ 39.719764082023282, 21.305603194811365, 0.0 ], [ 39.719766682592521, 21.305600922971927, 0.0 ], [ 39.719769229956988, 21.305598598823952, 0.0 ], [ 39.71977172291794, 21.30559622346113, 0.0 ], [ 39.719774160302272, 21.305593798001226, 0.0 ], [ 39.719776540962989, 21.305591323585624, 0.0 ], [ 39.71977886377983, 21.305588801378693, 0.0 ], [ 39.719781127659736, 21.305586232567364, 0.0 ], [ 39.719783331537379, 21.305583618360437, 0.0 ], [ 39.719785474375691, 21.305580959988085, 0.0 ], [ 39.719787555166292, 21.305578258701274, 0.0 ], [ 39.719789572930011, 21.305575515771171, 0.0 ], [ 39.719791526717337, 21.305572732488518, 0.0 ], [ 39.719793415608905, 21.305569910163086, 0.0 ], [ 39.719795238715825, 21.305567050122956, 0.0 ], [ 39.719796995180189, 21.305564153714013, 0.0 ], [ 39.71979868417548, 21.305561222299222, 0.0 ], [ 39.719800304906876, 21.305558257258053, 0.0 ], [ 39.719801856611696, 21.30555525998578, 0.0 ], [ 39.719803338559792, 21.305552231892804, 0.0 ], [ 39.719804750053768, 21.305549174404117, 0.0 ], [ 39.719806090429437, 21.305546088958472, 0.0 ], [ 39.719807359056041, 21.305542977007811, 0.0 ], [ 39.719808555336591, 21.305539840016532, 0.0 ], [ 39.719809678708195, 21.305536679460847, 0.0 ], [ 39.719810728642173, 21.305533496827998, 0.0 ], [ 39.719811704644478, 21.305530293615675, 0.0 ], [ 39.719812606255836, 21.305527071331234, 0.0 ], [ 39.719813433051996, 21.30552383149098, 0.0 ], [ 39.719814184643859, 21.305520575619507, 0.0 ], [ 39.719814860677772, 21.305517305248962, 0.0 ], [ 39.719815460835612, 21.305514021918274, 0.0 ], [ 39.719815984834959, 21.305510727172514, 0.0 ], [ 39.719816328534954, 21.305508243153849, 0.0 ], [ 39.71996133011946, 21.304388723950524, 0.0 ], [ 39.720091452039014, 21.301114734572664, 0.0 ] ] ] ] } },
{ "type": "Feature", "properties": { "ID": "269", "BLOCK NAME": "B.1.8.11", "FILL-TOTAL": null, "CUT-TOTAL": null, "FILL-DONE": null, "CUT-DONE": null, "FILL-REMAN": null, "CUT-REMAN": null, "EQUPIMENTS": null, "CONTRACTOR": null, "STATUS": null }, "geometry": { "type": "MultiPolygon", "coordinates": [ [ [ [ 39.720091452039014, 21.301114734572664, 0.0 ], [ 39.720111541822341, 21.300609249029417, 0.0 ], [ 39.72007443944095, 21.300571802982571, 0.0 ], [ 39.718993859636946, 21.300534227859544, 0.0 ], [ 39.718953887021691, 21.300568993778384, 0.0 ], [ 39.718935228540026, 21.301038373208495, 0.0 ], [ 39.718972330761183, 21.301075819509915, 0.0 ], [ 39.720027816112221, 21.301112521970239, 0.0 ], [ 39.720091452039014, 21.301114734572664, 0.0 ] ] ] ] } },
{ "type": "Feature", "properties": { "ID": "428", "BLOCK NAME": "B.1.10.1+2+7", "FILL-TOTAL": null, "CUT-TOTAL": null, "FILL-DONE": null, "CUT-DONE": null, "FILL-REMAN": null, "CUT-REMAN": null, "EQUPIMENTS": null, "CONTRACTOR": null, "STATUS": null }, "geometry": { "type": "MultiPolygon", "coordinates": [ [ [ [ 39.720210554577356, 21.298117926658353, 0.0 ], [ 39.719921529179501, 21.298107876937806, 0.0 ], [ 39.719865562928817, 21.299516015822071, 0.0 ], [ 39.719902664984289, 21.299553461934092, 0.0 ], [ 39.720089520860448, 21.299559959064347, 0.0 ], [ 39.720082345928816, 21.299740489659484, 0.0 ], [ 39.716955500100191, 21.299631739231636, 0.0 ], [ 39.716915527227457, 21.29966650467783, 0.0 ], [ 39.716897580158751, 21.300117831122591, 0.0 ], [ 39.716953232383695, 21.300174001296845, 0.0 ], [ 39.720085919353181, 21.300282954074749, 0.0 ], [ 39.72012589161826, 21.300248187894599, 0.0 ], [ 39.720210554577356, 21.298117926658353, 0.0 ] ] ] ] } },
{ "type": "Feature", "properties": { "ID": "244", "BLOCK NAME": "B.1.10.9+10", "FILL-TOTAL": null, "CUT-TOTAL": null, "FILL-DONE": null, "CUT-DONE": null, "FILL-REMAN": null, "CUT-REMAN": null, "EQUPIMENTS": null, "CONTRACTOR": null, "STATUS": null }, "geometry": { "type": "MultiPolygon", "coordinates": [ [ [ [ 39.720230853860528, 21.297607157352626, 0.0 ], [ 39.719912734952452, 21.297596867205183, 0.0 ], [ 39.71847538663588, 21.297546881209971, 0.0 ], [ 39.718435414680719, 21.297581647004513, 0.0 ], [ 39.718418010581146, 21.298019433853092, 0.0 ], [ 39.718455111890265, 21.298056880322399, 0.0 ], [ 39.719921529179501, 21.298107876937806, 0.0 ], [ 39.720210554577356, 21.298117926658353, 0.0 ], [ 39.720230853860528, 21.297607157352626, 0.0 ] ] ] ] } },
{ "type": "Feature", "properties": { "ID": "442", "BLOCK NAME": "B.1.10.13+14", "FILL-TOTAL": null, "CUT-TOTAL": null, "FILL-DONE": null, "CUT-DONE": null, "FILL-REMAN": null, "CUT-REMAN": null, "EQUPIMENTS": null, "CONTRACTOR": null, "STATUS": null }, "geometry": { "type": "MultiPolygon", "coordinates": [ [ [ [ 39.717829721148661, 21.296103971968716, 0.0 ], [ 39.717821032407699, 21.296303853456742, 0.0 ], [ 39.717809906995399, 21.296583676053224, 0.0 ], [ 39.717847007781373, 21.29662112268565, 0.0 ], [ 39.719948610457969, 21.296694213767537, 0.0 ], [ 39.719912734952452, 21.297596867205183, 0.0 ], [ 39.720230853860528, 21.297607157352626, 0.0 ], [ 39.720232510709351, 21.297565467731914, 0.0 ], [ 39.720214188265103, 21.297293660430572, 0.0 ], [ 39.720235818710186, 21.296749395491474, 0.0 ], [ 39.720235752213931, 21.29674289479528, 0.0 ], [ 39.720235608600987, 21.296736395202192, 0.0 ], [ 39.720235387889119, 21.296729897515291, 0.0 ], [ 39.720235090105604, 21.296723402537339, 0.0 ], [ 39.720234715287233, 21.296716911070817, 0.0 ], [ 39.720234263480329, 21.296710423917791, 0.0 ], [ 39.720233734740745, 21.296703941879727, 0.0 ], [ 39.720233129133803, 21.296697465757518, 0.0 ], [ 39.720232446734343, 21.296690996351291, 0.0 ], [ 39.720231687626672, 21.296684534460365, 0.0 ], [ 39.720230851904603, 21.296678080883158, 0.0 ], [ 39.720229939671398, 21.296671636416978, 0.0 ], [ 39.720228951039793, 21.296665201858062, 0.0 ], [ 39.720227886131909, 21.296658778001436, 0.0 ], [ 39.720226745079351, 21.296652365640767, 0.0 ], [ 39.720225528023107, 21.296645965568334, 0.0 ], [ 39.720224235113569, 21.296639578574879, 0.0 ], [ 39.720222866510468, 21.296633205449513, 0.0 ], [ 39.720221422382913, 21.296626846979645, 0.0 ], [ 39.720219902909349, 21.296620503950933, 0.0 ], [ 39.720218308277509, 21.296614177147003, 0.0 ], [ 39.72021663868442, 21.296607867349589, 0.0 ], [ 39.720214894336394, 21.296601575338286, 0.0 ], [ 39.720213075448953, 21.296595301890452, 0.0 ], [ 39.720211182246807, 21.296589047781232, 0.0 ], [ 39.720209214963901, 21.296582813783299, 0.0 ], [ 39.720207173843299, 21.296576600666885, 0.0 ], [ 39.720205059137214, 21.296570409199639, 0.0 ], [ 39.720202871106885, 21.296564240146541, 0.0 ], [ 39.720200610022701, 21.296558094269788, 0.0 ], [ 39.720198276164041, 21.296551972328697, 0.0 ], [ 39.720195869819221, 21.296545875079669, 0.0 ], [ 39.720193391285591, 21.29653980327603, 0.0 ], [ 39.720190840869392, 21.296533757667952, 0.0 ], [ 39.720188218885703, 21.296527739002396, 0.0 ], [ 39.72018552565855, 21.296521748022968, 0.0 ], [ 39.720182761520633, 21.296515785469875, 0.0 ], [ 39.720179926813508, 21.296509852079815, 0.0 ], [ 39.720177021887402, 21.296503948585865, 0.0 ], [ 39.720174047101246, 21.296498075717405, 0.0 ], [ 39.720171002822582, 21.296492234200041, 0.0 ], [ 39.720167889427543, 21.296486424755493, 0.0 ], [ 39.720164707300825, 21.296480648101564, 0.0 ], [ 39.720161456835569, 21.296474904951953, 0.0 ], [ 39.720158138433383, 21.296469196016215, 0.0 ], [ 39.720154752504286, 21.29646352199974, 0.0 ], [ 39.720151299466615, 21.296457883603555, 0.0 ], [ 39.720147779747023, 21.296452281524282, 0.0 ], [ 39.720144193780357, 21.296446716454067, 0.0 ], [ 39.720140542009695, 21.296441189080493, 0.0 ], [ 39.720136824886225, 21.29643570008648, 0.0 ], [ 39.720133042869229, 21.296430250150205, 0.0 ], [ 39.720129196425951, 21.296424839945011, 0.0 ], [ 39.720125286031667, 21.296419470139362, 0.0 ], [ 39.72012131216951, 21.296414141396681, 0.0 ], [ 39.720117275330459, 21.296408854375343, 0.0 ], [ 39.720113176013285, 21.296403609728578, 0.0 ], [ 39.720109014724471, 21.296398408104388, 0.0 ], [ 39.720104791978159, 21.296393250145414, 0.0 ], [ 39.720100508296092, 21.296388136488961, 0.0 ], [ 39.720096164207519, 21.296383067766826, 0.0 ], [ 39.720091760249169, 21.296378044605223, 0.0 ], [ 39.720087296965168, 21.296373067624817, 0.0 ], [ 39.72008277490697, 21.296368137440496, 0.0 ], [ 39.720078194633295, 21.296363254661404, 0.0 ], [ 39.720073556710027, 21.296358419890819, 0.0 ], [ 39.72006886171021, 21.296353633726081, 0.0 ], [ 39.720064110213926, 21.296348896758523, 0.0 ], [ 39.720059302808231, 21.296344209573434, 0.0 ], [ 39.720054440087125, 21.296339572749886, 0.0 ], [ 39.720049522651344, 21.296334986860792, 0.0 ], [ 39.720044551108508, 21.296330452472734, 0.0 ], [ 39.720039526072846, 21.296325970145951, 0.0 ], [ 39.720034448165201, 21.296321540434242, 0.0 ], [ 39.720029318012983, 21.29631716388489, 0.0 ], [ 39.720024136250025, 21.296312841038656, 0.0 ], [ 39.720018903516539, 21.296308572429609, 0.0 ], [ 39.720013620459049, 21.296304358585157, 0.0 ], [ 39.720008287730302, 21.296300200025915, 0.0 ], [ 39.720002905989162, 21.296296097265682, 0.0 ], [ 39.719997475900541, 21.296292050811381, 0.0 ], [ 39.719991998135349, 21.296288061162926, 0.0 ], [ 39.719986473370376, 21.296284128813276, 0.0 ], [ 39.719980902288221, 21.296280254248259, 0.0 ], [ 39.719975285577206, 21.296276437946588, 0.0 ], [ 39.719969623931277, 21.296272680379765, 0.0 ], [ 39.719963918049942, 21.296268982012077, 0.0 ], [ 39.7199581686382, 21.296265343300426, 0.0 ], [ 39.719952376406376, 21.296261764694396, 0.0 ], [ 39.719946542070119, 21.296258246636132, 0.0 ], [ 39.719940666350269, 21.296254789560273, 0.0 ], [ 39.719934749972793, 21.296251393893986, 0.0 ], [ 39.719928793668664, 21.296248060056776, 0.0 ], [ 39.719922798173798, 21.296244788460569, 0.0 ], [ 39.719916764228948, 21.296241579509562, 0.0 ], [ 39.719910692579624, 21.296238433600216, 0.0 ], [ 39.719904583975982, 21.296235351121233, 0.0 ], [ 39.719898439172731, 21.296232332453467, 0.0 ], [ 39.719892258929121, 21.296229377969844, 0.0 ], [ 39.719886044008689, 21.296226488035423, 0.0 ], [ 39.719879795179331, 21.296223663007236, 0.0 ], [ 39.719873513213081, 21.296220903234353, 0.0 ], [ 39.719867198886078, 21.296218209057713, 0.0 ], [ 39.719860852978485, 21.296215580810209, 0.0 ], [ 39.719854476274357, 21.296213018816559, 0.0 ], [ 39.719848069561529, 21.296210523393306, 0.0 ], [ 39.719841633631553, 21.296208094848744, 0.0 ], [ 39.719835169279619, 21.296205733482964, 0.0 ], [ 39.719828677304413, 21.296203439587657, 0.0 ], [ 39.719822158507995, 21.296201213446277, 0.0 ], [ 39.719815613695808, 21.296199055333876, 0.0 ], [ 39.719809043676449, 21.296196965517073, 0.0 ], [ 39.719802449261657, 21.296194944254054, 0.0 ], [ 39.719795831266197, 21.296192991794573, 0.0 ], [ 39.719789190507726, 21.296191108379858, 0.0 ], [ 39.719782527806707, 21.296189294242598, 0.0 ], [ 39.719775843986348, 21.296187549606941, 0.0 ], [ 39.719769139872412, 21.296185874688433, 0.0 ], [ 39.719762416293229, 21.29618426969402, 0.0 ], [ 39.719755674079508, 21.29618273482199, 0.0 ], [ 39.719748914064255, 21.296181270261982, 0.0 ], [ 39.719742137082655, 21.296179876194962, 0.0 ], [ 39.719735343972047, 21.296178552793148, 0.0 ], [ 39.719728535571711, 21.296177300220055, 0.0 ], [ 39.719721712722844, 21.296176118630431, 0.0 ], [ 39.719714876268419, 21.296175008170295, 0.0 ], [ 39.719708027053059, 21.29617396897682, 0.0 ], [ 39.719701165923034, 21.296173001178396, 0.0 ], [ 39.719694293726022, 21.296172104894602, 0.0 ], [ 39.719687411311106, 21.296171280236194, 0.0 ], [ 39.719680519528609, 21.296170527305019, 0.0 ], [ 39.719673619230008, 21.29616984619415, 0.0 ], [ 39.719666711267877, 21.296169236987726, 0.0 ], [ 39.719659796495677, 21.296168699760976, 0.0 ], [ 39.71965287576775, 21.296168234580332, 0.0 ], [ 39.719645949939149, 21.296167841503227, 0.0 ], [ 39.719640534364714, 21.296167584536171, 0.0 ], [ 39.719353379468814, 21.296159747962793, 0.0 ], [ 39.719064509918539, 21.296151862080897, 0.0 ], [ 39.718197894024144, 21.296098218052304, 0.0 ], [ 39.718113326765874, 21.296095126562832, 0.0 ], [ 39.717829721148661, 21.296103971968716, 0.0 ] ] ] ] } },
{ "type": "Feature", "properties": { "ID": "467", "BLOCK NAME": "B.1.10.11", "FILL-TOTAL": null, "CUT-TOTAL": null, "FILL-DONE": null, "CUT-DONE": null, "FILL-REMAN": null, "CUT-REMAN": null, "EQUPIMENTS": null, "CONTRACTOR": null, "STATUS": null }, "geometry": { "type": "MultiPolygon", "coordinates": [ [ [ [ 39.717829721148661, 21.296103971968716, 0.0 ], [ 39.717445037722577, 21.296115969132288, 0.0 ], [ 39.71743936850477, 21.296116181816839, 0.0 ], [ 39.717433702886709, 21.296116466683248, 0.0 ], [ 39.717428041915255, 21.296116823678826, 0.0 ], [ 39.71742238663645, 21.296117252737677, 0.0 ], [ 39.717416738095267, 21.296117753780486, 0.0 ], [ 39.717411097335408, 21.296118326714677, 0.0 ], [ 39.71740546539916, 21.296118971434385, 0.0 ], [ 39.717399843327193, 21.296119687820461, 0.0 ], [ 39.717394232158341, 21.296120475740569, 0.0 ], [ 39.717388632929392, 21.296121335049104, 0.0 ], [ 39.717383046674968, 21.296122265587282, 0.0 ], [ 39.717377474427309, 21.296123267183159, 0.0 ], [ 39.717371917216006, 21.296124339651666, 0.0 ], [ 39.717366376067922, 21.296125482794643, 0.0 ], [ 39.717360852006955, 21.296126696400851, 0.0 ], [ 39.717355346053793, 21.296127980246059, 0.0 ], [ 39.717349859225827, 21.296129334093017, 0.0 ], [ 39.717344392536901, 21.296130757691582, 0.0 ], [ 39.717338946997138, 21.296132250778705, 0.0 ], [ 39.717333523612751, 21.296133813078502, 0.0 ], [ 39.717328123385862, 21.29613544430228, 0.0 ], [ 39.717322747314299, 21.296137144148631, 0.0 ], [ 39.717317396391451, 21.29613891230348, 0.0 ], [ 39.717312071606038, 21.296140748440067, 0.0 ], [ 39.717306773941978, 21.296142652219181, 0.0 ], [ 39.717301504378156, 21.296144623288992, 0.0 ], [ 39.717296263888258, 21.296146661285309, 0.0 ], [ 39.717291053440626, 21.296148765831571, 0.0 ], [ 39.717285873998009, 21.296150936538876, 0.0 ], [ 39.717280726517501, 21.296153173006161, 0.0 ], [ 39.717275611950193, 21.296155474820143, 0.0 ], [ 39.717270531241162, 21.296157841555505, 0.0 ], [ 39.717265485329222, 21.296160272774959, 0.0 ], [ 39.71726047514673, 21.29616276802923, 0.0 ], [ 39.717255501619469, 21.296165326857277, 0.0 ], [ 39.717250565666426, 21.296167948786284, 0.0 ], [ 39.717245668199659, 21.296170633331769, 0.0 ], [ 39.717240810124117, 21.296173379997676, 0.0 ], [ 39.717235992337471, 21.296176188276519, 0.0 ], [ 39.717231215729925, 21.296179057649354, 0.0 ], [ 39.717226481184106, 21.296181987586021, 0.0 ], [ 39.717221789574836, 21.296184977545089, 0.0 ], [ 39.717217141769062, 21.296188026974114, 0.0 ], [ 39.71721253862556, 21.29619113530963, 0.0 ], [ 39.717207980994893, 21.296194301977284, 0.0 ], [ 39.71720346971923, 21.296197526391914, 0.0 ], [ 39.71719900563216, 21.296200807957753, 0.0 ], [ 39.717194589558538, 21.296204146068437, 0.0 ], [ 39.71719022231435, 21.296207540107154, 0.0 ], [ 39.717185904706582, 21.296210989446774, 0.0 ], [ 39.717181637533052, 21.296214493449895, 0.0 ], [ 39.717177421582207, 21.296218051469115, 0.0 ], [ 39.717173257633085, 21.296221662846943, 0.0 ], [ 39.717169146455092, 21.296225326916101, 0.0 ], [ 39.717165088807882, 21.296229042999528, 0.0 ], [ 39.717161085441241, 21.296232810410601, 0.0 ], [ 39.717157137094866, 21.296236628453187, 0.0 ], [ 39.717153244498391, 21.296240496421756, 0.0 ], [ 39.717149408371029, 21.296244413601645, 0.0 ], [ 39.71714562942163, 21.296248379268999, 0.0 ], [ 39.717141908348466, 21.296252392691081, 0.0 ], [ 39.717138245839145, 21.296256453126308, 0.0 ], [ 39.717134642570393, 21.296260559824361, 0.0 ], [ 39.717131099208032, 21.296264712026449, 0.0 ], [ 39.717127616406771, 21.29626890896532, 0.0 ], [ 39.717124194810189, 21.296273149865485, 0.0 ], [ 39.71712083505053, 21.29627743394331, 0.0 ], [ 39.717117537748599, 21.296281760407179, 0.0 ], [ 39.717114303513668, 21.296286128457677, 0.0 ], [ 39.717111132943373, 21.296290537287671, 0.0 ], [ 39.717108026623549, 21.296294986082525, 0.0 ], [ 39.717104985128202, 21.296299474020167, 0.0 ], [ 39.717102009019349, 21.296304000271363, 0.0 ], [ 39.717099098846873, 21.296308563999723, 0.0 ], [ 39.717096255148547, 21.296313164362015, 0.0 ], [ 39.717093478449826, 21.296317800508156, 0.0 ], [ 39.717090769263791, 21.296322471581483, 0.0 ], [ 39.717088128091049, 21.296327176718908, 0.0 ], [ 39.717085555419629, 21.296331915051017, 0.0 ], [ 39.717083051724934, 21.296336685702258, 0.0 ], [ 39.717080617469549, 21.296341487791143, 0.0 ], [ 39.717078253103331, 21.296346320430313, 0.0 ], [ 39.717075959063145, 21.296351182726834, 0.0 ], [ 39.717073735772892, 21.296356073782256, 0.0 ], [ 39.717071583643403, 21.296360992692801, 0.0 ], [ 39.717069503072338, 21.296365938549574, 0.0 ], [ 39.717067494444152, 21.296370910438689, 0.0 ], [ 39.717065558130024, 21.296375907441433, 0.0 ], [ 39.717063694487699, 21.296380928634491, 0.0 ], [ 39.717061903861598, 21.296385973090036, 0.0 ], [ 39.717060186582586, 21.296391039875964, 0.0 ], [ 39.717058542967969, 21.296396128056056, 0.0 ], [ 39.717056973321462, 21.296401236690116, 0.0 ], [ 39.717055477933137, 21.296406364834166, 0.0 ], [ 39.717054057079274, 21.296411511540658, 0.0 ], [ 39.717052711022461, 21.296416675858584, 0.0 ], [ 39.71705144001141, 21.296421856833675, 0.0 ], [ 39.717050244280998, 21.296427053508623, 0.0 ], [ 39.717049124052153, 21.296432264923187, 0.0 ], [ 39.717048079531921, 21.296437490114378, 0.0 ], [ 39.717047110913263, 21.296442728116727, 0.0 ], [ 39.717046218375202, 21.296447977962362, 0.0 ], [ 39.717045402082654, 21.296453238681206, 0.0 ], [ 39.717044662186474, 21.296458509301196, 0.0 ], [ 39.717043998823371, 21.296463788848442, 0.0 ], [ 39.717043412115949, 21.296469076347393, 0.0 ], [ 39.717042902172601, 21.296474370821013, 0.0 ], [ 39.717042469087559, 21.296479671291035, 0.0 ], [ 39.717042112940909, 21.296484976778007, 0.0 ], [ 39.717041833798412, 21.296490286301619, 0.0 ], [ 39.717041749572275, 21.296492263450162, 0.0 ], [ 39.717010466148047, 21.297278987092628, 0.0 ], [ 39.717047566917138, 21.297316433897709, 0.0 ], [ 39.717548541520209, 21.297333861802588, 0.0 ], [ 39.717588513625465, 21.297299096213425, 0.0 ], [ 39.717628351202656, 21.296297150863143, 0.0 ], [ 39.717821032407699, 21.296303853456742, 0.0 ], [ 39.717829721148661, 21.296103971968716, 0.0 ] ] ] ] } },
{ "type": "Feature", "properties": { "ID": "348", "BLOCK NAME": "B.1.9.14+15", "FILL-TOTAL": null, "CUT-TOTAL": null, "FILL-DONE": null, "CUT-DONE": null, "FILL-REMAN": null, "CUT-REMAN": null, "EQUPIMENTS": null, "CONTRACTOR": null, "STATUS": null }, "geometry": { "type": "MultiPolygon", "coordinates": [ [ [ [ 39.713996371370257, 21.296487133637239, 0.0 ], [ 39.716690918224124, 21.296580904050661, 0.0 ], [ 39.716730890339505, 21.296546138660883, 0.0 ], [ 39.716733367119105, 21.296483855058721, 0.0 ], [ 39.716733724031158, 21.296478589448995, 0.0 ], [ 39.716734003941433, 21.296473319762313, 0.0 ], [ 39.716734206797462, 21.29646804698713, 0.0 ], [ 39.716734332561188, 21.296462772112477, 0.0 ], [ 39.716734381209008, 21.296457496127793, 0.0 ], [ 39.716734352731841, 21.296452220022704, 0.0 ], [ 39.716734247135015, 21.296446944786858, 0.0 ], [ 39.716734064438349, 21.29644167140977, 0.0 ], [ 39.716733804676124, 21.296436400880573, 0.0 ], [ 39.716733467897065, 21.296431134187873, 0.0 ], [ 39.716733054164365, 21.296425872319595, 0.0 ], [ 39.716732563555624, 21.296420616262676, 0.0 ], [ 39.716731996162871, 21.296415367003043, 0.0 ], [ 39.716731352092566, 21.296410125525338, 0.0 ], [ 39.716730631465516, 21.296404892812667, 0.0 ], [ 39.716729834416888, 21.296399669846597, 0.0 ], [ 39.716728961096209, 21.296394457606802, 0.0 ], [ 39.716728011667286, 21.296389257070953, 0.0 ], [ 39.716726986308231, 21.29638406921454, 0.0 ], [ 39.716725885211368, 21.296378895010651, 0.0 ], [ 39.71672470858325, 21.29637373542986, 0.0 ], [ 39.716723456644587, 21.29636859143994, 0.0 ], [ 39.716722129630213, 21.296363464005761, 0.0 ], [ 39.716720727789053, 21.296358354089126, 0.0 ], [ 39.716719251384049, 21.296353262648491, 0.0 ], [ 39.716717700692172, 21.296348190638895, 0.0 ], [ 39.716716076004261, 21.296343139011682, 0.0 ], [ 39.716714377625095, 21.296338108714419, 0.0 ], [ 39.716712605873262, 21.296333100690649, 0.0 ], [ 39.716710761081089, 21.296328115879753, 0.0 ], [ 39.716708843594589, 21.296323155216747, 0.0 ], [ 39.716706853773466, 21.296318219632091, 0.0 ], [ 39.716704791990985, 21.296313310051612, 0.0 ], [ 39.716702658633849, 21.296308427396188, 0.0 ], [ 39.716700454102259, 21.296303572581678, 0.0 ], [ 39.7166981788097, 21.296298746518705, 0.0 ], [ 39.716695833182989, 21.296293950112538, 0.0 ], [ 39.716693417662086, 21.296289184262818, 0.0 ], [ 39.716690932700104, 21.296284449863503, 0.0 ], [ 39.716688378763152, 21.296279747802664, 0.0 ], [ 39.716685756330286, 21.296275078962232, 0.0 ], [ 39.716683065893406, 21.296270444217999, 0.0 ], [ 39.716680307957176, 21.29626584443929, 0.0 ], [ 39.716677483038929, 21.296261280488917, 0.0 ], [ 39.716674591668529, 21.296256753222941, 0.0 ], [ 39.716671634388334, 21.296252263490544, 0.0 ], [ 39.716668611753057, 21.296247812133917, 0.0 ], [ 39.716665524329649, 21.296243399987969, 0.0 ], [ 39.716662372697272, 21.296239027880322, 0.0 ], [ 39.71665915744704, 21.296234696631053, 0.0 ], [ 39.716655879182113, 21.296230407052622, 0.0 ], [ 39.716652538517351, 21.296226159949583, 0.0 ], [ 39.716649136079411, 21.296221956118629, 0.0 ], [ 39.716645672506495, 21.296217796348245, 0.0 ], [ 39.716642148448273, 21.296213681418696, 0.0 ], [ 39.716638564565784, 21.296209612101865, 0.0 ], [ 39.716634921531252, 21.296205589161005, 0.0 ], [ 39.716631220028027, 21.296201613350721, 0.0 ], [ 39.716627460750409, 21.296197685416761, 0.0 ], [ 39.716623644403562, 21.296193806095932, 0.0 ], [ 39.716619771703279, 21.296189976115855, 0.0 ], [ 39.71661584337604, 21.296186196194938, 0.0 ], [ 39.716611860158643, 21.296182467042186, 0.0 ], [ 39.716607822798267, 21.296178789357104, 0.0 ], [ 39.716603732052207, 21.296175163829499, 0.0 ], [ 39.716599588687778, 21.296171591139444, 0.0 ], [ 39.716595393482166, 21.296168071957052, 0.0 ], [ 39.716591147222253, 21.296164606942458, 0.0 ], [ 39.716586850704573, 21.296161196745576, 0.0 ], [ 39.716582504735008, 21.296157842006082, 0.0 ], [ 39.716578110128751, 21.296154543353232, 0.0 ], [ 39.716573667710115, 21.29615130140575, 0.0 ], [ 39.716569178312369, 21.296148116771754, 0.0 ], [ 39.716564642777612, 21.296144990048578, 0.0 ], [ 39.716560061956592, 21.296141921822716, 0.0 ], [ 39.716555436708532, 21.296138912669676, 0.0 ], [ 39.716550767901019, 21.296135963153901, 0.0 ], [ 39.716546056409783, 21.296133073828653, 0.0 ], [ 39.716541303118589, 21.296130245235869, 0.0 ], [ 39.71653650891902, 21.296127477906111, 0.0 ], [ 39.716531674710303, 21.296124772358453, 0.0 ], [ 39.716526801399255, 21.296122129100411, 0.0 ], [ 39.716521889899958, 21.296119548627772, 0.0 ], [ 39.716516941133655, 21.296117031424544, 0.0 ], [ 39.716511956028626, 21.296114577962907, 0.0 ], [ 39.716506935519938, 21.296112188703045, 0.0 ], [ 39.716501880549281, 21.296109864093133, 0.0 ], [ 39.716496792064859, 21.296107604569197, 0.0 ], [ 39.716491671021103, 21.296105410555043, 0.0 ], [ 39.716486518378595, 21.296103282462255, 0.0 ], [ 39.716481335103829, 21.296101220689977, 0.0 ], [ 39.716476122169034, 21.296099225624946, 0.0 ], [ 39.716470880552031, 21.296097297641342, 0.0 ], [ 39.716465611236003, 21.296095437100853, 0.0 ], [ 39.716460315209304, 21.296093644352439, 0.0 ], [ 39.716454993465355, 21.296091919732369, 0.0 ], [ 39.716449647002328, 21.296090263564164, 0.0 ], [ 39.716444276823118, 21.296088676158444, 0.0 ], [ 39.716438883934991, 21.29608715781298, 0.0 ], [ 39.716433469349504, 21.296085708812569, 0.0 ], [ 39.716428034082284, 21.296084329428993, 0.0 ], [ 39.716422579152876, 21.296083019920985, 0.0 ], [ 39.716417105584434, 21.296081780534195, 0.0 ], [ 39.71641161440364, 21.296080611501068, 0.0 ], [ 39.716406106640513, 21.296079513040898, 0.0 ], [ 39.716400583328145, 21.29607848535974, 0.0 ], [ 39.716395045502559, 21.296077528650333, 0.0 ], [ 39.71638949420251, 21.296076643092135, 0.0 ], [ 39.716383930469235, 21.296075828851269, 0.0 ], [ 39.71637835534635, 21.296075086080435, 0.0 ], [ 39.716372769879612, 21.296074414919016, 0.0 ], [ 39.716367175116687, 21.296073815492836, 0.0 ], [ 39.716363246816847, 21.296073437997141, 0.0 ], [ 39.715694800952654, 21.296003757783826, 0.0 ], [ 39.71401791985145, 21.295945505296775, 0.0 ], [ 39.713996371370257, 21.296487133637239, 0.0 ] ] ] ] } },
{ "type": "Feature", "properties": { "ID": "378", "BLOCK NAME": "B.1.9.7+8", "FILL-TOTAL": null, "CUT-TOTAL": null, "FILL-DONE": null, "CUT-DONE": null, "FILL-REMAN": null, "CUT-REMAN": null, "EQUPIMENTS": null, "CONTRACTOR": null, "STATUS": null }, "geometry": { "type": "MultiPolygon", "coordinates": [ [ [ [ 39.716597589526266, 21.298927802575594, 0.0 ], [ 39.713902999787038, 21.298834032101631, 0.0 ], [ 39.713876824924817, 21.299343826224963, 0.0 ], [ 39.716577308251523, 21.299437801528995, 0.0 ], [ 39.71661728114622, 21.299403036161323, 0.0 ], [ 39.716634690621618, 21.298965249448976, 0.0 ], [ 39.716597589526266, 21.298927802575594, 0.0 ] ] ] ] } },
{ "type": "Feature", "properties": { "ID": "377", "BLOCK NAME": "B.1.9.16+17", "FILL-TOTAL": null, "CUT-TOTAL": null, "FILL-DONE": null, "CUT-DONE": null, "FILL-REMAN": null, "CUT-REMAN": null, "EQUPIMENTS": null, "CONTRACTOR": null, "STATUS": null }, "geometry": { "type": "MultiPolygon", "coordinates": [ [ [ [ 39.713125150528455, 21.301265137037404, 0.0 ], [ 39.713799449799858, 21.301288608807528, 0.0 ], [ 39.713876824924817, 21.299343826224963, 0.0 ], [ 39.713902999787038, 21.298834032101631, 0.0 ], [ 39.713996371370257, 21.296487133637239, 0.0 ], [ 39.714017919809471, 21.295945506351654, 0.0 ], [ 39.713478412488818, 21.295926761378745, 0.0 ], [ 39.713438439746916, 21.29596152601561, 0.0 ], [ 39.713241077303842, 21.300921717553084, 0.0 ], [ 39.713240760562272, 21.300928708012368, 0.0 ], [ 39.713240366780106, 21.30093569504298, 0.0 ], [ 39.713239895999344, 21.300942677899656, 0.0 ], [ 39.71323934827015, 21.300949655837567, 0.0 ], [ 39.713238723650967, 21.300956628112374, 0.0 ], [ 39.713238022208415, 21.300963593980416, 0.0 ], [ 39.713237244017272, 21.300970552698647, 0.0 ], [ 39.713236389160556, 21.300977503524809, 0.0 ], [ 39.713235457729439, 21.300984445717482, 0.0 ], [ 39.713234449823283, 21.300991378536185, 0.0 ], [ 39.713233365549527, 21.300998301241407, 0.0 ], [ 39.713232205023886, 21.30100521309474, 0.0 ], [ 39.713230968370091, 21.301012113358897, 0.0 ], [ 39.713229655720056, 21.301019001297899, 0.0 ], [ 39.713228267213786, 21.301025876176993, 0.0 ], [ 39.713226802999372, 21.301032737262886, 0.0 ], [ 39.713225263232971, 21.301039583823727, 0.0 ], [ 39.713223648078852, 21.301046415129225, 0.0 ], [ 39.713221957709273, 21.301053230450695, 0.0 ], [ 39.713220192304497, 21.301060029061183, 0.0 ], [ 39.713218352052884, 21.301066810235504, 0.0 ], [ 39.713216437150635, 21.301073573250342, 0.0 ], [ 39.713214447802081, 21.301080317384294, 0.0 ], [ 39.713212384219347, 21.301087041918002, 0.0 ], [ 39.713210246622552, 21.301093746134192, 0.0 ], [ 39.713208035239703, 21.301100429317735, 0.0 ], [ 39.713205750306685, 21.301107090755764, 0.0 ], [ 39.713203392067186, 21.30111372973774, 0.0 ], [ 39.713200960772753, 21.301120345555475, 0.0 ], [ 39.713198456682719, 21.301126937503316, 0.0 ], [ 39.713195880064148, 21.30113350487812, 0.0 ], [ 39.713193231191909, 21.301140046979363, 0.0 ], [ 39.713190510348518, 21.301146563109203, 0.0 ], [ 39.713187717824184, 21.301153052572634, 0.0 ], [ 39.713184853916779, 21.301159514677398, 0.0 ], [ 39.713181918931774, 21.30116594873423, 0.0 ], [ 39.713178913182212, 21.301172354056831, 0.0 ], [ 39.713175836988697, 21.301178729961972, 0.0 ], [ 39.71317269067935, 21.301185075769549, 0.0 ], [ 39.71316947458979, 21.301191390802668, 0.0 ], [ 39.713166189063024, 21.301197674387744, 0.0 ], [ 39.713162834449513, 21.301203925854526, 0.0 ], [ 39.713159411107092, 21.301210144536174, 0.0 ], [ 39.713155919400876, 21.301216329769396, 0.0 ], [ 39.713152359703322, 21.301222480894388, 0.0 ], [ 39.71314873239411, 21.301228597255076, 0.0 ], [ 39.713145037860166, 21.30123467819903, 0.0 ], [ 39.713141276495548, 21.301240723077605, 0.0 ], [ 39.71313744870146, 21.301246731246025, 0.0 ], [ 39.713133554886205, 21.301252702063422, 0.0 ], [ 39.713129595465098, 21.301258634892907, 0.0 ], [ 39.713125570860477, 21.30126452910164, 0.0 ], [ 39.713125150528455, 21.301265137037404, 0.0 ] ] ] ] } },
{ "type": "Feature", "properties": { "ID": "457", "BLOCK NAME": "B.1.9.1+2+21", "FILL-TOTAL": null, "CUT-TOTAL": null, "FILL-DONE": null, "CUT-DONE": null, "FILL-REMAN": null, "CUT-REMAN": null, "EQUPIMENTS": null, "CONTRACTOR": null, "STATUS": null }, "geometry": { "type": "MultiPolygon", "coordinates": [ [ [ [ 39.713783451117088, 21.301690723316753, 0.0 ], [ 39.713799449799858, 21.301288608807528, 0.0 ], [ 39.713125150528455, 21.301265137037404, 0.0 ], [ 39.713121054491062, 21.301270987897837, 0.0 ], [ 39.713116894181177, 21.301276798819867, 0.0 ], [ 39.71311267004257, 21.301282569183645, 0.0 ], [ 39.713108382525775, 21.301288298373684, 0.0 ], [ 39.713104032088168, 21.301293985778873, 0.0 ], [ 39.713099619193741, 21.301299630792553, 0.0 ], [ 39.713095144313236, 21.301305232812574, 0.0 ], [ 39.713090607923938, 21.301310791241402, 0.0 ], [ 39.713086010509741, 21.301316305486136, 0.0 ], [ 39.713081352561012, 21.301321774958581, 0.0 ], [ 39.713076634574612, 21.301327199075335, 0.0 ], [ 39.71307185705377, 21.301332577257803, 0.0 ], [ 39.713067020508099, 21.30133790893235, 0.0 ], [ 39.713062125453483, 21.301343193530212, 0.0 ], [ 39.713057172412043, 21.30134843048776, 0.0 ], [ 39.71305216191211, 21.301353619246324, 0.0 ], [ 39.713047094488154, 21.30135875925248, 0.0 ], [ 39.713041970680649, 21.301363849957919, 0.0 ], [ 39.713036791036188, 21.30136889081966, 0.0 ], [ 39.713031556107211, 21.301373881300005, 0.0 ], [ 39.713026266452118, 21.301378820866649, 0.0 ], [ 39.713020922635145, 21.301383708992667, 0.0 ], [ 39.713015525226304, 21.301388545156673, 0.0 ], [ 39.713010074801282, 21.301393328842828, 0.0 ], [ 39.713004571941497, 21.30139805954083, 0.0 ], [ 39.712999017233876, 21.301402736746116, 0.0 ], [ 39.712993411270958, 21.301407359959747, 0.0 ], [ 39.712987754650662, 21.301411928688587, 0.0 ], [ 39.712982047976404, 21.301416442445316, 0.0 ], [ 39.712976291856869, 21.301420900748461, 0.0 ], [ 39.712970486906059, 21.301425303122446, 0.0 ], [ 39.712964633743127, 21.30142964909772, 0.0 ], [ 39.712958732992469, 21.301433938210678, 0.0 ], [ 39.712952785283449, 21.301438170003834, 0.0 ], [ 39.712946791250495, 21.301442344025784, 0.0 ], [ 39.712940751532962, 21.30144645983129, 0.0 ], [ 39.712934666775119, 21.301450516981362, 0.0 ], [ 39.712928537625984, 21.30145451504319, 0.0 ], [ 39.712922364739327, 21.301458453590335, 0.0 ], [ 39.712916148773594, 21.301462332202686, 0.0 ], [ 39.712909890391828, 21.301466150466521, 0.0 ], [ 39.71290359026159, 21.301469907974557, 0.0 ], [ 39.712897249054876, 21.301473604326006, 0.0 ], [ 39.712890867448102, 21.301477239126548, 0.0 ], [ 39.712884446121954, 21.301480811988505, 0.0 ], [ 39.712877985761388, 21.301484322530744, 0.0 ], [ 39.712871487055509, 21.301487770378838, 0.0 ], [ 39.712864950697522, 21.301491155164989, 0.0 ], [ 39.712858377384592, 21.301494476528145, 0.0 ], [ 39.712851767817931, 21.301497734114054, 0.0 ], [ 39.712845122702539, 21.301500927575205, 0.0 ], [ 39.71283844274722, 21.301504056570995, 0.0 ], [ 39.712831728664511, 21.301507120767639, 0.0 ], [ 39.712824981170591, 21.301510119838277, 0.0 ], [ 39.712818200985197, 21.301513053463051, 0.0 ], [ 39.712811388831518, 21.301515921328992, 0.0 ], [ 39.712804545436221, 21.301518723130208, 0.0 ], [ 39.712797671529273, 21.301521458567851, 0.0 ], [ 39.712790767843863, 21.30152412735012, 0.0 ], [ 39.712783835116412, 21.301526729192354, 0.0 ], [ 39.712776874086394, 21.301529263817024, 0.0 ], [ 39.712769885496336, 21.301531730953752, 0.0 ], [ 39.712762870091694, 21.301534130339398, 0.0 ], [ 39.712755828620772, 21.301536461718001, 0.0 ], [ 39.712748761834661, 21.301538724840903, 0.0 ], [ 39.712741670487162, 21.301540919466703, 0.0 ], [ 39.712734555334691, 21.301543045361274, 0.0 ], [ 39.712728342191475, 21.30154483999361, 0.0 ], [ 39.712738448090256, 21.301832728776883, 0.0 ], [ 39.712738673147463, 21.301838040832276, 0.0 ], [ 39.712738975249451, 21.301843349521931, 0.0 ], [ 39.712739354340414, 21.301848653865054, 0.0 ], [ 39.712739810350314, 21.301853952881647, 0.0 ], [ 39.712740343194923, 21.301859245592674, 0.0 ], [ 39.712740952775782, 21.301864531020271, 0.0 ], [ 39.712741638980312, 21.301869808187938, 0.0 ], [ 39.712742401681687, 21.301875076120684, 0.0 ], [ 39.712743240739051, 21.301880333845229, 0.0 ], [ 39.712744155997363, 21.301885580390184, 0.0 ], [ 39.712745147287549, 21.301890814786208, 0.0 ], [ 39.712746214426467, 21.301896036066228, 0.0 ], [ 39.712747357216962, 21.301901243265583, 0.0 ], [ 39.712748575447883, 21.301906435422204, 0.0 ], [ 39.7127498688942, 21.301911611576816, 0.0 ], [ 39.712751237316951, 21.301916770773104, 0.0 ], [ 39.712752680463275, 21.301921912057846, 0.0 ], [ 39.71275419806657, 21.301927034481189, 0.0 ], [ 39.71275578984649, 21.301932137096735, 0.0 ], [ 39.712757455508921, 21.301937218961726, 0.0 ], [ 39.712759194746134, 21.301942279137283, 0.0 ], [ 39.712761007236786, 21.301947316688494, 0.0 ], [ 39.712762892646055, 21.301952330684632, 0.0 ], [ 39.712764850625575, 21.301957320199353, 0.0 ], [ 39.712766880813625, 21.301962284310807, 0.0 ], [ 39.712768982835115, 21.30196722210184, 0.0 ], [ 39.712771156301692, 21.301972132660179, 0.0 ], [ 39.712773400811791, 21.301977015078556, 0.0 ], [ 39.712775715950741, 21.301981868454906, 0.0 ], [ 39.712778101290823, 21.301986691892559, 0.0 ], [ 39.712780556391309, 21.301991484500348, 0.0 ], [ 39.712783080798665, 21.301996245392797, 0.0 ], [ 39.71278567404643, 21.302000973690326, 0.0 ], [ 39.712788335655539, 21.30200566851935, 0.0 ], [ 39.712791065134248, 21.302010329012454, 0.0 ], [ 39.712793861978248, 21.302014954308593, 0.0 ], [ 39.712796725670835, 21.302019543553218, 0.0 ], [ 39.712799655682936, 21.302024095898432, 0.0 ], [ 39.712802651473176, 21.302028610503154, 0.0 ], [ 39.712805712488127, 21.302033086533317, 0.0 ], [ 39.712808838162211, 21.302037523161903, 0.0 ], [ 39.712812027917963, 21.302041919569252, 0.0 ], [ 39.712815281166066, 21.30204627494307, 0.0 ], [ 39.71281859730545, 21.302050588478707, 0.0 ], [ 39.712821975723465, 21.302054859379183, 0.0 ], [ 39.712825415795912, 21.302059086855426, 0.0 ], [ 39.712828916887233, 21.302063270126414, 0.0 ], [ 39.712832478350592, 21.302067408419219, 0.0 ], [ 39.712836099527962, 21.302071500969294, 0.0 ], [ 39.712839779750347, 21.302075547020507, 0.0 ], [ 39.712843518337785, 21.302079545825315, 0.0 ], [ 39.712847314599564, 21.302083496644922, 0.0 ], [ 39.712851167834287, 21.302087398749389, 0.0 ], [ 39.712855077330062, 21.302091251417782, 0.0 ], [ 39.712859042364606, 21.302095053938288, 0.0 ], [ 39.712863062205329, 21.302098805608367, 0.0 ], [ 39.712867136109551, 21.302102505734879, 0.0 ], [ 39.712871263324615, 21.302106153634199, 0.0 ], [ 39.71287544308796, 21.302109748632351, 0.0 ], [ 39.712879674627395, 21.302113290065144, 0.0 ], [ 39.712883957161068, 21.302116777278272, 0.0 ], [ 39.712888289897791, 21.302120209627464, 0.0 ], [ 39.712892672037071, 21.302123586478533, 0.0 ], [ 39.712897102769254, 21.302126907207612, 0.0 ], [ 39.712901581275752, 21.302130171201185, 0.0 ], [ 39.71290610672915, 21.302133377856183, 0.0 ], [ 39.712910678293305, 21.302136526580167, 0.0 ], [ 39.712915295123636, 21.302139616791379, 0.0 ], [ 39.712919956367138, 21.302142647918917, 0.0 ], [ 39.71292466116261, 21.302145619402712, 0.0 ], [ 39.712929408640811, 21.302148530693803, 0.0 ], [ 39.712934197924639, 21.30215138125428, 0.0 ], [ 39.712939028129213, 21.302154170557511, 0.0 ], [ 39.712943898362141, 21.302156898088128, 0.0 ], [ 39.71294880772362, 21.302159563342222, 0.0 ], [ 39.7129537553066, 21.302162165827358, 0.0 ], [ 39.712958740196996, 21.302164705062715, 0.0 ], [ 39.71296376147383, 21.302167180579147, 0.0 ], [ 39.712968818209355, 21.302169591919299, 0.0 ], [ 39.712973909469333, 21.302171938637635, 0.0 ], [ 39.712979034313122, 21.302174220300621, 0.0 ], [ 39.712984191793865, 21.302176436486668, 0.0 ], [ 39.712989380958675, 21.302178586786351, 0.0 ], [ 39.712994600848845, 21.30218067080235, 0.0 ], [ 39.712999850499941, 21.302182688149678, 0.0 ], [ 39.713005128942058, 21.302184638455572, 0.0 ], [ 39.71301043519999, 21.302186521359729, 0.0 ], [ 39.713015768293353, 21.302188336514256, 0.0 ], [ 39.713021127236829, 21.302190083583785, 0.0 ], [ 39.713026511040319, 21.30219176224557, 0.0 ], [ 39.713031918709142, 21.302193372189432, 0.0 ], [ 39.713037349244161, 21.302194913117919, 0.0 ], [ 39.713042801642068, 21.30219638474637, 0.0 ], [ 39.713048274895513, 21.30219778680285, 0.0 ], [ 39.713053767993244, 21.302199119028341, 0.0 ], [ 39.713059279920394, 21.302200381176711, 0.0 ], [ 39.713064809658597, 21.302201573014763, 0.0 ], [ 39.713070356186194, 21.302202694322283, 0.0 ], [ 39.713075918478403, 21.302203744892143, 0.0 ], [ 39.713081495507602, 21.302204724530192, 0.0 ], [ 39.713087086243348, 21.302205633055468, 0.0 ], [ 39.713092689652754, 21.302206470300117, 0.0 ], [ 39.713098304700523, 21.302207236109428, 0.0 ], [ 39.713103930349263, 21.30220793034194, 0.0 ], [ 39.713109565559563, 21.302208552869359, 0.0 ], [ 39.713115209290294, 21.302209103576718, 0.0 ], [ 39.713120860498762, 21.302209582362202, 0.0 ], [ 39.713126518140825, 21.302209989137395, 0.0 ], [ 39.713132181171254, 21.302210323827161, 0.0 ], [ 39.713137848543695, 21.302210586369625, 0.0 ], [ 39.713140125822264, 21.302210671499676, 0.0 ], [ 39.716423901486721, 21.302324949412295, 0.0 ], [ 39.716503848851318, 21.302255418730347, 0.0 ], [ 39.716521079239421, 21.301822145535873, 0.0 ], [ 39.71648397743003, 21.301784698682553, 0.0 ], [ 39.713783451117088, 21.301690723316753, 0.0 ] ] ] ] } },
{ "type": "Feature", "properties": { "ID": "270", "BLOCK NAME": "B.1.8.1", "FILL-TOTAL": null, "CUT-TOTAL": null, "FILL-DONE": null, "CUT-DONE": null, "FILL-REMAN": null, "CUT-REMAN": null, "EQUPIMENTS": null, "CONTRACTOR": null, "STATUS": null }, "geometry": { "type": "MultiPolygon", "coordinates": [ [ [ [ 39.719622140207299, 21.305640465514401, 0.0 ], [ 39.719652993103011, 21.304864231928676, 0.0 ], [ 39.718052112515807, 21.304808560985165, 0.0 ], [ 39.718012138546975, 21.304843326692527, 0.0 ], [ 39.717994311760336, 21.305291709035824, 0.0 ], [ 39.718049141725871, 21.30535519752106, 0.0 ], [ 39.718070390438463, 21.305358811310786, 0.0 ], [ 39.718091625230983, 21.30536249617451, 0.0 ], [ 39.7181128458326, 21.305366252065244, 0.0 ], [ 39.718134051972683, 21.305370078935088, 0.0 ], [ 39.718155243380778, 21.305373976735222, 0.0 ], [ 39.718156828108974, 21.305374271179684, 0.0 ], [ 39.718177666738882, 21.305375480615076, 0.0 ], [ 39.718198500448324, 21.305376762163046, 0.0 ], [ 39.718219328952948, 21.305378115806132, 0.0 ], [ 39.718240151968594, 21.305379541525838, 0.0 ], [ 39.718260969211073, 21.305381039302723, 0.0 ], [ 39.718281780396339, 21.305382609116343, 0.0 ], [ 39.718302585240401, 21.305384250945259, 0.0 ], [ 39.718323383459357, 21.305385964767083, 0.0 ], [ 39.718344174769399, 21.305387750558438, 0.0 ], [ 39.718364958886824, 21.305389608294938, 0.0 ], [ 39.718385735528003, 21.30539153795122, 0.0 ], [ 39.718406504409423, 21.305393539500983, 0.0 ], [ 39.718427265247698, 21.305395612916882, 0.0 ], [ 39.718448017759492, 21.305397758170642, 0.0 ], [ 39.718468761661654, 21.305399975232998, 0.0 ], [ 39.718489496671104, 21.305402264073663, 0.0 ], [ 39.718510222504904, 21.305404624661424, 0.0 ], [ 39.718530938880214, 21.305407056964071, 0.0 ], [ 39.718551645514353, 21.305409560948387, 0.0 ], [ 39.718572342124759, 21.305412136580237, 0.0 ], [ 39.718593028429034, 21.305414783824464, 0.0 ], [ 39.718613704144865, 21.305417502644914, 0.0 ], [ 39.718634368990124, 21.305420293004531, 0.0 ], [ 39.718655022682839, 21.305423154865188, 0.0 ], [ 39.718675664941159, 21.305426088187875, 0.0 ], [ 39.71869629548339, 21.305429092932545, 0.0 ], [ 39.718716914028036, 21.305432169058189, 0.0 ], [ 39.718737520293736, 21.305435316522836, 0.0 ], [ 39.718758113999286, 21.305438535283546, 0.0 ], [ 39.718778694863694, 21.305441825296377, 0.0 ], [ 39.718799262606076, 21.305445186516454, 0.0 ], [ 39.718819816945818, 21.30544861889787, 0.0 ], [ 39.718840357602403, 21.305452122393831, 0.0 ], [ 39.718860884295538, 21.305455696956511, 0.0 ], [ 39.718881396745132, 21.305459342537123, 0.0 ], [ 39.718901894671276, 21.305463059085934, 0.0 ], [ 39.718922377794264, 21.305466846552207, 0.0 ], [ 39.718942845834555, 21.305470704884286, 0.0 ], [ 39.71896329851289, 21.305474634029483, 0.0 ], [ 39.71898373555014, 21.305478633934229, 0.0 ], [ 39.719004156667424, 21.305482704543895, 0.0 ], [ 39.719024561586103, 21.305486845802967, 0.0 ], [ 39.719044950027708, 21.305491057654901, 0.0 ], [ 39.719065321714055, 21.305495340042246, 0.0 ], [ 39.719085676367136, 21.305499692906569, 0.0 ], [ 39.719106013709172, 21.305504116188434, 0.0 ], [ 39.719126333462675, 21.30550860982752, 0.0 ], [ 39.719146635350349, 21.305513173762503, 0.0 ], [ 39.719166919095166, 21.305517807931079, 0.0 ], [ 39.719187184420328, 21.305522512270013, 0.0 ], [ 39.719207431049298, 21.305527286715147, 0.0 ], [ 39.71922765870579, 21.305532131201286, 0.0 ], [ 39.719247867113772, 21.30553704566233, 0.0 ], [ 39.719268055997496, 21.305542030031226, 0.0 ], [ 39.719288225081478, 21.305547084239969, 0.0 ], [ 39.719308374090474, 21.305552208219567, 0.0 ], [ 39.719328502749541, 21.30555740190011, 0.0 ], [ 39.719348610783996, 21.305562665210701, 0.0 ], [ 39.719368697919442, 21.305567998079546, 0.0 ], [ 39.719388763881788, 21.305573400433868, 0.0 ], [ 39.719408808397212, 21.305578872199941, 0.0 ], [ 39.719428831192175, 21.305584413303091, 0.0 ], [ 39.719448831993468, 21.305590023667705, 0.0 ], [ 39.719468810528134, 21.305595703217257, 0.0 ], [ 39.719488766523568, 21.305601451874178, 0.0 ], [ 39.719508699707447, 21.305607269560088, 0.0 ], [ 39.71952860980776, 21.305613156195559, 0.0 ], [ 39.719548496552818, 21.305619111700274, 0.0 ], [ 39.71956835967125, 21.305625135992951, 0.0 ], [ 39.719588198892005, 21.305631228991412, 0.0 ], [ 39.719601861910853, 21.305635469445441, 0.0 ], [ 39.719605247463967, 21.30563648659156, 0.0 ], [ 39.71960865577973, 21.305637434693772, 0.0 ], [ 39.719612085254241, 21.305638313305902, 0.0 ], [ 39.719615534273707, 21.305639122014508, 0.0 ], [ 39.719619001215094, 21.305639860439033, 0.0 ], [ 39.719622140207299, 21.305640465514401, 0.0 ] ] ] ] } },
{ "type": "Feature", "properties": { "ID": "405", "BLOCK NAME": "B.1.7.7+8+12", "FILL-TOTAL": null, "CUT-TOTAL": null, "FILL-DONE": null, "CUT-DONE": null, "FILL-REMAN": null, "CUT-REMAN": null, "EQUPIMENTS": null, "CONTRACTOR": null, "STATUS": null }, "geometry": { "type": "MultiPolygon", "coordinates": [ [ [ [ 39.715492813176176, 21.302617958008359, 0.0 ], [ 39.715411934865017, 21.304651341638284, 0.0 ], [ 39.716165912758427, 21.304687942790427, 0.0 ], [ 39.716227089331312, 21.30314969124608, 0.0 ], [ 39.717730072774074, 21.303201975822056, 0.0 ], [ 39.717770046379414, 21.303167210182327, 0.0 ], [ 39.717787273063756, 21.30273393705939, 0.0 ], [ 39.717713068364333, 21.302659043955732, 0.0 ], [ 39.715532787171121, 21.302583192886889, 0.0 ], [ 39.715492813176176, 21.302617958008359, 0.0 ] ] ] ] } },
{ "type": "Feature", "properties": { "ID": "276", "BLOCK NAME": "B.1.7.3+9", "FILL-TOTAL": null, "CUT-TOTAL": null, "FILL-DONE": null, "CUT-DONE": null, "FILL-REMAN": null, "CUT-REMAN": null, "EQUPIMENTS": null, "CONTRACTOR": null, "STATUS": null }, "geometry": { "type": "MultiPolygon", "coordinates": [ [ [ [ 39.716165912758427, 21.304687942790427, 0.0 ], [ 39.715411934865017, 21.304651341638284, 0.0 ], [ 39.713677706398428, 21.30459098929683, 0.0 ], [ 39.713654804507335, 21.30510540841442, 0.0 ], [ 39.713760517773494, 21.30510952698452, 0.0 ], [ 39.714818945338251, 21.305177881814178, 0.0 ], [ 39.717235980600954, 21.30527201624384, 0.0 ], [ 39.717258021248171, 21.305272932664767, 0.0 ], [ 39.71728005833161, 21.305273921267869, 0.0 ], [ 39.717302091581921, 21.305274982041045, 0.0 ], [ 39.717324120729884, 21.30527611497137, 0.0 ], [ 39.717346145506276, 21.305277320044944, 0.0 ], [ 39.717368165641922, 21.305278597247092, 0.0 ], [ 39.717390180867753, 21.305279946562159, 0.0 ], [ 39.717412190914708, 21.305281367973688, 0.0 ], [ 39.717434195513817, 21.305282861464285, 0.0 ], [ 39.717456194396171, 21.305284427015724, 0.0 ], [ 39.717478187292926, 21.305286064608854, 0.0 ], [ 39.717500173935314, 21.305287774223654, 0.0 ], [ 39.717522154054663, 21.305289555839249, 0.0 ], [ 39.717544127382347, 21.305291409433845, 0.0 ], [ 39.717566093649836, 21.305293334984821, 0.0 ], [ 39.717588052588688, 21.305295332468596, 0.0 ], [ 39.717610003930552, 21.305297401860809, 0.0 ], [ 39.717627545901429, 21.305299107805592, 0.0 ], [ 39.717687200579228, 21.305250866513131, 0.0 ], [ 39.717706014755095, 21.304777673920984, 0.0 ], [ 39.717668911884992, 21.304740227388077, 0.0 ], [ 39.716165912758427, 21.304687942790427, 0.0 ] ] ] ] } },
{ "type": "Feature", "properties": { "ID": "397", "BLOCK NAME": "B.1.7.1+2", "FILL-TOTAL": null, "CUT-TOTAL": null, "FILL-DONE": null, "CUT-DONE": null, "FILL-REMAN": null, "CUT-REMAN": null, "EQUPIMENTS": null, "CONTRACTOR": null, "STATUS": null }, "geometry": { "type": "MultiPolygon", "coordinates": [ [ [ [ 39.713198963293785, 21.305087648152458, 0.0 ], [ 39.713654804507335, 21.30510540841442, 0.0 ], [ 39.713677706398428, 21.30459098929683, 0.0 ], [ 39.713758608658708, 21.302557604995211, 0.0 ], [ 39.713721507340921, 21.302520157518256, 0.0 ], [ 39.713103798498246, 21.302498655781314, 0.0 ], [ 39.713098167344953, 21.302498670922926, 0.0 ], [ 39.713092536931583, 21.302498758322081, 0.0 ], [ 39.713086908314366, 21.302498917962406, 0.0 ], [ 39.713081282549219, 21.302499149813965, 0.0 ], [ 39.713075660691537, 21.30249945383326, 0.0 ], [ 39.713070043795952, 21.302499829963235, 0.0 ], [ 39.713064432916177, 21.302500278133348, 0.0 ], [ 39.713058829104796, 21.302500798259526, 0.0 ], [ 39.713053233413063, 21.302501390244188, 0.0 ], [ 39.713047646890736, 21.302502053976287, 0.0 ], [ 39.713042070585814, 21.302502789331299, 0.0 ], [ 39.713036505544423, 21.30250359617127, 0.0 ], [ 39.71303095281052, 21.302504474344868, 0.0 ], [ 39.71302541342579, 21.3025054236873, 0.0 ], [ 39.713019888429407, 21.302506444020526, 0.0 ], [ 39.713014378857871, 21.302507535153097, 0.0 ], [ 39.713008885744721, 21.302508696880334, 0.0 ], [ 39.713003410120479, 21.302509928984311, 0.0 ], [ 39.712997953012369, 21.302511231233854, 0.0 ], [ 39.712992515444093, 21.302512603384702, 0.0 ], [ 39.712987098435761, 21.302514045179439, 0.0 ], [ 39.712981703003564, 21.302515556347558, 0.0 ], [ 39.712976330159691, 21.302517136605584, 0.0 ], [ 39.712970980912047, 21.302518785657089, 0.0 ], [ 39.712965656264188, 21.302520503192671, 0.0 ], [ 39.712960357214961, 21.30252228889017, 0.0 ], [ 39.712955084758455, 21.302524142414565, 0.0 ], [ 39.712949839883791, 21.302526063418149, 0.0 ], [ 39.712944623574906, 21.302528051540538, 0.0 ], [ 39.712939436810345, 21.302530106408781, 0.0 ], [ 39.712934280563118, 21.302532227637386, 0.0 ], [ 39.712929155800552, 21.302534414828408, 0.0 ], [ 39.712924063484031, 21.302536667571534, 0.0 ], [ 39.71291900456886, 21.302538985444166, 0.0 ], [ 39.71291398000411, 21.302541368011486, 0.0 ], [ 39.71290899073233, 21.302543814826485, 0.0 ], [ 39.712904037689519, 21.3025463254302, 0.0 ], [ 39.71289912180486, 21.302548899351621, 0.0 ], [ 39.71289424400058, 21.302551536107899, 0.0 ], [ 39.712889405191731, 21.302554235204369, 0.0 ], [ 39.712884606286039, 21.302556996134701, 0.0 ], [ 39.712879848183789, 21.302559818380949, 0.0 ], [ 39.712875131777608, 21.302562701413652, 0.0 ], [ 39.712870457952256, 21.302565644691988, 0.0 ], [ 39.712865827584551, 21.302568647663772, 0.0 ], [ 39.712861241543145, 21.302571709765701, 0.0 ], [ 39.712856700688356, 21.302574830423268, 0.0 ], [ 39.712852205872053, 21.302578009051103, 0.0 ], [ 39.712847757937467, 21.302581245052885, 0.0 ], [ 39.712843357718995, 21.302584537821527, 0.0 ], [ 39.712839006042117, 21.302587886739325, 0.0 ], [ 39.712834703723217, 21.302591291178054, 0.0 ], [ 39.712830451569388, 21.302594750499019, 0.0 ], [ 39.712826250378349, 21.302598264053263, 0.0 ], [ 39.712822100938219, 21.302601831181669, 0.0 ], [ 39.712818004027433, 21.30260545121503, 0.0 ], [ 39.712813960414564, 21.302609123474252, 0.0 ], [ 39.712809970858174, 21.302612847270417, 0.0 ], [ 39.712806036106734, 21.302616621904964, 0.0 ], [ 39.712802156898384, 21.302620446669749, 0.0 ], [ 39.712798333960848, 21.302624320847286, 0.0 ], [ 39.712794568011311, 21.302628243710792, 0.0 ], [ 39.712790859756275, 21.302632214524326, 0.0 ], [ 39.712787209891374, 21.302636232542969, 0.0 ], [ 39.712783619101351, 21.302640297012967, 0.0 ], [ 39.712780088059823, 21.302644407171826, 0.0 ], [ 39.71277661742922, 21.302648562248478, 0.0 ], [ 39.712773207860621, 21.302652761463438, 0.0 ], [ 39.712769859993656, 21.302657004028976, 0.0 ], [ 39.712766574456388, 21.302661289149174, 0.0 ], [ 39.712763351865192, 21.302665616020139, 0.0 ], [ 39.712760192824611, 21.302669983830164, 0.0 ], [ 39.712757097927287, 21.302674391759883, 0.0 ], [ 39.712754067753814, 21.302678838982338, 0.0 ], [ 39.712751102872666, 21.302683324663263, 0.0 ], [ 39.712748203840057, 21.302687847961153, 0.0 ], [ 39.71274537119983, 21.30269240802744, 0.0 ], [ 39.712742605483392, 21.302697004006653, 0.0 ], [ 39.71273990720961, 21.30270163503663, 0.0 ], [ 39.71273727688466, 21.302706300248559, 0.0 ], [ 39.712734715002, 21.30271099876726, 0.0 ], [ 39.712732222042249, 21.302715729711334, 0.0 ], [ 39.712729798473084, 21.302720492193252, 0.0 ], [ 39.71272744474917, 21.302725285319543, 0.0 ], [ 39.712725161312058, 21.302730108191067, 0.0 ], [ 39.712722948590127, 21.302734959903038, 0.0 ], [ 39.712720806998512, 21.302739839545303, 0.0 ], [ 39.712718736938939, 21.302744746202421, 0.0 ], [ 39.712716738799784, 21.302749678953941, 0.0 ], [ 39.712714812955888, 21.302754636874475, 0.0 ], [ 39.712712959768552, 21.302759619033949, 0.0 ], [ 39.712711179585433, 21.302764624497659, 0.0 ], [ 39.712709472740492, 21.302769652326649, 0.0 ], [ 39.712707839553943, 21.302774701577675, 0.0 ], [ 39.712706280332199, 21.30277977130352, 0.0 ], [ 39.712704795367728, 21.302784860553093, 0.0 ], [ 39.712703384939154, 21.302789968371666, 0.0 ], [ 39.712702049311069, 21.302795093801038, 0.0 ], [ 39.712700788734033, 21.302800235879648, 0.0 ], [ 39.712699603444548, 21.302805393642902, 0.0 ], [ 39.712698493664981, 21.302810566123163, 0.0 ], [ 39.712697459603525, 21.302815752350114, 0.0 ], [ 39.712696501454168, 21.302820951350796, 0.0 ], [ 39.712695619396705, 21.302826162149909, 0.0 ], [ 39.712694813596563, 21.30283138376992, 0.0 ], [ 39.712694084204948, 21.302836615231239, 0.0 ], [ 39.712693431358709, 21.302841855552465, 0.0 ], [ 39.712692939367102, 21.302846290716214, 0.0 ], [ 39.712618512126141, 21.303470679502013, 0.0 ], [ 39.712615243753355, 21.303553364847563, 0.0 ], [ 39.712628503691029, 21.30395083924429, 0.0 ], [ 39.712606884994763, 21.304494097588979, 0.0 ], [ 39.71260674393875, 21.304500564936138, 0.0 ], [ 39.712606680003965, 21.30450703334699, 0.0 ], [ 39.712606693198339, 21.304513502014316, 0.0 ], [ 39.712606783520272, 21.304519970130922, 0.0 ], [ 39.712606950958495, 21.304526436889617, 0.0 ], [ 39.712607195492112, 21.304532901483434, 0.0 ], [ 39.712607517090653, 21.304539363105633, 0.0 ], [ 39.71260791571396, 21.304545820949883, 0.0 ], [ 39.712608391312301, 21.30455227421027, 0.0 ], [ 39.712608943826332, 21.304558722081534, 0.0 ], [ 39.712609573187152, 21.304565163759012, 0.0 ], [ 39.712610279316195, 21.304571598438837, 0.0 ], [ 39.712611062125362, 21.304578025318033, 0.0 ], [ 39.712611921516988, 21.304584443594603, 0.0 ], [ 39.712612857383824, 21.304590852467573, 0.0 ], [ 39.712613869609108, 21.304597251137185, 0.0 ], [ 39.712614958066517, 21.304603638804956, 0.0 ], [ 39.712616122620233, 21.304610014673749, 0.0 ], [ 39.712617363124956, 21.304616377947909, 0.0 ], [ 39.712618679425866, 21.304622727833383, 0.0 ], [ 39.712620071358735, 21.304629063537735, 0.0 ], [ 39.712621538749858, 21.304635384270359, 0.0 ], [ 39.712623081416133, 21.304641689242448, 0.0 ], [ 39.712624699165076, 21.30464797766723, 0.0 ], [ 39.712626391794778, 21.304654248759952, 0.0 ], [ 39.712628159094038, 21.304660501738038, 0.0 ], [ 39.712630000842339, 21.304666735821179, 0.0 ], [ 39.712631916809833, 21.304672950231399, 0.0 ], [ 39.712633906757468, 21.30467914419323, 0.0 ], [ 39.712635970436878, 21.3046853169337, 0.0 ], [ 39.712638107590607, 21.304691467682495, 0.0 ], [ 39.712640317951902, 21.304697595672078, 0.0 ], [ 39.71264260124498, 21.304703700137729, 0.0 ], [ 39.712644957184885, 21.304709780317651, 0.0 ], [ 39.712647385477645, 21.304715835453102, 0.0 ], [ 39.712649885820248, 21.304721864788455, 0.0 ], [ 39.712652457900674, 21.304727867571305, 0.0 ], [ 39.712655101397949, 21.304733843052553, 0.0 ], [ 39.71265781598219, 21.304739790486508, 0.0 ], [ 39.712660601314674, 21.304745709130994, 0.0 ], [ 39.71266345704781, 21.304751598247385, 0.0 ], [ 39.712666382825248, 21.304757457100827, 0.0 ], [ 39.712669378281866, 21.304763284960156, 0.0 ], [ 39.712672443043871, 21.304769081098105, 0.0 ], [ 39.712675576728827, 21.304774844791371, 0.0 ], [ 39.712678778945687, 21.304780575320681, 0.0 ], [ 39.712682049294827, 21.30478627197094, 0.0 ], [ 39.712685387368154, 21.304791934031233, 0.0 ], [ 39.712688792749141, 21.304797560794995, 0.0 ], [ 39.712692265012798, 21.304803151560069, 0.0 ], [ 39.712695803725815, 21.304808705628755, 0.0 ], [ 39.712699408446646, 21.304814222307954, 0.0 ], [ 39.712703078725426, 21.304819700909235, 0.0 ], [ 39.712706814104159, 21.304825140748935, 0.0 ], [ 39.712710614116681, 21.30483054114821, 0.0 ], [ 39.712714478288831, 21.30483590143308, 0.0 ], [ 39.712718406138364, 21.304841220934698, 0.0 ], [ 39.712722397175163, 21.304846498989196, 0.0 ], [ 39.712726450901151, 21.304851734937937, 0.0 ], [ 39.712730566810478, 21.304856928127492, 0.0 ], [ 39.712734744389508, 21.304862077909831, 0.0 ], [ 39.712738983116949, 21.304867183642301, 0.0 ], [ 39.712743282463826, 21.304872244687729, 0.0 ], [ 39.71274764189365, 21.30487726041455, 0.0 ], [ 39.712752060862364, 21.304882230196853, 0.0 ], [ 39.712756538818553, 21.304887153414423, 0.0 ], [ 39.712761075203417, 21.304892029452919, 0.0 ], [ 39.712765669450853, 21.304896857703845, 0.0 ], [ 39.712770320987538, 21.304901637564658, 0.0 ], [ 39.712775029233001, 21.304906368438882, 0.0 ], [ 39.712779793599701, 21.304911049736145, 0.0 ], [ 39.712784613493106, 21.30491568087227, 0.0 ], [ 39.712789488311728, 21.304920261269316, 0.0 ], [ 39.71279441744722, 21.304924790355692, 0.0 ], [ 39.712799400284482, 21.304929267566216, 0.0 ], [ 39.712804436201715, 21.30493369234215, 0.0 ], [ 39.712809524570474, 21.304938064131356, 0.0 ], [ 39.712814664755768, 21.304942382388209, 0.0 ], [ 39.712819856116184, 21.304946646573889, 0.0 ], [ 39.712825098003826, 21.304950856156236, 0.0 ], [ 39.712830389764619, 21.304955010609934, 0.0 ], [ 39.712835730738156, 21.304959109416526, 0.0 ], [ 39.712841120257963, 21.304963152064541, 0.0 ], [ 39.712846557651432, 21.304967138049459, 0.0 ], [ 39.712852042240087, 21.304971066873897, 0.0 ], [ 39.712857573339441, 21.304974938047557, 0.0 ], [ 39.712863150259309, 21.304978751087319, 0.0 ], [ 39.712868772303707, 21.304982505517398, 0.0 ], [ 39.71287443877106, 21.304986200869237, 0.0 ], [ 39.712880148954255, 21.30498983668171, 0.0 ], [ 39.712885902140705, 21.30499341250108, 0.0 ], [ 39.712891697612456, 21.304996927881106, 0.0 ], [ 39.712897534646288, 21.305000382383145, 0.0 ], [ 39.712903412513789, 21.305003775576054, 0.0 ], [ 39.712909330481473, 21.30500710703641, 0.0 ], [ 39.712915287810802, 21.305010376348466, 0.0 ], [ 39.712921283758355, 21.305013583104234, 0.0 ], [ 39.712927317575904, 21.305016726903574, 0.0 ], [ 39.712933388510457, 21.30501980735411, 0.0 ], [ 39.712939495804427, 21.305022824071489, 0.0 ], [ 39.712945638695679, 21.305025776679209, 0.0 ], [ 39.712951816417629, 21.30502866480882, 0.0 ], [ 39.712958028199346, 21.305031488099893, 0.0 ], [ 39.712964273265655, 21.305034246200123, 0.0 ], [ 39.712970550837241, 21.305036938765326, 0.0 ], [ 39.712976860130674, 21.305039565459463, 0.0 ], [ 39.712983200358636, 21.305042125954767, 0.0 ], [ 39.712989570729917, 21.305044619931717, 0.0 ], [ 39.712995970449548, 21.305047047079078, 0.0 ], [ 39.713002398718885, 21.305049407093939, 0.0 ], [ 39.713008854735762, 21.305051699681812, 0.0 ], [ 39.713015337694486, 21.305053924556596, 0.0 ], [ 39.713021846786056, 21.305056081440647, 0.0 ], [ 39.713028381198178, 21.305058170064811, 0.0 ], [ 39.713034940115442, 21.30506019016843, 0.0 ], [ 39.713041522719301, 21.305062141499423, 0.0 ], [ 39.713048128188341, 21.305064023814261, 0.0 ], [ 39.713054755698245, 21.305065836878072, 0.0 ], [ 39.713061404421929, 21.305067580464591, 0.0 ], [ 39.713068073529719, 21.305069254356233, 0.0 ], [ 39.713074762189351, 21.305070858344084, 0.0 ], [ 39.713081469566113, 21.305072392228041, 0.0 ], [ 39.713088194823037, 21.30507385581663, 0.0 ], [ 39.713094937120808, 21.305075248927224, 0.0 ], [ 39.713101695618057, 21.305076571385989, 0.0 ], [ 39.713108469471379, 21.305077823027879, 0.0 ], [ 39.713115257835462, 21.305079003696704, 0.0 ], [ 39.713122059863167, 21.305080113245111, 0.0 ], [ 39.71312887470566, 21.305081151534662, 0.0 ], [ 39.713135701512478, 21.305082118435781, 0.0 ], [ 39.713142539431729, 21.305083013827812, 0.0 ], [ 39.713149387610073, 21.305083837598978, 0.0 ], [ 39.71315624519292, 21.305084589646526, 0.0 ], [ 39.713163111324491, 21.305085269876596, 0.0 ], [ 39.713169985147942, 21.305085878204288, 0.0 ], [ 39.713176865805501, 21.305086414553706, 0.0 ], [ 39.713183752438482, 21.305086878857903, 0.0 ], [ 39.713190644187527, 21.305087271058937, 0.0 ], [ 39.713197540192567, 21.305087591107881, 0.0 ], [ 39.713198963293785, 21.305087648152458, 0.0 ] ] ] ] } },
{ "type": "Feature", "properties": { "ID": "468", "BLOCK NAME": "B.1.4.11", "FILL-TOTAL": null, "CUT-TOTAL": null, "FILL-DONE": null, "CUT-DONE": null, "FILL-REMAN": null, "CUT-REMAN": null, "EQUPIMENTS": null, "CONTRACTOR": null, "STATUS": null }, "geometry": { "type": "MultiPolygon", "coordinates": [ [ [ [ 39.711908553204196, 21.298041475035628, 0.0 ], [ 39.71136422259184, 21.298022520591555, 0.0 ], [ 39.709629109131974, 21.297962089354659, 0.0 ], [ 39.709589134920151, 21.297996853104205, 0.0 ], [ 39.709571704541943, 21.298434639849702, 0.0 ], [ 39.709608803773129, 21.298472088347015, 0.0 ], [ 39.711343923234026, 21.298532519593689, 0.0 ], [ 39.711888255729008, 21.298551474040615, 0.0 ], [ 39.711908553204196, 21.298041475035628, 0.0 ] ] ] ] } },
{ "type": "Feature", "properties": { "ID": "493", "BLOCK NAME": "B.1.4.2+6+10", "FILL-TOTAL": null, "CUT-TOTAL": null, "FILL-DONE": null, "CUT-DONE": null, "FILL-REMAN": null, "CUT-REMAN": null, "EQUPIMENTS": null, "CONTRACTOR": null, "STATUS": null }, "geometry": { "type": "MultiPolygon", "coordinates": [ [ [ [ 39.711888255729008, 21.298551474040615, 0.0 ], [ 39.711343923234026, 21.298532519593689, 0.0 ], [ 39.711201645761641, 21.302107024377765, 0.0 ], [ 39.711238746349316, 21.302144472441007, 0.0 ], [ 39.711791763721138, 21.30216372871563, 0.0 ], [ 39.711797435417104, 21.302163890041005, 0.0 ], [ 39.711803108939201, 21.302163979125034, 0.0 ], [ 39.711808783239213, 21.302163995951247, 0.0 ], [ 39.711814457268787, 21.302163940516529, 0.0 ], [ 39.711820129979586, 21.302163812831139, 0.0 ], [ 39.711825800323538, 21.302163612918644, 0.0 ], [ 39.711831467253013, 21.302163340816012, 0.0 ], [ 39.711837129721019, 21.302162996573486, 0.0 ], [ 39.711842786681373, 21.302162580254699, 0.0 ], [ 39.711848437088896, 21.30216209193653, 0.0 ], [ 39.711854079899652, 21.302161531709228, 0.0 ], [ 39.711859714071089, 21.302160899676291, 0.0 ], [ 39.711865338562255, 21.302160195954492, 0.0 ], [ 39.711870952333989, 21.302159420673846, 0.0 ], [ 39.711876554349104, 21.302158573977593, 0.0 ], [ 39.711882143572595, 21.302157656022167, 0.0 ], [ 39.711887718971816, 21.302156666977162, 0.0 ], [ 39.711893279516666, 21.30215560702532, 0.0 ], [ 39.711898824179805, 21.302154476362478, 0.0 ], [ 39.711904351936816, 21.302153275197515, 0.0 ], [ 39.711909861766429, 21.302152003752369, 0.0 ], [ 39.711915352650607, 21.302150662261937, 0.0 ], [ 39.711920823574957, 21.302149250974086, 0.0 ], [ 39.711926273528611, 21.302147770149535, 0.0 ], [ 39.711931701504696, 21.302146220061928, 0.0 ], [ 39.711937106500351, 21.302144600997583, 0.0 ], [ 39.711942487516957, 21.302142913255686, 0.0 ], [ 39.711947843560374, 21.302141157148053, 0.0 ], [ 39.711953173640978, 21.302139332999104, 0.0 ], [ 39.711958476774043, 21.302137441145909, 0.0 ], [ 39.711963751979752, 21.302135481937956, 0.0 ], [ 39.711968998283524, 21.302133455737248, 0.0 ], [ 39.711974214716008, 21.30213136291815, 0.0 ], [ 39.711979400313481, 21.302129203867281, 0.0 ], [ 39.711984554117855, 21.302126978983601, 0.0 ], [ 39.711989675176937, 21.302124688678113, 0.0 ], [ 39.711994762544585, 21.302122333374008, 0.0 ], [ 39.711999815280848, 21.30211991350642, 0.0 ], [ 39.71200483245223, 21.302117429522461, 0.0 ], [ 39.712009813131765, 21.302114881881032, 0.0 ], [ 39.712014756399235, 21.302112271052842, 0.0 ], [ 39.712019661341344, 21.302109597520261, 0.0 ], [ 39.712024527051888, 21.302106861777247, 0.0 ], [ 39.712029352631866, 21.302104064329242, 0.0 ], [ 39.712034137189768, 21.302101205693077, 0.0 ], [ 39.712038879841586, 21.302098286396937, 0.0 ], [ 39.712043579711086, 21.302095306980153, 0.0 ], [ 39.712048235929963, 21.302092267993199, 0.0 ], [ 39.712052847637914, 21.302089169997547, 0.0 ], [ 39.712057413982947, 21.302086013565582, 0.0 ], [ 39.712061934121358, 21.302082799280456, 0.0 ], [ 39.712066407218046, 21.302079527736058, 0.0 ], [ 39.712070832446592, 21.302076199536813, 0.0 ], [ 39.712075208989376, 21.302072815297617, 0.0 ], [ 39.712079536037841, 21.302069375643725, 0.0 ], [ 39.712083812792535, 21.302065881210673, 0.0 ], [ 39.712088038463285, 21.302062332644045, 0.0 ], [ 39.712092212269376, 21.302058730599473, 0.0 ], [ 39.712096333439696, 21.302055075742469, 0.0 ], [ 39.712100401212815, 21.302051368748256, 0.0 ], [ 39.712104414837221, 21.302047610301759, 0.0 ], [ 39.712108373571347, 21.302043801097362, 0.0 ], [ 39.712112276683797, 21.302039941838853, 0.0 ], [ 39.712116123453441, 21.302036033239247, 0.0 ], [ 39.712119913169609, 21.302032076020659, 0.0 ], [ 39.712123645132095, 21.302028070914233, 0.0 ], [ 39.712127318651426, 21.302024018659957, 0.0 ], [ 39.712130933048876, 21.302019920006476, 0.0 ], [ 39.712134487656662, 21.302015775711052, 0.0 ], [ 39.712137981818096, 21.302011586539376, 0.0 ], [ 39.71214141488759, 21.302007353265413, 0.0 ], [ 39.712144786230851, 21.302003076671305, 0.0 ], [ 39.712148095225039, 21.301998757547164, 0.0 ], [ 39.712151341258775, 21.301994396690962, 0.0 ], [ 39.712154523732373, 21.301989994908421, 0.0 ], [ 39.712157642057804, 21.301985553012791, 0.0 ], [ 39.712160695659016, 21.301981071824741, 0.0 ], [ 39.712163683971788, 21.301976552172178, 0.0 ], [ 39.712166606444036, 21.30197199489016, 0.0 ], [ 39.712169462535819, 21.301967400820661, 0.0 ], [ 39.712172251719473, 21.301962770812459, 0.0 ], [ 39.712174973479655, 21.301958105720992, 0.0 ], [ 39.712177627313544, 21.301953406408145, 0.0 ], [ 39.712180212730829, 21.30194867374215, 0.0 ], [ 39.712182729253833, 21.301943908597401, 0.0 ], [ 39.712185176417599, 21.301939111854285, 0.0 ], [ 39.712187553770065, 21.301934284399035, 0.0 ], [ 39.71218986087198, 21.30192942712354, 0.0 ], [ 39.712192097297077, 21.30192454092521, 0.0 ], [ 39.712194262632202, 21.301919626706805, 0.0 ], [ 39.712196356477278, 21.301914685376257, 0.0 ], [ 39.712198378445493, 21.30190971784651, 0.0 ], [ 39.712200328163249, 21.301904725035318, 0.0 ], [ 39.712202205270366, 21.301899707865172, 0.0 ], [ 39.712204009420013, 21.301894667262996, 0.0 ], [ 39.712205740278883, 21.30188960416007, 0.0 ], [ 39.712207397527209, 21.301884519491853, 0.0 ], [ 39.71220898085879, 21.301879414197746, 0.0 ], [ 39.712210489981132, 21.301874289220983, 0.0 ], [ 39.71221192461541, 21.301869145508455, 0.0 ], [ 39.712213284496563, 21.301863984010463, 0.0 ], [ 39.71221456937338, 21.301858805680627, 0.0 ], [ 39.712215779008446, 21.301853611475686, 0.0 ], [ 39.71221691317831, 21.301848402355294, 0.0 ], [ 39.712217971673432, 21.301843179281878, 0.0 ], [ 39.712218954298244, 21.301837943220384, 0.0 ], [ 39.71221986087123, 21.301832695138259, 0.0 ], [ 39.712220691224871, 21.301827436005091, 0.0 ], [ 39.712221445205799, 21.30182216679254, 0.0 ], [ 39.712222122674696, 21.301816888474104, 0.0 ], [ 39.712222212769667, 21.301816137383202, 0.0 ], [ 39.712256473978208, 21.301528004798705, 0.0 ], [ 39.712249527691966, 21.301525436527392, 0.0 ], [ 39.712242610096304, 21.301522801176361, 0.0 ], [ 39.712235721929105, 21.301520099026732, 0.0 ], [ 39.71222886392512, 21.301517330366739, 0.0 ], [ 39.712222036815866, 21.301514495491688, 0.0 ], [ 39.712215241329559, 21.301511594703975, 0.0 ], [ 39.712208478191066, 21.301508628313051, 0.0 ], [ 39.712201748121799, 21.30150559663528, 0.0 ], [ 39.712195051839608, 21.301502499994069, 0.0 ], [ 39.712188390058806, 21.301499338719726, 0.0 ], [ 39.712181763489944, 21.301496113149465, 0.0 ], [ 39.712175172839892, 21.301492823627321, 0.0 ], [ 39.71216861881161, 21.301489470504205, 0.0 ], [ 39.71216210210423, 21.301486054137783, 0.0 ], [ 39.712155623412869, 21.301482574892447, 0.0 ], [ 39.712149183428579, 21.301479033139355, 0.0 ], [ 39.712142782838299, 21.301475429256261, 0.0 ], [ 39.71213642232474, 21.301471763627582, 0.0 ], [ 39.71213010256637, 21.301468036644341, 0.0 ], [ 39.712123824237317, 21.301464248704086, 0.0 ], [ 39.712117588007253, 21.301460400210832, 0.0 ], [ 39.712111394541374, 21.30145649157512, 0.0 ], [ 39.712105244500322, 21.301452523213865, 0.0 ], [ 39.712099138540083, 21.301448495550368, 0.0 ], [ 39.712093077311977, 21.301444409014206, 0.0 ], [ 39.71208706146254, 21.301440264041343, 0.0 ], [ 39.712081091633436, 21.301436061073858, 0.0 ], [ 39.712075168461467, 21.301431800560096, 0.0 ], [ 39.712069292578441, 21.301427482954498, 0.0 ], [ 39.712063464611106, 21.301423108717639, 0.0 ], [ 39.712057685181115, 21.301418678316065, 0.0 ], [ 39.712051954904936, 21.301414192222381, 0.0 ], [ 39.712046274393806, 21.301409650915108, 0.0 ], [ 39.712040644253619, 21.301405054878636, 0.0 ], [ 39.712035065084955, 21.301400404603221, 0.0 ], [ 39.712029537482898, 21.301395700584902, 0.0 ], [ 39.712024062037067, 21.301390943325416, 0.0 ], [ 39.712018639331504, 21.301386133332233, 0.0 ], [ 39.712013269944613, 21.301381271118398, 0.0 ], [ 39.712007954449163, 21.301376357202596, 0.0 ], [ 39.71200269341211, 21.301371392108905, 0.0 ], [ 39.711997487394626, 21.301366376366992, 0.0 ], [ 39.711992336952036, 21.301361310511851, 0.0 ], [ 39.71198724263369, 21.301356195083848, 0.0 ], [ 39.711982204982995, 21.30135103062862, 0.0 ], [ 39.7119772245373, 21.301345817697058, 0.0 ], [ 39.711972301827821, 21.301340556845204, 0.0 ], [ 39.711967437379677, 21.301335248634206, 0.0 ], [ 39.711962631711735, 21.301329893630299, 0.0 ], [ 39.711957885336552, 21.30132449240465, 0.0 ], [ 39.711953198760447, 21.301319045533415, 0.0 ], [ 39.711948572483301, 21.301313553597588, 0.0 ], [ 39.711944006998579, 21.301308017182979, 0.0 ], [ 39.711939502793257, 21.301302436880142, 0.0 ], [ 39.711935060347798, 21.301296813284317, 0.0 ], [ 39.711930680136021, 21.301291146995336, 0.0 ], [ 39.711926362625157, 21.301285438617597, 0.0 ], [ 39.711922108275751, 21.301279688760022, 0.0 ], [ 39.711917917541591, 21.301273898035937, 0.0 ], [ 39.711913790869644, 21.301268067062978, 0.0 ], [ 39.711909728700135, 21.301262196463142, 0.0 ], [ 39.71190573146631, 21.301256286862639, 0.0 ], [ 39.711901799594557, 21.301250338891784, 0.0 ], [ 39.711897933504275, 21.301244353185076, 0.0 ], [ 39.711894133607828, 21.301238330380979, 0.0 ], [ 39.71189040031053, 21.301232271121897, 0.0 ], [ 39.711886734010577, 21.301226176054172, 0.0 ], [ 39.711883135099058, 21.301220045827954, 0.0 ], [ 39.711879603959837, 21.301213881097123, 0.0 ], [ 39.711876140969558, 21.301207682519248, 0.0 ], [ 39.711872746497612, 21.30120145075551, 0.0 ], [ 39.711869420906069, 21.30119518647064, 0.0 ], [ 39.711866164549605, 21.301188890332824, 0.0 ], [ 39.711862977775624, 21.301182563013644, 0.0 ], [ 39.711859860923994, 21.301176205188007, 0.0 ], [ 39.711856814327177, 21.301169817534113, 0.0 ], [ 39.711853838310148, 21.301163400733266, 0.0 ], [ 39.71185093319032, 21.30115695546996, 0.0 ], [ 39.711848099277574, 21.301150482431673, 0.0 ], [ 39.711845336874198, 21.301143982308872, 0.0 ], [ 39.71184264627481, 21.30113745579489, 0.0 ], [ 39.711840027766414, 21.301130903585889, 0.0 ], [ 39.711837481628308, 21.301124326380773, 0.0 ], [ 39.71183500813207, 21.301117724881134, 0.0 ], [ 39.711832607541517, 21.301111099791076, 0.0 ], [ 39.711830280112721, 21.30110445181732, 0.0 ], [ 39.711828026093926, 21.301097781668954, 0.0 ], [ 39.711825845725535, 21.301091090057483, 0.0 ], [ 39.711823739240124, 21.301084377696661, 0.0 ], [ 39.711821706862381, 21.301077645302474, 0.0 ], [ 39.711819748809056, 21.30107089359305, 0.0 ], [ 39.711817865289014, 21.301064123288558, 0.0 ], [ 39.711816056503167, 21.301057335111171, 0.0 ], [ 39.711814322644422, 21.301050529784952, 0.0 ], [ 39.71181266389771, 21.301043708035817, 0.0 ], [ 39.711811080439972, 21.301036870591386, 0.0 ], [ 39.711809572440082, 21.301030018181013, 0.0 ], [ 39.711808140058906, 21.301023151535599, 0.0 ], [ 39.711806783449177, 21.301016271387603, 0.0 ], [ 39.711805502755624, 21.301009378470887, 0.0 ], [ 39.711804298114835, 21.30100247352069, 0.0 ], [ 39.711803169655283, 21.300995557273563, 0.0 ], [ 39.711802117497356, 21.300988630467216, 0.0 ], [ 39.711801141753249, 21.300981693840502, 0.0 ], [ 39.711800242527033, 21.300974748133335, 0.0 ], [ 39.711799419914605, 21.300967794086596, 0.0 ], [ 39.71179867400371, 21.300960832442001, 0.0 ], [ 39.711798004873906, 21.30095386394218, 0.0 ], [ 39.711797412596546, 21.300946889330408, 0.0 ], [ 39.711796897234819, 21.300939909350639, 0.0 ], [ 39.711796458843644, 21.3009329247474, 0.0 ], [ 39.711796097469794, 21.300925936265713, 0.0 ], [ 39.711795813151817, 21.30091894465102, 0.0 ], [ 39.711795605920003, 21.300911950649088, 0.0 ], [ 39.711795475796457, 21.300904955005922, 0.0 ], [ 39.711795422795056, 21.300897958467736, 0.0 ], [ 39.711795446921428, 21.300890961780812, 0.0 ], [ 39.711795548173001, 21.300883965691479, 0.0 ], [ 39.711795726538959, 21.300876970945968, 0.0 ], [ 39.711795923627612, 21.30087140459182, 0.0 ], [ 39.711888255729008, 21.298551474040615, 0.0 ] ] ] ] } },
{ "type": "Feature", "properties": { "ID": "488", "BLOCK NAME": "B.1.1.5", "FILL-TOTAL": null, "CUT-TOTAL": null, "FILL-DONE": null, "CUT-DONE": null, "FILL-REMAN": null, "CUT-REMAN": null, "EQUPIMENTS": null, "CONTRACTOR": null, "STATUS": null }, "geometry": { "type": "MultiPolygon", "coordinates": [ [ [ [ 39.707789122762073, 21.302254809549233, 0.0 ], [ 39.707812849754447, 21.301659058989308, 0.0 ], [ 39.707775750139646, 21.301621610130343, 0.0 ], [ 39.707010200601083, 21.30159493431692, 0.0 ], [ 39.706977624259196, 21.301629287454716, 0.0 ], [ 39.706981715874342, 21.301653205711236, 0.0 ], [ 39.706985883629613, 21.30167711241673, 0.0 ], [ 39.706990127487956, 21.301701007358432, 0.0 ], [ 39.706994447411638, 21.301724890323722, 0.0 ], [ 39.706998843362257, 21.301748761100072, 0.0 ], [ 39.707003315300732, 21.301772619475035, 0.0 ], [ 39.7070078631873, 21.301796465236283, 0.0 ], [ 39.707012486981533, 21.301820298171634, 0.0 ], [ 39.707017186642311, 21.301844118069003, 0.0 ], [ 39.70702196212784, 21.301867924716383, 0.0 ], [ 39.707026813395693, 21.301891717901963, 0.0 ], [ 39.707031740402684, 21.301915497413955, 0.0 ], [ 39.707036743105043, 21.301939263040779, 0.0 ], [ 39.707041821458276, 21.301963014570926, 0.0 ], [ 39.7070469754172, 21.301986751793031, 0.0 ], [ 39.707052204936041, 21.302010474495859, 0.0 ], [ 39.707057509968259, 21.30203418246829, 0.0 ], [ 39.707062890466688, 21.302057875499354, 0.0 ], [ 39.707068346383465, 21.302081553378198, 0.0 ], [ 39.707073713322792, 21.302104517664198, 0.0 ], [ 39.707120637838571, 21.302141125907596, 0.0 ], [ 39.707738365898791, 21.302162650544869, 0.0 ], [ 39.707734770859382, 21.302252915776478, 0.0 ], [ 39.707789122762073, 21.302254809549233, 0.0 ] ] ] ] } },
{ "type": "Feature", "properties": { "ID": "257", "BLOCK NAME": "B.1.1.3", "FILL-TOTAL": null, "CUT-TOTAL": null, "FILL-DONE": null, "CUT-DONE": null, "FILL-REMAN": null, "CUT-REMAN": null, "EQUPIMENTS": null, "CONTRACTOR": null, "STATUS": null }, "geometry": { "type": "MultiPolygon", "coordinates": [ [ [ [ 39.707789122762037, 21.302254809549236, 0.0 ], [ 39.707734770859375, 21.302252915776482, 0.0 ], [ 39.707731175817322, 21.302343181006425, 0.0 ], [ 39.707166758565762, 21.302323514089075, 0.0 ], [ 39.707137402004498, 21.302357262292233, 0.0 ], [ 39.707262244174721, 21.302834413248284, 0.0 ], [ 39.707309963409195, 21.302870847211093, 0.0 ], [ 39.707725419704879, 21.302885323361515, 0.0 ], [ 39.707765395655983, 21.302850560036401, 0.0 ], [ 39.707789122762037, 21.302254809549236, 0.0 ] ] ] ] } },
{ "type": "Feature", "properties": { "ID": "309", "BLOCK NAME": "B.1.2.11+13", "FILL-TOTAL": null, "CUT-TOTAL": null, "FILL-DONE": null, "CUT-DONE": null, "FILL-REMAN": null, "CUT-REMAN": null, "EQUPIMENTS": null, "CONTRACTOR": null, "STATUS": null }, "geometry": { "type": "MultiPolygon", "coordinates": [ [ [ [ 39.712109693318503, 21.304637116722827, 0.0 ], [ 39.712111975019987, 21.304631010018163, 0.0 ], [ 39.71211418378212, 21.304624879827358, 0.0 ], [ 39.712116319329404, 21.304618726915177, 0.0 ], [ 39.712118381395392, 21.304612552049164, 0.0 ], [ 39.712120369722896, 21.304606355999638, 0.0 ], [ 39.712122284063859, 21.30460013953952, 0.0 ], [ 39.712124124179503, 21.30459390344431, 0.0 ], [ 39.712125889840273, 21.304587648491967, 0.0 ], [ 39.712127580825936, 21.304581375462767, 0.0 ], [ 39.712129196925524, 21.304575085139238, 0.0 ], [ 39.712130737937457, 21.30456877830612, 0.0 ], [ 39.712132203669512, 21.304562455750126, 0.0 ], [ 39.712133593938844, 21.304556118260024, 0.0 ], [ 39.712134908572025, 21.304549766626408, 0.0 ], [ 39.712136147405097, 21.304543401641592, 0.0 ], [ 39.712137310283502, 21.304537024099627, 0.0 ], [ 39.712138397062169, 21.304530634796077, 0.0 ], [ 39.712139407605576, 21.304524234527996, 0.0 ], [ 39.712140341787624, 21.3045178240938, 0.0 ], [ 39.712141199491832, 21.304511404293191, 0.0 ], [ 39.712141980611179, 21.304504975927006, 0.0 ], [ 39.712142685048242, 21.304498539797184, 0.0 ], [ 39.712143312715163, 21.304492096706614, 0.0 ], [ 39.712143863533647, 21.304485647459039, 0.0 ], [ 39.712144337434978, 21.304479192858995, 0.0 ], [ 39.712144436965218, 21.304477685679487, 0.0 ], [ 39.712166044959183, 21.303934739078169, 0.0 ], [ 39.71221065434198, 21.303541102596217, 0.0 ], [ 39.712214099395254, 21.303454537407383, 0.0 ], [ 39.712192025353545, 21.302830271609317, 0.0 ], [ 39.712191797208547, 21.302824910733403, 0.0 ], [ 39.712191492018704, 21.302819553231554, 0.0 ], [ 39.712191109839381, 21.302814200075641, 0.0 ], [ 39.712190650739892, 21.302808852236716, 0.0 ], [ 39.712190114803562, 21.302803510684925, 0.0 ], [ 39.712189502127593, 21.302798176389206, 0.0 ], [ 39.712188812823165, 21.302792850317264, 0.0 ], [ 39.712188047015296, 21.302787533435222, 0.0 ], [ 39.712187204842941, 21.302782226707592, 0.0 ], [ 39.712186286458852, 21.302776931097029, 0.0 ], [ 39.712185292029652, 21.302771647564171, 0.0 ], [ 39.71218422173574, 21.302766377067464, 0.0 ], [ 39.712183075771286, 21.302761120562995, 0.0 ], [ 39.71218185434418, 21.302755879004295, 0.0 ], [ 39.712180557675978, 21.302750653342226, 0.0 ], [ 39.712179186001919, 21.302745444524703, 0.0 ], [ 39.712177739570841, 21.302740253496662, 0.0 ], [ 39.712176218645126, 21.302735081199728, 0.0 ], [ 39.712174623500701, 21.302729928572173, 0.0 ], [ 39.712172954426926, 21.302724796548709, 0.0 ], [ 39.712171211726584, 21.302719686060325, 0.0 ], [ 39.712169395715812, 21.302714598034044, 0.0 ], [ 39.712167506724043, 21.302709533392839, 0.0 ], [ 39.712165545093953, 21.302704493055479, 0.0 ], [ 39.712163511181394, 21.302699477936272, 0.0 ], [ 39.712161405355346, 21.302694488944987, 0.0 ], [ 39.712159227997816, 21.302689526986629, 0.0 ], [ 39.712156979503753, 21.30268459296132, 0.0 ], [ 39.712154660281087, 21.302679687764094, 0.0 ], [ 39.712152270750529, 21.302674812284774, 0.0 ], [ 39.71214981134554, 21.30266996740778, 0.0 ], [ 39.712147282512269, 21.302665154011983, 0.0 ], [ 39.712144684709486, 21.302660372970546, 0.0 ], [ 39.7121420184084, 21.30265562515077, 0.0 ], [ 39.712139284092721, 21.302650911413906, 0.0 ], [ 39.712136482258472, 21.302646232615039, 0.0 ], [ 39.712133613413904, 21.302641589602942, 0.0 ], [ 39.712130678079447, 21.302636983219823, 0.0 ], [ 39.712127676787567, 21.302632414301321, 0.0 ], [ 39.712124610082739, 21.302627883676248, 0.0 ], [ 39.712121478521247, 21.302623392166446, 0.0 ], [ 39.712118282671184, 21.302618940586736, 0.0 ], [ 39.712115023112297, 21.302614529744577, 0.0 ], [ 39.712111700435877, 21.30261016044015, 0.0 ], [ 39.712108315244649, 21.302605833466043, 0.0 ], [ 39.712104868152728, 21.302601549607179, 0.0 ], [ 39.712101359785422, 21.302597309640685, 0.0 ], [ 39.712097790779168, 21.302593114335671, 0.0 ], [ 39.712094161781387, 21.302588964453172, 0.0 ], [ 39.712090473450374, 21.302584860745995, 0.0 ], [ 39.712086726455219, 21.302580803958566, 0.0 ], [ 39.712082921475663, 21.302576794826788, 0.0 ], [ 39.712079059201912, 21.302572834077935, 0.0 ], [ 39.712075140334612, 21.302568922430481, 0.0 ], [ 39.712071165584646, 21.302565060594006, 0.0 ], [ 39.712067135673045, 21.302561249269075, 0.0 ], [ 39.712063051330873, 21.30255748914707, 0.0 ], [ 39.712058913299003, 21.302553780910067, 0.0 ], [ 39.712054722328119, 21.302550125230756, 0.0 ], [ 39.712050479178465, 21.302546522772282, 0.0 ], [ 39.712046184619737, 21.302542974188135, 0.0 ], [ 39.712041839431016, 21.302539480122054, 0.0 ], [ 39.712037444400508, 21.302536041207844, 0.0 ], [ 39.712033000325498, 21.302532658069346, 0.0 ], [ 39.712028508012139, 21.302529331320269, 0.0 ], [ 39.712023968275368, 21.302526061564087, 0.0 ], [ 39.712019381938688, 21.302522849393942, 0.0 ], [ 39.712014749834069, 21.302519695392537, 0.0 ], [ 39.712010072801789, 21.302516600131984, 0.0 ], [ 39.712005351690294, 21.302513564173807, 0.0 ], [ 39.71200058735598, 21.302510588068717, 0.0 ], [ 39.711995780663109, 21.302507672356576, 0.0 ], [ 39.711990932483637, 21.30250481756633, 0.0 ], [ 39.711986043697046, 21.302502024215801, 0.0 ], [ 39.711981115190142, 21.302499292811731, 0.0 ], [ 39.711976147857008, 21.302496623849624, 0.0 ], [ 39.711971142598692, 21.302494017813583, 0.0 ], [ 39.711966100323174, 21.302491475176399, 0.0 ], [ 39.711961021945136, 21.302488996399294, 0.0 ], [ 39.711955908385796, 21.302486581931905, 0.0 ], [ 39.711950760572762, 21.30248423221224, 0.0 ], [ 39.711945579439877, 21.302481947666529, 0.0 ], [ 39.711940365927006, 21.302479728709205, 0.0 ], [ 39.711935120979881, 21.302477575742785, 0.0 ], [ 39.711929845549932, 21.302475489157835, 0.0 ], [ 39.711924540594168, 21.302473469332842, 0.0 ], [ 39.711919207074899, 21.302471516634213, 0.0 ], [ 39.711913845959621, 21.302469631416198, 0.0 ], [ 39.711908458220876, 21.30246781402073, 0.0 ], [ 39.711903044835992, 21.302466064777523, 0.0 ], [ 39.71189760678697, 21.302464384003894, 0.0 ], [ 39.711892145060297, 21.30246277200472, 0.0 ], [ 39.711886660646726, 21.302461229072435, 0.0 ], [ 39.711881154541139, 21.302459755486915, 0.0 ], [ 39.711875627742351, 21.302458351515497, 0.0 ], [ 39.711870081252947, 21.30245701741282, 0.0 ], [ 39.711864516079061, 21.302455753420947, 0.0 ], [ 39.711863198341497, 21.302455464991212, 0.0 ], [ 39.710838980455357, 21.302419800463845, 0.0 ], [ 39.710799005363782, 21.302454564499435, 0.0 ], [ 39.710780320870455, 21.302923943684412, 0.0 ], [ 39.710817421566155, 21.302961391831413, 0.0 ], [ 39.711942730404459, 21.30300057599154, 0.0 ], [ 39.711878065578041, 21.304625349754321, 0.0 ], [ 39.712109693318503, 21.304637116722827, 0.0 ] ] ] ] } },
{ "type": "Feature", "properties": { "ID": "249", "BLOCK NAME": "B.1.2.1+8", "FILL-TOTAL": null, "CUT-TOTAL": null, "FILL-DONE": null, "CUT-DONE": null, "FILL-REMAN": null, "CUT-REMAN": null, "EQUPIMENTS": null, "CONTRACTOR": null, "STATUS": null }, "geometry": { "type": "MultiPolygon", "coordinates": [ [ [ [ 39.712109693318503, 21.304637116722827, 0.0 ], [ 39.711878065578041, 21.304625349754321, 0.0 ], [ 39.708047350272381, 21.304491931452485, 0.0 ], [ 39.708007373957528, 21.304526694845045, 0.0 ], [ 39.708000663506454, 21.304695189768939, 0.0 ], [ 39.708056187792344, 21.304753452997772, 0.0 ], [ 39.708112398921656, 21.304757452496293, 0.0 ], [ 39.708239172416754, 21.304768842287285, 0.0 ], [ 39.708365938533149, 21.304780303911503, 0.0 ], [ 39.708492697224564, 21.304791837364792, 0.0 ], [ 39.708616109507702, 21.304803136001627, 0.0 ], [ 39.710353866754375, 21.304961553518574, 0.0 ], [ 39.710931719491548, 21.304987005249345, 0.0 ], [ 39.711167593649414, 21.305007819539362, 0.0 ], [ 39.711199061934266, 21.305009340012809, 0.0 ], [ 39.711230534107457, 21.30501078830974, 0.0 ], [ 39.711262009980359, 21.305012164421473, 0.0 ], [ 39.711293489364365, 21.305013468339769, 0.0 ], [ 39.711324972070791, 21.305014700056816, 0.0 ], [ 39.711356457910945, 21.30501585956522, 0.0 ], [ 39.711359852083383, 21.305015980241926, 0.0 ], [ 39.711501398351729, 21.305021496848561, 0.0 ], [ 39.711508299498561, 21.305021730779252, 0.0 ], [ 39.711515203013327, 21.30502189248201, 0.0 ], [ 39.711522108034863, 21.305021981936658, 0.0 ], [ 39.711529013701742, 21.305021999132034, 0.0 ], [ 39.711535919152517, 21.305021944065995, 0.0 ], [ 39.711542823525704, 21.305021816745409, 0.0 ], [ 39.711549725960026, 21.305021617186156, 0.0 ], [ 39.71155662559439, 21.305021345413163, 0.0 ], [ 39.711563521568095, 21.305021001460283, 0.0 ], [ 39.711570413020823, 21.305020585370457, 0.0 ], [ 39.711577299092951, 21.305020097195587, 0.0 ], [ 39.711584178925385, 21.305019536996575, 0.0 ], [ 39.711591051659894, 21.305018904843298, 0.0 ], [ 39.711597916439118, 21.305018200814594, 0.0 ], [ 39.711604772406687, 21.30501742499834, 0.0 ], [ 39.711611618707302, 21.305016577491291, 0.0 ], [ 39.711618454486917, 21.305015658399171, 0.0 ], [ 39.711625278892775, 21.305014667836641, 0.0 ], [ 39.711632091073525, 21.305013605927282, 0.0 ], [ 39.711638890179351, 21.305012472803558, 0.0 ], [ 39.711645675362099, 21.305011268606808, 0.0 ], [ 39.711652445775314, 21.305009993487282, 0.0 ], [ 39.711659200574374, 21.305008647604037, 0.0 ], [ 39.711665938916653, 21.305007231124961, 0.0 ], [ 39.71167265996155, 21.305005744226793, 0.0 ], [ 39.711679362870584, 21.305004187094987, 0.0 ], [ 39.711686046807607, 21.305002559923796, 0.0 ], [ 39.711692710938813, 21.305000862916238, 0.0 ], [ 39.711699354432852, 21.304999096283986, 0.0 ], [ 39.711705976460948, 21.304997260247426, 0.0 ], [ 39.711712576197009, 21.304995355035611, 0.0 ], [ 39.711719152817722, 21.304993380886209, 0.0 ], [ 39.711725705502673, 21.304991338045511, 0.0 ], [ 39.711732233434446, 21.304989226768338, 0.0 ], [ 39.711738735798654, 21.304987047318075, 0.0 ], [ 39.711745211784141, 21.304984799966601, 0.0 ], [ 39.711751660583062, 21.30498248499428, 0.0 ], [ 39.71175808139089, 21.304980102689921, 0.0 ], [ 39.711764473406689, 21.304977653350658, 0.0 ], [ 39.711770835833043, 21.304975137282096, 0.0 ], [ 39.711777167876242, 21.304972554798102, 0.0 ], [ 39.711783468746368, 21.304969906220812, 0.0 ], [ 39.711789737657433, 21.304967191880657, 0.0 ], [ 39.71179597382735, 21.304964412116245, 0.0 ], [ 39.711802176478209, 21.304961567274347, 0.0 ], [ 39.7118083448362, 21.30495865770985, 0.0 ], [ 39.711814478131863, 21.304955683785717, 0.0 ], [ 39.711820575600044, 21.304952645872952, 0.0 ], [ 39.711826636480133, 21.304949544350524, 0.0 ], [ 39.711832660016029, 21.304946379605337, 0.0 ], [ 39.711838645456304, 21.304943152032205, 0.0 ], [ 39.711844592054277, 21.304939862033748, 0.0 ], [ 39.71185049906812, 21.304936510020401, 0.0 ], [ 39.711856365760951, 21.304933096410323, 0.0 ], [ 39.711862191400932, 21.304929621629366, 0.0 ], [ 39.711867975261285, 21.30492608611096, 0.0 ], [ 39.711873716620516, 21.304922490296224, 0.0 ], [ 39.711879414762365, 21.304918834633675, 0.0 ], [ 39.711885068976045, 21.304915119579377, 0.0 ], [ 39.711890678556166, 21.304911345596782, 0.0 ], [ 39.711896242802965, 21.304907513156682, 0.0 ], [ 39.711901761022304, 21.304903622737157, 0.0 ], [ 39.711907232525796, 21.30489967482357, 0.0 ], [ 39.711912656630894, 21.30489566990838, 0.0 ], [ 39.711918032660932, 21.304891608491207, 0.0 ], [ 39.711923359945267, 21.304887491078709, 0.0 ], [ 39.711928637819369, 21.304883318184512, 0.0 ], [ 39.711933865624779, 21.304879090329194, 0.0 ], [ 39.711939042709382, 21.304874808040193, 0.0 ], [ 39.711944168427308, 21.304870471851675, 0.0 ], [ 39.711949242139191, 21.304866082304617, 0.0 ], [ 39.711954263212043, 21.304861639946576, 0.0 ], [ 39.71195923101952, 21.304857145331738, 0.0 ], [ 39.711964144941916, 21.30485259902083, 0.0 ], [ 39.711969004366217, 21.304848001580936, 0.0 ], [ 39.711973808686217, 21.304843353585625, 0.0 ], [ 39.711978557302594, 21.304838655614741, 0.0 ], [ 39.711983249622961, 21.304833908254295, 0.0 ], [ 39.711987885061987, 21.304829112096556, 0.0 ], [ 39.711992463041405, 21.304824267739821, 0.0 ], [ 39.711996982990108, 21.30481937578843, 0.0 ], [ 39.712001444344253, 21.304814436852624, 0.0 ], [ 39.712005846547335, 21.304809451548543, 0.0 ], [ 39.712010189050126, 21.304804420498083, 0.0 ], [ 39.71201447131098, 21.304799344328895, 0.0 ], [ 39.712018692795638, 21.304794223674179, 0.0 ], [ 39.71202285297754, 21.304789059172737, 0.0 ], [ 39.71202695133767, 21.304783851468844, 0.0 ], [ 39.712030987364798, 21.304778601212156, 0.0 ], [ 39.712034960555435, 21.304773309057623, 0.0 ], [ 39.71203887041392, 21.304767975665442, 0.0 ], [ 39.712042716452551, 21.304762601700922, 0.0 ], [ 39.712046498191519, 21.3047571878345, 0.0 ], [ 39.712050215159067, 21.304751734741497, 0.0 ], [ 39.712053866891537, 21.304746243102212, 0.0 ], [ 39.712057452933372, 21.304740713601699, 0.0 ], [ 39.712060972837236, 21.304735146929747, 0.0 ], [ 39.712064426164034, 21.304729543780805, 0.0 ], [ 39.712067812482964, 21.304723904853862, 0.0 ], [ 39.712071131371616, 21.304718230852345, 0.0 ], [ 39.712074382415949, 21.304712522484085, 0.0 ], [ 39.712077565210443, 21.304706780461181, 0.0 ], [ 39.712080679358039, 21.30470100549994, 0.0 ], [ 39.712083724470254, 21.304695198320807, 0.0 ], [ 39.712086700167227, 21.304689359648183, 0.0 ], [ 39.712089606077754, 21.304683490210422, 0.0 ], [ 39.71209244183936, 21.304677590739782, 0.0 ], [ 39.712095207098265, 21.304671661972158, 0.0 ], [ 39.71209790150953, 21.304665704647171, 0.0 ], [ 39.712100524737046, 21.304659719507974, 0.0 ], [ 39.71210307645358, 21.304653707301217, 0.0 ], [ 39.712105556340816, 21.304647668776887, 0.0 ], [ 39.712107964089384, 21.304641604688317, 0.0 ], [ 39.712109693318503, 21.304637116722827, 0.0 ] ] ] ] } },
{ "type": "Feature", "properties": { "ID": "363", "BLOCK NAME": "B.1.1.1+2+3", "FILL-TOTAL": null, "CUT-TOTAL": null, "FILL-DONE": null, "CUT-DONE": null, "FILL-REMAN": null, "CUT-REMAN": null, "EQUPIMENTS": null, "CONTRACTOR": null, "STATUS": null }, "geometry": { "type": "MultiPolygon", "coordinates": [ [ [ [ 39.70611479163702, 21.300865015964163, 0.0 ], [ 39.706116382172723, 21.300890250656213, 0.0 ], [ 39.70611804969689, 21.300915480976187, 0.0 ], [ 39.706119794195899, 21.300940706717899, 0.0 ], [ 39.706121615655562, 21.300965927675179, 0.0 ], [ 39.706123514061019, 21.300991143641962, 0.0 ], [ 39.706125489396818, 21.30101635441217, 0.0 ], [ 39.706127541646843, 21.301041559779797, 0.0 ], [ 39.706129670794347, 21.301066759538863, 0.0 ], [ 39.706131876821999, 21.301091953483446, 0.0 ], [ 39.706134159711802, 21.301117141407683, 0.0 ], [ 39.706136519445117, 21.301142323105726, 0.0 ], [ 39.706138956002725, 21.301167498371782, 0.0 ], [ 39.706141469364745, 21.301192667000134, 0.0 ], [ 39.706144059510692, 21.301217828785138, 0.0 ], [ 39.706146726419426, 21.301242983521149, 0.0 ], [ 39.706149470069192, 21.301268131002612, 0.0 ], [ 39.706152290437601, 21.301293271024033, 0.0 ], [ 39.706155187501658, 21.30131840337997, 0.0 ], [ 39.706158161237745, 21.301343527865033, 0.0 ], [ 39.706161211621556, 21.301368644273932, 0.0 ], [ 39.706164338628241, 21.301393752401413, 0.0 ], [ 39.706167542232265, 21.301418852042296, 0.0 ], [ 39.706170822407486, 21.301443942991447, 0.0 ], [ 39.70617417912716, 21.301469025043886, 0.0 ], [ 39.706177612363859, 21.301494097994564, 0.0 ], [ 39.706181122089617, 21.30151916163868, 0.0 ], [ 39.706184708275764, 21.301544215771351, 0.0 ], [ 39.706188370893003, 21.301569260187879, 0.0 ], [ 39.706192109911484, 21.301594294683571, 0.0 ], [ 39.706195925300676, 21.301619319053856, 0.0 ], [ 39.706199817029457, 21.301644333094263, 0.0 ], [ 39.70620378506603, 21.301669336600369, 0.0 ], [ 39.706207829378037, 21.301694329367841, 0.0 ], [ 39.706211949932445, 21.301719311192439, 0.0 ], [ 39.706216146695631, 21.301744281870032, 0.0 ], [ 39.706220419633347, 21.301769241196542, 0.0 ], [ 39.70622476871069, 21.301794188968024, 0.0 ], [ 39.706229193892185, 21.3018191249806, 0.0 ], [ 39.706233695141677, 21.301844049030478, 0.0 ], [ 39.706238272422453, 21.301868960914021, 0.0 ], [ 39.706242925697126, 21.301893860427619, 0.0 ], [ 39.706247654927722, 21.301918747367814, 0.0 ], [ 39.706252460075611, 21.301943621531212, 0.0 ], [ 39.70625734110159, 21.301968482714553, 0.0 ], [ 39.7062622979658, 21.301993330714694, 0.0 ], [ 39.706267330627767, 21.302018165328562, 0.0 ], [ 39.706272439046387, 21.302042986353211, 0.0 ], [ 39.706277623179986, 21.302067793585792, 0.0 ], [ 39.70628288298623, 21.302092586823591, 0.0 ], [ 39.706288218422159, 21.302117365864031, 0.0 ], [ 39.706293629444204, 21.302142130504578, 0.0 ], [ 39.706299116008218, 21.302166880542877, 0.0 ], [ 39.706304678069372, 21.302191615776664, 0.0 ], [ 39.706310315582265, 21.302216336003799, 0.0 ], [ 39.706316028500851, 21.302241041022288, 0.0 ], [ 39.706321816778505, 21.302265730630221, 0.0 ], [ 39.706327680367941, 21.302290404625861, 0.0 ], [ 39.706333619221297, 21.302315062807558, 0.0 ], [ 39.706339633290078, 21.302339704973797, 0.0 ], [ 39.70634572252515, 21.302364330923226, 0.0 ], [ 39.70635188687681, 21.302388940454591, 0.0 ], [ 39.706358126294731, 21.302413533366781, 0.0 ], [ 39.706364440727931, 21.30243810945883, 0.0 ], [ 39.706370538599423, 21.302461554595663, 0.0 ], [ 39.706914497449027, 21.304540600568821, 0.0 ], [ 39.706915816967289, 21.30454549201129, 0.0 ], [ 39.706917211126701, 21.304550365238178, 0.0 ], [ 39.706918679641319, 21.304555219249881, 0.0 ], [ 39.706920222209895, 21.304560053050711, 0.0 ], [ 39.706921838516017, 21.304564865649116, 0.0 ], [ 39.706923528228145, 21.304569656057925, 0.0 ], [ 39.706925290999692, 21.30457442329449, 0.0 ], [ 39.706927126469068, 21.304579166380954, 0.0 ], [ 39.706929034259765, 21.304583884344325, 0.0 ], [ 39.706931013980487, 21.304588576216876, 0.0 ], [ 39.706933065225108, 21.304593241036176, 0.0 ], [ 39.706935187572896, 21.304597877845321, 0.0 ], [ 39.706937380588506, 21.30460248569322, 0.0 ], [ 39.706939643822082, 21.304607063634659, 0.0 ], [ 39.706941976809404, 21.304611610730575, 0.0 ], [ 39.706944379071913, 21.304616126048241, 0.0 ], [ 39.706946850116857, 21.30462060866147, 0.0 ], [ 39.706949389437327, 21.304625057650746, 0.0 ], [ 39.706951996512515, 21.304629472103457, 0.0 ], [ 39.706954670807576, 21.304633851114097, 0.0 ], [ 39.706957411773992, 21.304638193784399, 0.0 ], [ 39.706960218849517, 21.304642499223583, 0.0 ], [ 39.706963091458341, 21.30464676654848, 0.0 ], [ 39.706966029011227, 21.304650994883758, 0.0 ], [ 39.706969030905618, 21.304655183362058, 0.0 ], [ 39.706972096525746, 21.304659331124217, 0.0 ], [ 39.706975225242772, 21.304663437319448, 0.0 ], [ 39.70697841641492, 21.30466750110541, 0.0 ], [ 39.706981669387602, 21.304671521648569, 0.0 ], [ 39.70698498349357, 21.304675498124155, 0.0 ], [ 39.706988358052982, 21.304679429716536, 0.0 ], [ 39.70699179237365, 21.304683315619201, 0.0 ], [ 39.706995285751105, 21.304687155035062, 0.0 ], [ 39.706998837468788, 21.304690947176542, 0.0 ], [ 39.707002446798128, 21.304694691265794, 0.0 ], [ 39.707006112998748, 21.304698386534785, 0.0 ], [ 39.707009835318651, 21.304702032225524, 0.0 ], [ 39.707013612994281, 21.304705627590192, 0.0 ], [ 39.707017445250735, 21.304709171891265, 0.0 ], [ 39.707021331301917, 21.304712664401745, 0.0 ], [ 39.707025270350698, 21.304716104405173, 0.0 ], [ 39.707029261589085, 21.304719491195982, 0.0 ], [ 39.707033304198362, 21.304722824079384, 0.0 ], [ 39.707037397349303, 21.30472610237176, 0.0 ], [ 39.707041540202276, 21.304729325400626, 0.0 ], [ 39.707045731907485, 21.304732492504861, 0.0 ], [ 39.707049971605109, 21.304735603034807, 0.0 ], [ 39.707054258425451, 21.304738656352392, 0.0 ], [ 39.707058591489186, 21.304741651831328, 0.0 ], [ 39.707062969907511, 21.304744588857147, 0.0 ], [ 39.707067392782264, 21.304747466827376, 0.0 ], [ 39.707071859206209, 21.304750285151702, 0.0 ], [ 39.707076368263181, 21.304753043251971, 0.0 ], [ 39.707080919028222, 21.304755740562445, 0.0 ], [ 39.707085510567886, 21.304758376529829, 0.0 ], [ 39.707090141940284, 21.30476095061341, 0.0 ], [ 39.70709481219545, 21.304763462285198, 0.0 ], [ 39.707099520375351, 21.304765911029943, 0.0 ], [ 39.707104265514232, 21.304768296345369, 0.0 ], [ 39.707109046638728, 21.304770617742182, 0.0 ], [ 39.707113862768111, 21.304772874744188, 0.0 ], [ 39.707118712914472, 21.304775066888435, 0.0 ], [ 39.707123596082901, 21.30477719372524, 0.0 ], [ 39.707128511271748, 21.304779254818335, 0.0 ], [ 39.707133457472764, 21.304781249744952, 0.0 ], [ 39.707138433671368, 21.304783178095843, 0.0 ], [ 39.707143438846785, 21.30478503947548, 0.0 ], [ 39.707148471972332, 21.304786833502025, 0.0 ], [ 39.707153532015568, 21.304788559807502, 0.0 ], [ 39.707158617938546, 21.304790218037763, 0.0 ], [ 39.707163728698021, 21.304791807852688, 0.0 ], [ 39.707168863245641, 21.304793328926156, 0.0 ], [ 39.70717402052815, 21.30479478094616, 0.0 ], [ 39.707179199487669, 21.304796163614842, 0.0 ], [ 39.707184399061838, 21.30479747664857, 0.0 ], [ 39.707189618184103, 21.304798719778034, 0.0 ], [ 39.707194855783861, 21.304799892748214, 0.0 ], [ 39.707200110786772, 21.304800995318505, 0.0 ], [ 39.707205382114871, 21.304802027262749, 0.0 ], [ 39.707210668686869, 21.304802988369246, 0.0 ], [ 39.707215969418314, 21.304803878440886, 0.0 ], [ 39.707221283221948, 21.304804697295051, 0.0 ], [ 39.707226609007719, 21.304805444763794, 0.0 ], [ 39.707231945683169, 21.304806120693783, 0.0 ], [ 39.707237292153643, 21.304806724946371, 0.0 ], [ 39.707242647322381, 21.304807257397599, 0.0 ], [ 39.707248010090922, 21.304807717938253, 0.0 ], [ 39.707253379359209, 21.304808106473875, 0.0 ], [ 39.707258754025872, 21.304808422924761, 0.0 ], [ 39.707264132988399, 21.304808667225981, 0.0 ], [ 39.707269515143444, 21.304808839327436, 0.0 ], [ 39.707274899386967, 21.30480893919384, 0.0 ], [ 39.707280284614505, 21.304808966804675, 0.0 ], [ 39.707285669721422, 21.304808922154297, 0.0 ], [ 39.707291053603086, 21.30480880525187, 0.0 ], [ 39.707296435155108, 21.304808616121342, 0.0 ], [ 39.707301813273581, 21.304808354801565, 0.0 ], [ 39.707307186855317, 21.304808021346105, 0.0 ], [ 39.707312554798044, 21.304807615823343, 0.0 ], [ 39.707317916000655, 21.304807138316516, 0.0 ], [ 39.707323269363428, 21.304806588923533, 0.0 ], [ 39.707328613788228, 21.304805967757115, 0.0 ], [ 39.707333948178807, 21.304805274944663, 0.0 ], [ 39.707337126014849, 21.304804827465752, 0.0 ], [ 39.707352170205574, 21.304801925823917, 0.0 ], [ 39.707367229749515, 21.304799094994696, 0.0 ], [ 39.707382304266915, 21.30479633504951, 0.0 ], [ 39.707397393377619, 21.304793646057885, 0.0 ], [ 39.707412496701174, 21.304791028087696, 0.0 ], [ 39.70742761385668, 21.304788481204927, 0.0 ], [ 39.707442744462988, 21.304786005473783, 0.0 ], [ 39.707457888138528, 21.304783600956721, 0.0 ], [ 39.707473044501427, 21.304781267714358, 0.0 ], [ 39.707488213169484, 21.30477900580555, 0.0 ], [ 39.707503393760241, 21.304776815287301, 0.0 ], [ 39.707518585890874, 21.304774696214871, 0.0 ], [ 39.707533789178278, 21.304772648641698, 0.0 ], [ 39.707549003239109, 21.304770672619398, 0.0 ], [ 39.707564227689701, 21.30476876819781, 0.0 ], [ 39.70757946214615, 21.304766935424951, 0.0 ], [ 39.707594706224306, 21.304765174347036, 0.0 ], [ 39.707609959539774, 21.304763485008468, 0.0 ], [ 39.707625221707893, 21.304761867451866, 0.0 ], [ 39.707629483920044, 21.304761428706747, 0.0 ], [ 39.707632027782964, 21.304760919115449, 0.0 ], [ 39.707634554412039, 21.304760339095051, 0.0 ], [ 39.70763706158619, 21.304759689155421, 0.0 ], [ 39.707639547101429, 21.304758969867887, 0.0 ], [ 39.707642008772794, 21.304758181864791, 0.0 ], [ 39.707644444436333, 21.304757325838835, 0.0 ], [ 39.707646851950841, 21.304756402542502, 0.0 ], [ 39.707649229200008, 21.304755412787468, 0.0 ], [ 39.707651574094022, 21.304754357443795, 0.0 ], [ 39.707653884571556, 21.304753237439183, 0.0 ], [ 39.707656158601523, 21.304752053758229, 0.0 ], [ 39.707658394184904, 21.304750807441476, 0.0 ], [ 39.707660589356443, 21.304749499584513, 0.0 ], [ 39.707662742186415, 21.30474813133705, 0.0 ], [ 39.707664850782344, 21.304746703901866, 0.0 ], [ 39.707666913290616, 21.304745218533807, 0.0 ], [ 39.707668927898119, 21.304743676538589, 0.0 ], [ 39.707670892833882, 21.304742079271762, 0.0 ], [ 39.707672806370589, 21.30474042813745, 0.0 ], [ 39.707674666826072, 21.304738724587079, 0.0 ], [ 39.707676472564891, 21.304736970118253, 0.0 ], [ 39.70767822199965, 21.30473516627325, 0.0 ], [ 39.707679913592479, 21.304733314637765, 0.0 ], [ 39.707681545856346, 21.304731416839541, 0.0 ], [ 39.707683117356368, 21.304729474546878, 0.0 ], [ 39.707684626711078, 21.30472748946719, 0.0 ], [ 39.707686072593646, 21.30472546334553, 0.0 ], [ 39.707687453733051, 21.304723397962984, 0.0 ], [ 39.707688768915169, 21.304721295135177, 0.0 ], [ 39.707690016983861, 21.304719156710668, 0.0 ], [ 39.707691049152523, 21.304717265385843, 0.0 ], [ 39.707699067006274, 21.30451595305793, 0.0 ], [ 39.707661966677705, 21.304478504218757, 0.0 ], [ 39.707075113072698, 21.30445805581175, 0.0 ], [ 39.707082303976996, 21.304277525430425, 0.0 ], [ 39.707406051071757, 21.304288806387191, 0.0 ], [ 39.707435407940203, 21.304255058140338, 0.0 ], [ 39.706932375912501, 21.302332462623252, 0.0 ], [ 39.70692618978147, 21.302308667031198, 0.0 ], [ 39.706920078617912, 21.302284854433509, 0.0 ], [ 39.706914042474999, 21.302261025037478, 0.0 ], [ 39.706908081405217, 21.302237179050543, 0.0 ], [ 39.706902195460451, 21.302213316680316, 0.0 ], [ 39.706896384691895, 21.302189438134519, 0.0 ], [ 39.706890649150118, 21.302165543621012, 0.0 ], [ 39.706884988884973, 21.302141633347834, 0.0 ], [ 39.70687940394572, 21.30211770752312, 0.0 ], [ 39.706873894380948, 21.30209376635516, 0.0 ], [ 39.706868460238596, 21.302069810052355, 0.0 ], [ 39.706863101565901, 21.30204583882329, 0.0 ], [ 39.706857818409482, 21.302021852876621, 0.0 ], [ 39.706852610815332, 21.301997852421149, 0.0 ], [ 39.706847478828699, 21.301973837665827, 0.0 ], [ 39.706842422494262, 21.301949808819721, 0.0 ], [ 39.706837441855981, 21.30192576609198, 0.0 ], [ 39.706832536957172, 21.301901709691936, 0.0 ], [ 39.706827707840517, 21.301877639829012, 0.0 ], [ 39.706822954548016, 21.301853556712704, 0.0 ], [ 39.706818277120981, 21.301829460552721, 0.0 ], [ 39.706813675600138, 21.301805351558787, 0.0 ], [ 39.706809150025485, 21.301781229940815, 0.0 ], [ 39.706804700436386, 21.301757095908769, 0.0 ], [ 39.706800326871523, 21.301732949672751, 0.0 ], [ 39.706796029368974, 21.301708791442973, 0.0 ], [ 39.706791807966063, 21.301684621429732, 0.0 ], [ 39.706787662699533, 21.301660439843449, 0.0 ], [ 39.706783593605422, 21.30163624689461, 0.0 ], [ 39.706779600719123, 21.301612042793842, 0.0 ], [ 39.706775684075339, 21.30158782775186, 0.0 ], [ 39.706771843708189, 21.301563601979446, 0.0 ], [ 39.706768079650985, 21.301539365687503, 0.0 ], [ 39.706764391936495, 21.301515119087007, 0.0 ], [ 39.706760780596781, 21.301490862389041, 0.0 ], [ 39.706757245663269, 21.301466595804783, 0.0 ], [ 39.706753787166647, 21.301442319545458, 0.0 ], [ 39.706750405137022, 21.301418033822408, 0.0 ], [ 39.706747099603774, 21.301393738847054, 0.0 ], [ 39.706743870595666, 21.301369434830882, 0.0 ], [ 39.70674071814075, 21.301345121985491, 0.0 ], [ 39.706737642266432, 21.301320800522493, 0.0 ], [ 39.706734642999464, 21.301296470653629, 0.0 ], [ 39.706731720365909, 21.301272132590729, 0.0 ], [ 39.706728874391175, 21.301247786545623, 0.0 ], [ 39.706726105099996, 21.301223432730275, 0.0 ], [ 39.706723412516446, 21.30119907135666, 0.0 ], [ 39.706720796663902, 21.30117470263691, 0.0 ], [ 39.706718257565143, 21.301150326783109, 0.0 ], [ 39.706715795242204, 21.301125944007463, 0.0 ], [ 39.706713409716492, 21.301101554522266, 0.0 ], [ 39.706711101008729, 21.301077158539815, 0.0 ], [ 39.706708869138986, 21.301052756272469, 0.0 ], [ 39.706706714126646, 21.301028347932657, 0.0 ], [ 39.70670463599042, 21.301003933732897, 0.0 ], [ 39.706702634748382, 21.300979513885672, 0.0 ], [ 39.706700710417905, 21.300955088603615, 0.0 ], [ 39.706698863015703, 21.300930658099325, 0.0 ], [ 39.706697092557825, 21.300906222585454, 0.0 ], [ 39.706696433987972, 21.300896850069851, 0.0 ], [ 39.706655468821801, 21.300859447923091, 0.0 ], [ 39.706389223641317, 21.300850169045887, 0.0 ], [ 39.70611479163702, 21.300865015964163, 0.0 ] ] ] ] } },
{ "type": "Feature", "properties": { "ID": "330", "BLOCK NAME": "B.1.1.7", "FILL-TOTAL": null, "CUT-TOTAL": null, "FILL-DONE": null, "CUT-DONE": null, "FILL-REMAN": null, "CUT-REMAN": null, "EQUPIMENTS": null, "CONTRACTOR": null, "STATUS": null }, "geometry": { "type": "MultiPolygon", "coordinates": [ [ [ [ 39.70611479163702, 21.300865015964163, 0.0 ], [ 39.706389223641317, 21.300850169045887, 0.0 ], [ 39.706396415352813, 21.300669638533879, 0.0 ], [ 39.707811700137022, 21.300718957622024, 0.0 ], [ 39.707851675496791, 21.300684194279885, 0.0 ], [ 39.707869650274432, 21.30023286795954, 0.0 ], [ 39.707814001393757, 21.300176694652809, 0.0 ], [ 39.706134063587662, 21.300118151344776, 0.0 ], [ 39.706079009341373, 21.300170271549639, 0.0 ], [ 39.706109847347506, 21.30077698035328, 0.0 ], [ 39.706111169293671, 21.300802228678958, 0.0 ], [ 39.706112568270754, 21.30082747335182, 0.0 ], [ 39.706114044267345, 21.30085271416559, 0.0 ], [ 39.70611479163702, 21.300865015964163, 0.0 ] ] ] ] } },
{ "type": "Feature", "properties": { "ID": "322", "BLOCK NAME": "B.1.3.1+2+3", "FILL-TOTAL": null, "CUT-TOTAL": null, "FILL-DONE": null, "CUT-DONE": null, "FILL-REMAN": null, "CUT-REMAN": null, "EQUPIMENTS": null, "CONTRACTOR": null, "STATUS": null }, "geometry": { "type": "MultiPolygon", "coordinates": [ [ [ [ 39.705960954790235, 21.297847597541399, 0.0 ], [ 39.706058778156383, 21.299772238367414, 0.0 ], [ 39.706119335419508, 21.299828388080762, 0.0 ], [ 39.709145403217583, 21.299933830442228, 0.0 ], [ 39.709205365454572, 21.299881684964401, 0.0 ], [ 39.709223336069527, 21.299430358558663, 0.0 ], [ 39.709186236684815, 21.299392909988146, 0.0 ], [ 39.706364845526252, 21.299294601234983, 0.0 ], [ 39.706372037253423, 21.299114070665993, 0.0 ], [ 39.706566316473257, 21.299120841684676, 0.0 ], [ 39.706603018937507, 21.299086094780829, 0.0 ], [ 39.706542249376987, 21.297890560318741, 0.0 ], [ 39.706501878304906, 21.297853127252147, 0.0 ], [ 39.706278667875893, 21.297845347686732, 0.0 ], [ 39.706278828573183, 21.297841313831348, 0.0 ], [ 39.705960954790235, 21.297847597541399, 0.0 ] ] ] ] } },
{ "type": "Feature", "properties": { "ID": "458", "BLOCK NAME": "B.1.3.7+8", "FILL-TOTAL": null, "CUT-TOTAL": null, "FILL-DONE": null, "CUT-DONE": null, "FILL-REMAN": null, "CUT-REMAN": null, "EQUPIMENTS": null, "CONTRACTOR": null, "STATUS": null }, "geometry": { "type": "MultiPolygon", "coordinates": [ [ [ [ 39.705960954790235, 21.297847597541399, 0.0 ], [ 39.706278828573183, 21.297841313831348, 0.0 ], [ 39.706285859695306, 21.29766481706444, 0.0 ], [ 39.709250930765464, 21.297768134570433, 0.0 ], [ 39.709290904999179, 21.297733370899419, 0.0 ], [ 39.709309594115076, 21.297263991229862, 0.0 ], [ 39.709272495271513, 21.297226542644278, 0.0 ], [ 39.706228115921235, 21.297120460556517, 0.0 ], [ 39.705944396337181, 21.297126069034839, 0.0 ], [ 39.705960227341031, 21.297833284979102, 0.0 ], [ 39.705960954790235, 21.297847597541399, 0.0 ] ] ] ] } },
{ "type": "Feature", "properties": { "ID": "265", "BLOCK NAME": "B.1.3.9+12+13", "FILL-TOTAL": null, "CUT-TOTAL": null, "FILL-DONE": null, "CUT-DONE": null, "FILL-REMAN": null, "CUT-REMAN": null, "EQUPIMENTS": null, "CONTRACTOR": null, "STATUS": null }, "geometry": { "type": "MultiPolygon", "coordinates": [ [ [ [ 39.705944396337181, 21.297126069034839, 0.0 ], [ 39.706228115921235, 21.297120460556517, 0.0 ], [ 39.706264075190383, 21.296217807245444, 0.0 ], [ 39.709308435906607, 21.296323889300385, 0.0 ], [ 39.709348409746248, 21.296289125618031, 0.0 ], [ 39.70935088964378, 21.296226842020261, 0.0 ], [ 39.709350988745641, 21.296221432886494, 0.0 ], [ 39.709351010726579, 21.296216023004035, 0.0 ], [ 39.7093509555827, 21.296210613338097, 0.0 ], [ 39.709350823323831, 21.296205204853827, 0.0 ], [ 39.709350613973598, 21.296199798516202, 0.0 ], [ 39.709350327569325, 21.296194395289778, 0.0 ], [ 39.709349964162172, 21.29618899613855, 0.0 ], [ 39.709349523816947, 21.296183602025852, 0.0 ], [ 39.709349006612221, 21.296178213914043, 0.0 ], [ 39.709348412640296, 21.296172832764427, 0.0 ], [ 39.709347742007147, 21.296167459537124, 0.0 ], [ 39.709346994832444, 21.296162095190745, 0.0 ], [ 39.709346171249472, 21.296156740682406, 0.0 ], [ 39.709345271405212, 21.296151396967417, 0.0 ], [ 39.709344295460198, 21.296146064999157, 0.0 ], [ 39.709343243588577, 21.296140745728948, 0.0 ], [ 39.709342115978011, 21.296135440105829, 0.0 ], [ 39.709340912829674, 21.296130149076379, 0.0 ], [ 39.709339634358273, 21.296124873584606, 0.0 ], [ 39.709338280791883, 21.296119614571719, 0.0 ], [ 39.70933685237204, 21.296114372976021, 0.0 ], [ 39.709335349353552, 21.296109149732704, 0.0 ], [ 39.709333772004634, 21.296103945773609, 0.0 ], [ 39.709332120606703, 21.296098762027242, 0.0 ], [ 39.709330395454373, 21.296093599418473, 0.0 ], [ 39.709328596855492, 21.296088458868343, 0.0 ], [ 39.709326725130921, 21.296083341294015, 0.0 ], [ 39.709324780614622, 21.296078247608552, 0.0 ], [ 39.709322763653539, 21.296073178720729, 0.0 ], [ 39.709320674607532, 21.29606813553491, 0.0 ], [ 39.70931851384934, 21.296063118950848, 0.0 ], [ 39.709316281764444, 21.296058129863617, 0.0 ], [ 39.709313978751084, 21.296053169163294, 0.0 ], [ 39.709311605220208, 21.296048237734972, 0.0 ], [ 39.709309161595236, 21.296043336458471, 0.0 ], [ 39.7093066483122, 21.296038466208273, 0.0 ], [ 39.709304065819495, 21.296033627853266, 0.0 ], [ 39.709301414577865, 21.296028822256687, 0.0 ], [ 39.709298695060362, 21.296024050275946, 0.0 ], [ 39.709295907752164, 21.296019312762397, 0.0 ], [ 39.70929305315061, 21.296014610561315, 0.0 ], [ 39.709290131764966, 21.296009944511603, 0.0 ], [ 39.709287144116473, 21.296005315445775, 0.0 ], [ 39.709284090738166, 21.29600072418971, 0.0 ], [ 39.709280972174838, 21.295996171562557, 0.0 ], [ 39.709277788982874, 21.295991658376579, 0.0 ], [ 39.709274541730203, 21.295987185436964, 0.0 ], [ 39.709271230996187, 21.295982753541765, 0.0 ], [ 39.709267857371529, 21.295978363481705, 0.0 ], [ 39.709264421458123, 21.295974016039992, 0.0 ], [ 39.709260923868989, 21.295969711992321, 0.0 ], [ 39.709257365228133, 21.29596545210655, 0.0 ], [ 39.709253746170496, 21.29596123714273, 0.0 ], [ 39.709250067341777, 21.295957067852846, 0.0 ], [ 39.709246329398326, 21.295952944980776, 0.0 ], [ 39.709242533007036, 21.295948869262102, 0.0 ], [ 39.709238678845253, 21.295944841423971, 0.0 ], [ 39.709234767600606, 21.295940862185017, 0.0 ], [ 39.709230799970939, 21.295936932255177, 0.0 ], [ 39.70922677666411, 21.295933052335617, 0.0 ], [ 39.709222698397959, 21.295929223118566, 0.0 ], [ 39.709218565900109, 21.295925445287203, 0.0 ], [ 39.709214379907827, 21.295921719515555, 0.0 ], [ 39.709210141167993, 21.295918046468348, 0.0 ], [ 39.709205850436845, 21.295914426800895, 0.0 ], [ 39.709201508479914, 21.295910861158994, 0.0 ], [ 39.709197116071856, 21.295907350178826, 0.0 ], [ 39.709192673996348, 21.295903894486763, 0.0 ], [ 39.709188183045917, 21.295900494699389, 0.0 ], [ 39.709183644021842, 21.295897151423247, 0.0 ], [ 39.709179057733898, 21.295893865254822, 0.0 ], [ 39.709174425000377, 21.295890636780417, 0.0 ], [ 39.709169746647817, 21.295887466576048, 0.0 ], [ 39.709165023510906, 21.295884355207289, 0.0 ], [ 39.709160256432305, 21.295881303229287, 0.0 ], [ 39.709155446262542, 21.295878311186534, 0.0 ], [ 39.709150593859817, 21.295875379612866, 0.0 ], [ 39.709145700089877, 21.295872509031305, 0.0 ], [ 39.709140765825815, 21.295869699954, 0.0 ], [ 39.709135791947979, 21.295866952882132, 0.0 ], [ 39.709130779343781, 21.295864268305831, 0.0 ], [ 39.709125728907551, 21.295861646704022, 0.0 ], [ 39.709120641540338, 21.295859088544496, 0.0 ], [ 39.709115518149801, 21.295856594283599, 0.0 ], [ 39.709110359650055, 21.295854164366382, 0.0 ], [ 39.7091051669614, 21.295851799226348, 0.0 ], [ 39.709099941010308, 21.295849499285506, 0.0 ], [ 39.709094682729166, 21.295847264954155, 0.0 ], [ 39.70908939305609, 21.295845096630956, 0.0 ], [ 39.709084072934857, 21.295842994702781, 0.0 ], [ 39.709078723314668, 21.295840959544609, 0.0 ], [ 39.709073345149939, 21.29583899151956, 0.0 ], [ 39.709067939400207, 21.29583709097875, 0.0 ], [ 39.709062507029948, 21.295835258261249, 0.0 ], [ 39.709057049008337, 21.295833493694069, 0.0 ], [ 39.709051566309206, 21.29583179759198, 0.0 ], [ 39.709046059910705, 21.295830170257656, 0.0 ], [ 39.709040530795278, 21.295828611981399, 0.0 ], [ 39.709034979949365, 21.295827123041224, 0.0 ], [ 39.709029408363335, 21.295825703702796, 0.0 ], [ 39.709023817031209, 21.295824354219324, 0.0 ], [ 39.709018206950589, 21.295823074831596, 0.0 ], [ 39.709012579122358, 21.295821865767842, 0.0 ], [ 39.709006934550615, 21.295820727243804, 0.0 ], [ 39.709001274242432, 21.295819659462602, 0.0 ], [ 39.708995599207661, 21.295818662614721, 0.0 ], [ 39.708989910458818, 21.295817736878064, 0.0 ], [ 39.708984209010843, 21.295816882417732, 0.0 ], [ 39.708980818474473, 21.295816408908355, 0.0 ], [ 39.708314459905608, 21.295746916337489, 0.0 ], [ 39.707708613382032, 21.295725806022602, 0.0 ], [ 39.707129493782425, 21.295732742124407, 0.0 ], [ 39.706553409933015, 21.295712664831353, 0.0 ], [ 39.706546510296469, 21.295712443203712, 0.0 ], [ 39.706539608438334, 21.295712293807735, 0.0 ], [ 39.706532705220013, 21.295712216662043, 0.0 ], [ 39.706525801503048, 21.29571221177628, 0.0 ], [ 39.706518898148992, 21.295712279151033, 0.0 ], [ 39.706511996019451, 21.295712418777931, 0.0 ], [ 39.706505095975778, 21.295712630639517, 0.0 ], [ 39.706498198879125, 21.295712914709366, 0.0 ], [ 39.706491305590276, 21.295713270952024, 0.0 ], [ 39.706484416969509, 21.295713699323031, 0.0 ], [ 39.706477533876559, 21.295714199768923, 0.0 ], [ 39.706470657170428, 21.29571477222725, 0.0 ], [ 39.706463787709339, 21.295715416626528, 0.0 ], [ 39.70645692635064, 21.295716132886405, 0.0 ], [ 39.706450073950592, 21.295716920917446, 0.0 ], [ 39.706443231364446, 21.295717780621327, 0.0 ], [ 39.70643639944614, 21.295718711890711, 0.0 ], [ 39.706429579048326, 21.295719714609437, 0.0 ], [ 39.706422771022176, 21.295720788652314, 0.0 ], [ 39.706415976217372, 21.295721933885332, 0.0 ], [ 39.706409195481889, 21.295723150165539, 0.0 ], [ 39.706402429661999, 21.29572443734115, 0.0 ], [ 39.706395679602096, 21.295725795251538, 0.0 ], [ 39.706388946144578, 21.295727223727216, 0.0 ], [ 39.706382230129805, 21.295728722589889, 0.0 ], [ 39.706375532395967, 21.29573029165255, 0.0 ], [ 39.706368853778905, 21.295731930719345, 0.0 ], [ 39.706362195112185, 21.295733639585706, 0.0 ], [ 39.706355557226786, 21.295735418038372, 0.0 ], [ 39.706348940951131, 21.295737265855404, 0.0 ], [ 39.706342347110947, 21.295739182806184, 0.0 ], [ 39.706335776529187, 21.29574116865146, 0.0 ], [ 39.70632923002583, 21.295743223143401, 0.0 ], [ 39.706322708417915, 21.295745346025612, 0.0 ], [ 39.706316212519354, 21.295747537033133, 0.0 ], [ 39.706309743140842, 21.295749795892544, 0.0 ], [ 39.706303301089761, 21.295752122321929, 0.0 ], [ 39.70629688717014, 21.295754516030929, 0.0 ], [ 39.706290502182405, 21.295756976720835, 0.0 ], [ 39.706284146923423, 21.295759504084526, 0.0 ], [ 39.706277822186344, 21.295762097806584, 0.0 ], [ 39.706271528760531, 21.295764757563308, 0.0 ], [ 39.706265267431398, 21.295767483022779, 0.0 ], [ 39.706259038980384, 21.295770273844809, 0.0 ], [ 39.706252844184803, 21.295773129681134, 0.0 ], [ 39.706246683817781, 21.295776050175323, 0.0 ], [ 39.706240558648169, 21.295779034962905, 0.0 ], [ 39.706234469440382, 21.295782083671366, 0.0 ], [ 39.706228416954346, 21.295785195920207, 0.0 ], [ 39.706222401945482, 21.295788371321041, 0.0 ], [ 39.706216425164428, 21.29579160947754, 0.0 ], [ 39.70621048735714, 21.295794909985606, 0.0 ], [ 39.706204589264651, 21.295798272433306, 0.0 ], [ 39.706198731623054, 21.295801696401028, 0.0 ], [ 39.706192915163413, 21.295805181461422, 0.0 ], [ 39.706187140611618, 21.295808727179558, 0.0 ], [ 39.706181408688366, 21.295812333112917, 0.0 ], [ 39.706175720108995, 21.295815998811491, 0.0 ], [ 39.706170075583493, 21.295819723817761, 0.0 ], [ 39.70616447581628, 21.295823507666867, 0.0 ], [ 39.706158921506223, 21.295827349886576, 0.0 ], [ 39.706153413346549, 21.295831249997335, 0.0 ], [ 39.706147952024644, 21.295835207512443, 0.0 ], [ 39.706142538222139, 21.295839221937975, 0.0 ], [ 39.706137172614653, 21.295843292772929, 0.0 ], [ 39.70613185587186, 21.295847419509254, 0.0 ], [ 39.706126588657305, 21.295851601631895, 0.0 ], [ 39.706121371628363, 21.295855838618973, 0.0 ], [ 39.706116205436096, 21.295860129941648, 0.0 ], [ 39.706111090725265, 21.295864475064374, 0.0 ], [ 39.706106028134244, 21.295868873444896, 0.0 ], [ 39.706101018294831, 21.295873324534242, 0.0 ], [ 39.70609606183227, 21.295877827776923, 0.0 ], [ 39.706091159365158, 21.295882382610934, 0.0 ], [ 39.706086311505338, 21.295886988467796, 0.0 ], [ 39.706081518857815, 21.295891644772734, 0.0 ], [ 39.706076782020766, 21.295896350944574, 0.0 ], [ 39.70607210158532, 21.295901106396009, 0.0 ], [ 39.706067478135651, 21.295905910533538, 0.0 ], [ 39.706062912248761, 21.295910762757593, 0.0 ], [ 39.706058404494499, 21.295915662462612, 0.0 ], [ 39.706053955435443, 21.2959206090371, 0.0 ], [ 39.706049565626863, 21.295925601863694, 0.0 ], [ 39.706045235616607, 21.295930640319295, 0.0 ], [ 39.7060409659451, 21.295935723775095, 0.0 ], [ 39.706036757145213, 21.295940851596654, 0.0 ], [ 39.706032609742188, 21.295946023144008, 0.0 ], [ 39.706028524253661, 21.295951237771742, 0.0 ], [ 39.706024501189525, 21.295956494829049, 0.0 ], [ 39.706020541051856, 21.295961793659842, 0.0 ], [ 39.706016644334902, 21.295967133602808, 0.0 ], [ 39.706012811525014, 21.295972513991511, 0.0 ], [ 39.706009043100508, 21.295977934154465, 0.0 ], [ 39.706005339531735, 21.295983393415234, 0.0 ], [ 39.70600170128089, 21.29598889109246, 0.0 ], [ 39.705998128802037, 21.295994426500041, 0.0 ], [ 39.705994622541063, 21.295999998947121, 0.0 ], [ 39.70599118293557, 21.29600560773828, 0.0 ], [ 39.705987810414818, 21.296011252173482, 0.0 ], [ 39.705984505399705, 21.296016931548326, 0.0 ], [ 39.70598126830275, 21.296022645153972, 0.0 ], [ 39.705978099527925, 21.296028392277382, 0.0 ], [ 39.705974999470733, 21.296034172201281, 0.0 ], [ 39.705971968518071, 21.296039984204338, 0.0 ], [ 39.705969007048211, 21.296045827561166, 0.0 ], [ 39.705966115430769, 21.296051701542524, 0.0 ], [ 39.705963294026631, 21.296057605415321, 0.0 ], [ 39.705960543187913, 21.296063538442734, 0.0 ], [ 39.705957863257964, 21.296069499884293, 0.0 ], [ 39.705955254571244, 21.296075488996003, 0.0 ], [ 39.705952717453314, 21.296081505030394, 0.0 ], [ 39.705950252220859, 21.296087547236684, 0.0 ], [ 39.705947859181499, 21.296093614860748, 0.0 ], [ 39.705945538633969, 21.296099707145348, 0.0 ], [ 39.705943290867857, 21.296105823330134, 0.0 ], [ 39.705941116163686, 21.296111962651814, 0.0 ], [ 39.705939014792882, 21.296118124344162, 0.0 ], [ 39.705936987017722, 21.296124307638195, 0.0 ], [ 39.705935033091301, 21.296130511762215, 0.0 ], [ 39.705933153257455, 21.296136735941921, 0.0 ], [ 39.705931347750806, 21.296142979400514, 0.0 ], [ 39.705929616796723, 21.296149241358819, 0.0 ], [ 39.705927960611199, 21.296155521035303, 0.0 ], [ 39.705926379400992, 21.296161817646219, 0.0 ], [ 39.705924873363415, 21.296168130405768, 0.0 ], [ 39.705923442686455, 21.296174458526114, 0.0 ], [ 39.705922087548657, 21.296180801217435, 0.0 ], [ 39.705920808119174, 21.29618715768818, 0.0 ], [ 39.705919604557685, 21.296193527145032, 0.0 ], [ 39.7059184770144, 21.296199908793056, 0.0 ], [ 39.705917425630076, 21.29620630183582, 0.0 ], [ 39.705916450535881, 21.296212705475423, 0.0 ], [ 39.7059155518536, 21.296219118912717, 0.0 ], [ 39.705914729695337, 21.296225541347237, 0.0 ], [ 39.705913984163729, 21.296231971977463, 0.0 ], [ 39.705913315351864, 21.296238410000836, 0.0 ], [ 39.705912723343175, 21.296244854613864, 0.0 ], [ 39.705912208211572, 21.296251305012227, 0.0 ], [ 39.705911770021359, 21.296257760390901, 0.0 ], [ 39.705911408827255, 21.296264219944266, 0.0 ], [ 39.705911124674287, 21.296270682866094, 0.0 ], [ 39.705910917598011, 21.296277148349816, 0.0 ], [ 39.705910787624205, 21.296283615588543, 0.0 ], [ 39.705910734769148, 21.296290083775094, 0.0 ], [ 39.705910759039419, 21.296296552102277, 0.0 ], [ 39.705910860432027, 21.296303019762757, 0.0 ], [ 39.705911038934303, 21.296309485949379, 0.0 ], [ 39.705911294524, 21.296315949855149, 0.0 ], [ 39.705911433834189, 21.296318841008695, 0.0 ], [ 39.705938034902871, 21.296841882360411, 0.0 ], [ 39.705944396337181, 21.297126069034839, 0.0 ] ] ] ] } },
{ "type": "Feature", "properties": { "ID": "246", "BLOCK NAME": "B.1.14.1", "FILL-TOTAL": null, "CUT-TOTAL": null, "FILL-DONE": null, "CUT-DONE": null, "FILL-REMAN": null, "CUT-REMAN": null, "EQUPIMENTS": null, "CONTRACTOR": null, "STATUS": null }, "geometry": { "type": "MultiPolygon", "coordinates": [ [ [ [ 39.712012015153, 21.29544183326194, 0.0 ], [ 39.712065805392697, 21.294090248228944, 0.0 ], [ 39.71148777067512, 21.294070119581775, 0.0 ], [ 39.711461917060298, 21.29471968015595, 0.0 ], [ 39.71149900050851, 21.294757469108653, 0.0 ], [ 39.711708822351255, 21.294764775792732, 0.0 ], [ 39.711701732173921, 21.294942920220116, 0.0 ], [ 39.7097520176724, 21.294875014670854, 0.0 ], [ 39.709712044302854, 21.294909778444588, 0.0 ], [ 39.709706560347897, 21.295047518814414, 0.0 ], [ 39.709707473848859, 21.295052815160407, 0.0 ], [ 39.709708463402102, 21.295058099489601, 0.0 ], [ 39.709709528828157, 21.295063370843369, 0.0 ], [ 39.709710669933763, 21.295068628265486, 0.0 ], [ 39.709711886511897, 21.295073870802234, 0.0 ], [ 39.709713178341893, 21.295079097502594, 0.0 ], [ 39.709714545189421, 21.295084307418399, 0.0 ], [ 39.709715986806515, 21.295089499604572, 0.0 ], [ 39.709717502931674, 21.295094673119213, 0.0 ], [ 39.709719093289912, 21.29509982702384, 0.0 ], [ 39.709720757592684, 21.295104960383501, 0.0 ], [ 39.709722495538102, 21.295110072266993, 0.0 ], [ 39.709724306810926, 21.295115161746981, 0.0 ], [ 39.709726191082581, 21.29512022790022, 0.0 ], [ 39.709728148011237, 21.295125269807698, 0.0 ], [ 39.70973017724193, 21.29513028655478, 0.0 ], [ 39.709732278406555, 21.295135277231395, 0.0 ], [ 39.70973445112395, 21.295140240932248, 0.0 ], [ 39.709736694999975, 21.295145176756876, 0.0 ], [ 39.709739009627597, 21.29515008380989, 0.0 ], [ 39.709741394586942, 21.295154961201135, 0.0 ], [ 39.709743849445374, 21.295159808045863, 0.0 ], [ 39.709746373757575, 21.295164623464782, 0.0 ], [ 39.709748967065615, 21.295169406584389, 0.0 ], [ 39.709751628899092, 21.295174156537009, 0.0 ], [ 39.709754358775143, 21.295178872460937, 0.0 ], [ 39.709757156198521, 21.295183553500724, 0.0 ], [ 39.709760020661797, 21.295188198807192, 0.0 ], [ 39.709762951645359, 21.295192807537664, 0.0 ], [ 39.709765948617502, 21.295197378856091, 0.0 ], [ 39.709769011034588, 21.295201911933219, 0.0 ], [ 39.709772138341059, 21.295206405946736, 0.0 ], [ 39.709775329969609, 21.29521086008139, 0.0 ], [ 39.709778585341304, 21.295215273529195, 0.0 ], [ 39.709781903865583, 21.295219645489507, 0.0 ], [ 39.709785284940459, 21.295223975169268, 0.0 ], [ 39.709788727952599, 21.295228261783013, 0.0 ], [ 39.709792232277429, 21.295232504553162, 0.0 ], [ 39.709795797279249, 21.295236702710053, 0.0 ], [ 39.709799422311363, 21.295240855492089, 0.0 ], [ 39.709803106716173, 21.295244962145983, 0.0 ], [ 39.70980684982532, 21.29524902192674, 0.0 ], [ 39.709810650959767, 21.295253034097914, 0.0 ], [ 39.709814509429997, 21.295256997931642, 0.0 ], [ 39.709818424536067, 21.295260912708883, 0.0 ], [ 39.70982239556777, 21.295264777719506, 0.0 ], [ 39.709826421804728, 21.295268592262357, 0.0 ], [ 39.709830502516581, 21.295272355645444, 0.0 ], [ 39.709834636963052, 21.295276067186091, 0.0 ], [ 39.709838824394147, 21.295279726211007, 0.0 ], [ 39.709843064050254, 21.29528333205641, 0.0 ], [ 39.709847355162289, 21.295286884068208, 0.0 ], [ 39.709851696951809, 21.295290381602019, 0.0 ], [ 39.709856088631199, 21.295293824023407, 0.0 ], [ 39.709860529403798, 21.295297210707869, 0.0 ], [ 39.709865018464008, 21.295300541041062, 0.0 ], [ 39.709869554997532, 21.295303814418826, 0.0 ], [ 39.709874138181398, 21.295307030247372, 0.0 ], [ 39.709878767184208, 21.295310187943347, 0.0 ], [ 39.709883441166227, 21.295313286933901, 0.0 ], [ 39.709888159279572, 21.295316326656881, 0.0 ], [ 39.709892920668381, 21.295319306560856, 0.0 ], [ 39.709897724468888, 21.295322226105249, 0.0 ], [ 39.709902569809671, 21.295325084760453, 0.0 ], [ 39.709907455811752, 21.295327882007893, 0.0 ], [ 39.709912381588836, 21.295330617340134, 0.0 ], [ 39.709917346247309, 21.295333290260967, 0.0 ], [ 39.709922348886586, 21.295335900285504, 0.0 ], [ 39.709927388599134, 21.295338446940306, 0.0 ], [ 39.709932464470754, 21.295340929763356, 0.0 ], [ 39.709937575580661, 21.295343348304282, 0.0 ], [ 39.70994272100166, 21.295345702124347, 0.0 ], [ 39.709947899800355, 21.29534799079654, 0.0 ], [ 39.709953111037272, 21.295350213905721, 0.0 ], [ 39.709958353767085, 21.295352371048558, 0.0 ], [ 39.709963627038732, 21.295354461833757, 0.0 ], [ 39.709968929895609, 21.295356485882046, 0.0 ], [ 39.709974261375756, 21.295358442826245, 0.0 ], [ 39.709979620512009, 21.295360332311372, 0.0 ], [ 39.709985006332218, 21.295362153994638, 0.0 ], [ 39.709990417859338, 21.295363907545571, 0.0 ], [ 39.709995854111703, 21.295365592646103, 0.0 ], [ 39.710001314103138, 21.295367208990541, 0.0 ], [ 39.710006796843196, 21.295368756285662, 0.0 ], [ 39.710012301337258, 21.295370234250775, 0.0 ], [ 39.710017826586785, 21.29537164261777, 0.0 ], [ 39.710023371589486, 21.295372981131184, 0.0 ], [ 39.710028935339452, 21.295374249548182, 0.0 ], [ 39.710034516827378, 21.295375447638662, 0.0 ], [ 39.71004011504079, 21.295376575185308, 0.0 ], [ 39.710045728964104, 21.295377631983555, 0.0 ], [ 39.710051357578941, 21.29537861784171, 0.0 ], [ 39.710056999864243, 21.295379532580924, 0.0 ], [ 39.710062654796459, 21.295380376035258, 0.0 ], [ 39.71006832134978, 21.295381148051707, 0.0 ], [ 39.710073998496227, 21.295381848490241, 0.0 ], [ 39.710079521288712, 21.295382460118493, 0.0 ], [ 39.710743832699222, 21.295451903968502, 0.0 ], [ 39.711952055690581, 21.295493979704169, 0.0 ], [ 39.712012015153, 21.29544183326194, 0.0 ] ] ] ] } },
{ "type": "Feature", "properties": { "ID": "243", "BLOCK NAME": "B.1.14.3+4", "FILL-TOTAL": null, "CUT-TOTAL": null, "FILL-DONE": null, "CUT-DONE": null, "FILL-REMAN": null, "CUT-REMAN": null, "EQUPIMENTS": null, "CONTRACTOR": null, "STATUS": null }, "geometry": { "type": "MultiPolygon", "coordinates": [ [ [ [ 39.712065805392712, 21.294090248228944, 0.0 ], [ 39.712089717972233, 21.293489393061837, 0.0 ], [ 39.711545404160951, 21.293470438644189, 0.0 ], [ 39.711543140779362, 21.293527305844698, 0.0 ], [ 39.709808080206258, 21.293466874692754, 0.0 ], [ 39.709768107220874, 21.29350163847753, 0.0 ], [ 39.709750857159726, 21.293934912356686, 0.0 ], [ 39.709787955266968, 21.293972360885355, 0.0 ], [ 39.711489303106305, 21.294031617820487, 0.0 ], [ 39.711487770675113, 21.294070119581779, 0.0 ], [ 39.712065805392712, 21.294090248228944, 0.0 ] ] ] ] } },
{ "type": "Feature", "properties": { "ID": "497", "BLOCK NAME": "B.1.14.8", "FILL-TOTAL": null, "CUT-TOTAL": null, "FILL-DONE": null, "CUT-DONE": null, "FILL-REMAN": null, "CUT-REMAN": null, "EQUPIMENTS": null, "CONTRACTOR": null, "STATUS": null }, "geometry": { "type": "MultiPolygon", "coordinates": [ [ [ [ 39.712089717972233, 21.293489393061837, 0.0 ], [ 39.7121413395625, 21.292192279098273, 0.0 ], [ 39.711597030537867, 21.29217332468798, 0.0 ], [ 39.711545404160951, 21.293470438644189, 0.0 ], [ 39.712089717972233, 21.293489393061837, 0.0 ] ] ] ] } },
{ "type": "Feature", "properties": { "ID": "263", "BLOCK NAME": "B.1.14.9", "FILL-TOTAL": null, "CUT-TOTAL": null, "FILL-DONE": null, "CUT-DONE": null, "FILL-REMAN": null, "CUT-REMAN": null, "EQUPIMENTS": null, "CONTRACTOR": null, "STATUS": null }, "geometry": { "type": "MultiPolygon", "coordinates": [ [ [ [ 39.709861985891671, 21.292112893560823, 0.0 ], [ 39.711597030537774, 21.292173324687965, 0.0 ], [ 39.712141339562592, 21.292192279098273, 0.0 ], [ 39.712162893303947, 21.291650686526769, 0.0 ], [ 39.711618586278277, 21.291631732119221, 0.0 ], [ 39.709883548002054, 21.29157130100279, 0.0 ], [ 39.709843575533732, 21.291606064802409, 0.0 ], [ 39.709824888248782, 21.292075445019176, 0.0 ], [ 39.709861985891671, 21.292112893560823, 0.0 ] ] ] ] } },
{ "type": "Feature", "properties": { "ID": "268", "BLOCK NAME": "B.1.14.13", "FILL-TOTAL": null, "CUT-TOTAL": null, "FILL-DONE": null, "CUT-DONE": null, "FILL-REMAN": null, "CUT-REMAN": null, "EQUPIMENTS": null, "CONTRACTOR": null, "STATUS": null }, "geometry": { "type": "MultiPolygon", "coordinates": [ [ [ [ 39.711618586278227, 21.291631732119207, 0.0 ], [ 39.712162893304004, 21.291650686526769, 0.0 ], [ 39.712188452328171, 21.291008447923765, 0.0 ], [ 39.712188769113681, 21.291001457450797, 0.0 ], [ 39.712189162934571, 21.29099447040711, 0.0 ], [ 39.712189633748778, 21.290987487538025, 0.0 ], [ 39.712190181506116, 21.290980509588341, 0.0 ], [ 39.712190806148122, 21.290973537302378, 0.0 ], [ 39.712191507608161, 21.290966571423873, 0.0 ], [ 39.712192285811412, 21.290959612695765, 0.0 ], [ 39.712193140674842, 21.29095266186042, 0.0 ], [ 39.712194072107252, 21.290945719659181, 0.0 ], [ 39.712195080009302, 21.290938786832548, 0.0 ], [ 39.71219616427345, 21.290931864120054, 0.0 ], [ 39.712197324784043, 21.290924952260081, 0.0 ], [ 39.712198561417289, 21.290918051989905, 0.0 ], [ 39.712199874041254, 21.29091116404555, 0.0 ], [ 39.712201262515919, 21.290904289161716, 0.0 ], [ 39.712202726693178, 21.290897428071716, 0.0 ], [ 39.712204266416833, 21.290890581507394, 0.0 ], [ 39.71220588152265, 21.290883750199054, 0.0 ], [ 39.712207571838327, 21.290876934875349, 0.0 ], [ 39.712209337183573, 21.290870136263255, 0.0 ], [ 39.712211177370087, 21.290863355087929, 0.0 ], [ 39.712213092201537, 21.290856592072704, 0.0 ], [ 39.712215081473687, 21.290849847938972, 0.0 ], [ 39.712217144974325, 21.290843123406074, 0.0 ], [ 39.71221928248336, 21.290836419191315, 0.0 ], [ 39.712221493772766, 21.290829736009773, 0.0 ], [ 39.712223778606663, 21.290823074574337, 0.0 ], [ 39.712226136741357, 21.290816435595541, 0.0 ], [ 39.712228567925258, 21.290809819781536, 0.0 ], [ 39.712231071899069, 21.290803227838012, 0.0 ], [ 39.712233648395696, 21.2907966604681, 0.0 ], [ 39.712236297140265, 21.290790118372311, 0.0 ], [ 39.712239017850266, 21.290783602248432, 0.0 ], [ 39.712241810235497, 21.290777112791531, 0.0 ], [ 39.712244673998079, 21.290770650693833, 0.0 ], [ 39.712247608832527, 21.290764216644597, 0.0 ], [ 39.712250614425805, 21.290757811330106, 0.0 ], [ 39.712253690457317, 21.290751435433602, 0.0 ], [ 39.712256836598939, 21.290745089635163, 0.0 ], [ 39.712260052515042, 21.290738774611672, 0.0 ], [ 39.712263337862659, 21.290732491036703, 0.0 ], [ 39.712266692291294, 21.290726239580536, 0.0 ], [ 39.712270115443161, 21.290720020909937, 0.0 ], [ 39.712273606953104, 21.290713835688262, 0.0 ], [ 39.712277166448722, 21.290707684575235, 0.0 ], [ 39.712280793550285, 21.290701568226986, 0.0 ], [ 39.712284487870932, 21.290695487295899, 0.0 ], [ 39.712288249016595, 21.290689442430612, 0.0 ], [ 39.712292076586081, 21.290683434275881, 0.0 ], [ 39.712295970171105, 21.290677463472605, 0.0 ], [ 39.712299929356355, 21.290671530657626, 0.0 ], [ 39.712303953719527, 21.290665636463789, 0.0 ], [ 39.712308042831332, 21.290659781519778, 0.0 ], [ 39.712312196255596, 21.29065396645013, 0.0 ], [ 39.712316413549317, 21.290648191875114, 0.0 ], [ 39.712320694262608, 21.290642458410659, 0.0 ], [ 39.712325037938882, 21.290636766668346, 0.0 ], [ 39.7123294441148, 21.290631117255256, 0.0 ], [ 39.712333912320396, 21.290625510774024, 0.0 ], [ 39.712338442079044, 21.290619947822645, 0.0 ], [ 39.712343032907562, 21.290614428994484, 0.0 ], [ 39.712347684316256, 21.290608954878209, 0.0 ], [ 39.712352395809013, 21.290603526057723, 0.0 ], [ 39.712357166883237, 21.290598143112103, 0.0 ], [ 39.71236199703003, 21.290592806615507, 0.0 ], [ 39.712366885734177, 21.290587517137155, 0.0 ], [ 39.712371832474211, 21.290582275241249, 0.0 ], [ 39.712376836722484, 21.290577081486916, 0.0 ], [ 39.712381897945228, 21.290571936428144, 0.0 ], [ 39.712387015602573, 21.290566840613753, 0.0 ], [ 39.712392189148616, 21.290561794587248, 0.0 ], [ 39.712397418031543, 21.290556798886882, 0.0 ], [ 39.712402701693591, 21.290551854045546, 0.0 ], [ 39.712408039571187, 21.290546960590664, 0.0 ], [ 39.712413431094959, 21.290542119044172, 0.0 ], [ 39.712418875689806, 21.290537329922522, 0.0 ], [ 39.712424372774983, 21.290532593736536, 0.0 ], [ 39.712429921764134, 21.290527910991393, 0.0 ], [ 39.712435522065377, 21.290523282186591, 0.0 ], [ 39.712441173081345, 21.290518707815849, 0.0 ], [ 39.712446874209284, 21.290514188367105, 0.0 ], [ 39.712452624841056, 21.290509724322408, 0.0 ], [ 39.712458424363291, 21.290505316157915, 0.0 ], [ 39.712464272157334, 21.290500964343845, 0.0 ], [ 39.712470167599484, 21.290496669344368, 0.0 ], [ 39.712476110060877, 21.290492431617597, 0.0 ], [ 39.712482098907643, 21.290488251615578, 0.0 ], [ 39.712488133500997, 21.29048412978414, 0.0 ], [ 39.712494213197246, 21.29048006656296, 0.0 ], [ 39.712500337347919, 21.290476062385419, 0.0 ], [ 39.712506505299743, 21.290472117678636, 0.0 ], [ 39.712512716394833, 21.290468232863383, 0.0 ], [ 39.712518969970681, 21.290464408354005, 0.0 ], [ 39.712525265360235, 21.290460644558475, 0.0 ], [ 39.712531601892032, 21.290456941878226, 0.0 ], [ 39.712537978890133, 21.290453300708204, 0.0 ], [ 39.712544395674371, 21.290449721436822, 0.0 ], [ 39.712550851560295, 21.290446204445846, 0.0 ], [ 39.712557345859267, 21.290442750110415, 0.0 ], [ 39.712563877878587, 21.290439358798967, 0.0 ], [ 39.712570446921504, 21.290436030873273, 0.0 ], [ 39.712577052287351, 21.290432766688255, 0.0 ], [ 39.712583693271554, 21.290429566592145, 0.0 ], [ 39.712590369165746, 21.290426430926235, 0.0 ], [ 39.712597079257854, 21.290423360025009, 0.0 ], [ 39.712603822832136, 21.290420354216018, 0.0 ], [ 39.712610599169309, 21.290417413819874, 0.0 ], [ 39.712617407546539, 21.290414539150206, 0.0 ], [ 39.712624247237628, 21.290411730513661, 0.0 ], [ 39.712631117513041, 21.290408988209808, 0.0 ], [ 39.712638017639961, 21.290406312531157, 0.0 ], [ 39.712644946882364, 21.290403703763094, 0.0 ], [ 39.712651904501129, 21.290401162183898, 0.0 ], [ 39.712658889754167, 21.290398688064652, 0.0 ], [ 39.712665901896372, 21.290396281669288, 0.0 ], [ 39.712672554643625, 21.290394069364272, 0.0 ], [ 39.712675115795363, 21.29039319257506, 0.0 ], [ 39.71267764946753, 21.29039224827336, 0.0 ], [ 39.712680153633251, 21.290391237214585, 0.0 ], [ 39.712682626289322, 21.290390160207547, 0.0 ], [ 39.712685065457705, 21.290389018113771, 0.0 ], [ 39.712687469187159, 21.290387811846944, 0.0 ], [ 39.712689835554791, 21.290386542371998, 0.0 ], [ 39.712692162667622, 21.290385210704468, 0.0 ], [ 39.712694448664024, 21.290383817909632, 0.0 ], [ 39.712696691715301, 21.290382365101689, 0.0 ], [ 39.712698890027085, 21.290380853442809, 0.0 ], [ 39.712701041840852, 21.290379284142269, 0.0 ], [ 39.712703145435199, 21.290377658455466, 0.0 ], [ 39.712705199127356, 21.29037597768286, 0.0 ], [ 39.712707201274434, 21.290374243169008, 0.0 ], [ 39.712709150274804, 21.29037245630148, 0.0 ], [ 39.712711044569346, 21.290370618509662, 0.0 ], [ 39.712712882642712, 21.290368731263744, 0.0 ], [ 39.712714663024492, 21.290366796073439, 0.0 ], [ 39.712716384290452, 21.290364814486818, 0.0 ], [ 39.712718045063674, 21.29036278808907, 0.0 ], [ 39.7127196440156, 21.290360718501255, 0.0 ], [ 39.71272117986711, 21.290358607378941, 0.0 ], [ 39.712722651389612, 21.290356456410951, 0.0 ], [ 39.712724057405943, 21.290354267317984, 0.0 ], [ 39.712725396791342, 21.290352041851204, 0.0 ], [ 39.71272666847436, 21.29034978179093, 0.0 ], [ 39.712727871437707, 21.290347488945091, 0.0 ], [ 39.712729004719051, 21.29034516514789, 0.0 ], [ 39.71273006741184, 21.290342812258263, 0.0 ], [ 39.712731058665931, 21.290340432158445, 0.0 ], [ 39.712731977688392, 21.290338026752416, 0.0 ], [ 39.712732823744034, 21.290335597964386, 0.0 ], [ 39.712733596156056, 21.290333147737314, 0.0 ], [ 39.712734294306529, 21.290330678031275, 0.0 ], [ 39.712734917637015, 21.290328190821928, 0.0 ], [ 39.712735465648848, 21.29032568809896, 0.0 ], [ 39.712735937903652, 21.290323171864429, 0.0 ], [ 39.712736334023646, 21.290320644131246, 0.0 ], [ 39.712736653691948, 21.290318106921479, 0.0 ], [ 39.712736896652856, 21.290315562264794, 0.0 ], [ 39.712737062711987, 21.290313012196822, 0.0 ], [ 39.712737101317742, 21.290312152121025, 0.0 ], [ 39.712738431969285, 21.290278712702559, 0.0 ], [ 39.712682785160339, 21.290222540834232, 0.0 ], [ 39.71171460242514, 21.290188826939737, 0.0 ], [ 39.711674630764804, 21.290223591160732, 0.0 ], [ 39.711618586278227, 21.291631732119207, 0.0 ] ] ] ] } },
{ "type": "Feature", "properties": { "ID": "479", "BLOCK NAME": "B.1.16.9", "FILL-TOTAL": null, "CUT-TOTAL": null, "FILL-DONE": null, "CUT-DONE": null, "FILL-REMAN": null, "CUT-REMAN": null, "EQUPIMENTS": null, "CONTRACTOR": null, "STATUS": null }, "geometry": { "type": "MultiPolygon", "coordinates": [ [ [ [ 39.712774077548296, 21.28938293200056, 0.0 ], [ 39.712484846957871, 21.289378458400101, 0.0 ], [ 39.712484624523825, 21.289384047958237, 0.0 ], [ 39.711359419582365, 21.289344863960903, 0.0 ], [ 39.711319448057843, 21.289379628098633, 0.0 ], [ 39.711300765521301, 21.289849008541378, 0.0 ], [ 39.711337862950906, 21.289886456779662, 0.0 ], [ 39.712694279412752, 21.289933691351496, 0.0 ], [ 39.71275423641071, 21.289881544663558, 0.0 ], [ 39.712774077548296, 21.28938293200056, 0.0 ] ] ] ] } },
{ "type": "Feature", "properties": { "ID": "410", "BLOCK NAME": "B.1.16.11+12+13", "FILL-TOTAL": null, "CUT-TOTAL": null, "FILL-DONE": null, "CUT-DONE": null, "FILL-REMAN": null, "CUT-REMAN": null, "EQUPIMENTS": null, "CONTRACTOR": null, "STATUS": null }, "geometry": { "type": "MultiPolygon", "coordinates": [ [ [ [ 39.711375349482267, 21.287975148729089, 0.0 ], [ 39.711358250024873, 21.288404760880802, 0.0 ], [ 39.711395347093834, 21.288442209129215, 0.0 ], [ 39.712520545150845, 21.288481393116186, 0.0 ], [ 39.712484846957871, 21.289378458400101, 0.0 ], [ 39.712774077548296, 21.28938293200056, 0.0 ], [ 39.712828083536841, 21.288025737916897, 0.0 ], [ 39.712833238293591, 21.287896195838847, 0.0 ], [ 39.712797070627396, 21.287592956656756, 0.0 ], [ 39.712797239547726, 21.287587741905529, 0.0 ], [ 39.712797331368648, 21.287582525471283, 0.0 ], [ 39.712797346072577, 21.287577308354763, 0.0 ], [ 39.712797283656684, 21.28757209155685, 0.0 ], [ 39.712797144132949, 21.287566876078337, 0.0 ], [ 39.712796927528181, 21.28756166291981, 0.0 ], [ 39.712796633883912, 21.287556453081347, 0.0 ], [ 39.712796263256486, 21.287551247562451, 0.0 ], [ 39.712795815717037, 21.287546047361779, 0.0 ], [ 39.712795291351398, 21.287540853476937, 0.0 ], [ 39.712794690260203, 21.287535666904343, 0.0 ], [ 39.71279401255876, 21.28753048863901, 0.0 ], [ 39.71279325837709, 21.287525319674373, 0.0 ], [ 39.712792427859881, 21.287520161002046, 0.0 ], [ 39.712791521166487, 21.287515013611706, 0.0 ], [ 39.712790538470855, 21.287509878490827, 0.0 ], [ 39.712789479961508, 21.287504756624575, 0.0 ], [ 39.712788345841524, 21.287499648995535, 0.0 ], [ 39.712787136328494, 21.287494556583596, 0.0 ], [ 39.712785851654445, 21.28748948036565, 0.0 ], [ 39.712784492065857, 21.287484421315611, 0.0 ], [ 39.712783057823572, 21.287479380403987, 0.0 ], [ 39.712781549202745, 21.287474358597834, 0.0 ], [ 39.712779966492782, 21.28746935686058, 0.0 ], [ 39.712778309997347, 21.287464376151767, 0.0 ], [ 39.712776580034237, 21.28745941742692, 0.0 ], [ 39.712774776935319, 21.287454481637326, 0.0 ], [ 39.71277290104652, 21.287449569729898, 0.0 ], [ 39.712770952727745, 21.287444682646949, 0.0 ], [ 39.712768932352759, 21.287439821326032, 0.0 ], [ 39.712766840309165, 21.287434986699751, 0.0 ], [ 39.712764676998312, 21.287430179695615, 0.0 ], [ 39.712762442835242, 21.287425401235812, 0.0 ], [ 39.712760138248534, 21.287420652237078, 0.0 ], [ 39.712757763680358, 21.28741593361045, 0.0 ], [ 39.71275531958625, 21.287411246261172, 0.0 ], [ 39.712752806435084, 21.287406591088487, 0.0 ], [ 39.712750224709026, 21.287401968985467, 0.0 ], [ 39.712747574903339, 21.287397380838804, 0.0 ], [ 39.71274485752641, 21.287392827528727, 0.0 ], [ 39.712742073099527, 21.287388309928794, 0.0 ], [ 39.712739222156884, 21.287383828905586, 0.0 ], [ 39.712736305245421, 21.28737938531884, 0.0 ], [ 39.712733322924748, 21.287374980020999, 0.0 ], [ 39.71273027576698, 21.287370613857203, 0.0 ], [ 39.712727164356714, 21.287366287665019, 0.0 ], [ 39.712723989290865, 21.287362002274474, 0.0 ], [ 39.712720751178544, 21.28735775850765, 0.0 ], [ 39.71271745064098, 21.287353557178701, 0.0 ], [ 39.712714088311351, 21.28734939909361, 0.0 ], [ 39.712710664834695, 21.28734528505008, 0.0 ], [ 39.712707180867802, 21.287341215837369, 0.0 ], [ 39.712706497681637, 21.28734043127103, 0.0 ], [ 39.712701292426587, 21.28733637169832, 0.0 ], [ 39.712696038168986, 21.287332367930123, 0.0 ], [ 39.712690735590058, 21.287328420485544, 0.0 ], [ 39.712685385377341, 21.287324529876411, 0.0 ], [ 39.712679988224522, 21.287320696607154, 0.0 ], [ 39.712674544831401, 21.287316921174792, 0.0 ], [ 39.712669055903746, 21.287313204068859, 0.0 ], [ 39.712663522153242, 21.287309545771254, 0.0 ], [ 39.712657944297391, 21.287305946756355, 0.0 ], [ 39.712652323059416, 21.287302407490778, 0.0 ], [ 39.712646659168122, 21.287298928433422, 0.0 ], [ 39.712640953357898, 21.287295510035371, 0.0 ], [ 39.71263520636856, 21.287292152739834, 0.0 ], [ 39.712629418945212, 21.287288856982119, 0.0 ], [ 39.712623591838259, 21.28728562318954, 0.0 ], [ 39.712617725803248, 21.287282451781397, 0.0 ], [ 39.712611821600738, 21.287279343168873, 0.0 ], [ 39.712605879996254, 21.287276297755039, 0.0 ], [ 39.712599901760171, 21.287273315934719, 0.0 ], [ 39.712593887667609, 21.287270398094577, 0.0 ], [ 39.712587838498351, 21.287267544612902, 0.0 ], [ 39.712581755036695, 21.287264755859663, 0.0 ], [ 39.712575638071449, 21.28726203219647, 0.0 ], [ 39.712569488395687, 21.287259373976422, 0.0 ], [ 39.712563306806778, 21.28725678154423, 0.0 ], [ 39.712557094106224, 21.287254255235997, 0.0 ], [ 39.712550851099508, 21.287251795379262, 0.0 ], [ 39.712544578596095, 21.287249402292986, 0.0 ], [ 39.712538277409294, 21.28724707628745, 0.0 ], [ 39.712531948356073, 21.28724481766422, 0.0 ], [ 39.712525592257059, 21.287242626716157, 0.0 ], [ 39.712519209936318, 21.287240503727329, 0.0 ], [ 39.712512802221433, 21.287238448973003, 0.0 ], [ 39.712506369943164, 21.287236462719591, 0.0 ], [ 39.71249991393551, 21.287234545224607, 0.0 ], [ 39.712493435035569, 21.287232696736712, 0.0 ], [ 39.71248693408333, 21.287230917495524, 0.0 ], [ 39.712480411921739, 21.287229207731766, 0.0 ], [ 39.712473869396419, 21.287227567667106, 0.0 ], [ 39.712467307355638, 21.287225997514224, 0.0 ], [ 39.712460726650228, 21.287224497476664, 0.0 ], [ 39.712454128133423, 21.287223067748922, 0.0 ], [ 39.712447512660781, 21.287221708516398, 0.0 ], [ 39.712440881090046, 21.287220419955293, 0.0 ], [ 39.712434234281019, 21.287219202232713, 0.0 ], [ 39.712427573095539, 21.287218055506507, 0.0 ], [ 39.712420898397241, 21.287216979925372, 0.0 ], [ 39.712414211051595, 21.287215975628794, 0.0 ], [ 39.71240751192564, 21.287215042746944, 0.0 ], [ 39.712400801887952, 21.287214181400806, 0.0 ], [ 39.71239408180854, 21.287213391702046, 0.0 ], [ 39.712387352558736, 21.28721267375305, 0.0 ], [ 39.712380615011007, 21.287212027646916, 0.0 ], [ 39.712373870038931, 21.287211453467432, 0.0 ], [ 39.712367118517051, 21.287210951289012, 0.0 ], [ 39.712360361320748, 21.287210521176789, 0.0 ], [ 39.712353599326121, 21.287210163186522, 0.0 ], [ 39.712346833409939, 21.287209877364642, 0.0 ], [ 39.71234551736918, 21.287209830169868, 0.0 ], [ 39.711643729604731, 21.287185390799085, 0.0 ], [ 39.711622174074087, 21.287726983860125, 0.0 ], [ 39.711614988876448, 21.287907514866966, 0.0 ], [ 39.711416903476163, 21.28790061614998, 0.0 ], [ 39.711376932345466, 21.287935380298993, 0.0 ], [ 39.711375349482267, 21.287975148729089, 0.0 ] ] ] ] } },
{ "type": "Feature", "properties": { "ID": "319", "BLOCK NAME": "B.1.16.5+6", "FILL-TOTAL": null, "CUT-TOTAL": null, "FILL-DONE": null, "CUT-DONE": null, "FILL-REMAN": null, "CUT-REMAN": null, "EQUPIMENTS": null, "CONTRACTOR": null, "STATUS": null }, "geometry": { "type": "MultiPolygon", "coordinates": [ [ [ [ 39.711643729604731, 21.287185390799085, 0.0 ], [ 39.70882823484996, 21.287087313041749, 0.0 ], [ 39.708768277525813, 21.287139458362571, 0.0 ], [ 39.708747645970959, 21.287657582370503, 0.0 ], [ 39.709036647612891, 21.287667651995989, 0.0 ], [ 39.709037869633327, 21.287636961725212, 0.0 ], [ 39.711622174074087, 21.287726983860125, 0.0 ], [ 39.711643729604731, 21.287185390799085, 0.0 ] ] ] ] } },
{ "type": "Feature", "properties": { "ID": "389", "BLOCK NAME": "B.1.16.2", "FILL-TOTAL": null, "CUT-TOTAL": null, "FILL-DONE": null, "CUT-DONE": null, "FILL-REMAN": null, "CUT-REMAN": null, "EQUPIMENTS": null, "CONTRACTOR": null, "STATUS": null }, "geometry": { "type": "MultiPolygon", "coordinates": [ [ [ [ 39.708747645970959, 21.287657582370503, 0.0 ], [ 39.708692795810407, 21.289035033732318, 0.0 ], [ 39.708729892384561, 21.289072482583283, 0.0 ], [ 39.709230838743728, 21.289089936361748, 0.0 ], [ 39.709270810698754, 21.289055172707251, 0.0 ], [ 39.709318251814366, 21.287863668267857, 0.0 ], [ 39.709281155408554, 21.287826219532636, 0.0 ], [ 39.709030645331687, 21.287818395382065, 0.0 ], [ 39.709036647612891, 21.287667651995989, 0.0 ], [ 39.708747645970959, 21.287657582370503, 0.0 ] ] ] ] } },
{ "type": "Feature", "properties": { "ID": "321", "BLOCK NAME": "B.1.15.10+12", "FILL-TOTAL": null, "CUT-TOTAL": null, "FILL-DONE": null, "CUT-DONE": null, "FILL-REMAN": null, "CUT-REMAN": null, "EQUPIMENTS": null, "CONTRACTOR": null, "STATUS": null }, "geometry": { "type": "MultiPolygon", "coordinates": [ [ [ [ 39.707884156537013, 21.28705441542628, 0.0 ], [ 39.707873371883167, 21.287325211953103, 0.0 ], [ 39.707817291304991, 21.288733353649796, 0.0 ], [ 39.707854387584604, 21.288770802706878, 0.0 ], [ 39.708355332893767, 21.28878825914342, 0.0 ], [ 39.708395304981806, 21.288753495691726, 0.0 ], [ 39.708460006919566, 21.287128716764133, 0.0 ], [ 39.708404362921947, 21.287072543344166, 0.0 ], [ 39.707884156537013, 21.28705441542628, 0.0 ] ] ] ] } },
{ "type": "Feature", "properties": { "ID": "379", "BLOCK NAME": "B.1.15.13", "FILL-TOTAL": null, "CUT-TOTAL": null, "FILL-DONE": null, "CUT-DONE": null, "FILL-REMAN": null, "CUT-REMAN": null, "EQUPIMENTS": null, "CONTRACTOR": null, "STATUS": null }, "geometry": { "type": "MultiPolygon", "coordinates": [ [ [ [ 39.707884156537013, 21.28705441542628, 0.0 ], [ 39.706096452473901, 21.286992105942119, 0.0 ], [ 39.706036494193491, 21.287044250315432, 0.0 ], [ 39.706020671718427, 21.287441418536638, 0.0 ], [ 39.706395094286812, 21.287454470517662, 0.0 ], [ 39.706402285869068, 21.287273939511227, 0.0 ], [ 39.707873371883167, 21.287325211953103, 0.0 ], [ 39.707884156537013, 21.28705441542628, 0.0 ] ] ] ] } },
{ "type": "Feature", "properties": { "ID": "449", "BLOCK NAME": "B.1.15.8", "FILL-TOTAL": null, "CUT-TOTAL": null, "FILL-DONE": null, "CUT-DONE": null, "FILL-REMAN": null, "CUT-REMAN": null, "EQUPIMENTS": null, "CONTRACTOR": null, "STATUS": null }, "geometry": { "type": "MultiPolygon", "coordinates": [ [ [ [ 39.706020671718427, 21.287441418536638, 0.0 ], [ 39.706009668392362, 21.287717618011627, 0.0 ], [ 39.706031617657864, 21.288343816970563, 0.0 ], [ 39.70603184415031, 21.288349177920292, 0.0 ], [ 39.706032147681228, 21.288354535516536, 0.0 ], [ 39.706032528195543, 21.288359888787408, 0.0 ], [ 39.706032985624219, 21.288365236761798, 0.0 ], [ 39.706033519884322, 21.288370578469571, 0.0 ], [ 39.706034130878933, 21.288375912941717, 0.0 ], [ 39.706034818497201, 21.288381239210533, 0.0 ], [ 39.706035582614433, 21.288386556309817, 0.0 ], [ 39.706036423091994, 21.288391863275034, 0.0 ], [ 39.706037339777438, 21.288397159143461, 0.0 ], [ 39.706038332504477, 21.288402442954418, 0.0 ], [ 39.706039401093051, 21.288407713749404, 0.0 ], [ 39.706040545349289, 21.288412970572271, 0.0 ], [ 39.706041765065663, 21.288418212469395, 0.0 ], [ 39.706043060020903, 21.28842343848989, 0.0 ], [ 39.706044429980096, 21.288428647685738, 0.0 ], [ 39.706045874694752, 21.288433839111949, 0.0 ], [ 39.706047393902786, 21.288439011826785, 0.0 ], [ 39.706048987328629, 21.288444164891906, 0.0 ], [ 39.706050654683224, 21.288449297372519, 0.0 ], [ 39.706052395664116, 21.288454408337557, 0.0 ], [ 39.706054209955497, 21.288459496859879, 0.0 ], [ 39.706056097228242, 21.288464562016394, 0.0 ], [ 39.706058057140005, 21.288469602888288, 0.0 ], [ 39.70606008933526, 21.288474618561107, 0.0 ], [ 39.706062193445369, 21.288479608124963, 0.0 ], [ 39.706064369088629, 21.288484570674765, 0.0 ], [ 39.706066615870384, 21.288489505310256, 0.0 ], [ 39.706068933383072, 21.288494411136302, 0.0 ], [ 39.706071321206288, 21.288499287262933, 0.0 ], [ 39.70607377890687, 21.288504132805627, 0.0 ], [ 39.706076306039002, 21.288508946885344, 0.0 ], [ 39.706078902144228, 21.288513728628832, 0.0 ], [ 39.706081566751642, 21.288518477168623, 0.0 ], [ 39.706084299377871, 21.288523191643339, 0.0 ], [ 39.706087099527196, 21.288527871197726, 0.0 ], [ 39.706089966691678, 21.288532514982915, 0.0 ], [ 39.706092900351194, 21.288537122156473, 0.0 ], [ 39.706095899973576, 21.288541691882667, 0.0 ], [ 39.706098965014689, 21.288546223332531, 0.0 ], [ 39.706102094918521, 21.288550715684025, 0.0 ], [ 39.706105289117311, 21.288555168122201, 0.0 ], [ 39.706108547031619, 21.288559579839387, 0.0 ], [ 39.706111868070423, 21.288563950035261, 0.0 ], [ 39.706115251631296, 21.288568277917083, 0.0 ], [ 39.706118697100443, 21.288572562699709, 0.0 ], [ 39.706122203852871, 21.288576803605892, 0.0 ], [ 39.706125771252403, 21.288580999866294, 0.0 ], [ 39.706129398651939, 21.288585150719701, 0.0 ], [ 39.706133085393432, 21.288589255413132, 0.0 ], [ 39.706136830808092, 21.288593313201957, 0.0 ], [ 39.70614063421651, 21.288597323350107, 0.0 ], [ 39.706144494928708, 21.288601285130095, 0.0 ], [ 39.70614841224436, 21.288605197823244, 0.0 ], [ 39.706152385452832, 21.288609060719775, 0.0 ], [ 39.706156413833384, 21.288612873118922, 0.0 ], [ 39.70616049665523, 21.288616634329131, 0.0 ], [ 39.70616463317775, 21.288620343668082, 0.0 ], [ 39.706168822650561, 21.288624000462868, 0.0 ], [ 39.706173064313674, 21.288627604050145, 0.0 ], [ 39.706177357397635, 21.288631153776205, 0.0 ], [ 39.706181701123654, 21.288634648997117, 0.0 ], [ 39.706186094703767, 21.288638089078809, 0.0 ], [ 39.706190537340959, 21.288641473397234, 0.0 ], [ 39.706195028229303, 21.288644801338478, 0.0 ], [ 39.706199566554162, 21.288648072298859, 0.0 ], [ 39.706204151492244, 21.288651285684949, 0.0 ], [ 39.70620878221181, 21.288654440913866, 0.0 ], [ 39.706213457872849, 21.288657537413204, 0.0 ], [ 39.706218177627164, 21.288660574621286, 0.0 ], [ 39.706222940618581, 21.288663551987121, 0.0 ], [ 39.706227745983064, 21.288666468970593, 0.0 ], [ 39.706232592848892, 21.288669325042559, 0.0 ], [ 39.706237480336817, 21.288672119684914, 0.0 ], [ 39.706242407560261, 21.288674852390681, 0.0 ], [ 39.706247373625345, 21.28867752266417, 0.0 ], [ 39.706252377631259, 21.288680130020932, 0.0 ], [ 39.706257418670219, 21.28868267398801, 0.0 ], [ 39.706262495827765, 21.288685154103906, 0.0 ], [ 39.70626760818287, 21.288687569918711, 0.0 ], [ 39.706272754808118, 21.288689920994205, 0.0 ], [ 39.706277934769929, 21.28869220690386, 0.0 ], [ 39.706283147128602, 21.288694427233015, 0.0 ], [ 39.706288390938568, 21.2886965815789, 0.0 ], [ 39.706293665248637, 21.288698669550687, 0.0 ], [ 39.706298969101951, 21.288700690769627, 0.0 ], [ 39.70630430153642, 21.288702644869041, 0.0 ], [ 39.706309661584655, 21.288704531494474, 0.0 ], [ 39.706315048274384, 21.288706350303649, 0.0 ], [ 39.706320460628405, 21.288708100966655, 0.0 ], [ 39.706325897664868, 21.288709783165888, 0.0 ], [ 39.706331358397499, 21.288711396596192, 0.0 ], [ 39.706336841835672, 21.288712940964889, 0.0 ], [ 39.70634234698467, 21.288714415991841, 0.0 ], [ 39.706347872845832, 21.288715821409443, 0.0 ], [ 39.706353418416739, 21.288717156962747, 0.0 ], [ 39.706358982691384, 21.288718422409495, 0.0 ], [ 39.706360399499999, 21.288718732775997, 0.0 ], [ 39.706509806410686, 21.288723940654187, 0.0 ], [ 39.70654977892945, 21.288689177629287, 0.0 ], [ 39.706597242003916, 21.287497673160733, 0.0 ], [ 39.706560146365177, 21.287460223794177, 0.0 ], [ 39.706395094286812, 21.287454470517662, 0.0 ], [ 39.706020671718427, 21.287441418536638, 0.0 ] ] ] ] } },
{ "type": "Feature", "properties": { "ID": "267", "BLOCK NAME": "B.1.15.7", "FILL-TOTAL": null, "CUT-TOTAL": null, "FILL-DONE": null, "CUT-DONE": null, "FILL-REMAN": null, "CUT-REMAN": null, "EQUPIMENTS": null, "CONTRACTOR": null, "STATUS": null }, "geometry": { "type": "MultiPolygon", "coordinates": [ [ [ [ 39.705932679080462, 21.289716533498584, 0.0 ], [ 39.706272141195328, 21.289728033396607, 0.0 ], [ 39.706279332948768, 21.289547502474498, 0.0 ], [ 39.708322262462069, 21.289618701490536, 0.0 ], [ 39.708362234776601, 21.289583938045361, 0.0 ], [ 39.70838020774157, 21.289132610696793, 0.0 ], [ 39.708324562993567, 21.289076437297815, 0.0 ], [ 39.706340924329247, 21.289007304535012, 0.0 ], [ 39.706335271634813, 21.289008160974497, 0.0 ], [ 39.706329631754109, 21.289009088669388, 0.0 ], [ 39.706324005710229, 21.289010087451416, 0.0 ], [ 39.706318394523755, 21.289011157139388, 0.0 ], [ 39.706312799212569, 21.289012297539259, 0.0 ], [ 39.706307220791679, 21.289013508444171, 0.0 ], [ 39.706301660273013, 21.289014789634461, 0.0 ], [ 39.706296118665286, 21.289016140877699, 0.0 ], [ 39.70629059697373, 21.289017561928787, 0.0 ], [ 39.706285096199998, 21.289019052529952, 0.0 ], [ 39.70627961734197, 21.28902061241077, 0.0 ], [ 39.706274161393502, 21.289022241288272, 0.0 ], [ 39.70626872934433, 21.289023938867015, 0.0 ], [ 39.706263322179829, 21.289025704839002, 0.0 ], [ 39.706257940880882, 21.289027538883929, 0.0 ], [ 39.706252586423666, 21.289029440669069, 0.0 ], [ 39.706247259779516, 21.289031409849439, 0.0 ], [ 39.706241961914664, 21.289033446067823, 0.0 ], [ 39.706236693790167, 21.289035548954846, 0.0 ], [ 39.706231456361714, 21.289037718129055, 0.0 ], [ 39.706226250579334, 21.289039953196934, 0.0 ], [ 39.706221077387411, 21.289042253753042, 0.0 ], [ 39.706215937724352, 21.289044619380046, 0.0 ], [ 39.706210832522515, 21.289047049648843, 0.0 ], [ 39.706205762708009, 21.289049544118555, 0.0 ], [ 39.706200729200511, 21.289052102336683, 0.0 ], [ 39.706195732913095, 21.289054723839158, 0.0 ], [ 39.706190774752116, 21.28905740815043, 0.0 ], [ 39.706185855616987, 21.289060154783567, 0.0 ], [ 39.706180976400084, 21.289062963240308, 0.0 ], [ 39.706176137986496, 21.289065833011229, 0.0 ], [ 39.706171341253928, 21.289068763575692, 0.0 ], [ 39.706166587072495, 21.289071754402116, 0.0 ], [ 39.706161876304662, 21.289074804947951, 0.0 ], [ 39.706157209804957, 21.289077914659835, 0.0 ], [ 39.706152588419904, 21.289081082973638, 0.0 ], [ 39.706148012987832, 21.289084309314614, 0.0 ], [ 39.706143484338739, 21.289087593097516, 0.0 ], [ 39.706139003294155, 21.289090933726655, 0.0 ], [ 39.706134570666933, 21.289094330596026, 0.0 ], [ 39.706130187261181, 21.289097783089424, 0.0 ], [ 39.706125853872067, 21.289101290580572, 0.0 ], [ 39.706121571285664, 21.289104852433173, 0.0 ], [ 39.706117340278873, 21.289108468001121, 0.0 ], [ 39.706113161619207, 21.289112136628543, 0.0 ], [ 39.706109036064674, 21.289115857649911, 0.0 ], [ 39.706104964363682, 21.289119630390257, 0.0 ], [ 39.706100947254861, 21.289123454165189, 0.0 ], [ 39.706096985466921, 21.289127328281051, 0.0 ], [ 39.706093079718535, 21.289131252035055, 0.0 ], [ 39.706089230718248, 21.289135224715469, 0.0 ], [ 39.706085439164255, 21.289139245601579, 0.0 ], [ 39.706081705744367, 21.289143313964015, 0.0 ], [ 39.706078031135853, 21.289147429064759, 0.0 ], [ 39.706074416005286, 21.289151590157335, 0.0 ], [ 39.706070861008499, 21.289155796486888, 0.0 ], [ 39.706067366790371, 21.289160047290384, 0.0 ], [ 39.70606393398473, 21.289164341796699, 0.0 ], [ 39.706060563214365, 21.28916867922683, 0.0 ], [ 39.706057255090684, 21.289173058793931, 0.0 ], [ 39.706054010213869, 21.289177479703543, 0.0 ], [ 39.706050829172483, 21.289181941153696, 0.0 ], [ 39.706047712543644, 21.289186442335069, 0.0 ], [ 39.706044660892694, 21.289190982431126, 0.0 ], [ 39.706041674773211, 21.28919556061831, 0.0 ], [ 39.706038754726926, 21.289200176066092, 0.0 ], [ 39.706035901283499, 21.28920482793723, 0.0 ], [ 39.706033114960604, 21.289209515387842, 0.0 ], [ 39.706030396263671, 21.289214237567617, 0.0 ], [ 39.706027745685908, 21.289218993619972, 0.0 ], [ 39.706025163708134, 21.2892237826821, 0.0 ], [ 39.70602265079873, 21.289228603885256, 0.0 ], [ 39.706020207413559, 21.289233456354872, 0.0 ], [ 39.706017833995865, 21.289238339210694, 0.0 ], [ 39.706015530976202, 21.289243251566937, 0.0 ], [ 39.706013298772341, 21.289248192532508, 0.0 ], [ 39.706011137789233, 21.289253161211082, 0.0 ], [ 39.706009048418885, 21.289258156701319, 0.0 ], [ 39.70600703104035, 21.289263178097045, 0.0 ], [ 39.706005086019552, 21.289268224487341, 0.0 ], [ 39.706003213709344, 21.289273294956796, 0.0 ], [ 39.706001414449418, 21.28927838858559, 0.0 ], [ 39.705999688566109, 21.289283504449717, 0.0 ], [ 39.705998036372549, 21.289288641621162, 0.0 ], [ 39.705996458168457, 21.289293799168, 0.0 ], [ 39.705994954240111, 21.289298976154662, 0.0 ], [ 39.705993524860368, 21.289304171642009, 0.0 ], [ 39.705992170288489, 21.289309384687549, 0.0 ], [ 39.705990890770238, 21.289314614345646, 0.0 ], [ 39.705989686537734, 21.289319859667589, 0.0 ], [ 39.705988557809398, 21.289325119701893, 0.0 ], [ 39.705987504790052, 21.289330393494343, 0.0 ], [ 39.705986527670689, 21.28933568008825, 0.0 ], [ 39.705985626628568, 21.289340978524624, 0.0 ], [ 39.705984801827164, 21.289346287842307, 0.0 ], [ 39.705984053416117, 21.289351607078174, 0.0 ], [ 39.705983381531162, 21.289356935267268, 0.0 ], [ 39.705983338657106, 21.289357297611932, 0.0 ], [ 39.705932679080462, 21.289716533498584, 0.0 ] ] ] ] } },
{ "type": "Feature", "properties": { "ID": "429", "BLOCK NAME": "B.1.15.4", "FILL-TOTAL": null, "CUT-TOTAL": null, "FILL-DONE": null, "CUT-DONE": null, "FILL-REMAN": null, "CUT-REMAN": null, "EQUPIMENTS": null, "CONTRACTOR": null, "STATUS": null }, "geometry": { "type": "MultiPolygon", "coordinates": [ [ [ [ 39.705932679080462, 21.289716533498584, 0.0 ], [ 39.705895201625765, 21.289982291640783, 0.0 ], [ 39.70580766481865, 21.291412646192732, 0.0 ], [ 39.705758271190369, 21.291882537257475, 0.0 ], [ 39.706155614286608, 21.291893350380111, 0.0 ], [ 39.706162806202421, 21.291712819538482, 0.0 ], [ 39.706390426758482, 21.2917207536109, 0.0 ], [ 39.706430400094732, 21.291685990609576, 0.0 ], [ 39.706506630285197, 21.289772363256684, 0.0 ], [ 39.706469534078657, 21.289734913905981, 0.0 ], [ 39.706272141195328, 21.289728033396607, 0.0 ], [ 39.705932679080462, 21.289716533498584, 0.0 ] ] ] ] } },
{ "type": "Feature", "properties": { "ID": "474", "BLOCK NAME": "B.1.15.1+2", "FILL-TOTAL": null, "CUT-TOTAL": null, "FILL-DONE": null, "CUT-DONE": null, "FILL-REMAN": null, "CUT-REMAN": null, "EQUPIMENTS": null, "CONTRACTOR": null, "STATUS": null }, "geometry": { "type": "MultiPolygon", "coordinates": [ [ [ [ 39.705758271190369, 21.291882537257475, 0.0 ], [ 39.705705567188417, 21.292383917689872, 0.0 ], [ 39.705740322593996, 21.292421218608322, 0.0 ], [ 39.708187965541647, 21.292506524134058, 0.0 ], [ 39.708247925194968, 21.292454379003544, 0.0 ], [ 39.708294655845492, 21.291280928501742, 0.0 ], [ 39.708257558805734, 21.291243479586353, 0.0 ], [ 39.707756605159318, 21.291226023135753, 0.0 ], [ 39.707716632265829, 21.291260786443107, 0.0 ], [ 39.707678525096178, 21.292217599944131, 0.0 ], [ 39.70748584934158, 21.292210885477623, 0.0 ], [ 39.707495196716913, 21.291976195391541, 0.0 ], [ 39.707458099694264, 21.291938746303575, 0.0 ], [ 39.706155614286608, 21.291893350380111, 0.0 ], [ 39.705758271190369, 21.291882537257475, 0.0 ] ] ] ] } },
{ "type": "Feature", "properties": { "ID": "414", "BLOCK NAME": "B.1.13.5", "FILL-TOTAL": null, "CUT-TOTAL": null, "FILL-DONE": null, "CUT-DONE": null, "FILL-REMAN": null, "CUT-REMAN": null, "EQUPIMENTS": null, "CONTRACTOR": null, "STATUS": null }, "geometry": { "type": "MultiPolygon", "coordinates": [ [ [ [ 39.705743846721795, 21.293441341714981, 0.0 ], [ 39.706207564206451, 21.293449880050325, 0.0 ], [ 39.706214634883295, 21.293269347034691, 0.0 ], [ 39.7071471922618, 21.293301849854821, 0.0 ], [ 39.707187165830518, 21.293267086676376, 0.0 ], [ 39.707205861538988, 21.292797706597028, 0.0 ], [ 39.707168764374607, 21.292760257455786, 0.0 ], [ 39.705745299514355, 21.292710642557743, 0.0 ], [ 39.705708598379374, 21.292745389276021, 0.0 ], [ 39.705743846721795, 21.293441341714981, 0.0 ] ] ] ] } },
{ "type": "Feature", "properties": { "ID": "241", "BLOCK NAME": "B.1.13.3", "FILL-TOTAL": null, "CUT-TOTAL": null, "FILL-DONE": null, "CUT-DONE": null, "FILL-REMAN": null, "CUT-REMAN": null, "EQUPIMENTS": null, "CONTRACTOR": null, "STATUS": null }, "geometry": { "type": "MultiPolygon", "coordinates": [ [ [ [ 39.705743923215557, 21.293441343123551, 0.0 ], [ 39.705809823184893, 21.294739650886179, 0.0 ], [ 39.706155671318584, 21.29474969956086, 0.0 ], [ 39.706162853211097, 21.294569168532831, 0.0 ], [ 39.706324703420002, 21.2945748098943, 0.0 ], [ 39.706364677523283, 21.294540046904363, 0.0 ], [ 39.706406389144966, 21.293492968492028, 0.0 ], [ 39.706369291997689, 21.293455519178199, 0.0 ], [ 39.706207443016737, 21.293449877819068, 0.0 ], [ 39.705743923215557, 21.293441343123551, 0.0 ] ] ] ] } },
{ "type": "Feature", "properties": { "ID": "335", "BLOCK NAME": "B.1.13.1+2", "FILL-TOTAL": null, "CUT-TOTAL": null, "FILL-DONE": null, "CUT-DONE": null, "FILL-REMAN": null, "CUT-REMAN": null, "EQUPIMENTS": null, "CONTRACTOR": null, "STATUS": null }, "geometry": { "type": "MultiPolygon", "coordinates": [ [ [ [ 39.706155661269385, 21.294749699268881, 0.0 ], [ 39.705809951332029, 21.294739654609657, 0.0 ], [ 39.705810052255678, 21.294741640391912, 0.0 ], [ 39.705811090425868, 21.294748267014018, 0.0 ], [ 39.705812204841678, 21.29475488274716, 0.0 ], [ 39.705813395373411, 21.294761486821262, 0.0 ], [ 39.705814661882513, 21.294768078467616, 0.0 ], [ 39.705816004221546, 21.294774656918904, 0.0 ], [ 39.705817422234283, 21.294781221409433, 0.0 ], [ 39.705818915755664, 21.294787771175052, 0.0 ], [ 39.705820484611863, 21.294794305453348, 0.0 ], [ 39.705822128620262, 21.294800823483733, 0.0 ], [ 39.705823847589514, 21.294807324507509, 0.0 ], [ 39.705825641319521, 21.294813807767927, 0.0 ], [ 39.705827509601519, 21.294820272510325, 0.0 ], [ 39.70582945221804, 21.294826717982222, 0.0 ], [ 39.705831468942961, 21.294833143433301, 0.0 ], [ 39.705833559541567, 21.294839548115661, 0.0 ], [ 39.705835723770477, 21.294845931283806, 0.0 ], [ 39.70583796137781, 21.294852292194665, 0.0 ], [ 39.705840272103103, 21.29485863010785, 0.0 ], [ 39.705842655677401, 21.294864944285628, 0.0 ], [ 39.70584511182323, 21.294871233993, 0.0 ], [ 39.705847640254753, 21.294877498497826, 0.0 ], [ 39.70585024067762, 21.294883737070897, 0.0 ], [ 39.705852912789162, 21.294889948986068, 0.0 ], [ 39.705855656278345, 21.294896133520222, 0.0 ], [ 39.705858470825831, 21.294902289953473, 0.0 ], [ 39.705861356104002, 21.294908417569225, 0.0 ], [ 39.705864311777034, 21.294914515654188, 0.0 ], [ 39.705867337500877, 21.294920583498531, 0.0 ], [ 39.705870432923319, 21.294926620395955, 0.0 ], [ 39.705873597684104, 21.294932625643746, 0.0 ], [ 39.705876831414813, 21.294938598542874, 0.0 ], [ 39.705880133739051, 21.294944538398099, 0.0 ], [ 39.705883504272421, 21.29495044451799, 0.0 ], [ 39.70588694262262, 21.294956316215071, 0.0 ], [ 39.705890448389404, 21.294962152805869, 0.0 ], [ 39.705894021164696, 21.294967953610989, 0.0 ], [ 39.705897660532642, 21.294973717955195, 0.0 ], [ 39.705901366069618, 21.294979445167517, 0.0 ], [ 39.705905137344288, 21.294985134581268, 0.0 ], [ 39.705908973917673, 21.294990785534225, 0.0 ], [ 39.705912875343202, 21.294996397368593, 0.0 ], [ 39.705916841166754, 21.295001969431123, 0.0 ], [ 39.705920870926683, 21.295007501073236, 0.0 ], [ 39.705924964153937, 21.295012991651021, 0.0 ], [ 39.705929120372062, 21.295018440525375, 0.0 ], [ 39.705933339097271, 21.295023847062023, 0.0 ], [ 39.705937619838529, 21.295029210631654, 0.0 ], [ 39.705941962097484, 21.2950345306099, 0.0 ], [ 39.705946365368746, 21.295039806377531, 0.0 ], [ 39.705950829139773, 21.295045037320431, 0.0 ], [ 39.705955352890946, 21.295050222829698, 0.0 ], [ 39.705959936095724, 21.295055362301735, 0.0 ], [ 39.705964578220595, 21.295060455138284, 0.0 ], [ 39.70596927872522, 21.295065500746539, 0.0 ], [ 39.705974037062461, 21.295070498539175, 0.0 ], [ 39.705978852678435, 21.295075447934437, 0.0 ], [ 39.705983725012601, 21.295080348356191, 0.0 ], [ 39.705988653497812, 21.29508519923403, 0.0 ], [ 39.705993637560368, 21.295090000003306, 0.0 ], [ 39.70599867662014, 21.295094750105171, 0.0 ], [ 39.706003770090575, 21.29509944898675, 0.0 ], [ 39.706008917378767, 21.295104096101024, 0.0 ], [ 39.706014117885559, 21.295108690907092, 0.0 ], [ 39.706019371005645, 21.295113232870097, 0.0 ], [ 39.706024676127505, 21.295117721461338, 0.0 ], [ 39.706030032633642, 21.295122156158349, 0.0 ], [ 39.706035439900539, 21.295126536444911, 0.0 ], [ 39.706040897298777, 21.295130861811131, 0.0 ], [ 39.706046404193117, 21.295135131753547, 0.0 ], [ 39.706051959942535, 21.29513934577513, 0.0 ], [ 39.70605756390033, 21.295143503385333, 0.0 ], [ 39.706063215414204, 21.295147604100219, 0.0 ], [ 39.7060689138263, 21.295151647442459, 0.0 ], [ 39.70607465847332, 21.295155632941373, 0.0 ], [ 39.706080448686556, 21.295159560133055, 0.0 ], [ 39.706086283792018, 21.295163428560372, 0.0 ], [ 39.706092163110526, 21.295167237773025, 0.0 ], [ 39.706098085957663, 21.295170987327609, 0.0 ], [ 39.706104051644012, 21.295174676787667, 0.0 ], [ 39.706110059475172, 21.295178305723741, 0.0 ], [ 39.706116108751822, 21.295181873713421, 0.0 ], [ 39.706122198769762, 21.295185380341355, 0.0 ], [ 39.706128328820164, 21.295188825199393, 0.0 ], [ 39.706134498189442, 21.295192207886515, 0.0 ], [ 39.706140706159459, 21.295195528008989, 0.0 ], [ 39.706146952007622, 21.295198785180354, 0.0 ], [ 39.706153235006873, 21.295201979021424, 0.0 ], [ 39.706159554425867, 21.295205109160481, 0.0 ], [ 39.70616590952902, 21.295208175233121, 0.0 ], [ 39.706172299576551, 21.295211176882486, 0.0 ], [ 39.706178723824671, 21.29521411375914, 0.0 ], [ 39.706185181525562, 21.295216985521243, 0.0 ], [ 39.706191671927556, 21.295219791834516, 0.0 ], [ 39.706198194275125, 21.295222532372289, 0.0 ], [ 39.706204747809061, 21.295225206815552, 0.0 ], [ 39.706211331766532, 21.295227814852993, 0.0 ], [ 39.706217945381127, 21.295230356181055, 0.0 ], [ 39.706224587883007, 21.295232830503867, 0.0 ], [ 39.706231258498988, 21.295235237533475, 0.0 ], [ 39.706237956452554, 21.295237576989638, 0.0 ], [ 39.70624468096409, 21.295239848600069, 0.0 ], [ 39.706251431250813, 21.29524205210036, 0.0 ], [ 39.706258206526982, 21.295244187233976, 0.0 ], [ 39.706265006003946, 21.295246253752421, 0.0 ], [ 39.706271828890216, 21.295248251415114, 0.0 ], [ 39.706278674391562, 21.295250179989534, 0.0 ], [ 39.706285541711189, 21.295252039251203, 0.0 ], [ 39.706292430049722, 21.295253828983668, 0.0 ], [ 39.706299338605319, 21.295255548978641, 0.0 ], [ 39.706306266573812, 21.295257199035891, 0.0 ], [ 39.706313213148775, 21.295258778963326, 0.0 ], [ 39.706320177521583, 21.295260288577055, 0.0 ], [ 39.706327158881592, 21.295261727701366, 0.0 ], [ 39.706334156416126, 21.295263096168718, 0.0 ], [ 39.706341169310676, 21.295264393819846, 0.0 ], [ 39.706348196748898, 21.29526562050367, 0.0 ], [ 39.706355237912796, 21.29526677607743, 0.0 ], [ 39.706362291982749, 21.295267860406593, 0.0 ], [ 39.706369358137657, 21.295268873364947, 0.0 ], [ 39.706376435554972, 21.29526981483458, 0.0 ], [ 39.706383523410871, 21.295270684705898, 0.0 ], [ 39.706390620880327, 21.295271482877656, 0.0 ], [ 39.706397727137158, 21.295272209256947, 0.0 ], [ 39.706404841354178, 21.295272863759212, 0.0 ], [ 39.706411962703271, 21.295273446308254, 0.0 ], [ 39.706419090355496, 21.295273956836283, 0.0 ], [ 39.706424525982598, 21.295274297509781, 0.0 ], [ 39.707005043267387, 21.295294529871875, 0.0 ], [ 39.708063703743335, 21.295358538600901, 0.0 ], [ 39.708329658124867, 21.295367805353774, 0.0 ], [ 39.708998002324478, 21.295347149715354, 0.0 ], [ 39.709003724086976, 21.295346936718612, 0.0 ], [ 39.709009442278287, 21.295346651538225, 0.0 ], [ 39.709015155861117, 21.295346294225936, 0.0 ], [ 39.709020863798983, 21.29534586484656, 0.0 ], [ 39.709026565056412, 21.295345363477974, 0.0 ], [ 39.709032258599208, 21.295344790211146, 0.0 ], [ 39.709037943394506, 21.295344145150057, 0.0 ], [ 39.709043618411073, 21.295343428411741, 0.0 ], [ 39.709049282619411, 21.295342640126218, 0.0 ], [ 39.709054934992004, 21.29534178043648, 0.0 ], [ 39.709060574503489, 21.295340849498466, 0.0 ], [ 39.709066200130842, 21.295339847481074, 0.0 ], [ 39.709071810853516, 21.295338774566062, 0.0 ], [ 39.709077405653723, 21.295337630948065, 0.0 ], [ 39.709082983516517, 21.295336416834559, 0.0 ], [ 39.709088543430056, 21.295335132445761, 0.0 ], [ 39.709094084385761, 21.295333778014697, 0.0 ], [ 39.709099605378434, 21.295332353787035, 0.0 ], [ 39.709105105406564, 21.295330860021163, 0.0 ], [ 39.709110583472409, 21.295329296988058, 0.0 ], [ 39.709116038582231, 21.29532766497125, 0.0 ], [ 39.709121469746449, 21.295325964266802, 0.0 ], [ 39.709126875979798, 21.295324195183223, 0.0 ], [ 39.709132256301565, 21.295322358041439, 0.0 ], [ 39.709137609735748, 21.295320453174735, 0.0 ], [ 39.709142935311199, 21.295318480928639, 0.0 ], [ 39.709148232061857, 21.295316441660937, 0.0 ], [ 39.709153499026819, 21.295314335741551, 0.0 ], [ 39.709158735250654, 21.295312163552534, 0.0 ], [ 39.709163939783501, 21.295309925487892, 0.0 ], [ 39.709169111681206, 21.295307621953665, 0.0 ], [ 39.709174250005582, 21.295305253367701, 0.0 ], [ 39.709179353824489, 21.295302820159684, 0.0 ], [ 39.709184422212118, 21.295300322770981, 0.0 ], [ 39.709189454248964, 21.295297761654666, 0.0 ], [ 39.709194449022263, 21.295295137275339, 0.0 ], [ 39.70919940562591, 21.295292450109063, 0.0 ], [ 39.709204323160733, 21.295289700643277, 0.0 ], [ 39.709209200734712, 21.295286889376808, 0.0 ], [ 39.709214037463013, 21.295284016819593, 0.0 ], [ 39.709218832468217, 21.295281083492732, 0.0 ], [ 39.709223584880505, 21.295278089928367, 0.0 ], [ 39.709228293837775, 21.295275036669512, 0.0 ], [ 39.709232958485778, 21.295271924270086, 0.0 ], [ 39.70923757797835, 21.295268753294646, 0.0 ], [ 39.709242151477468, 21.295265524318445, 0.0 ], [ 39.709246678153512, 21.295262237927258, 0.0 ], [ 39.709251157185307, 21.295258894717215, 0.0 ], [ 39.709255587760339, 21.295255495294818, 0.0 ], [ 39.709259969074871, 21.295252040276715, 0.0 ], [ 39.709264300334141, 21.29524853028969, 0.0 ], [ 39.709268580752415, 21.295244965970461, 0.0 ], [ 39.709272809553219, 21.295241347965582, 0.0 ], [ 39.709276985969453, 21.295237676931443, 0.0 ], [ 39.709281109243449, 21.295233953533927, 0.0 ], [ 39.709285178627276, 21.295230178448502, 0.0 ], [ 39.709289193382702, 21.295226352359997, 0.0 ], [ 39.70929315278147, 21.295222475962472, 0.0 ], [ 39.709297056105285, 21.29521854995911, 0.0 ], [ 39.709300902646106, 21.295214575062129, 0.0 ], [ 39.709304691706137, 21.295210551992579, 0.0 ], [ 39.709308422598049, 21.295206481480268, 0.0 ], [ 39.709312094645028, 21.29520236426362, 0.0 ], [ 39.709315707180934, 21.29519820108948, 0.0 ], [ 39.70931925955049, 21.295193992713124, 0.0 ], [ 39.709322751109255, 21.295189739897928, 0.0 ], [ 39.709326181223837, 21.295185443415374, 0.0 ], [ 39.709329549272049, 21.295181104044893, 0.0 ], [ 39.709332854642859, 21.295176722573647, 0.0 ], [ 39.709336096736699, 21.295172299796466, 0.0 ], [ 39.709339274965437, 21.295167836515631, 0.0 ], [ 39.709342388752546, 21.295163333540845, 0.0 ], [ 39.709345437533131, 21.295158791688934, 0.0 ], [ 39.709348420754196, 21.295154211783831, 0.0 ], [ 39.709351337874537, 21.29514959465634, 0.0 ], [ 39.709354188364983, 21.295144941144031, 0.0 ], [ 39.709356971708473, 21.295140252091091, 0.0 ], [ 39.709359687400081, 21.295135528348123, 0.0 ], [ 39.709362334947187, 21.295130770772008, 0.0 ], [ 39.709364913869514, 21.295125980225823, 0.0 ], [ 39.709367423699256, 21.295121157578595, 0.0 ], [ 39.709369863981088, 21.295116303705164, 0.0 ], [ 39.709372234272372, 21.295111419486044, 0.0 ], [ 39.709374534143137, 21.295106505807254, 0.0 ], [ 39.709376763176152, 21.295101563560173, 0.0 ], [ 39.709378920967104, 21.295096593641297, 0.0 ], [ 39.709381007124549, 21.295091596952254, 0.0 ], [ 39.709383021270064, 21.295086574399434, 0.0 ], [ 39.709384963038261, 21.295081526893949, 0.0 ], [ 39.709386832076916, 21.295076455351431, 0.0 ], [ 39.709388628046995, 21.295071360691892, 0.0 ], [ 39.709390350622698, 21.295066243839536, 0.0 ], [ 39.709391999491544, 21.295061105722549, 0.0 ], [ 39.709393574354451, 21.295055947273028, 0.0 ], [ 39.70939507492573, 21.295050769426744, 0.0 ], [ 39.709396500933174, 21.29504557312298, 0.0 ], [ 39.709397852118094, 21.295040359304334, 0.0 ], [ 39.709398183518474, 21.295039031732287, 0.0 ], [ 39.709403757435844, 21.294899039130776, 0.0 ], [ 39.709366659182955, 21.294861590528708, 0.0 ], [ 39.706155661269385, 21.294749699268881, 0.0 ] ] ] ] } },
{ "type": "Feature", "properties": { "ID": "369", "BLOCK NAME": "B.1.19.16+17", "FILL-TOTAL": null, "CUT-TOTAL": null, "FILL-DONE": null, "CUT-DONE": null, "FILL-REMAN": null, "CUT-REMAN": null, "EQUPIMENTS": null, "CONTRACTOR": null, "STATUS": null }, "geometry": { "type": "MultiPolygon", "coordinates": [ [ [ [ 39.713561905238244, 21.292874472038338, 0.0 ], [ 39.714139935336121, 21.292894593669423, 0.0 ], [ 39.714242002102999, 21.29031297998252, 0.0 ], [ 39.714204903845399, 21.290275532418867, 0.0 ], [ 39.713203002862684, 21.290240653443313, 0.0 ], [ 39.713143045886333, 21.290292800287617, 0.0 ], [ 39.713141715326508, 21.290326239706189, 0.0 ], [ 39.713141652283966, 21.290328793821367, 0.0 ], [ 39.713141666357338, 21.290331348576466, 0.0 ], [ 39.713141757535382, 21.290333901927792, 0.0 ], [ 39.713141925745163, 21.290336451832768, 0.0 ], [ 39.713142170852109, 21.290338996251574, 0.0 ], [ 39.713142492660161, 21.290341533148776, 0.0 ], [ 39.713142890911868, 21.290344060494956, 0.0 ], [ 39.713143365288687, 21.290346576268327, 0.0 ], [ 39.713143915411102, 21.29034907845638, 0.0 ], [ 39.71314454083906, 21.29035156505747, 0.0 ], [ 39.713145241072255, 21.290354034082402, 0.0 ], [ 39.7131460155505, 21.290356483556064, 0.0 ], [ 39.713146863654295, 21.290358911518961, 0.0 ], [ 39.713147784705143, 21.290361316028832, 0.0 ], [ 39.713148777966275, 21.290363695162171, 0.0 ], [ 39.713149842643105, 21.290366047015745, 0.0 ], [ 39.713150977883963, 21.290368369708151, 0.0 ], [ 39.713152182780682, 21.290370661381385, 0.0 ], [ 39.713153456369405, 21.290372920202135, 0.0 ], [ 39.713154797631312, 21.290375144363463, 0.0 ], [ 39.713156205493426, 21.29037733208613, 0.0 ], [ 39.71315767882956, 21.290379481620032, 0.0 ], [ 39.713159216461086, 21.290381591245634, 0.0 ], [ 39.713160817157949, 21.29038365927531, 0.0 ], [ 39.713162479639671, 21.29038568405473, 0.0 ], [ 39.713164202576344, 21.290387663964147, 0.0 ], [ 39.713165984589651, 21.290389597419686, 0.0 ], [ 39.713167824254079, 21.290391482874696, 0.0 ], [ 39.713169720097966, 21.290393318820872, 0.0 ], [ 39.713171670604716, 21.290395103789518, 0.0 ], [ 39.713173674214012, 21.290396836352731, 0.0 ], [ 39.713175729323019, 21.290398515124537, 0.0 ], [ 39.713177834287769, 21.290400138761981, 0.0 ], [ 39.713179987424319, 21.290401705966211, 0.0 ], [ 39.713182187010297, 21.290403215483547, 0.0 ], [ 39.713184431286081, 21.290404666106397, 0.0 ], [ 39.713186718456377, 21.290406056674342, 0.0 ], [ 39.713189046691504, 21.290407386074978, 0.0 ], [ 39.713191414129, 21.290408653244835, 0.0 ], [ 39.713193818874977, 21.290409857170232, 0.0 ], [ 39.713196259005741, 21.290410996888063, 0.0 ], [ 39.713198732569296, 21.290412071486614, 0.0 ], [ 39.713199573190586, 21.290412418740363, 0.0 ], [ 39.713206404455974, 21.290415243730262, 0.0 ], [ 39.713213204210106, 21.290418134678102, 0.0 ], [ 39.713219971727668, 21.290421091275498, 0.0 ], [ 39.713226706286818, 21.290424113207106, 0.0 ], [ 39.71323340716922, 21.290427200150575, 0.0 ], [ 39.713240073660103, 21.290430351776656, 0.0 ], [ 39.713246705048398, 21.290433567749169, 0.0 ], [ 39.713253300626782, 21.290436847725093, 0.0 ], [ 39.713259859691725, 21.290440191354559, 0.0 ], [ 39.713266381543598, 21.290443598280916, 0.0 ], [ 39.713272865486758, 21.290447068140779, 0.0 ], [ 39.713279310829584, 21.290450600564029, 0.0 ], [ 39.713285716884592, 21.290454195173886, 0.0 ], [ 39.713292082968486, 21.290457851586932, 0.0 ], [ 39.713298408402217, 21.29046156941315, 0.0 ], [ 39.71330469251108, 21.290465348255971, 0.0 ], [ 39.713310934624779, 21.29046918771234, 0.0 ], [ 39.713317134077492, 21.290473087372728, 0.0 ], [ 39.713323290207974, 21.290477046821149, 0.0 ], [ 39.71332940235957, 21.290481065635309, 0.0 ], [ 39.713335469880313, 21.290485143386515, 0.0 ], [ 39.713341492123028, 21.290489279639818, 0.0 ], [ 39.713347468445342, 21.290493473954029, 0.0 ], [ 39.713353398209776, 21.290497725881767, 0.0 ], [ 39.713359280783841, 21.290502034969482, 0.0 ], [ 39.713365115540086, 21.290506400757568, 0.0 ], [ 39.713370901856116, 21.290510822780341, 0.0 ], [ 39.713376639114735, 21.290515300566124, 0.0 ], [ 39.713382326704, 21.290519833637298, 0.0 ], [ 39.713387964017201, 21.290524421510341, 0.0 ], [ 39.713393550453063, 21.290529063695882, 0.0 ], [ 39.713399085415702, 21.290533759698782, 0.0 ], [ 39.713404568314708, 21.29053850901813, 0.0 ], [ 39.713409998565268, 21.29054331114731, 0.0 ], [ 39.713415375588134, 21.290548165574155, 0.0 ], [ 39.713420698809777, 21.290553071780852, 0.0 ], [ 39.713425967662396, 21.290558029244071, 0.0 ], [ 39.713431181583971, 21.290563037435025, 0.0 ], [ 39.713436340018376, 21.290568095819516, 0.0 ], [ 39.713441442415331, 21.290573203858003, 0.0 ], [ 39.713446488230645, 21.290578361005618, 0.0 ], [ 39.713451476926068, 21.290583566712293, 0.0 ], [ 39.713456407969474, 21.290588820422744, 0.0 ], [ 39.713461280834906, 21.290594121576596, 0.0 ], [ 39.71346609500258, 21.290599469608402, 0.0 ], [ 39.713470849958981, 21.290604863947724, 0.0 ], [ 39.713475545196928, 21.290610304019133, 0.0 ], [ 39.713480180215576, 21.290615789242405, 0.0 ], [ 39.713484754520564, 21.290621319032443, 0.0 ], [ 39.713489267623935, 21.290626892799413, 0.0 ], [ 39.713493719044308, 21.290632509948793, 0.0 ], [ 39.713498108306851, 21.290638169881426, 0.0 ], [ 39.713502434943372, 21.290643871993588, 0.0 ], [ 39.713506698492374, 21.290649615677069, 0.0 ], [ 39.713510898499088, 21.290655400319224, 0.0 ], [ 39.713515034515503, 21.29066122530303, 0.0 ], [ 39.713519106100421, 21.290667090007144, 0.0 ], [ 39.713523112819587, 21.290672993806041, 0.0 ], [ 39.713527054245574, 21.290678936069973, 0.0 ], [ 39.713530929957976, 21.290684916165098, 0.0 ], [ 39.713534739543384, 21.290690933453572, 0.0 ], [ 39.713538482595425, 21.29069698729354, 0.0 ], [ 39.713542158714866, 21.290703077039268, 0.0 ], [ 39.713545767509558, 21.290709202041196, 0.0 ], [ 39.71354930859458, 21.290715361646011, 0.0 ], [ 39.713552781592199, 21.290721555196704, 0.0 ], [ 39.713556186131953, 21.290727782032597, 0.0 ], [ 39.713559521850712, 21.290734041489536, 0.0 ], [ 39.713562788392629, 21.290740332899844, 0.0 ], [ 39.713565985409303, 21.290746655592464, 0.0 ], [ 39.713569112559703, 21.290753008892956, 0.0 ], [ 39.713572169510236, 21.290759392123643, 0.0 ], [ 39.713575155934855, 21.290765804603691, 0.0 ], [ 39.713578071515002, 21.29077224564908, 0.0 ], [ 39.713580915939652, 21.290778714572774, 0.0 ], [ 39.713583688905409, 21.290785210684788, 0.0 ], [ 39.713586390116483, 21.290791733292163, 0.0 ], [ 39.713589019284747, 21.290798281699214, 0.0 ], [ 39.713591576129737, 21.29080485520743, 0.0 ], [ 39.713594060378725, 21.290811453115648, 0.0 ], [ 39.713596471766714, 21.290818074720093, 0.0 ], [ 39.71359881003648, 21.290824719314465, 0.0 ], [ 39.713601074938609, 21.290831386190046, 0.0 ], [ 39.713603266231495, 21.290838074635683, 0.0 ], [ 39.713605383681397, 21.290844783937938, 0.0 ], [ 39.713607427062442, 21.290851513381185, 0.0 ], [ 39.713609396156677, 21.290858262247617, 0.0 ], [ 39.713611290754031, 21.290865029817361, 0.0 ], [ 39.713613110652432, 21.290871815368558, 0.0 ], [ 39.713614855657724, 21.290878618177413, 0.0 ], [ 39.713616525583795, 21.290885437518305, 0.0 ], [ 39.713618120252498, 21.290892272663847, 0.0 ], [ 39.713619639493707, 21.290899122884941, 0.0 ], [ 39.713621083145384, 21.290905987450941, 0.0 ], [ 39.713622451053517, 21.290912865629608, 0.0 ], [ 39.713623743072205, 21.290919756687305, 0.0 ], [ 39.713624959063608, 21.29092665988896, 0.0 ], [ 39.713626098898011, 21.290933574498247, 0.0 ], [ 39.713627162453832, 21.290940499777626, 0.0 ], [ 39.713628149617598, 21.290947434988404, 0.0 ], [ 39.713629060284021, 21.290954379390826, 0.0 ], [ 39.71362989435594, 21.290961332244148, 0.0 ], [ 39.713630651744381, 21.290968292806777, 0.0 ], [ 39.713631332368557, 21.290975260336221, 0.0 ], [ 39.713631936155828, 21.290982234089316, 0.0 ], [ 39.713632463041812, 21.290989213322174, 0.0 ], [ 39.713632912970297, 21.290996197290365, 0.0 ], [ 39.713633285893238, 21.291003185248918, 0.0 ], [ 39.713633581770907, 21.291010176452485, 0.0 ], [ 39.713633800571685, 21.291017170155332, 0.0 ], [ 39.713633942272246, 21.291024165611464, 0.0 ], [ 39.713634006857433, 21.291031162074706, 0.0 ], [ 39.713633994320396, 21.291038158798788, 0.0 ], [ 39.71363390466243, 21.29104515503737, 0.0 ], [ 39.713633737893097, 21.291052150044212, 0.0 ], [ 39.713633509357457, 21.291058760738387, 0.0 ], [ 39.713561905238244, 21.292874472038338, 0.0 ] ] ] ] } },
{ "type": "Feature", "properties": { "ID": "460", "BLOCK NAME": "B.1.19.9+10", "FILL-TOTAL": null, "CUT-TOTAL": null, "FILL-DONE": null, "CUT-DONE": null, "FILL-REMAN": null, "CUT-REMAN": null, "EQUPIMENTS": null, "CONTRACTOR": null, "STATUS": null }, "geometry": { "type": "MultiPolygon", "coordinates": [ [ [ [ 39.713541156171139, 21.293379936149901, 0.0 ], [ 39.714119188249867, 21.293400057786062, 0.0 ], [ 39.716813678701911, 21.293493828120969, 0.0 ], [ 39.716853649975377, 21.293459062707313, 0.0 ], [ 39.716870879156552, 21.29302578873331, 0.0 ], [ 39.716833779545361, 21.292988341818123, 0.0 ], [ 39.714139298327716, 21.292894571495818, 0.0 ], [ 39.713561268229974, 21.292874449862531, 0.0 ], [ 39.713541156171139, 21.293379936149901, 0.0 ] ] ] ] } },
{ "type": "Feature", "properties": { "ID": "420", "BLOCK NAME": "B.1.19.1+2+3", "FILL-TOTAL": null, "CUT-TOTAL": null, "FILL-DONE": null, "CUT-DONE": null, "FILL-REMAN": null, "CUT-REMAN": null, "EQUPIMENTS": null, "CONTRACTOR": null, "STATUS": null }, "geometry": { "type": "MultiPolygon", "coordinates": [ [ [ [ 39.713541156171118, 21.293379936149901, 0.0 ], [ 39.713457115618063, 21.295492146141626, 0.0 ], [ 39.71351276476598, 21.295548317615125, 0.0 ], [ 39.715712063730464, 21.295624863962903, 0.0 ], [ 39.716380407176061, 21.295604178834818, 0.0 ], [ 39.716386128930289, 21.295603965585673, 0.0 ], [ 39.716391847109691, 21.29560368015316, 0.0 ], [ 39.716397560676995, 21.295603322589077, 0.0 ], [ 39.716403268595734, 21.295602892958264, 0.0 ], [ 39.716408969830454, 21.295602391338665, 0.0 ], [ 39.71641466334691, 21.295601817821293, 0.0 ], [ 39.71642034811228, 21.295601172510171, 0.0 ], [ 39.716426023095302, 21.295600455522365, 0.0 ], [ 39.716431687266521, 21.295599666987954, 0.0 ], [ 39.716437339598436, 21.295598807049949, 0.0 ], [ 39.716442979065647, 21.295597875864381, 0.0 ], [ 39.716448604645159, 21.295596873600161, 0.0 ], [ 39.716454215316446, 21.295595800439099, 0.0 ], [ 39.716459810061707, 21.295594656575876, 0.0 ], [ 39.716465387866037, 21.295593442217992, 0.0 ], [ 39.716470947717575, 21.295592157585766, 0.0 ], [ 39.716476488607761, 21.295590802912198, 0.0 ], [ 39.716482009531411, 21.295589378443044, 0.0 ], [ 39.716487509487038, 21.295587884436724, 0.0 ], [ 39.716492987476904, 21.295586321164251, 0.0 ], [ 39.716498442507259, 21.295584688909212, 0.0 ], [ 39.716503873588557, 21.295582987967702, 0.0 ], [ 39.716509279735575, 21.295581218648287, 0.0 ], [ 39.716514659967601, 21.29557938127191, 0.0 ], [ 39.716520013308632, 21.295577476171914, 0.0 ], [ 39.716525338787548, 21.295575503693875, 0.0 ], [ 39.716530635438282, 21.29557346419562, 0.0 ], [ 39.716535902299981, 21.29557135804713, 0.0 ], [ 39.71654113841722, 21.295569185630438, 0.0 ], [ 39.716546342840161, 21.295566947339662, 0.0 ], [ 39.71655151462469, 21.295564643580835, 0.0 ], [ 39.716556652832587, 21.295562274771868, 0.0 ], [ 39.716561756531775, 21.295559841342488, 0.0 ], [ 39.716566824796438, 21.295557343734082, 0.0 ], [ 39.716571856707148, 21.295554782399815, 0.0 ], [ 39.716576851351114, 21.295552157804241, 0.0 ], [ 39.716581807822266, 21.295549470423516, 0.0 ], [ 39.716586725221475, 21.295546720745154, 0.0 ], [ 39.716591602656699, 21.295543909267945, 0.0 ], [ 39.716596439243162, 21.295541036501898, 0.0 ], [ 39.716601234103479, 21.295538102968159, 0.0 ], [ 39.716605986367853, 21.29553510919888, 0.0 ], [ 39.71661069517419, 21.295532055737151, 0.0 ], [ 39.716615359668275, 21.295528943136887, 0.0 ], [ 39.716619979003994, 21.29552577196274, 0.0 ], [ 39.716624552343319, 21.295522542789925, 0.0 ], [ 39.716629078856684, 21.295519256204312, 0.0 ], [ 39.716633557722922, 21.295515912802035, 0.0 ], [ 39.716637988129577, 21.295512513189639, 0.0 ], [ 39.716642369272932, 21.2955090579838, 0.0 ], [ 39.716646700358233, 21.295505547811356, 0.0 ], [ 39.716650980599816, 21.295501983309038, 0.0 ], [ 39.716655209221223, 21.295498365123461, 0.0 ], [ 39.716659385455337, 21.295494693910996, 0.0 ], [ 39.716663508544634, 21.295490970337603, 0.0 ], [ 39.716667577741113, 21.295487195078774, 0.0 ], [ 39.716671592306625, 21.295483368819362, 0.0 ], [ 39.716675551512914, 21.295479492253449, 0.0 ], [ 39.716679454641778, 21.29547556608426, 0.0 ], [ 39.716683300985153, 21.295471591024043, 0.0 ], [ 39.716687089845315, 21.295467567793889, 0.0 ], [ 39.71669082053495, 21.295463497123624, 0.0 ], [ 39.716694492377286, 21.29545937975168, 0.0 ], [ 39.716698104706239, 21.295455216424987, 0.0 ], [ 39.71670165686654, 21.295451007898787, 0.0 ], [ 39.716705148213791, 21.295446754936513, 0.0 ], [ 39.716708578114684, 21.295442458309669, 0.0 ], [ 39.71671194594699, 21.295438118797708, 0.0 ], [ 39.716715251099778, 21.295433737187835, 0.0 ], [ 39.716718492973506, 21.295429314274855, 0.0 ], [ 39.716721670980064, 21.29542485086116, 0.0 ], [ 39.716724784542976, 21.295420347756394, 0.0 ], [ 39.716727833097437, 21.295415805777449, 0.0 ], [ 39.716730816090383, 21.295411225748282, 0.0 ], [ 39.716733732980742, 21.295406608499704, 0.0 ], [ 39.716736583239381, 21.295401954869309, 0.0 ], [ 39.716739366349216, 21.2953972657013, 0.0 ], [ 39.716742081805421, 21.295392541846304, 0.0 ], [ 39.716744729115405, 21.295387784161257, 0.0 ], [ 39.716747307798911, 21.295382993509229, 0.0 ], [ 39.716749817388205, 21.295378170759257, 0.0 ], [ 39.716752257428013, 21.295373316786186, 0.0 ], [ 39.716754627475709, 21.295368432470589, 0.0 ], [ 39.716756927101393, 21.295363518698469, 0.0 ], [ 39.716759155887857, 21.295358576361224, 0.0 ], [ 39.716761313430837, 21.29535360635543, 0.0 ], [ 39.716763399338944, 21.295348609582625, 0.0 ], [ 39.716765413233794, 21.295343586949283, 0.0 ], [ 39.716767354750054, 21.295338539366526, 0.0 ], [ 39.716769223535557, 21.295333467749991, 0.0 ], [ 39.716771019251262, 21.295328373019689, 0.0 ], [ 39.716772741571461, 21.295323256099856, 0.0 ], [ 39.71677439018373, 21.295318117918683, 0.0 ], [ 39.716775964788987, 21.295312959408285, 0.0 ], [ 39.716777465101607, 21.295307781504437, 0.0 ], [ 39.716778890849447, 21.295302585146409, 0.0 ], [ 39.716780241773868, 21.29529737127687, 0.0 ], [ 39.716780607023452, 21.295295906633612, 0.0 ], [ 39.71678616844369, 21.295156052069444, 0.0 ], [ 39.716749068300253, 21.295118605169261, 0.0 ], [ 39.714054548164306, 21.295024834793207, 0.0 ], [ 39.714119188249882, 21.293400057786059, 0.0 ], [ 39.713541156171118, 21.293379936149901, 0.0 ] ] ] ] } },
{ "type": "Feature", "properties": { "ID": "431", "BLOCK NAME": "B.1.20.1+2+7", "FILL-TOTAL": null, "CUT-TOTAL": null, "FILL-DONE": null, "CUT-DONE": null, "FILL-REMAN": null, "CUT-REMAN": null, "EQUPIMENTS": null, "CONTRACTOR": null, "STATUS": null }, "geometry": { "type": "MultiPolygon", "coordinates": [ [ [ [ 39.720382207923343, 21.293798728890174, 0.0 ], [ 39.720321772892405, 21.293796627481846, 0.0 ], [ 39.720102642736208, 21.293789007844083, 0.0 ], [ 39.720062672164666, 21.293823774009201, 0.0 ], [ 39.720006707538097, 21.295231914125559, 0.0 ], [ 39.717134427621595, 21.295132012265718, 0.0 ], [ 39.717094455976216, 21.295166777746708, 0.0 ], [ 39.717088973437214, 21.295304655912201, 0.0 ], [ 39.717089889196572, 21.295309951906535, 0.0 ], [ 39.717090881003131, 21.295315235855604, 0.0 ], [ 39.717091948676973, 21.295320506800863, 0.0 ], [ 39.71709309202447, 21.295325763786163, 0.0 ], [ 39.717094310838171, 21.295331005857832, 0.0 ], [ 39.717095604897004, 21.295336232064962, 0.0 ], [ 39.71709697396625, 21.295341441459492, 0.0 ], [ 39.717098417797537, 21.295346633096411, 0.0 ], [ 39.71709993612896, 21.295351806033953, 0.0 ], [ 39.717101528685113, 21.295356959333688, 0.0 ], [ 39.717103195177089, 21.29536209206081, 0.0 ], [ 39.717104935302579, 21.295367203284236, 0.0 ], [ 39.717106748745941, 21.295372292076735, 0.0 ], [ 39.717108635178214, 21.295377357515171, 0.0 ], [ 39.717110594257186, 21.295382398680694, 0.0 ], [ 39.717112625627507, 21.295387414658791, 0.0 ], [ 39.717114728920656, 21.295392404539545, 0.0 ], [ 39.717116903755091, 21.295397367417763, 0.0 ], [ 39.717119149736334, 21.295402302393168, 0.0 ], [ 39.717121466456909, 21.295407208570523, 0.0 ], [ 39.717123853496602, 21.295412085059827, 0.0 ], [ 39.717126310422373, 21.295416930976472, 0.0 ], [ 39.717128836788547, 21.295421745441381, 0.0 ], [ 39.717131432136817, 21.295426527581174, 0.0 ], [ 39.717134095996407, 21.295431276528387, 0.0 ], [ 39.717136827884083, 21.295435991421499, 0.0 ], [ 39.717139627304249, 21.295440671405224, 0.0 ], [ 39.717142493749115, 21.295445315630598, 0.0 ], [ 39.717145426698679, 21.295449923255124, 0.0 ], [ 39.71714842562092, 21.295454493442978, 0.0 ], [ 39.717151489971783, 21.295459025365084, 0.0 ], [ 39.717154619195433, 21.295463518199337, 0.0 ], [ 39.717157812724196, 21.295467971130723, 0.0 ], [ 39.717161069978751, 21.295472383351445, 0.0 ], [ 39.717164390368254, 21.295476754061127, 0.0 ], [ 39.717167773290342, 21.295481082466885, 0.0 ], [ 39.717171218131348, 21.295485367783531, 0.0 ], [ 39.717174724266393, 21.295489609233691, 0.0 ], [ 39.717178291059412, 21.295493806047951, 0.0 ], [ 39.7171819178634, 21.295497957464967, 0.0 ], [ 39.717185604020464, 21.295502062731664, 0.0 ], [ 39.717189348861872, 21.295506121103347, 0.0 ], [ 39.717193151708329, 21.295510131843791, 0.0 ], [ 39.717197011869978, 21.295514094225396, 0.0 ], [ 39.717200928646569, 21.295518007529441, 0.0 ], [ 39.717204901327598, 21.295521871045967, 0.0 ], [ 39.717208929192388, 21.295525684074143, 0.0 ], [ 39.717213011510268, 21.295529445922273, 0.0 ], [ 39.717217147540715, 21.295533155907926, 0.0 ], [ 39.717221336533406, 21.29553681335808, 0.0 ], [ 39.717225577728442, 21.295540417609285, 0.0 ], [ 39.717229870356483, 21.295543968007685, 0.0 ], [ 39.71723421363879, 21.295547463909244, 0.0 ], [ 39.717238606787511, 21.295550904679775, 0.0 ], [ 39.717243049005681, 21.295554289695115, 0.0 ], [ 39.717247539487467, 21.295557618341189, 0.0 ], [ 39.717252077418301, 21.295560890014166, 0.0 ], [ 39.71725666197495, 21.295564104120576, 0.0 ], [ 39.717261292325766, 21.295567260077352, 0.0 ], [ 39.717265967630787, 21.295570357311952, 0.0 ], [ 39.717270687041903, 21.295573395262554, 0.0 ], [ 39.717275449702967, 21.295576373378069, 0.0 ], [ 39.717280254750023, 21.295579291118241, 0.0 ], [ 39.717285101311433, 21.295582147953759, 0.0 ], [ 39.717289988507964, 21.295584943366407, 0.0 ], [ 39.717294915453088, 21.29558767684907, 0.0 ], [ 39.717299881253034, 21.295590347905868, 0.0 ], [ 39.717304885006961, 21.295592956052275, 0.0 ], [ 39.717309925807179, 21.295595500815153, 0.0 ], [ 39.717315002739269, 21.29559798173289, 0.0 ], [ 39.717320114882234, 21.295600398355397, 0.0 ], [ 39.71732526130873, 21.295602750244313, 0.0 ], [ 39.717330441085153, 21.295605036972983, 0.0 ], [ 39.717335653271853, 21.295607258126598, 0.0 ], [ 39.717340896923339, 21.29560941330222, 0.0 ], [ 39.717346171088373, 21.295611502108873, 0.0 ], [ 39.717351474810215, 21.295613524167646, 0.0 ], [ 39.717356807126713, 21.295615479111746, 0.0 ], [ 39.717362167070576, 21.295617366586512, 0.0 ], [ 39.717367553669469, 21.295619186249571, 0.0 ], [ 39.717372965946254, 21.29562093777081, 0.0 ], [ 39.717378402919124, 21.2956226208325, 0.0 ], [ 39.717383863601754, 21.295624235129321, 0.0 ], [ 39.717389347003568, 21.295625780368422, 0.0 ], [ 39.717394852129836, 21.295627256269515, 0.0 ], [ 39.717400377981917, 21.295628662564834, 0.0 ], [ 39.717405923557379, 21.295629998999292, 0.0 ], [ 39.717411487850242, 21.295631265330449, 0.0 ], [ 39.717417069851088, 21.295632461328566, 0.0 ], [ 39.717422668547336, 21.295633586776724, 0.0 ], [ 39.717428282923329, 21.29563464147073, 0.0 ], [ 39.717433911960626, 21.295635625219248, 0.0 ], [ 39.717439554638062, 21.295636537843865, 0.0 ], [ 39.717445209932023, 21.29563737917897, 0.0 ], [ 39.717450876816628, 21.295638149071983, 0.0 ], [ 39.717456554263869, 21.295638847383234, 0.0 ], [ 39.717461928357359, 21.295639441401722, 0.0 ], [ 39.718126243519244, 21.295708855788114, 0.0 ], [ 39.718501984584123, 21.295721925064505, 0.0 ], [ 39.719080708212047, 21.295718576308559, 0.0 ], [ 39.719644670424742, 21.295742330397488, 0.0 ], [ 39.71965156572778, 21.295742666963971, 0.0 ], [ 39.71965846462269, 21.295742931346716, 0.0 ], [ 39.719665366248705, 21.295743123512732, 0.0 ], [ 39.719672269744727, 21.295743243438032, 0.0 ], [ 39.719679174249414, 21.295743291107655, 0.0 ], [ 39.719686078901255, 21.295743266515665, 0.0 ], [ 39.719692982838829, 21.295743169665105, 0.0 ], [ 39.719699885200704, 21.295743000568109, 0.0 ], [ 39.719706785125673, 21.295742759245716, 0.0 ], [ 39.719713681752872, 21.295742445728077, 0.0 ], [ 39.719720574221789, 21.295742060054284, 0.0 ], [ 39.719727461672463, 21.295741602272475, 0.0 ], [ 39.719734343245563, 21.295741072439753, 0.0 ], [ 39.719741218082476, 21.295740470622249, 0.0 ], [ 39.719748085325456, 21.295739796895027, 0.0 ], [ 39.719754944117646, 21.295739051342164, 0.0 ], [ 39.719761793603325, 21.295738234056653, 0.0 ], [ 39.719768632927853, 21.295737345140505, 0.0 ], [ 39.719775461237923, 21.29573638470459, 0.0 ], [ 39.719782277681574, 21.295735352868775, 0.0 ], [ 39.719789081408294, 21.295734249761789, 0.0 ], [ 39.719795871569232, 21.29573307552128, 0.0 ], [ 39.719802647317167, 21.295731830293725, 0.0 ], [ 39.719809407806693, 21.295730514234513, 0.0 ], [ 39.719816152194326, 21.295729127507837, 0.0 ], [ 39.719822879638571, 21.295727670286723, 0.0 ], [ 39.719829589300055, 21.295726142752986, 0.0 ], [ 39.719836280341603, 21.295724545097212, 0.0 ], [ 39.719842951928413, 21.295722877518738, 0.0 ], [ 39.719849603228056, 21.295721140225634, 0.0 ], [ 39.719856233410681, 21.295719333434661, 0.0 ], [ 39.719862841649032, 21.295717457371243, 0.0 ], [ 39.71986942711861, 21.295715512269453, 0.0 ], [ 39.719875988997757, 21.295713498371985, 0.0 ], [ 39.71988252646775, 21.295711415930111, 0.0 ], [ 39.719889038712928, 21.295709265203648, 0.0 ], [ 39.719895524920751, 21.295707046460947, 0.0 ], [ 39.719901984281975, 21.295704759978825, 0.0 ], [ 39.719908415990652, 21.295702406042587, 0.0 ], [ 39.719914819244302, 21.295699984945912, 0.0 ], [ 39.719921193244026, 21.295697496990893, 0.0 ], [ 39.719927537194515, 21.295694942487934, 0.0 ], [ 39.719933850304265, 21.295692321755755, 0.0 ], [ 39.719940131785613, 21.295689635121342, 0.0 ], [ 39.719946380854786, 21.295686882919931, 0.0 ], [ 39.719952596732142, 21.295684065494893, 0.0 ], [ 39.719958778642109, 21.29568118319774, 0.0 ], [ 39.7199649258134, 21.295678236388092, 0.0 ], [ 39.719971037479027, 21.295675225433651, 0.0 ], [ 39.719977112876443, 21.295672150710065, 0.0 ], [ 39.719983151247661, 21.295669012600978, 0.0 ], [ 39.719989151839236, 21.295665811497898, 0.0 ], [ 39.71999511390252, 21.295662547800248, 0.0 ], [ 39.720001036693645, 21.295659221915233, 0.0 ], [ 39.720006919473612, 21.295655834257843, 0.0 ], [ 39.720012761508436, 21.29565238525069, 0.0 ], [ 39.720018562069228, 21.295648875324151, 0.0 ], [ 39.720024320432266, 21.295645304916135, 0.0 ], [ 39.720030035879098, 21.295641674472133, 0.0 ], [ 39.720035707696589, 21.29563798444509, 0.0 ], [ 39.720041335177108, 21.295634235295413, 0.0 ], [ 39.720046917618497, 21.295630427490885, 0.0 ], [ 39.720052454324275, 21.295626561506609, 0.0 ], [ 39.720057944603624, 21.295622637824909, 0.0 ], [ 39.720063387771532, 21.295618656935353, 0.0 ], [ 39.720068783148889, 21.295614619334657, 0.0 ], [ 39.720074130062486, 21.295610525526531, 0.0 ], [ 39.720079427845235, 21.295606376021809, 0.0 ], [ 39.720084675836127, 21.295602171338171, 0.0 ], [ 39.720089873380388, 21.295597912000257, 0.0 ], [ 39.720095019829536, 21.295593598539497, 0.0 ], [ 39.720100114541445, 21.295589231494077, 0.0 ], [ 39.720105156880486, 21.295584811408851, 0.0 ], [ 39.720110146217522, 21.295580338835308, 0.0 ], [ 39.720115081930054, 21.295575814331503, 0.0 ], [ 39.720119963402261, 21.295571238461935, 0.0 ], [ 39.720124790025096, 21.295566611797543, 0.0 ], [ 39.720129561196337, 21.295561934915568, 0.0 ], [ 39.720134276320728, 21.295557208399551, 0.0 ], [ 39.720138934809974, 21.295552432839195, 0.0 ], [ 39.720143536082816, 21.295547608830365, 0.0 ], [ 39.720148079565199, 21.295542736974927, 0.0 ], [ 39.720152564690231, 21.295537817880739, 0.0 ], [ 39.720156990898332, 21.295532852161546, 0.0 ], [ 39.720161357637231, 21.295527840436929, 0.0 ], [ 39.720165664362142, 21.295522783332164, 0.0 ], [ 39.720169910535695, 21.295517681478234, 0.0 ], [ 39.72017409562811, 21.295512535511669, 0.0 ], [ 39.720178219117237, 21.295507346074562, 0.0 ], [ 39.720182280488608, 21.295502113814347, 0.0 ], [ 39.720186279235499, 21.295496839383887, 0.0 ], [ 39.720190214858988, 21.295491523441228, 0.0 ], [ 39.720194086868041, 21.295486166649635, 0.0 ], [ 39.720197894779581, 21.295480769677479, 0.0 ], [ 39.720201638118489, 21.295475333198119, 0.0 ], [ 39.720205316417733, 21.295469857889877, 0.0 ], [ 39.720208929218359, 21.295464344435857, 0.0 ], [ 39.720212476069662, 21.295458793523999, 0.0 ], [ 39.720215956529088, 21.295453205846844, 0.0 ], [ 39.720219370162397, 21.295447582101612, 0.0 ], [ 39.720222716543667, 21.295441922989898, 0.0 ], [ 39.720225995255419, 21.295436229217831, 0.0 ], [ 39.720229205888572, 21.295430501495794, 0.0 ], [ 39.720232348042515, 21.295424740538419, 0.0 ], [ 39.720235421325256, 21.295418947064501, 0.0 ], [ 39.720238425353337, 21.295413121796852, 0.0 ], [ 39.720241359751974, 21.295407265462327, 0.0 ], [ 39.720244224155039, 21.295401378791556, 0.0 ], [ 39.720247018205157, 21.295395462519046, 0.0 ], [ 39.720249741553751, 21.295389517382954, 0.0 ], [ 39.720252393861017, 21.295383544125013, 0.0 ], [ 39.720254974796049, 21.29537754349052, 0.0 ], [ 39.720257484036836, 21.295371516228165, 0.0 ], [ 39.720259921270319, 21.29536546308994, 0.0 ], [ 39.72026228619243, 21.295359384831087, 0.0 ], [ 39.720264578508079, 21.295353282209984, 0.0 ], [ 39.720266797931309, 21.295347155988043, 0.0 ], [ 39.720268944185186, 21.295341006929611, 0.0 ], [ 39.720271017001949, 21.295334835801885, 0.0 ], [ 39.720273016122981, 21.29532864337483, 0.0 ], [ 39.720274941298875, 21.295322430421091, 0.0 ], [ 39.720276792289418, 21.295316197715792, 0.0 ], [ 39.720278568863691, 21.295309946036625, 0.0 ], [ 39.720280270800053, 21.295303676163556, 0.0 ], [ 39.72028189788616, 21.295297388878875, 0.0 ], [ 39.720283449918995, 21.295291084967047, 0.0 ], [ 39.720284926704956, 21.295284765214589, 0.0 ], [ 39.720286328059778, 21.295278430409986, 0.0 ], [ 39.720287653808626, 21.295272081343633, 0.0 ], [ 39.720288903786106, 21.295265718807691, 0.0 ], [ 39.72029007783626, 21.295259343595994, 0.0 ], [ 39.72029117581264, 21.295252956503941, 0.0 ], [ 39.720292197578239, 21.295246558328468, 0.0 ], [ 39.720293143005605, 21.295240149867844, 0.0 ], [ 39.720294011976769, 21.295233731921638, 0.0 ], [ 39.720294804383329, 21.295227305290595, 0.0 ], [ 39.720295520126427, 21.295220870776561, 0.0 ], [ 39.720296159116778, 21.295214429182352, 0.0 ], [ 39.720296721274657, 21.295207981311652, 0.0 ], [ 39.720297206529935, 21.295201527968974, 0.0 ], [ 39.720297540180724, 21.29519634751507, 0.0 ], [ 39.720319169682881, 21.294652097015994, 0.0 ], [ 39.720357117606198, 21.294430069145509, 0.0 ], [ 39.720382207923343, 21.293798728890174, 0.0 ] ] ] ] } },
{ "type": "Feature", "properties": { "ID": "462", "BLOCK NAME": "B.1.20.8+9", "FILL-TOTAL": null, "CUT-TOTAL": null, "FILL-DONE": null, "CUT-DONE": null, "FILL-REMAN": null, "CUT-REMAN": null, "EQUPIMENTS": null, "CONTRACTOR": null, "STATUS": null }, "geometry": { "type": "MultiPolygon", "coordinates": [ [ [ [ 39.720382207923343, 21.293798728890174, 0.0 ], [ 39.720408753579456, 21.293130764840132, 0.0 ], [ 39.720353102818287, 21.293074595687106, 0.0 ], [ 39.71723983666206, 21.292966313071343, 0.0 ], [ 39.71717988007984, 21.2930184613212, 0.0 ], [ 39.717161933960746, 21.293469788379909, 0.0 ], [ 39.717199033777987, 21.293507235211823, 0.0 ], [ 39.720328947481882, 21.293616096666675, 0.0 ], [ 39.720321772892405, 21.293796627481846, 0.0 ], [ 39.720382207923343, 21.293798728890174, 0.0 ] ] ] ] } },
{ "type": "Feature", "properties": { "ID": "272", "BLOCK NAME": "B.1.22.1", "FILL-TOTAL": null, "CUT-TOTAL": null, "FILL-DONE": null, "CUT-DONE": null, "FILL-REMAN": null, "CUT-REMAN": null, "EQUPIMENTS": null, "CONTRACTOR": null, "STATUS": null }, "geometry": { "type": "MultiPolygon", "coordinates": [ [ [ [ 39.720451082848413, 21.292065632788034, 0.0 ], [ 39.720388166333976, 21.29206344506985, 0.0 ], [ 39.720380991829764, 21.29224397594237, 0.0 ], [ 39.718554151040763, 21.292180443181529, 0.0 ], [ 39.718514180516387, 21.292215208986381, 0.0 ], [ 39.718496956179948, 21.292648483043443, 0.0 ], [ 39.718571156066226, 21.292723376110633, 0.0 ], [ 39.720364582085644, 21.292785746336843, 0.0 ], [ 39.720424537416449, 21.292733596983371, 0.0 ], [ 39.720451082848413, 21.292065632788034, 0.0 ] ] ] ] } },
{ "type": "Feature", "properties": { "ID": "446", "BLOCK NAME": "B.1.22.4+7", "FILL-TOTAL": null, "CUT-TOTAL": null, "FILL-DONE": null, "CUT-DONE": null, "FILL-REMAN": null, "CUT-REMAN": null, "EQUPIMENTS": null, "CONTRACTOR": null, "STATUS": null }, "geometry": { "type": "MultiPolygon", "coordinates": [ [ [ [ 39.720451082848413, 21.292065632788034, 0.0 ], [ 39.72052442198089, 21.290220177220654, 0.0 ], [ 39.720485795184835, 21.289662460639278, 0.0 ], [ 39.720166223817017, 21.289651348043815, 0.0 ], [ 39.718656777446135, 21.289598851108806, 0.0 ], [ 39.718616807625594, 21.28963361693356, 0.0 ], [ 39.718599583640803, 21.290066891219222, 0.0 ], [ 39.718636682929407, 21.290104337775642, 0.0 ], [ 39.720237403891012, 21.290160008520942, 0.0 ], [ 39.720163504266232, 21.292019476906233, 0.0 ], [ 39.720200604448145, 21.292056923071261, 0.0 ], [ 39.720388166333976, 21.29206344506985, 0.0 ], [ 39.720451082848413, 21.292065632788034, 0.0 ] ] ] ] } },
{ "type": "Feature", "properties": { "ID": "261", "BLOCK NAME": "B.1.22.10+11", "FILL-TOTAL": null, "CUT-TOTAL": null, "FILL-DONE": null, "CUT-DONE": null, "FILL-REMAN": null, "CUT-REMAN": null, "EQUPIMENTS": null, "CONTRACTOR": null, "STATUS": null }, "geometry": { "type": "MultiPolygon", "coordinates": [ [ [ [ 39.720164974027064, 21.289651304583124, 0.0 ], [ 39.720484545394775, 21.28966241718096, 0.0 ], [ 39.720429069667439, 21.288843414384623, 0.0 ], [ 39.720381575521827, 21.288576116036463, 0.0 ], [ 39.720336419134028, 21.287924100697687, 0.0 ], [ 39.720334246780872, 21.287917763094104, 0.0 ], [ 39.720332001129925, 21.287911447968199, 0.0 ], [ 39.720329682445808, 21.287905156064127, 0.0 ], [ 39.720327291001794, 21.28789888812333, 0.0 ], [ 39.720324827079679, 21.287892644884444, 0.0 ], [ 39.720322290969833, 21.287886427083162, 0.0 ], [ 39.720319682971109, 21.287880235452214, 0.0 ], [ 39.720317003390868, 21.287874070721216, 0.0 ], [ 39.720314252544867, 21.287867933616624, 0.0 ], [ 39.720311430757278, 21.287861824861643, 0.0 ], [ 39.720308538360626, 21.287855745176124, 0.0 ], [ 39.720305575695775, 21.287849695276506, 0.0 ], [ 39.720302543111856, 21.28784367587572, 0.0 ], [ 39.720299440966208, 21.287837687683094, 0.0 ], [ 39.720296269624448, 21.287831731404257, 0.0 ], [ 39.720293029460258, 21.28782580774115, 0.0 ], [ 39.720289720855483, 21.287819917391772, 0.0 ], [ 39.720286344200026, 21.287814061050277, 0.0 ], [ 39.720282899891799, 21.287808239406772, 0.0 ], [ 39.720279388336664, 21.287802453147279, 0.0 ], [ 39.720275809948461, 21.287796702953656, 0.0 ], [ 39.720272165148884, 21.287790989503495, 0.0 ], [ 39.720268454367414, 21.287785313470124, 0.0 ], [ 39.72026467804136, 21.287779675522348, 0.0 ], [ 39.720260836615729, 21.28777407632456, 0.0 ], [ 39.720256930543215, 21.287768516536612, 0.0 ], [ 39.720252960284093, 21.287762996813623, 0.0 ], [ 39.720248926306247, 21.287757517806071, 0.0 ], [ 39.720244829085054, 21.287752080159599, 0.0 ], [ 39.720240669103319, 21.287746684514961, 0.0 ], [ 39.720236446851281, 21.287741331508009, 0.0 ], [ 39.720232162826512, 21.287736021769547, 0.0 ], [ 39.720227817533804, 21.287730755925249, 0.0 ], [ 39.72022341148525, 21.287725534595651, 0.0 ], [ 39.720218945200067, 21.287720358396072, 0.0 ], [ 39.720214419204538, 21.287715227936435, 0.0 ], [ 39.720209834032033, 21.287710143821347, 0.0 ], [ 39.720205190222906, 21.287705106649899, 0.0 ], [ 39.720200488324359, 21.287700117015675, 0.0 ], [ 39.720195728890459, 21.287695175506666, 0.0 ], [ 39.720190912482096, 21.287690282705178, 0.0 ], [ 39.720186039666835, 21.287685439187776, 0.0 ], [ 39.720181111018888, 21.287680645525246, 0.0 ], [ 39.720176127119039, 21.287675902282444, 0.0 ], [ 39.720171088554622, 21.287671210018313, 0.0 ], [ 39.72016599591938, 21.287666569285815, 0.0 ], [ 39.720160849813439, 21.28766198063181, 0.0 ], [ 39.720155650843218, 21.287657444597006, 0.0 ], [ 39.720150399621367, 21.287652961715963, 0.0 ], [ 39.7201450967667, 21.287648532516933, 0.0 ], [ 39.720139742904102, 21.287644157521822, 0.0 ], [ 39.720134338664487, 21.287639837246228, 0.0 ], [ 39.720128884684698, 21.287635572199228, 0.0 ], [ 39.720123381607436, 21.287631362883424, 0.0 ], [ 39.720117830081193, 21.287627209794838, 0.0 ], [ 39.720112230760144, 21.287623113422871, 0.0 ], [ 39.720106584304148, 21.287619074250259, 0.0 ], [ 39.720100891378564, 21.287615092752947, 0.0 ], [ 39.720095152654253, 21.287611169400122, 0.0 ], [ 39.720089368807493, 21.287607304654145, 0.0 ], [ 39.72008354051983, 21.287603498970409, 0.0 ], [ 39.720077668478083, 21.287599752797384, 0.0 ], [ 39.720071753374214, 21.287596066576501, 0.0 ], [ 39.720065795905271, 21.287592440742177, 0.0 ], [ 39.720059796773285, 21.287588875721681, 0.0 ], [ 39.720053756685203, 21.287585371935084, 0.0 ], [ 39.72004767635277, 21.287581929795298, 0.0 ], [ 39.720041556492497, 21.287578549707934, 0.0 ], [ 39.720035397825576, 21.287575232071315, 0.0 ], [ 39.720029201077729, 21.287571977276372, 0.0 ], [ 39.720022966979194, 21.287568785706661, 0.0 ], [ 39.720016696264608, 21.287565657738288, 0.0 ], [ 39.720010389672872, 21.287562593739846, 0.0 ], [ 39.720004047947207, 21.287559594072384, 0.0 ], [ 39.719997671834882, 21.2875566590894, 0.0 ], [ 39.719991262087284, 21.28755378913673, 0.0 ], [ 39.719984819459746, 21.287550984552595, 0.0 ], [ 39.719978344711457, 21.28754824566748, 0.0 ], [ 39.719971838605396, 21.287545572804138, 0.0 ], [ 39.719965301908253, 21.287542966277524, 0.0 ], [ 39.719958735390321, 21.287540426394816, 0.0 ], [ 39.719952139825381, 21.287537953455292, 0.0 ], [ 39.719945515990688, 21.287535547750387, 0.0 ], [ 39.719938864666759, 21.287533209563552, 0.0 ], [ 39.719932186637415, 21.287530939170352, 0.0 ], [ 39.719925482689568, 21.287528736838325, 0.0 ], [ 39.719918753613229, 21.287526602826986, 0.0 ], [ 39.719912000201361, 21.287524537387807, 0.0 ], [ 39.719905223249768, 21.287522540764201, 0.0 ], [ 39.719898423557055, 21.287520613191408, 0.0 ], [ 39.719891601924509, 21.287518754896624, 0.0 ], [ 39.719884759155974, 21.287516966098785, 0.0 ], [ 39.719877896057803, 21.287515247008709, 0.0 ], [ 39.719871013438755, 21.287513597828958, 0.0 ], [ 39.719864112109875, 21.287512018753905, 0.0 ], [ 39.71985719288439, 21.287510509969582, 0.0 ], [ 39.719850256577715, 21.287509071653815, 0.0 ], [ 39.719843304007185, 21.287507703976097, 0.0 ], [ 39.719836335992092, 21.287506407097577, 0.0 ], [ 39.719829353353546, 21.287505181171085, 0.0 ], [ 39.719822356914406, 21.287504026341097, 0.0 ], [ 39.719815347499114, 21.287502942743696, 0.0 ], [ 39.719808325933649, 21.287501930506554, 0.0 ], [ 39.719801293045435, 21.287500989748974, 0.0 ], [ 39.719794249663252, 21.287500120581793, 0.0 ], [ 39.719787196617055, 21.287499323107461, 0.0 ], [ 39.719780134737995, 21.287498597419944, 0.0 ], [ 39.719773064858259, 21.28749794360473, 0.0 ], [ 39.719765987810923, 21.287497361738911, 0.0 ], [ 39.71975890442998, 21.287496851891024, 0.0 ], [ 39.719757622060598, 21.287496767332424, 0.0 ], [ 39.719175469457824, 21.287476809265048, 0.0 ], [ 39.718862855508185, 21.287436651712422, 0.0 ], [ 39.718762162845735, 21.287433149265382, 0.0 ], [ 39.718702209000384, 21.287485298030838, 0.0 ], [ 39.718684267655881, 21.287936625609824, 0.0 ], [ 39.718721366412424, 21.287974072181328, 0.0 ], [ 39.720053271631294, 21.288020395626749, 0.0 ], [ 39.720164974027064, 21.289651304583124, 0.0 ] ] ] ] } },
{ "type": "Feature", "properties": { "ID": "357", "BLOCK NAME": "B.1.21.8", "FILL-TOTAL": null, "CUT-TOTAL": null, "FILL-DONE": null, "CUT-DONE": null, "FILL-REMAN": null, "CUT-REMAN": null, "EQUPIMENTS": null, "CONTRACTOR": null, "STATUS": null }, "geometry": { "type": "MultiPolygon", "coordinates": [ [ [ [ 39.715862139822462, 21.28787459279593, 0.0 ], [ 39.715820782826626, 21.288914451346255, 0.0 ], [ 39.715857881129963, 21.288951898560391, 0.0 ], [ 39.716358827281205, 21.288969330990721, 0.0 ], [ 39.716398797475044, 21.288934565688756, 0.0 ], [ 39.716440150396799, 21.287894707133074, 0.0 ], [ 39.716461688241523, 21.287353114047527, 0.0 ], [ 39.71588367978898, 21.287332999713154, 0.0 ], [ 39.715862139822462, 21.28787459279593, 0.0 ] ] ] ] } },
{ "type": "Feature", "properties": { "ID": "284", "BLOCK NAME": "B.1.21.1+2+6", "FILL-TOTAL": null, "CUT-TOTAL": null, "FILL-DONE": null, "CUT-DONE": null, "FILL-REMAN": null, "CUT-REMAN": null, "EQUPIMENTS": null, "CONTRACTOR": null, "STATUS": null }, "geometry": { "type": "MultiPolygon", "coordinates": [ [ [ [ 39.71586213982247, 21.287874592795685, 0.0 ], [ 39.71588367978898, 21.287332999713154, 0.0 ], [ 39.713704173795556, 21.287257136230345, 0.0 ], [ 39.713698608416593, 21.287256978631884, 0.0 ], [ 39.713693041232318, 21.287256893275021, 0.0 ], [ 39.713687473310721, 21.287256880176113, 0.0 ], [ 39.713681905719973, 21.287256939337709, 0.0 ], [ 39.713676339528185, 21.287257070748442, 0.0 ], [ 39.713670775803202, 21.287257274383087, 0.0 ], [ 39.713665215612345, 21.287257550202593, 0.0 ], [ 39.713659660022337, 21.28725789815406, 0.0 ], [ 39.713654110098958, 21.287258318170714, 0.0 ], [ 39.713648566906919, 21.287258810171977, 0.0 ], [ 39.713643031509655, 21.287259374063478, 0.0 ], [ 39.713637504969078, 21.287260009737047, 0.0 ], [ 39.713631988345433, 21.287260717070698, 0.0 ], [ 39.713626482697009, 21.287261495928774, 0.0 ], [ 39.713620989080056, 21.287262346161821, 0.0 ], [ 39.713615508548472, 21.28726326760675, 0.0 ], [ 39.71361004215369, 21.287264260086793, 0.0 ], [ 39.71360459094435, 21.287265323411539, 0.0 ], [ 39.713599155966264, 21.287266457376997, 0.0 ], [ 39.713593738262055, 21.287267661765636, 0.0 ], [ 39.713588338871126, 21.287268936346383, 0.0 ], [ 39.713582958829264, 21.28727028087474, 0.0 ], [ 39.713577599168602, 21.287271695092755, 0.0 ], [ 39.71357226091736, 21.287273178729112, 0.0 ], [ 39.71356694509965, 21.287274731499217, 0.0 ], [ 39.713561652735287, 21.28727635310517, 0.0 ], [ 39.713556384839528, 21.287278043235858, 0.0 ], [ 39.713551142423022, 21.287279801567063, 0.0 ], [ 39.713545926491491, 21.287281627761438, 0.0 ], [ 39.713540738045545, 21.287283521468673, 0.0 ], [ 39.713535578080574, 21.287285482325462, 0.0 ], [ 39.713530447586479, 21.287287509955615, 0.0 ], [ 39.713525347547488, 21.287289603970169, 0.0 ], [ 39.713520278942049, 21.287291763967371, 0.0 ], [ 39.713515242742517, 21.287293989532863, 0.0 ], [ 39.713510239915045, 21.287296280239687, 0.0 ], [ 39.713505271419407, 21.287298635648387, 0.0 ], [ 39.713500338208782, 21.287301055307079, 0.0 ], [ 39.713495441229533, 21.287303538751587, 0.0 ], [ 39.713490581421162, 21.287306085505477, 0.0 ], [ 39.713485759715965, 21.287308695080174, 0.0 ], [ 39.713480977038962, 21.287311366975018, 0.0 ], [ 39.713476234307663, 21.28731410067747, 0.0 ], [ 39.71347153243196, 21.287316895663057, 0.0 ], [ 39.713466872313859, 21.287319751395604, 0.0 ], [ 39.713462254847364, 21.287322667327238, 0.0 ], [ 39.713457680918317, 21.28732564289858, 0.0 ], [ 39.71345315140421, 21.28732867753876, 0.0 ], [ 39.713448667173985, 21.287331770665624, 0.0 ], [ 39.713444229087905, 21.28733492168579, 0.0 ], [ 39.71343983799742, 21.287338129994708, 0.0 ], [ 39.713435494744907, 21.287341394976924, 0.0 ], [ 39.713434657337565, 21.28734203522221, 0.0 ], [ 39.713430324166907, 21.287346913040441, 0.0 ], [ 39.713426050547213, 21.287351836766774, 0.0 ], [ 39.713421837032577, 21.28735680576278, 0.0 ], [ 39.713417684169322, 21.287361819384209, 0.0 ], [ 39.713413592495918, 21.287366876980997, 0.0 ], [ 39.713409562542893, 21.287371977897386, 0.0 ], [ 39.713405594832729, 21.287377121472016, 0.0 ], [ 39.713401689879909, 21.287382307037976, 0.0 ], [ 39.713397848190759, 21.28738753392291, 0.0 ], [ 39.713394070263369, 21.287392801449126, 0.0 ], [ 39.713390356587574, 21.28739810893364, 0.0 ], [ 39.713386707644922, 21.287403455688295, 0.0 ], [ 39.713383123908514, 21.287408841019825, 0.0 ], [ 39.713379605843016, 21.287414264230005, 0.0 ], [ 39.713376153904576, 21.287419724615674, 0.0 ], [ 39.713372768540779, 21.287425221468837, 0.0 ], [ 39.713369450190577, 21.287430754076766, 0.0 ], [ 39.713366199284224, 21.287436321722154, 0.0 ], [ 39.713363016243228, 21.287441923683094, 0.0 ], [ 39.71335990148031, 21.28744755923325, 0.0 ], [ 39.713356855399333, 21.287453227641908, 0.0 ], [ 39.713353878395246, 21.287458928174139, 0.0 ], [ 39.713350970854044, 21.287464660090816, 0.0 ], [ 39.713348133152756, 21.287470422648738, 0.0 ], [ 39.713345365659272, 21.287476215100742, 0.0 ], [ 39.713342668732459, 21.28748203669582, 0.0 ], [ 39.71334004272201, 21.287487886679138, 0.0 ], [ 39.713337487968388, 21.287493764292197, 0.0 ], [ 39.713335004802865, 21.287499668772906, 0.0 ], [ 39.713332593547413, 21.287505599355718, 0.0 ], [ 39.71333025451468, 21.287511555271681, 0.0 ], [ 39.713327988007933, 21.287517535748552, 0.0 ], [ 39.713325794321086, 21.287523540010923, 0.0 ], [ 39.713323673738543, 21.287529567280298, 0.0 ], [ 39.713321626535262, 21.28753561677517, 0.0 ], [ 39.713319652976715, 21.28754168771119, 0.0 ], [ 39.713317753318798, 21.287547779301214, 0.0 ], [ 39.713315927807812, 21.287553890755419, 0.0 ], [ 39.713314176680456, 21.28756002128139, 0.0 ], [ 39.713312500163788, 21.287566170084251, 0.0 ], [ 39.713310898475214, 21.287572336366782, 0.0 ], [ 39.71330937182239, 21.28757851932945, 0.0 ], [ 39.713307920403288, 21.287584718170589, 0.0 ], [ 39.71330654440608, 21.287590932086488, 0.0 ], [ 39.713305244009227, 21.28759716027141, 0.0 ], [ 39.713304019381304, 21.287603401917881, 0.0 ], [ 39.713302870681112, 21.287609656216581, 0.0 ], [ 39.713301798057621, 21.287615922356601, 0.0 ], [ 39.713300801649893, 21.287622199525469, 0.0 ], [ 39.713299881587155, 21.28762848690932, 0.0 ], [ 39.713299037988691, 21.287634783692926, 0.0 ], [ 39.713298270963882, 21.287641089059854, 0.0 ], [ 39.713297580612206, 21.287647402192565, 0.0 ], [ 39.713296967023183, 21.287653722272498, 0.0 ], [ 39.713296430276358, 21.287660048480216, 0.0 ], [ 39.713295970441393, 21.287666379995471, 0.0 ], [ 39.713295587577853, 21.287672715997328, 0.0 ], [ 39.713295281735419, 21.287679055664256, 0.0 ], [ 39.713295231211369, 21.287680288793684, 0.0 ], [ 39.71323619667875, 21.287951726568309, 0.0 ], [ 39.71315884923844, 21.289895632247028, 0.0 ], [ 39.713214496096484, 21.289951803959088, 0.0 ], [ 39.714210511223555, 21.289986478114226, 0.0 ], [ 39.714250482206225, 21.289951713307346, 0.0 ], [ 39.714335229023838, 21.287821447795302, 0.0 ], [ 39.71586213982247, 21.287874592795685, 0.0 ] ] ] ] } },
{ "type": "Feature", "properties": { "ID": "366", "BLOCK NAME": "B.1.26.1", "FILL-TOTAL": null, "CUT-TOTAL": null, "FILL-DONE": null, "CUT-DONE": null, "FILL-REMAN": null, "CUT-REMAN": null, "EQUPIMENTS": null, "CONTRACTOR": null, "STATUS": null }, "geometry": { "type": "MultiPolygon", "coordinates": [ [ [ [ 39.713359196497976, 21.286205634205082, 0.0 ], [ 39.712729279967213, 21.286183701373428, 0.0 ], [ 39.712883547929735, 21.286386217547914, 0.0 ], [ 39.712886904304021, 21.286390563935644, 0.0 ], [ 39.712890322854086, 21.286394867564947, 0.0 ], [ 39.712893802959798, 21.286399127655113, 0.0 ], [ 39.712897343989845, 21.286403343433332, 0.0 ], [ 39.712900945301868, 21.286407514134869, 0.0 ], [ 39.712904606242603, 21.286411639003109, 0.0 ], [ 39.712908326147911, 21.286415717289785, 0.0 ], [ 39.712912104343005, 21.286419748255089, 0.0 ], [ 39.712915940142516, 21.286423731167801, 0.0 ], [ 39.712919832850588, 21.286427665305354, 0.0 ], [ 39.712923781761098, 21.286431549954109, 0.0 ], [ 39.712927786157685, 21.286435384409369, 0.0 ], [ 39.712931845313925, 21.286439167975534, 0.0 ], [ 39.712935958493482, 21.286442899966271, 0.0 ], [ 39.712940124950229, 21.286446579704542, 0.0 ], [ 39.712944343928321, 21.286450206522854, 0.0 ], [ 39.712948614662437, 21.286453779763285, 0.0 ], [ 39.712952936377846, 21.286457298777599, 0.0 ], [ 39.712957308290548, 21.286460762927476, 0.0 ], [ 39.712961729607507, 21.286464171584466, 0.0 ], [ 39.712966199526626, 21.286467524130238, 0.0 ], [ 39.712970717237091, 21.286470819956616, 0.0 ], [ 39.712975281919334, 21.286474058465721, 0.0 ], [ 39.712979892745309, 21.286477239070074, 0.0 ], [ 39.712984548878609, 21.286480361192716, 0.0 ], [ 39.71298924947456, 21.286483424267249, 0.0 ], [ 39.712993993680477, 21.286486427738023, 0.0 ], [ 39.712998780635736, 21.286489371060217, 0.0 ], [ 39.713003609471947, 21.286492253699862, 0.0 ], [ 39.71300847931316, 21.286495075134063, 0.0 ], [ 39.713013389275936, 21.286497834850969, 0.0 ], [ 39.713018338469617, 21.286500532349987, 0.0 ], [ 39.71302332599636, 21.286503167141753, 0.0 ], [ 39.713028350951433, 21.2865057387483, 0.0 ], [ 39.713033412423272, 21.286508246703136, 0.0 ], [ 39.7130385094937, 21.286510690551321, 0.0 ], [ 39.713043641238094, 21.286513069849487, 0.0 ], [ 39.713048806725531, 21.286515384166055, 0.0 ], [ 39.713054005018954, 21.286517633081179, 0.0 ], [ 39.713059235175372, 21.28651981618691, 0.0 ], [ 39.713064496246005, 21.286521933087197, 0.0 ], [ 39.713069787276467, 21.286523983398048, 0.0 ], [ 39.713075107306956, 21.286525966747504, 0.0 ], [ 39.713080455372378, 21.286527882775797, 0.0 ], [ 39.713085830502557, 21.286529731135314, 0.0 ], [ 39.713091231722451, 21.286531511490814, 0.0 ], [ 39.713096658052208, 21.286533223519267, 0.0 ], [ 39.713102108507492, 21.286534866910152, 0.0 ], [ 39.713107582099568, 21.28653644136531, 0.0 ], [ 39.713113077835473, 21.286537946599157, 0.0 ], [ 39.713118594718281, 21.286539382338631, 0.0 ], [ 39.713124131747179, 21.286540748323254, 0.0 ], [ 39.713129687917721, 21.286542044305268, 0.0 ], [ 39.713135262222011, 21.286543270049556, 0.0 ], [ 39.71314085364881, 21.286544425333759, 0.0 ], [ 39.713146461183825, 21.286545509948304, 0.0 ], [ 39.71315208380981, 21.286546523696451, 0.0 ], [ 39.713156225717547, 21.28654722354938, 0.0 ], [ 39.713162278036222, 21.286548253923527, 0.0 ], [ 39.71316831608415, 21.286549355312697, 0.0 ], [ 39.713174338912332, 21.286550527543771, 0.0 ], [ 39.713180345574187, 21.286551770432521, 0.0 ], [ 39.713186335125663, 21.28655308378362, 0.0 ], [ 39.713192306625373, 21.286554467390609, 0.0 ], [ 39.713198259134828, 21.286555921036079, 0.0 ], [ 39.713204191718447, 21.286557444491532, 0.0 ], [ 39.713210103443821, 21.28655903751752, 0.0 ], [ 39.713215993381816, 21.286560699863703, 0.0 ], [ 39.713221860606744, 21.286562431268791, 0.0 ], [ 39.713227704196449, 21.28656423146067, 0.0 ], [ 39.713233523232489, 21.286566100156392, 0.0 ], [ 39.713239316800333, 21.286568037062288, 0.0 ], [ 39.713245083989399, 21.286570041873919, 0.0 ], [ 39.713250823893247, 21.286572114276179, 0.0 ], [ 39.713256535609787, 21.286574253943378, 0.0 ], [ 39.713262218241276, 21.286576460539205, 0.0 ], [ 39.713267870894619, 21.286578733716887, 0.0 ], [ 39.713273492681402, 21.286581073119105, 0.0 ], [ 39.713279082718017, 21.286583478378237, 0.0 ], [ 39.713284640125913, 21.286585949116194, 0.0 ], [ 39.713290164031655, 21.286588484944698, 0.0 ], [ 39.713295653567052, 21.286591085465183, 0.0 ], [ 39.713301107869299, 21.286593750268917, 0.0 ], [ 39.713306526081183, 21.28659647893711, 0.0 ], [ 39.713311907351112, 21.286599271040867, 0.0 ], [ 39.713317250833349, 21.286602126141375, 0.0 ], [ 39.71332255568803, 21.286605043789894, 0.0 ], [ 39.713327821081421, 21.286608023527887, 0.0 ], [ 39.713333046185959, 21.286611064887001, 0.0 ], [ 39.713338230180426, 21.286614167389267, 0.0 ], [ 39.713343372250051, 21.286617330547028, 0.0 ], [ 39.71334847158667, 21.286620553863163, 0.0 ], [ 39.713353527388847, 21.286623836831065, 0.0 ], [ 39.713358538861932, 21.286627178934765, 0.0 ], [ 39.713363505218297, 21.286630579648968, 0.0 ], [ 39.713368425677373, 21.286634038439196, 0.0 ], [ 39.71337329946585, 21.28663755476186, 0.0 ], [ 39.713378125817684, 21.286641128064286, 0.0 ], [ 39.713382903974349, 21.286644757784853, 0.0 ], [ 39.71338763318483, 21.286648443353123, 0.0 ], [ 39.713392312705892, 21.286652184189791, 0.0 ], [ 39.713396941802024, 21.286655979706957, 0.0 ], [ 39.713401519745695, 21.286659829308054, 0.0 ], [ 39.713402602897595, 21.286660754456666, 0.0 ], [ 39.713407944442835, 21.286664802994984, 0.0 ], [ 39.71341333415684, 21.286668795094432, 0.0 ], [ 39.713418771360544, 21.286672730252061, 0.0 ], [ 39.71342425536897, 21.286676607972055, 0.0 ], [ 39.713429785491137, 21.286680427765866, 0.0 ], [ 39.713435361030314, 21.286684189152247, 0.0 ], [ 39.713440981284066, 21.286687891657291, 0.0 ], [ 39.713446645544266, 21.286691534814516, 0.0 ], [ 39.713452353097281, 21.286695118164925, 0.0 ], [ 39.713458103224028, 21.28669864125705, 0.0 ], [ 39.713463895200022, 21.286702103646988, 0.0 ], [ 39.713469728295557, 21.286705504898549, 0.0 ], [ 39.71347560177572, 21.286708844583185, 0.0 ], [ 39.713481514900479, 21.286712122280143, 0.0 ], [ 39.713487466924867, 21.286715337576439, 0.0 ], [ 39.713493457098984, 21.286718490066992, 0.0 ], [ 39.713499484668105, 21.28672157935463, 0.0 ], [ 39.713505548872838, 21.286724605050107, 0.0 ], [ 39.713511648949137, 21.286727566772225, 0.0 ], [ 39.713517784128463, 21.286730464147837, 0.0 ], [ 39.713523953637825, 21.286733296811903, 0.0 ], [ 39.713530156699946, 21.286736064407506, 0.0 ], [ 39.713536392533271, 21.286738766585998, 0.0 ], [ 39.713542660352168, 21.286741403006904, 0.0 ], [ 39.713548959366946, 21.286743973338073, 0.0 ], [ 39.713555288783979, 21.286746477255647, 0.0 ], [ 39.713561647805832, 21.286748914444175, 0.0 ], [ 39.713568035631326, 21.286751284596583, 0.0 ], [ 39.713574451455649, 21.28675358741426, 0.0 ], [ 39.713580894470468, 21.286755822607073, 0.0 ], [ 39.713587363864029, 21.286757989893406, 0.0 ], [ 39.713593858821241, 21.2867600890002, 0.0 ], [ 39.7136003785238, 21.286762119662985, 0.0 ], [ 39.713606922150284, 21.286764081625918, 0.0 ], [ 39.713613488876284, 21.286765974641835, 0.0 ], [ 39.713620077874424, 21.286767798472177, 0.0 ], [ 39.713626688314534, 21.286769552887218, 0.0 ], [ 39.713633319363815, 21.286771237665896, 0.0 ], [ 39.713639970186762, 21.286772852595906, 0.0 ], [ 39.713646639945473, 21.286774397473859, 0.0 ], [ 39.713653327799591, 21.286775872105032, 0.0 ], [ 39.713660032906525, 21.286777276303706, 0.0 ], [ 39.713666754421467, 21.28677860989292, 0.0 ], [ 39.713673491497609, 21.286779872704674, 0.0 ], [ 39.713680243286113, 21.28678106457987, 0.0 ], [ 39.713687008936326, 21.286782185368327, 0.0 ], [ 39.71369378759583, 21.286783234928837, 0.0 ], [ 39.713700578410574, 21.28678421312917, 0.0 ], [ 39.713707380525008, 21.286785119846098, 0.0 ], [ 39.713714193082097, 21.286785954965364, 0.0 ], [ 39.713721015223513, 21.286786718381748, 0.0 ], [ 39.71372784608976, 21.286787409999082, 0.0 ], [ 39.713734684820189, 21.286788029730229, 0.0 ], [ 39.713741530553179, 21.286788577497088, 0.0 ], [ 39.713748382426239, 21.28678905323066, 0.0 ], [ 39.713755239576109, 21.286789456871009, 0.0 ], [ 39.713762101138826, 21.286789788367273, 0.0 ], [ 39.713768966249901, 21.286790047677698, 0.0 ], [ 39.713775834044412, 21.286790234769612, 0.0 ], [ 39.71378270365706, 21.286790349619437, 0.0 ], [ 39.713789574222332, 21.286790392212698, 0.0 ], [ 39.713796444874632, 21.286790362544043, 0.0 ], [ 39.713797437961638, 21.2867903522781, 0.0 ], [ 39.715824887131937, 21.286860923253393, 0.0 ], [ 39.715884841778319, 21.28680877548668, 0.0 ], [ 39.715902791664668, 21.286357447823608, 0.0 ], [ 39.715865694023663, 21.286320000577771, 0.0 ], [ 39.713358119039867, 21.286232713865768, 0.0 ], [ 39.713359196497976, 21.286205634205082, 0.0 ] ] ] ] } },
{ "type": "Feature", "properties": { "ID": "382", "BLOCK NAME": "B.1.26.2", "FILL-TOTAL": null, "CUT-TOTAL": null, "FILL-DONE": null, "CUT-DONE": null, "FILL-REMAN": null, "CUT-REMAN": null, "EQUPIMENTS": null, "CONTRACTOR": null, "STATUS": null }, "geometry": { "type": "MultiPolygon", "coordinates": [ [ [ [ 39.712658530143045, 21.286090823882944, 0.0 ], [ 39.712729238515912, 21.286183699930064, 0.0 ], [ 39.713359196497983, 21.286205634205068, 0.0 ], [ 39.71338541457353, 21.285546695748909, 0.0 ], [ 39.713348317764542, 21.285509247911172, 0.0 ], [ 39.712518290610923, 21.285480346680679, 0.0 ], [ 39.712157055354616, 21.285005919322188, 0.0 ], [ 39.71192162279447, 21.285163321067554, 0.0 ], [ 39.712355707913254, 21.285733426257053, 0.0 ], [ 39.712658530143045, 21.286090823882944, 0.0 ] ] ] ] } },
{ "type": "Feature", "properties": { "ID": "259", "BLOCK NAME": "B.1.26.3+6", "FILL-TOTAL": null, "CUT-TOTAL": null, "FILL-DONE": null, "CUT-DONE": null, "FILL-REMAN": null, "CUT-REMAN": null, "EQUPIMENTS": null, "CONTRACTOR": null, "STATUS": null }, "geometry": { "type": "MultiPolygon", "coordinates": [ [ [ [ 39.710570448300956, 21.283388720764226, 0.0 ], [ 39.71192162279447, 21.285163321067554, 0.0 ], [ 39.712157055354616, 21.285005919322188, 0.0 ], [ 39.711573574531855, 21.284239597923769, 0.0 ], [ 39.71156972732156, 21.28423448289621, 0.0 ], [ 39.711565943405795, 21.284229326577293, 0.0 ], [ 39.711562223289029, 21.284224129654504, 0.0 ], [ 39.711558567467314, 21.284218892820778, 0.0 ], [ 39.711554976428062, 21.284213616774348, 0.0 ], [ 39.711551450650063, 21.284208302218715, 0.0 ], [ 39.711547990603449, 21.284202949862443, 0.0 ], [ 39.711544596749526, 21.284197560419226, 0.0 ], [ 39.71154126954081, 21.28419213460764, 0.0 ], [ 39.71153800942092, 21.284186673151133, 0.0 ], [ 39.711534816824546, 21.284181176777885, 0.0 ], [ 39.711531692177331, 21.284175646220763, 0.0 ], [ 39.711528635895924, 21.284170082217166, 0.0 ], [ 39.711525648387777, 21.284164485508953, 0.0 ], [ 39.711522730051264, 21.284158856842371, 0.0 ], [ 39.711519881275464, 21.284153196967903, 0.0 ], [ 39.711517102440204, 21.284147506640185, 0.0 ], [ 39.711514393915998, 21.284141786617962, 0.0 ], [ 39.711511756063963, 21.284136037663867, 0.0 ], [ 39.711509189235819, 21.28413026054443, 0.0 ], [ 39.711506693773799, 21.284124456029957, 0.0 ], [ 39.7115042700106, 21.284118624894372, 0.0 ], [ 39.711501918269398, 21.284112767915161, 0.0 ], [ 39.711499638863771, 21.28410688587325, 0.0 ], [ 39.711497432097602, 21.284100979552903, 0.0 ], [ 39.711495298265135, 21.284095049741651, 0.0 ], [ 39.711493237650856, 21.284089097230119, 0.0 ], [ 39.711491250529512, 21.284083122811985, 0.0 ], [ 39.71148933716605, 21.284077127283823, 0.0 ], [ 39.711487497815568, 21.284071111445051, 0.0 ], [ 39.711485732723304, 21.284065076097765, 0.0 ], [ 39.711484042124617, 21.284059022046687, 0.0 ], [ 39.711482426244864, 21.284052950099021, 0.0 ], [ 39.711480885299515, 21.284046861064347, 0.0 ], [ 39.711479419494033, 21.28404075575455, 0.0 ], [ 39.711478029023802, 21.284034634983687, 0.0 ], [ 39.711476714074266, 21.284028499567818, 0.0 ], [ 39.711475474820716, 21.284022350325024, 0.0 ], [ 39.711474311428361, 21.284016188075192, 0.0 ], [ 39.711473224052334, 21.284010013639953, 0.0 ], [ 39.711472212837606, 21.284003827842568, 0.0 ], [ 39.711471277918967, 21.283997631507816, 0.0 ], [ 39.711470419421104, 21.283991425461849, 0.0 ], [ 39.711469637458457, 21.283985210532165, 0.0 ], [ 39.711468932135254, 21.283978987547407, 0.0 ], [ 39.711468303545566, 21.283972757337295, 0.0 ], [ 39.711467751773185, 21.283966520732523, 0.0 ], [ 39.711467276891646, 21.283960278564653, 0.0 ], [ 39.711466878964281, 21.283954031665953, 0.0 ], [ 39.711466558044123, 21.283947780869365, 0.0 ], [ 39.711466314173975, 21.283941527008292, 0.0 ], [ 39.711466147386318, 21.283935270916597, 0.0 ], [ 39.711466057703404, 21.28392901342842, 0.0 ], [ 39.711466045137144, 21.283922755378086, 0.0 ], [ 39.711466109689233, 21.283916497600011, 0.0 ], [ 39.711466251351055, 21.283910240928559, 0.0 ], [ 39.711466442576715, 21.283904666342885, 0.0 ], [ 39.711490058476528, 21.283311317900463, 0.0 ], [ 39.711452962715533, 21.283273869590897, 0.0 ], [ 39.710652518624983, 21.283245988594487, 0.0 ], [ 39.710649792846894, 21.283245929798351, 0.0 ], [ 39.710647066374968, 21.283245943258084, 0.0 ], [ 39.7106443413902, 21.283246028962882, 0.0 ], [ 39.710641620072479, 21.283246186844195, 0.0 ], [ 39.710638904598781, 21.283246416775746, 0.0 ], [ 39.710636197141341, 21.283246718573576, 0.0 ], [ 39.710633499866013, 21.283247091996266, 0.0 ], [ 39.710630814930532, 21.283247536745094, 0.0 ], [ 39.710628144482712, 21.283248052464288, 0.0 ], [ 39.710625490658799, 21.283248638741298, 0.0 ], [ 39.710622855581754, 21.28324929510709, 0.0 ], [ 39.710620241359521, 21.283250021036633, 0.0 ], [ 39.710617650083378, 21.28325081594922, 0.0 ], [ 39.710615083826234, 21.28325167920892, 0.0 ], [ 39.710612544640988, 21.283252610125192, 0.0 ], [ 39.710610034558897, 21.283253607953327, 0.0 ], [ 39.71060755558792, 21.28325467189509, 0.0 ], [ 39.710605109711103, 21.283255801099394, 0.0 ], [ 39.710602698885069, 21.283256994662924, 0.0 ], [ 39.710600325038392, 21.283258251630869, 0.0 ], [ 39.710597990070035, 21.283259570997707, 0.0 ], [ 39.710595695847886, 21.283260951707998, 0.0 ], [ 39.710593444207227, 21.283262392657228, 0.0 ], [ 39.710591236949277, 21.283263892692716, 0.0 ], [ 39.710589075839749, 21.283265450614469, 0.0 ], [ 39.710586962607458, 21.283267065176226, 0.0 ], [ 39.710584898942891, 21.283268735086409, 0.0 ], [ 39.710582886496901, 21.283270459009145, 0.0 ], [ 39.710580926879366, 21.283272235565384, 0.0 ], [ 39.7105790216579, 21.283274063333945, 0.0 ], [ 39.710577172356615, 21.283275940852679, 0.0 ], [ 39.710575380454848, 21.28327786661966, 0.0 ], [ 39.710573647386077, 21.283279839094355, 0.0 ], [ 39.710571974536663, 21.283281856698856, 0.0 ], [ 39.710570363244877, 21.283283917819162, 0.0 ], [ 39.710568814799622, 21.283286020806468, 0.0 ], [ 39.710567330439623, 21.283288163978472, 0.0 ], [ 39.710565911352312, 21.283290345620713, 0.0 ], [ 39.710564558672914, 21.283292563987978, 0.0 ], [ 39.710563273483494, 21.283294817305642, 0.0 ], [ 39.710562056812165, 21.283297103771162, 0.0 ], [ 39.710560909632228, 21.283299421555459, 0.0 ], [ 39.710559832861371, 21.283301768804382, 0.0 ], [ 39.710558827360963, 21.283304143640251, 0.0 ], [ 39.710557893935395, 21.283306544163278, 0.0 ], [ 39.710557033331362, 21.283308968453152, 0.0 ], [ 39.710556246237317, 21.283311414570523, 0.0 ], [ 39.710555533282886, 21.283313880558616, 0.0 ], [ 39.710554895038435, 21.283316364444701, 0.0 ], [ 39.710554332014524, 21.283318864241828, 0.0 ], [ 39.710553844661547, 21.283321377950227, 0.0 ], [ 39.710553433369398, 21.283323903559019, 0.0 ], [ 39.710553098467066, 21.283326439047844, 0.0 ], [ 39.710552840222476, 21.283328982388397, 0.0 ], [ 39.710552658842218, 21.283331531546107, 0.0 ], [ 39.710552554471413, 21.283334084481762, 0.0 ], [ 39.710552527193506, 21.283336639153127, 0.0 ], [ 39.710552577030377, 21.283339193516522, 0.0 ], [ 39.710552703942135, 21.283341745528613, 0.0 ], [ 39.710552907827257, 21.283344293147856, 0.0 ], [ 39.710553188522653, 21.283346834336246, 0.0 ], [ 39.710553545803791, 21.283349367060971, 0.0 ], [ 39.710553979384869, 21.283351889295933, 0.0 ], [ 39.710554488918994, 21.283354399023445, 0.0 ], [ 39.710555073998627, 21.283356894235823, 0.0 ], [ 39.71055573415569, 21.283359372937003, 0.0 ], [ 39.710556468862123, 21.283361833144113, 0.0 ], [ 39.710557277530164, 21.283364272889099, 0.0 ], [ 39.710558159512914, 21.283366690220237, 0.0 ], [ 39.710559114104832, 21.283369083203787, 0.0 ], [ 39.710560140542285, 21.283371449925433, 0.0 ], [ 39.710561238004153, 21.283373788491897, 0.0 ], [ 39.710562405612556, 21.283376097032424, 0.0 ], [ 39.710563642433421, 21.28337837370027, 0.0 ], [ 39.710564947477351, 21.283380616674197, 0.0 ], [ 39.710566319700355, 21.283382824159901, 0.0 ], [ 39.710567758004728, 21.283384994391472, 0.0 ], [ 39.710569261239883, 21.283387125632839, 0.0 ], [ 39.710570448300956, 21.283388720764226, 0.0 ] ] ] ] } },
{ "type": "Feature", "properties": { "ID": "298", "BLOCK NAME": "B.1.24.12", "FILL-TOTAL": null, "CUT-TOTAL": null, "FILL-DONE": null, "CUT-DONE": null, "FILL-REMAN": null, "CUT-REMAN": null, "EQUPIMENTS": null, "CONTRACTOR": null, "STATUS": null }, "geometry": { "type": "MultiPolygon", "coordinates": [ [ [ [ 39.704621969502469, 21.28363320036102, 0.0 ], [ 39.704626298977338, 21.283621595863412, 0.0 ], [ 39.704637503641528, 21.283602556862199, 0.0 ], [ 39.704651820572657, 21.283587019337858, 0.0 ], [ 39.704738706464973, 21.283505714758554, 0.0 ], [ 39.704845824822378, 21.283408523267585, 0.0 ], [ 39.704974707406883, 21.283295828925848, 0.0 ], [ 39.705124350102523, 21.283170483855496, 0.0 ], [ 39.70526294645137, 21.283059374077418, 0.0 ], [ 39.705369401129616, 21.282977124144317, 0.0 ], [ 39.705501535290239, 21.282878603462471, 0.0 ], [ 39.705615824076631, 21.28279645049814, 0.0 ], [ 39.705731876008983, 21.282715822877684, 0.0 ], [ 39.705872269956551, 21.282621902058768, 0.0 ], [ 39.705979436802664, 21.282552781025139, 0.0 ], [ 39.706099176041548, 21.282478094042965, 0.0 ], [ 39.706282599765956, 21.282368700231732, 0.0 ], [ 39.706441533473182, 21.282278630960416, 0.0 ], [ 39.706452389610909, 21.282230914153004, 0.0 ], [ 39.706171199684569, 21.281861550923797, 0.0 ], [ 39.706087932933301, 21.281845191085154, 0.0 ], [ 39.705988739134675, 21.281901793730096, 0.0 ], [ 39.7057644406256, 21.282035718822673, 0.0 ], [ 39.705533004814534, 21.282182931842755, 0.0 ], [ 39.705337092922512, 21.28231513239874, 0.0 ], [ 39.705095798714829, 21.28248813772451, 0.0 ], [ 39.704782135107585, 21.282731198470806, 0.0 ], [ 39.704523185920415, 21.282948852551026, 0.0 ], [ 39.704199769267539, 21.283244923037817, 0.0 ], [ 39.704621969502469, 21.28363320036102, 0.0 ] ] ] ] } },
{ "type": "Feature", "properties": { "ID": "346", "BLOCK NAME": "B.1.24.10+11", "FILL-TOTAL": null, "CUT-TOTAL": null, "FILL-DONE": null, "CUT-DONE": null, "FILL-REMAN": null, "CUT-REMAN": null, "EQUPIMENTS": null, "CONTRACTOR": null, "STATUS": null }, "geometry": { "type": "MultiPolygon", "coordinates": [ [ [ [ 39.703349048493109, 21.284185203746521, 0.0 ], [ 39.703293322591371, 21.284254948279262, 0.0 ], [ 39.706571396468505, 21.284369248297988, 0.0 ], [ 39.706611367826767, 21.284334485264647, 0.0 ], [ 39.706630065157071, 21.283865104332268, 0.0 ], [ 39.706592970452625, 21.283827654914695, 0.0 ], [ 39.704718605370424, 21.283762307138371, 0.0 ], [ 39.704681668798507, 21.283753540954471, 0.0 ], [ 39.704637534905935, 21.283719280047304, 0.0 ], [ 39.704619172393258, 21.283676636052522, 0.0 ], [ 39.704621969502469, 21.28363320036102, 0.0 ], [ 39.704199769267539, 21.283244923037817, 0.0 ], [ 39.704067942347173, 21.283374163947862, 0.0 ], [ 39.703867110521458, 21.283581624353239, 0.0 ], [ 39.703787135767342, 21.283668054808007, 0.0 ], [ 39.703604111882584, 21.283874774447511, 0.0 ], [ 39.703484483506266, 21.284017143131368, 0.0 ], [ 39.703401860535195, 21.28411547179924, 0.0 ], [ 39.703349048493109, 21.284185203746521, 0.0 ] ] ] ] } },
{ "type": "Feature", "properties": { "ID": "502", "BLOCK NAME": "B.1.24.2", "FILL-TOTAL": null, "CUT-TOTAL": null, "FILL-DONE": null, "CUT-DONE": null, "FILL-REMAN": null, "CUT-REMAN": null, "EQUPIMENTS": null, "CONTRACTOR": null, "STATUS": null }, "geometry": { "type": "MultiPolygon", "coordinates": [ [ [ [ 39.703708820280205, 21.284269439438141, 0.0 ], [ 39.703293304202944, 21.284254947637912, 0.0 ], [ 39.703156721677374, 21.2844259127146, 0.0 ], [ 39.703119896178791, 21.284523459630833, 0.0 ], [ 39.703046635648342, 21.286361494136237, 0.0 ], [ 39.703102277384055, 21.286417669420306, 0.0 ], [ 39.703622481377749, 21.286435812293412, 0.0 ], [ 39.703708820280205, 21.284269439438141, 0.0 ] ] ] ] } },
{ "type": "Feature", "properties": { "ID": "464", "BLOCK NAME": "B.1.27.14+15", "FILL-TOTAL": null, "CUT-TOTAL": null, "FILL-DONE": null, "CUT-DONE": null, "FILL-REMAN": null, "CUT-REMAN": null, "EQUPIMENTS": null, "CONTRACTOR": null, "STATUS": null }, "geometry": { "type": "MultiPolygon", "coordinates": [ [ [ [ 39.720499155138185, 21.285034943731979, 0.0 ], [ 39.720554202126308, 21.283644847016436, 0.0 ], [ 39.720498555006301, 21.283588677683266, 0.0 ], [ 39.720429195739939, 21.283586265683667, 0.0 ], [ 39.718341675192619, 21.2835136577139, 0.0 ], [ 39.718301706895517, 21.283548423456885, 0.0 ], [ 39.71828304670673, 21.284017804513034, 0.0 ], [ 39.718320144347004, 21.284055251240375, 0.0 ], [ 39.720407672556043, 21.284127859218962, 0.0 ], [ 39.720469313531844, 21.284130002805345, 0.0 ], [ 39.720462151755143, 21.284310217841583, 0.0 ], [ 39.720277199624775, 21.284303914773613, 0.0 ], [ 39.720237230535453, 21.284338707756543, 0.0 ], [ 39.720209960515788, 21.285024886864356, 0.0 ], [ 39.720499155138185, 21.285034943731979, 0.0 ] ] ] ] } },
{ "type": "Feature", "properties": { "ID": "353", "BLOCK NAME": "B.1.27.5+6+10", "FILL-TOTAL": null, "CUT-TOTAL": null, "FILL-DONE": null, "CUT-DONE": null, "FILL-REMAN": null, "CUT-REMAN": null, "EQUPIMENTS": null, "CONTRACTOR": null, "STATUS": null }, "geometry": { "type": "MultiPolygon", "coordinates": [ [ [ [ 39.717384176578065, 21.286372839419986, 0.0 ], [ 39.717362642145488, 21.286914432621636, 0.0 ], [ 39.718873050828947, 21.28696697660525, 0.0 ], [ 39.719196244189057, 21.286947844625722, 0.0 ], [ 39.719778394704598, 21.286967802691528, 0.0 ], [ 39.719785384361558, 21.286967828895033, 0.0 ], [ 39.719792373911247, 21.286967782836751, 0.0 ], [ 39.719799362502748, 21.286967664522251, 0.0 ], [ 39.719806349285278, 21.286967473965952, 0.0 ], [ 39.719813333408297, 21.286967211191065, 0.0 ], [ 39.719820314021554, 21.286966876229584, 0.0 ], [ 39.719827290275262, 21.286966469122248, 0.0 ], [ 39.719834261320145, 21.286965989918638, 0.0 ], [ 39.719841226307551, 21.286965438677122, 0.0 ], [ 39.719848184389605, 21.286964815464763, 0.0 ], [ 39.719855134719218, 21.286964120357453, 0.0 ], [ 39.719862076450276, 21.286963353439813, 0.0 ], [ 39.719869008737739, 21.28696251480519, 0.0 ], [ 39.719875930737658, 21.286961604555696, 0.0 ], [ 39.719882841607372, 21.28696062280213, 0.0 ], [ 39.719889740505558, 21.286959569664024, 0.0 ], [ 39.719896626592366, 21.286958445269576, 0.0 ], [ 39.719903499029506, 21.286957249755663, 0.0 ], [ 39.719910356980336, 21.286955983267827, 0.0 ], [ 39.719917199610002, 21.28695464596025, 0.0 ], [ 39.719924026085494, 21.286953237995725, 0.0 ], [ 39.719930835575759, 21.286951759545673, 0.0 ], [ 39.719937627251802, 21.286950210790053, 0.0 ], [ 39.719944400286899, 21.286948591917444, 0.0 ], [ 39.719951153856442, 21.286946903124875, 0.0 ], [ 39.7199578871383, 21.286945144617974, 0.0 ], [ 39.719964599312775, 21.286943316610806, 0.0 ], [ 39.719971289562743, 21.286941419325903, 0.0 ], [ 39.719977957073752, 21.286939452994243, 0.0 ], [ 39.719984601034113, 21.286937417855185, 0.0 ], [ 39.719991220635002, 21.286935314156523, 0.0 ], [ 39.719997815070585, 21.286933142154318, 0.0 ], [ 39.72000438353804, 21.286930902112999, 0.0 ], [ 39.72001092523778, 21.286928594305259, 0.0 ], [ 39.720017439373386, 21.286926219012052, 0.0 ], [ 39.720023925151892, 21.286923776522546, 0.0 ], [ 39.720030381783708, 21.286921267134062, 0.0 ], [ 39.720036808482831, 21.28691869115211, 0.0 ], [ 39.720043204466883, 21.28691604889028, 0.0 ], [ 39.720049568957236, 21.286913340670207, 0.0 ], [ 39.720055901179109, 21.286910566821636, 0.0 ], [ 39.720062200361617, 21.286907727682191, 0.0 ], [ 39.720068465737924, 21.286904823597549, 0.0 ], [ 39.720074696545289, 21.286901854921208, 0.0 ], [ 39.720080892025209, 21.286898822014603, 0.0 ], [ 39.720087051423441, 21.286895725246946, 0.0 ], [ 39.720093173990179, 21.286892564995206, 0.0 ], [ 39.720099258980078, 21.28688934164413, 0.0 ], [ 39.720105305652353, 21.286886055586091, 0.0 ], [ 39.720111313270905, 21.286882707221153, 0.0 ], [ 39.720117281104393, 21.286879296956936, 0.0 ], [ 39.720123208426308, 21.286875825208583, 0.0 ], [ 39.720129094515087, 21.286872292398744, 0.0 ], [ 39.720134938654141, 21.286868698957498, 0.0 ], [ 39.720140740132059, 21.286865045322294, 0.0 ], [ 39.720146498242563, 21.286861331937924, 0.0 ], [ 39.720152212284681, 21.286857559256436, 0.0 ], [ 39.720157881562805, 21.286853727737114, 0.0 ], [ 39.720163505386807, 21.2868498378464, 0.0 ], [ 39.720169083072001, 21.286845890057823, 0.0 ], [ 39.720174613939442, 21.286841884852016, 0.0 ], [ 39.720180097315769, 21.286837822716503, 0.0 ], [ 39.720185532533478, 21.286833704145852, 0.0 ], [ 39.720190918930918, 21.286829529641427, 0.0 ], [ 39.720196255852336, 21.286825299711406, 0.0 ], [ 39.720201542648056, 21.286821014870757, 0.0 ], [ 39.720206778674466, 21.286816675641084, 0.0 ], [ 39.720211963294169, 21.286812282550635, 0.0 ], [ 39.720217095875988, 21.286807836134233, 0.0 ], [ 39.720222175795094, 21.286803336933151, 0.0 ], [ 39.720227202433115, 21.286798785495105, 0.0 ], [ 39.720232175178111, 21.286794182374216, 0.0 ], [ 39.7202370934247, 21.286789528130804, 0.0 ], [ 39.720241956574171, 21.286784823331494, 0.0 ], [ 39.720246764034485, 21.286780068549032, 0.0 ], [ 39.72025151522044, 21.286775264362237, 0.0 ], [ 39.720256209553597, 21.286770411355974, 0.0 ], [ 39.720260846462516, 21.286765510121022, 0.0 ], [ 39.720265425382706, 21.28676056125407, 0.0 ], [ 39.720269945756769, 21.286755565357549, 0.0 ], [ 39.720274407034395, 21.28675052303965, 0.0 ], [ 39.720278808672468, 21.286745434914224, 0.0 ], [ 39.720283150135195, 21.286740301600666, 0.0 ], [ 39.720287430894032, 21.286735123723915, 0.0 ], [ 39.720291650427882, 21.286729901914306, 0.0 ], [ 39.720295808223057, 21.286724636807499, 0.0 ], [ 39.720299903773416, 21.286719329044491, 0.0 ], [ 39.720303936580393, 21.286713979271408, 0.0 ], [ 39.720307906153018, 21.286708588139529, 0.0 ], [ 39.720311812008106, 21.286703156305148, 0.0 ], [ 39.720315653670141, 21.286697684429512, 0.0 ], [ 39.720319430671459, 21.286692173178775, 0.0 ], [ 39.720323142552282, 21.286686623223822, 0.0 ], [ 39.720326788860739, 21.286681035240338, 0.0 ], [ 39.720330369152933, 21.286675409908558, 0.0 ], [ 39.720333882993046, 21.286669747913287, 0.0 ], [ 39.72033732995331, 21.286664049943795, 0.0 ], [ 39.720340709614085, 21.286658316693767, 0.0 ], [ 39.720344021563974, 21.286652548861138, 0.0 ], [ 39.720347265399802, 21.286646747148033, 0.0 ], [ 39.720350440726662, 21.286640912260793, 0.0 ], [ 39.720353547158048, 21.286635044909694, 0.0 ], [ 39.720356584315752, 21.286629145809027, 0.0 ], [ 39.720359551830079, 21.286623215676922, 0.0 ], [ 39.72036244933976, 21.28661725523531, 0.0 ], [ 39.720365276492103, 21.286611265209761, 0.0 ], [ 39.720368032942922, 21.286605246329518, 0.0 ], [ 39.720370718356669, 21.286599199327298, 0.0 ], [ 39.720373332406439, 21.28659312493923, 0.0 ], [ 39.720375874774007, 21.286587023904787, 0.0 ], [ 39.720378345149896, 21.286580896966679, 0.0 ], [ 39.720380743233385, 21.286574744870826, 0.0 ], [ 39.720383068732538, 21.286568568366118, 0.0 ], [ 39.720385321364255, 21.286562368204493, 0.0 ], [ 39.720387500854343, 21.286556145140722, 0.0 ], [ 39.720389606937452, 21.286549899932364, 0.0 ], [ 39.720391639357253, 21.286543633339708, 0.0 ], [ 39.720393597866298, 21.286537346125645, 0.0 ], [ 39.720395482226188, 21.286531039055525, 0.0 ], [ 39.720397292207522, 21.286524712897183, 0.0 ], [ 39.72039902758997, 21.286518368420715, 0.0 ], [ 39.720400688162314, 21.2865120063985, 0.0 ], [ 39.720402273722371, 21.286505627605006, 0.0 ], [ 39.720403784077163, 21.28649923281678, 0.0 ], [ 39.72040521904281, 21.286492822812292, 0.0 ], [ 39.720406578444653, 21.286486398371885, 0.0 ], [ 39.720407862117192, 21.286479960277639, 0.0 ], [ 39.720409069904186, 21.286473509313311, 0.0 ], [ 39.720410201658616, 21.286467046264207, 0.0 ], [ 39.720411257242688, 21.286460571917129, 0.0 ], [ 39.720412236527949, 21.286454087060232, 0.0 ], [ 39.720413139395149, 21.286447592482979, 0.0 ], [ 39.720413965734423, 21.286441088975948, 0.0 ], [ 39.720414709600725, 21.28643463083667, 0.0 ], [ 39.720434369750329, 21.28593277878344, 0.0 ], [ 39.720474367862451, 21.285660889495791, 0.0 ], [ 39.720477708408907, 21.285576539758292, 0.0 ], [ 39.720140269690567, 21.285564805174502, 0.0 ], [ 39.72010439581706, 21.286467460664298, 0.0 ], [ 39.717384176578065, 21.286372839419986, 0.0 ] ] ] ] } },
{ "type": "Feature", "properties": { "ID": "422", "BLOCK NAME": "B.1.27.1+2", "FILL-TOTAL": null, "CUT-TOTAL": null, "FILL-DONE": null, "CUT-DONE": null, "FILL-REMAN": null, "CUT-REMAN": null, "EQUPIMENTS": null, "CONTRACTOR": null, "STATUS": null }, "geometry": { "type": "MultiPolygon", "coordinates": [ [ [ [ 39.717384176578065, 21.286372839419986, 0.0 ], [ 39.717224968052435, 21.286367300068704, 0.0 ], [ 39.717280958662819, 21.28495915746446, 0.0 ], [ 39.717243861044487, 21.284921710512847, 0.0 ], [ 39.716308466125831, 21.284889161669334, 0.0 ], [ 39.716268496973825, 21.284923926944543, 0.0 ], [ 39.716193111845051, 21.286819503415678, 0.0 ], [ 39.716248758629369, 21.28687567415593, 0.0 ], [ 39.717362642145488, 21.286914432621636, 0.0 ], [ 39.717384176578065, 21.286372839419986, 0.0 ] ] ] ] } },
{ "type": "Feature", "properties": { "ID": "279", "BLOCK NAME": "B.1.29.19+20", "FILL-TOTAL": null, "CUT-TOTAL": null, "FILL-DONE": null, "CUT-DONE": null, "FILL-REMAN": null, "CUT-REMAN": null, "EQUPIMENTS": null, "CONTRACTOR": null, "STATUS": null }, "geometry": { "type": "MultiPolygon", "coordinates": [ [ [ [ 39.713269871014163, 21.279525950160444, 0.0 ], [ 39.713469371071675, 21.28004924934163, 0.0 ], [ 39.71349527576897, 21.280046529926363, 0.0 ], [ 39.71352118892824, 21.280043882331967, 0.0 ], [ 39.713547110322729, 21.280041306581634, 0.0 ], [ 39.713573039725595, 21.280038802697909, 0.0 ], [ 39.7135989769099, 21.280036370702703, 0.0 ], [ 39.713624921648702, 21.280034010617264, 0.0 ], [ 39.713650873714919, 21.280031722462283, 0.0 ], [ 39.713676832881447, 21.280029506257772, 0.0 ], [ 39.713702798921098, 21.280027362023123, 0.0 ], [ 39.713728771606647, 21.280025289777079, 0.0 ], [ 39.713754750710798, 21.280023289537812, 0.0 ], [ 39.7137807360062, 21.280021361322802, 0.0 ], [ 39.713806727265464, 21.280019505148932, 0.0 ], [ 39.71383272426111, 21.280017721032426, 0.0 ], [ 39.713858726765629, 21.28001600898892, 0.0 ], [ 39.713884734551485, 21.280014369033385, 0.0 ], [ 39.713910747391061, 21.280012801180163, 0.0 ], [ 39.713936765056722, 21.280011305442979, 0.0 ], [ 39.713962787320767, 21.280009881834946, 0.0 ], [ 39.713988813955481, 21.280008530368487, 0.0 ], [ 39.7140148447331, 21.280007251055444, 0.0 ], [ 39.714040879425809, 21.280006043907001, 0.0 ], [ 39.714066917805773, 21.280004908933734, 0.0 ], [ 39.714092959645143, 21.280003846145569, 0.0 ], [ 39.714119004716004, 21.2800028555518, 0.0 ], [ 39.714145052790407, 21.280001937161106, 0.0 ], [ 39.714171103640439, 21.280001090981518, 0.0 ], [ 39.714197157038086, 21.280000317020427, 0.0 ], [ 39.714223212755392, 21.27999961528462, 0.0 ], [ 39.714249270564281, 21.279998985780242, 0.0 ], [ 39.714275330236759, 21.279998428512769, 0.0 ], [ 39.714301391544744, 21.279997943487118, 0.0 ], [ 39.714327454260179, 21.279997530707512, 0.0 ], [ 39.714353518155001, 21.27999719017755, 0.0 ], [ 39.714379583001069, 21.279996921900242, 0.0 ], [ 39.714405648570327, 21.279996725877908, 0.0 ], [ 39.714431714634642, 21.279996602112274, 0.0 ], [ 39.714457780965922, 21.27999655060443, 0.0 ], [ 39.714483847336027, 21.279996571354808, 0.0 ], [ 39.714509913516878, 21.279996664363217, 0.0 ], [ 39.714535979280349, 21.279996829628864, 0.0 ], [ 39.71456204439832, 21.279997067150308, 0.0 ], [ 39.714588108642694, 21.279997376925436, 0.0 ], [ 39.714614171785392, 21.279997758951559, 0.0 ], [ 39.714640233598303, 21.279998213225351, 0.0 ], [ 39.714666293853369, 21.279998739742783, 0.0 ], [ 39.71469235232253, 21.279999338499287, 0.0 ], [ 39.714718408777749, 21.280000009489623, 0.0 ], [ 39.714744462990971, 21.280000752707895, 0.0 ], [ 39.7147630174562, 21.280001326067502, 0.0 ], [ 39.717271369969239, 21.280081297815002, 0.0 ], [ 39.717311341888497, 21.280046419879653, 0.0 ], [ 39.717329287372728, 21.279595088956707, 0.0 ], [ 39.717273636597113, 21.279539087065224, 0.0 ], [ 39.714782761424352, 21.279459672097143, 0.0 ], [ 39.714755867562772, 21.279458850606737, 0.0 ], [ 39.714728971289688, 21.279458101339248, 0.0 ], [ 39.714702072826007, 21.279457424300812, 0.0 ], [ 39.71467517239261, 21.279456819497021, 0.0 ], [ 39.714648270210397, 21.279456286932831, 0.0 ], [ 39.714621366500282, 21.279455826612601, 0.0 ], [ 39.714594461483244, 21.27945543854014, 0.0 ], [ 39.714567555380164, 21.279455122718591, 0.0 ], [ 39.714540648412076, 21.279454879150613, 0.0 ], [ 39.714513740799866, 21.279454707838152, 0.0 ], [ 39.714486832764543, 21.279454608782647, 0.0 ], [ 39.714459924527077, 21.27945458198489, 0.0 ], [ 39.714433016308426, 21.279454627445133, 0.0 ], [ 39.714406108329577, 21.279454745162969, 0.0 ], [ 39.714379200811486, 21.279454935137466, 0.0 ], [ 39.714352293975125, 21.279455197367042, 0.0 ], [ 39.714325388041466, 21.279455531849543, 0.0 ], [ 39.714298483231445, 21.279455938582256, 0.0 ], [ 39.714271579766027, 21.279456417561804, 0.0 ], [ 39.71424467786612, 21.279456968784263, 0.0 ], [ 39.714217777752665, 21.279457592245127, 0.0 ], [ 39.714190879646566, 21.279458287939242, 0.0 ], [ 39.714163983768692, 21.279459055860947, 0.0 ], [ 39.714137090339946, 21.279459896003896, 0.0 ], [ 39.714110199581178, 21.279460808361204, 0.0 ], [ 39.714083311713175, 21.279461792925382, 0.0 ], [ 39.714056426956766, 21.279462849688336, 0.0 ], [ 39.71402954553276, 21.27946397864142, 0.0 ], [ 39.71400266766188, 21.2794651797753, 0.0 ], [ 39.713975793564849, 21.27946645308019, 0.0 ], [ 39.713948923462375, 21.279467798545582, 0.0 ], [ 39.713922057575083, 21.27946921616044, 0.0 ], [ 39.713895196123651, 21.279470705913134, 0.0 ], [ 39.71386833932862, 21.279472267791437, 0.0 ], [ 39.713841487410569, 21.279473901782499, 0.0 ], [ 39.713814640590002, 21.279475607872925, 0.0 ], [ 39.71378779908737, 21.279477386048693, 0.0 ], [ 39.713760963123129, 21.279479236295202, 0.0 ], [ 39.713734132917637, 21.279481158597267, 0.0 ], [ 39.713707308691227, 21.27948315293909, 0.0 ], [ 39.713680490664196, 21.279485219304323, 0.0 ], [ 39.713653679056762, 21.279487357675968, 0.0 ], [ 39.713626874089115, 21.279489568036475, 0.0 ], [ 39.713600075981383, 21.279491850367688, 0.0 ], [ 39.713573284953611, 21.279494204650877, 0.0 ], [ 39.713546501225849, 21.27949663086671, 0.0 ], [ 39.71351972501801, 21.279499128995251, 0.0 ], [ 39.713492956549999, 21.279501699015992, 0.0 ], [ 39.713466196041651, 21.279504340907842, 0.0 ], [ 39.713439443712701, 21.279507054649088, 0.0 ], [ 39.713412699782872, 21.279509840217454, 0.0 ], [ 39.713385964471769, 21.279512697590061, 0.0 ], [ 39.713359237998951, 21.279515626743443, 0.0 ], [ 39.713332520583897, 21.279518627653566, 0.0 ], [ 39.713305812446023, 21.279521700295764, 0.0 ], [ 39.713279113804646, 21.279524844644826, 0.0 ], [ 39.713269871014163, 21.279525950160444, 0.0 ] ] ] ] } },
{ "type": "Feature", "properties": { "ID": "286", "BLOCK NAME": "B.1.29.3+7+18", "FILL-TOTAL": null, "CUT-TOTAL": null, "FILL-DONE": null, "CUT-DONE": null, "FILL-REMAN": null, "CUT-REMAN": null, "EQUPIMENTS": null, "CONTRACTOR": null, "STATUS": null }, "geometry": { "type": "MultiPolygon", "coordinates": [ [ [ [ 39.713269871014163, 21.279525950160444, 0.0 ], [ 39.713243156977704, 21.279529195371179, 0.0 ], [ 39.713216452954654, 21.279532512226947, 0.0 ], [ 39.713189759163818, 21.279535900700544, 0.0 ], [ 39.713163075823942, 21.279539360764197, 0.0 ], [ 39.71313640315369, 21.279542892389603, 0.0 ], [ 39.713109741371618, 21.279546495547763, 0.0 ], [ 39.713083090696223, 21.27955017020918, 0.0 ], [ 39.713056451345878, 21.279553916343747, 0.0 ], [ 39.713029823538882, 21.27955773392074, 0.0 ], [ 39.71300320749345, 21.279561622908904, 0.0 ], [ 39.71297660342767, 21.279565583276369, 0.0 ], [ 39.712950011559592, 21.279569614990699, 0.0 ], [ 39.712949698078198, 21.279569662955659, 0.0 ], [ 39.712890489366941, 21.279632724062456, 0.0 ], [ 39.712785478309144, 21.282271743321942, 0.0 ], [ 39.712822574139146, 21.28230919134144, 0.0 ], [ 39.713323497646542, 21.282326633627921, 0.0 ], [ 39.713363466830103, 21.282291869036925, 0.0 ], [ 39.713469371071675, 21.28004924934163, 0.0 ], [ 39.713269871014163, 21.279525950160444, 0.0 ] ] ] ] } },
{ "type": "Feature", "properties": { "ID": "374", "BLOCK NAME": "B.1.30.10+11", "FILL-TOTAL": null, "CUT-TOTAL": null, "FILL-DONE": null, "CUT-DONE": null, "FILL-REMAN": null, "CUT-REMAN": null, "EQUPIMENTS": null, "CONTRACTOR": null, "STATUS": null }, "geometry": { "type": "MultiPolygon", "coordinates": [ [ [ [ 39.720494877709562, 21.280976954596319, 0.0 ], [ 39.720490596858433, 21.280960046941338, 0.0 ], [ 39.72048624101042, 21.280943156121619, 0.0 ], [ 39.720481810240891, 21.280926282429245, 0.0 ], [ 39.720479474194704, 21.28091750576576, 0.0 ], [ 39.720248373349108, 21.280052308058814, 0.0 ], [ 39.720246945831931, 21.280047112483345, 0.0 ], [ 39.720245443764739, 21.280041935403613, 0.0 ], [ 39.720243867420024, 21.28003677775877, 0.0 ], [ 39.720242217083744, 21.280031640484431, 0.0 ], [ 39.720240493055279, 21.280026524512504, 0.0 ], [ 39.720238695647396, 21.280021430771043, 0.0 ], [ 39.720236825186149, 21.280016360184071, 0.0 ], [ 39.720234882010857, 21.280011313671416, 0.0 ], [ 39.720232866474021, 21.280006292148531, 0.0 ], [ 39.720230778941271, 21.280001296526336, 0.0 ], [ 39.720228619791314, 21.279996327711057, 0.0 ], [ 39.720226389415828, 21.279991386604049, 0.0 ], [ 39.720224088219418, 21.279986474101634, 0.0 ], [ 39.720221716619498, 21.279981591094963, 0.0 ], [ 39.720219275046347, 21.279976738469845, 0.0 ], [ 39.720216763942865, 21.27997191710654, 0.0 ], [ 39.720214183764568, 21.279967127879662, 0.0 ], [ 39.720211534979519, 21.279962371658005, 0.0 ], [ 39.720208818068237, 21.279957649304354, 0.0 ], [ 39.720206033523546, 21.279952961675363, 0.0 ], [ 39.720203181850607, 21.279948309621371, 0.0 ], [ 39.720200263566745, 21.27994369398629, 0.0 ], [ 39.720197279201315, 21.279939115607394, 0.0 ], [ 39.720194229295714, 21.279934575315245, 0.0 ], [ 39.720191114403214, 21.279930073933407, 0.0 ], [ 39.720187935088866, 21.279925612278522, 0.0 ], [ 39.720184691929411, 21.279921191159886, 0.0 ], [ 39.720181385513165, 21.279916811379529, 0.0 ], [ 39.720178016439938, 21.279912473731951, 0.0 ], [ 39.720174585320905, 21.279908179004028, 0.0 ], [ 39.720171092778472, 21.279903927974818, 0.0 ], [ 39.720167539446194, 21.279899721415468, 0.0 ], [ 39.720163925968691, 21.279895560089074, 0.0 ], [ 39.720160253001438, 21.279891444750518, 0.0 ], [ 39.720156521210725, 21.279887376146302, 0.0 ], [ 39.720152731273537, 21.279883355014523, 0.0 ], [ 39.720148883877357, 21.279879382084598, 0.0 ], [ 39.720144979720125, 21.279875458077239, 0.0 ], [ 39.720141019510081, 21.279871583704281, 0.0 ], [ 39.720137003965618, 21.27986775966852, 0.0 ], [ 39.720132933815172, 21.279863986663674, 0.0 ], [ 39.720128809797075, 21.279860265374161, 0.0 ], [ 39.720124632659456, 21.279856596475035, 0.0 ], [ 39.720120403160024, 21.279852980631851, 0.0 ], [ 39.720116122066081, 21.279849418500529, 0.0 ], [ 39.720111790154206, 21.279845910727243, 0.0 ], [ 39.720107408210211, 21.27984245794833, 0.0 ], [ 39.720102977029015, 21.27983906079011, 0.0 ], [ 39.72009849741444, 21.279835719868867, 0.0 ], [ 39.720093970179093, 21.279832435790627, 0.0 ], [ 39.720089396144253, 21.279829209151142, 0.0 ], [ 39.72008477613965, 21.279826040535731, 0.0 ], [ 39.720080111003369, 21.279822930519185, 0.0 ], [ 39.720075401581674, 21.279819879665681, 0.0 ], [ 39.720070648728893, 21.279816888528639, 0.0 ], [ 39.720065853307197, 21.279813957650674, 0.0 ], [ 39.72006101618647, 21.279811087563438, 0.0 ], [ 39.720056138244203, 21.279808278787595, 0.0 ], [ 39.720051220365271, 21.279805531832636, 0.0 ], [ 39.720046263441773, 21.279802847196891, 0.0 ], [ 39.720043409507689, 21.279801339076261, 0.0 ], [ 39.72003805912324, 21.27979849576343, 0.0 ], [ 39.720032747207796, 21.27979558981729, 0.0 ], [ 39.720027474596229, 21.279792621694519, 0.0 ], [ 39.72002224211721, 21.279789591861668, 0.0 ], [ 39.720017050593171, 21.279786500794913, 0.0 ], [ 39.720011900840028, 21.279783348980093, 0.0 ], [ 39.720006793667181, 21.279780136912567, 0.0 ], [ 39.720001729877332, 21.279776865097173, 0.0 ], [ 39.719996710266365, 21.279773534048168, 0.0 ], [ 39.719991735623175, 21.279770144289092, 0.0 ], [ 39.719986806729679, 21.279766696352688, 0.0 ], [ 39.719981924360518, 21.279763190780901, 0.0 ], [ 39.719977089283041, 21.279759628124658, 0.0 ], [ 39.719972302257204, 21.279756008943963, 0.0 ], [ 39.719967564035379, 21.279752333807604, 0.0 ], [ 39.719962875362249, 21.279748603293225, 0.0 ], [ 39.719958236974769, 21.27974481798713, 0.0 ], [ 39.719953649601919, 21.279740978484288, 0.0 ], [ 39.719952855522756, 21.279740303948987, 0.0 ], [ 39.719947720776041, 21.279735981441089, 0.0 ], [ 39.719942534810166, 21.279731712959752, 0.0 ], [ 39.719937298272335, 21.279727499037683, 0.0 ], [ 39.719932011816098, 21.279723340200793, 0.0 ], [ 39.719926676101217, 21.279719236968123, 0.0 ], [ 39.719921291793618, 21.279715189851785, 0.0 ], [ 39.719915859565283, 21.279711199356843, 0.0 ], [ 39.719910380094142, 21.279707265981344, 0.0 ], [ 39.719904854064104, 21.279703390216163, 0.0 ], [ 39.71989928216481, 21.279699572545031, 0.0 ], [ 39.719893665091618, 21.279695813444377, 0.0 ], [ 39.719888003545627, 21.279692113383387, 0.0 ], [ 39.719882298233365, 21.279688472823786, 0.0 ], [ 39.719876549866882, 21.279684892219976, 0.0 ], [ 39.719870759163626, 21.2796813720188, 0.0 ], [ 39.719864926846256, 21.279677912659583, 0.0 ], [ 39.719859053642672, 21.279674514574079, 0.0 ], [ 39.719853140285871, 21.27967117818638, 0.0 ], [ 39.719847187513885, 21.27966790391288, 0.0 ], [ 39.719841196069588, 21.279664692162196, 0.0 ], [ 39.719835166700783, 21.279661543335187, 0.0 ], [ 39.719829100159913, 21.279658457824805, 0.0 ], [ 39.719822997204133, 21.279655436016174, 0.0 ], [ 39.719816858595074, 21.27965247828638, 0.0 ], [ 39.719810685098885, 21.279649585004595, 0.0 ], [ 39.719804477486029, 21.279646756531871, 0.0 ], [ 39.71979823653124, 21.279643993221228, 0.0 ], [ 39.719791963013385, 21.279641295417559, 0.0 ], [ 39.719785657715427, 21.279638663457511, 0.0 ], [ 39.719779321424291, 21.279636097669577, 0.0 ], [ 39.719772954930754, 21.279633598374001, 0.0 ], [ 39.719766559029402, 21.279631165882673, 0.0 ], [ 39.719760134518438, 21.279628800499175, 0.0 ], [ 39.719753682199645, 21.279626502518727, 0.0 ], [ 39.719747202878338, 21.279624272228116, 0.0 ], [ 39.719740697363093, 21.279622109905688, 0.0 ], [ 39.719734166465869, 21.279620015821319, 0.0 ], [ 39.719727611001701, 21.279617990236328, 0.0 ], [ 39.719725005289526, 21.279617206157372, 0.0 ], [ 39.717697535701618, 21.279552598263539, 0.0 ], [ 39.71763757815129, 21.279604915295888, 0.0 ], [ 39.7176196336098, 21.280056246220063, 0.0 ], [ 39.717656734341496, 21.280093580728735, 0.0 ], [ 39.718388927648228, 21.280116915843781, 0.0 ], [ 39.718381762532708, 21.280297151920045, 0.0 ], [ 39.718418859231754, 21.280334598685098, 0.0 ], [ 39.720124184516713, 21.280393916863147, 0.0 ], [ 39.720291879854628, 21.281021737920661, 0.0 ], [ 39.720494877709562, 21.280976954596319, 0.0 ] ] ] ] } },
{ "type": "Feature", "properties": { "ID": "438", "BLOCK NAME": "B.1.30.3", "FILL-TOTAL": null, "CUT-TOTAL": null, "FILL-DONE": null, "CUT-DONE": null, "FILL-REMAN": null, "CUT-REMAN": null, "EQUPIMENTS": null, "CONTRACTOR": null, "STATUS": null }, "geometry": { "type": "MultiPolygon", "coordinates": [ [ [ [ 39.720494877709562, 21.280976954596319, 0.0 ], [ 39.720291879854628, 21.281021737920661, 0.0 ], [ 39.720203206010112, 21.283253001315202, 0.0 ], [ 39.72024030392582, 21.283290447613432, 0.0 ], [ 39.720510033863519, 21.283299827772897, 0.0 ], [ 39.72056998540036, 21.283247678390314, 0.0 ], [ 39.720614441078958, 21.282128993543498, 0.0 ], [ 39.720615104731337, 21.282111322307525, 0.0 ], [ 39.720615691307572, 21.282093648686669, 0.0 ], [ 39.720616200797863, 21.282075972976102, 0.0 ], [ 39.720616633193742, 21.282058295471039, 0.0 ], [ 39.720616988488018, 21.28204061646672, 0.0 ], [ 39.720617266674786, 21.282022936258404, 0.0 ], [ 39.720617467749413, 21.282005255141378, 0.0 ], [ 39.720617591708574, 21.281987573410952, 0.0 ], [ 39.72061763855023, 21.281969891362412, 0.0 ], [ 39.720617608273635, 21.281952209291102, 0.0 ], [ 39.720617500879314, 21.281934527492311, 0.0 ], [ 39.720617316369086, 21.281916846261353, 0.0 ], [ 39.720617054746064, 21.281899165893563, 0.0 ], [ 39.720616716014646, 21.281881486684174, 0.0 ], [ 39.720616300180502, 21.281863808928499, 0.0 ], [ 39.720615807250638, 21.281846132921746, 0.0 ], [ 39.720615237233282, 21.281828458959158, 0.0 ], [ 39.720614590137998, 21.281810787335896, 0.0 ], [ 39.720613865975615, 21.281793118347096, 0.0 ], [ 39.720613064758254, 21.281775452287871, 0.0 ], [ 39.720612186499324, 21.281757789453248, 0.0 ], [ 39.720611231213532, 21.281740130138253, 0.0 ], [ 39.720610198916845, 21.281722474637764, 0.0 ], [ 39.720609089626535, 21.281704823246717, 0.0 ], [ 39.72060790336117, 21.281687176259858, 0.0 ], [ 39.720606640140566, 21.281669533971947, 0.0 ], [ 39.720605299985863, 21.281651896677619, 0.0 ], [ 39.72060388291947, 21.281634264671439, 0.0 ], [ 39.720602388965091, 21.281616638247904, 0.0 ], [ 39.72060081814768, 21.281599017701367, 0.0 ], [ 39.720599170493522, 21.281581403326129, 0.0 ], [ 39.720597446030148, 21.281563795416378, 0.0 ], [ 39.720595644786371, 21.281546194266184, 0.0 ], [ 39.720593766792355, 21.281528600169498, 0.0 ], [ 39.720591812079434, 21.281511013420186, 0.0 ], [ 39.720589780680321, 21.281493434311948, 0.0 ], [ 39.720587672628945, 21.28147586313839, 0.0 ], [ 39.720585487960548, 21.281458300192963, 0.0 ], [ 39.720583226711653, 21.281440745769, 0.0 ], [ 39.720580888920047, 21.281423200159672, 0.0 ], [ 39.720578474624787, 21.28140566365801, 0.0 ], [ 39.72057598386624, 21.281388136556878, 0.0 ], [ 39.72057341668603, 21.281370619149047, 0.0 ], [ 39.720570773127072, 21.281353111727046, 0.0 ], [ 39.720568053233514, 21.281335614583291, 0.0 ], [ 39.720565257050822, 21.281318128009975, 0.0 ], [ 39.720562384625708, 21.281300652299162, 0.0 ], [ 39.720559436006191, 21.281283187742723, 0.0 ], [ 39.720556411241546, 21.281265734632321, 0.0 ], [ 39.720553310382321, 21.281248293259459, 0.0 ], [ 39.720550133480309, 21.281230863915404, 0.0 ], [ 39.720546880588607, 21.281213446891272, 0.0 ], [ 39.720543551761565, 21.281196042477937, 0.0 ], [ 39.720540147054791, 21.281178650966073, 0.0 ], [ 39.720536666525206, 21.281161272646141, 0.0 ], [ 39.720533110230939, 21.281143907808378, 0.0 ], [ 39.720529478231427, 21.281126556742787, 0.0 ], [ 39.720525770587351, 21.281109219739157, 0.0 ], [ 39.720521987360655, 21.281091897087045, 0.0 ], [ 39.720518128614543, 21.281074589075747, 0.0 ], [ 39.720514194413504, 21.281057295994319, 0.0 ], [ 39.720510184823269, 21.281040018131598, 0.0 ], [ 39.720506099910793, 21.281022755776114, 0.0 ], [ 39.720501939744381, 21.28100550921619, 0.0 ], [ 39.720497704393502, 21.280988278739848, 0.0 ], [ 39.720494877709562, 21.280976954596319, 0.0 ] ] ] ] } },
{ "type": "Feature", "properties": { "ID": "256", "BLOCK NAME": "B.1.29.12+13", "FILL-TOTAL": null, "CUT-TOTAL": null, "FILL-DONE": null, "CUT-DONE": null, "FILL-REMAN": null, "CUT-REMAN": null, "EQUPIMENTS": null, "CONTRACTOR": null, "STATUS": null }, "geometry": { "type": "MultiPolygon", "coordinates": [ [ [ [ 39.715252230526595, 21.283116903125475, 0.0 ], [ 39.717109511549907, 21.283181538880164, 0.0 ], [ 39.717189448510901, 21.283112007936985, 0.0 ], [ 39.717206676496453, 21.282678733044772, 0.0 ], [ 39.717169579488306, 21.28264128603907, 0.0 ], [ 39.715273772610693, 21.282575309521437, 0.0 ], [ 39.715252230526595, 21.283116903125475, 0.0 ] ] ] ] } },
{ "type": "Feature", "properties": { "ID": "266", "BLOCK NAME": "B.1.29.2+6", "FILL-TOTAL": null, "CUT-TOTAL": null, "FILL-DONE": null, "CUT-DONE": null, "FILL-REMAN": null, "CUT-REMAN": null, "EQUPIMENTS": null, "CONTRACTOR": null, "STATUS": null }, "geometry": { "type": "MultiPolygon", "coordinates": [ [ [ [ 39.714689651826582, 21.283097320583643, 0.0 ], [ 39.715252230526595, 21.283116903125475, 0.0 ], [ 39.715273772610693, 21.282575309521437, 0.0 ], [ 39.715329781594384, 21.28116716586937, 0.0 ], [ 39.715292685441781, 21.281129718407687, 0.0 ], [ 39.714807178850364, 21.281112818414581, 0.0 ], [ 39.714767210326926, 21.281147583337479, 0.0 ], [ 39.714711195975475, 21.282555726982419, 0.0 ], [ 39.714689651826582, 21.283097320583643, 0.0 ] ] ] ] } },
{ "type": "Feature", "properties": { "ID": "403", "BLOCK NAME": "B.1.29.1", "FILL-TOTAL": null, "CUT-TOTAL": null, "FILL-DONE": null, "CUT-DONE": null, "FILL-REMAN": null, "CUT-REMAN": null, "EQUPIMENTS": null, "CONTRACTOR": null, "STATUS": null }, "geometry": { "type": "MultiPolygon", "coordinates": [ [ [ [ 39.714689651826582, 21.283097320583643, 0.0 ], [ 39.714711195975475, 21.282555726982419, 0.0 ], [ 39.712815390457777, 21.28248972255205, 0.0 ], [ 39.712775421089233, 21.282524487016691, 0.0 ], [ 39.712758180093594, 21.282957761891232, 0.0 ], [ 39.712832372114953, 21.283032657911452, 0.0 ], [ 39.714689651826582, 21.283097320583643, 0.0 ] ] ] ] } },
{ "type": "Feature", "properties": { "ID": "364", "BLOCK NAME": "B.1.25.17+18", "FILL-TOTAL": null, "CUT-TOTAL": null, "FILL-DONE": null, "CUT-DONE": null, "FILL-REMAN": null, "CUT-REMAN": null, "EQUPIMENTS": null, "CONTRACTOR": null, "STATUS": null }, "geometry": { "type": "MultiPolygon", "coordinates": [ [ [ [ 39.708766645462845, 21.282606079682907, 0.0 ], [ 39.709239350539114, 21.282293703234828, 0.0 ], [ 39.708970521415139, 21.281940613620222, 0.0 ], [ 39.708668602096161, 21.281583891792856, 0.0 ], [ 39.708456465460031, 21.281305276465581, 0.0 ], [ 39.708453108915272, 21.281300930260183, 0.0 ], [ 39.70844969020002, 21.28129662681668, 0.0 ], [ 39.708446209934415, 21.281292366915757, 0.0 ], [ 39.708442668749839, 21.281288151330145, 0.0 ], [ 39.708439067288658, 21.2812839808246, 0.0 ], [ 39.708435406204181, 21.281279856155621, 0.0 ], [ 39.708431686160559, 21.281275778071471, 0.0 ], [ 39.708427907832608, 21.281271747311905, 0.0 ], [ 39.708424071905768, 21.281267764608128, 0.0 ], [ 39.708420179075837, 21.281263830682619, 0.0 ], [ 39.708416230049025, 21.281259946248959, 0.0 ], [ 39.7084122255417, 21.281256112011857, 0.0 ], [ 39.7084081662803, 21.281252328666817, 0.0 ], [ 39.708404053001168, 21.281248596900156, 0.0 ], [ 39.708399886450486, 21.281244917388836, 0.0 ], [ 39.708395667384067, 21.281241290800299, 0.0 ], [ 39.708391396567293, 21.281237717792475, 0.0 ], [ 39.708387074774862, 21.281234199013468, 0.0 ], [ 39.708382702790779, 21.281230735101605, 0.0 ], [ 39.708378281408173, 21.281227326685251, 0.0 ], [ 39.708373811429055, 21.281223974382733, 0.0 ], [ 39.708369293664305, 21.281220678802129, 0.0 ], [ 39.708364728933468, 21.281217440541266, 0.0 ], [ 39.708360118064604, 21.2812142601876, 0.0 ], [ 39.708355461894122, 21.281211138318032, 0.0 ], [ 39.708350761266665, 21.281208075498878, 0.0 ], [ 39.708346017034977, 21.281205072285786, 0.0 ], [ 39.708341230059645, 21.281202129223477, 0.0 ], [ 39.708336401209053, 21.281199246845873, 0.0 ], [ 39.708331531359157, 21.281196425675841, 0.0 ], [ 39.708326621393383, 21.281193666225153, 0.0 ], [ 39.708321672202395, 21.281190968994363, 0.0 ], [ 39.708316684684, 21.281188334472766, 0.0 ], [ 39.708311659742947, 21.281185763138279, 0.0 ], [ 39.708306598290754, 21.281183255457318, 0.0 ], [ 39.708301501245607, 21.281180811884823, 0.0 ], [ 39.70829636953215, 21.281178432864049, 0.0 ], [ 39.708291204081227, 21.281176118826561, 0.0 ], [ 39.708286005829912, 21.281173870192106, 0.0 ], [ 39.708280775721178, 21.281171687368609, 0.0 ], [ 39.70827551470375, 21.281169570752063, 0.0 ], [ 39.708270223732029, 21.281167520726399, 0.0 ], [ 39.708264903765787, 21.28116553766349, 0.0 ], [ 39.708259555770098, 21.281163621923092, 0.0 ], [ 39.70825418071508, 21.281161773852727, 0.0 ], [ 39.70824877957579, 21.281159993787622, 0.0 ], [ 39.708243353332023, 21.281158282050704, 0.0 ], [ 39.708237902968108, 21.281156638952456, 0.0 ], [ 39.708232429472737, 21.281155064790962, 0.0 ], [ 39.70822693383883, 21.281153559851802, 0.0 ], [ 39.708221417063321, 21.281152124407939, 0.0 ], [ 39.708215880146952, 21.281150758719761, 0.0 ], [ 39.708210324094125, 21.281149463035039, 0.0 ], [ 39.708204749912746, 21.281148237588791, 0.0 ], [ 39.708199158613958, 21.281147082603333, 0.0 ], [ 39.708193551212076, 21.281145998288174, 0.0 ], [ 39.708187928724236, 21.281144984840012, 0.0 ], [ 39.708183813475571, 21.281144289567202, 0.0 ], [ 39.708177761379382, 21.281143259155716, 0.0 ], [ 39.708171723554059, 21.281142157728684, 0.0 ], [ 39.708165700948555, 21.281140985459235, 0.0 ], [ 39.708159694509455, 21.2811397425316, 0.0 ], [ 39.70815370518077, 21.281138429141151, 0.0 ], [ 39.708147733903871, 21.281137045494294, 0.0 ], [ 39.708141781617257, 21.281135591808521, 0.0 ], [ 39.708135849256458, 21.281134068312273, 0.0 ], [ 39.708129937753874, 21.28113247524503, 0.0 ], [ 39.708124048038613, 21.281130812857167, 0.0 ], [ 39.708118181036347, 21.281129081409947, 0.0 ], [ 39.708112337669242, 21.281127281175532, 0.0 ], [ 39.708106518855658, 21.281125412436854, 0.0 ], [ 39.708100725510164, 21.281123475487615, 0.0 ], [ 39.708094958543306, 21.28112147063225, 0.0 ], [ 39.708091068413538, 21.281120074474227, 0.0 ], [ 39.708084619022912, 21.281117769090081, 0.0 ], [ 39.708078142541076, 21.281115531364925, 0.0 ], [ 39.708071639776243, 21.281113361578026, 0.0 ], [ 39.708065111540051, 21.281111260000188, 0.0 ], [ 39.708058558647174, 21.281109226893676, 0.0 ], [ 39.708051981915496, 21.281107262512226, 0.0 ], [ 39.70804538216575, 21.281105367101013, 0.0 ], [ 39.708038760221648, 21.281103540896581, 0.0 ], [ 39.708032116909607, 21.281101784126871, 0.0 ], [ 39.708025453058738, 21.281100097011102, 0.0 ], [ 39.70801876950069, 21.281098479759834, 0.0 ], [ 39.708012067069596, 21.281096932574904, 0.0 ], [ 39.708005346601965, 21.28109545564941, 0.0 ], [ 39.707998608936485, 21.281094049167695, 0.0 ], [ 39.707991854914063, 21.281092713305274, 0.0 ], [ 39.707985085377615, 21.281091448228853, 0.0 ], [ 39.707978301171984, 21.281090254096338, 0.0 ], [ 39.707971503143874, 21.281089131056753, 0.0 ], [ 39.707964692141687, 21.281088079250257, 0.0 ], [ 39.707957869015459, 21.281087098808126, 0.0 ], [ 39.707951034616734, 21.281086189852719, 0.0 ], [ 39.707944189798447, 21.281085352497449, 0.0 ], [ 39.707937335414854, 21.281084586846859, 0.0 ], [ 39.707930472321429, 21.281083892996481, 0.0 ], [ 39.707923601374674, 21.281083271032916, 0.0 ], [ 39.707916723432099, 21.281082721033805, 0.0 ], [ 39.707909839352119, 21.281082243067765, 0.0 ], [ 39.707902949993823, 21.281081837194456, 0.0 ], [ 39.707896056217109, 21.281081503464527, 0.0 ], [ 39.707889158882274, 21.281081241919637, 0.0 ], [ 39.707882258850127, 21.28108105259242, 0.0 ], [ 39.707875356981816, 21.281080935506527, 0.0 ], [ 39.707868454138747, 21.281080890676531, 0.0 ], [ 39.707861551182361, 21.281080918108067, 0.0 ], [ 39.707854648974191, 21.281081017797682, 0.0 ], [ 39.707847748375649, 21.281081189732962, 0.0 ], [ 39.707840850247933, 21.281081433892428, 0.0 ], [ 39.707833955451967, 21.281081750245608, 0.0 ], [ 39.707827064848225, 21.281082138753035, 0.0 ], [ 39.707823898760999, 21.281082341553478, 0.0 ], [ 39.70779850885215, 21.281090695407954, 0.0 ], [ 39.707773144585872, 21.281099117405343, 0.0 ], [ 39.70774780617041, 21.281107607476464, 0.0 ], [ 39.707722493813876, 21.281116165551609, 0.0 ], [ 39.707697207724159, 21.281124791560501, 0.0 ], [ 39.707671948108917, 21.281133485432306, 0.0 ], [ 39.707646715175557, 21.281142247095598, 0.0 ], [ 39.707621509131343, 21.281151076478444, 0.0 ], [ 39.707596330183257, 21.281159973508366, 0.0 ], [ 39.707571178538082, 21.281168938112266, 0.0 ], [ 39.707546054402371, 21.281177970216525, 0.0 ], [ 39.707520957982439, 21.281187069746991, 0.0 ], [ 39.70749588948442, 21.281196236628926, 0.0 ], [ 39.707470849114188, 21.28120547078704, 0.0 ], [ 39.707445837077337, 21.281214772145514, 0.0 ], [ 39.707420853579329, 21.281224140627977, 0.0 ], [ 39.707395898825311, 21.281233576157469, 0.0 ], [ 39.707370973020247, 21.281243078656502, 0.0 ], [ 39.707346076368808, 21.281252648047072, 0.0 ], [ 39.707321209075467, 21.28126228425057, 0.0 ], [ 39.707296371344462, 21.281271987187868, 0.0 ], [ 39.707271563379763, 21.281281756779286, 0.0 ], [ 39.707246785385088, 21.281291592944569, 0.0 ], [ 39.70722203756393, 21.281301495602992, 0.0 ], [ 39.707197320119541, 21.281311464673184, 0.0 ], [ 39.707172633254928, 21.281321500073318, 0.0 ], [ 39.707147977172809, 21.28133160172094, 0.0 ], [ 39.707123352075676, 21.281341769533135, 0.0 ], [ 39.707098758165749, 21.281352003426367, 0.0 ], [ 39.707074195645049, 21.281362303316616, 0.0 ], [ 39.707049664715242, 21.281372669119293, 0.0 ], [ 39.707025165577818, 21.281383100749274, 0.0 ], [ 39.707000698433973, 21.281393598120882, 0.0 ], [ 39.706976263484641, 21.281404161147925, 0.0 ], [ 39.706951860930509, 21.28141478974365, 0.0 ], [ 39.706927490971964, 21.281425483820783, 0.0 ], [ 39.706903153809151, 21.281436243291488, 0.0 ], [ 39.706878849641946, 21.281447068067408, 0.0 ], [ 39.706854578669947, 21.281457958059647, 0.0 ], [ 39.706830341092484, 21.281468913178792, 0.0 ], [ 39.7068061371086, 21.281479933334854, 0.0 ], [ 39.70678196691707, 21.281491018437354, 0.0 ], [ 39.706757830716413, 21.281502168395249, 0.0 ], [ 39.70673372870484, 21.281513383116963, 0.0 ], [ 39.706709661080282, 21.28152466251041, 0.0 ], [ 39.706685628040404, 21.28153600648298, 0.0 ], [ 39.70666162978258, 21.281547414941478, 0.0 ], [ 39.706637666503902, 21.281558887792229, 0.0 ], [ 39.706613738401167, 21.28157042494103, 0.0 ], [ 39.706589845670884, 21.281582026293119, 0.0 ], [ 39.706565988509269, 21.281593691753226, 0.0 ], [ 39.706542167112289, 21.281605421225546, 0.0 ], [ 39.706518381675529, 21.281617214613778, 0.0 ], [ 39.706494632394353, 21.281629071821047, 0.0 ], [ 39.706470919463825, 21.281640992749985, 0.0 ], [ 39.706457806555548, 21.28164762011696, 0.0 ], [ 39.706440591395634, 21.281717653146085, 0.0 ], [ 39.706869363559171, 21.282280873868697, 0.0 ], [ 39.706873399693286, 21.282286237792007, 0.0 ], [ 39.706877372555176, 21.282291643034775, 0.0 ], [ 39.706881281663286, 21.282297088941839, 0.0 ], [ 39.70688512654376, 21.282302574853084, 0.0 ], [ 39.706888906730569, 21.282308100103577, 0.0 ], [ 39.706892621765519, 21.282313664023583, 0.0 ], [ 39.706896271198282, 21.282319265938714, 0.0 ], [ 39.706899854586503, 21.282324905169961, 0.0 ], [ 39.706903371495848, 21.282330581033769, 0.0 ], [ 39.706906821499992, 21.282336292842174, 0.0 ], [ 39.706910204180772, 21.282342039902847, 0.0 ], [ 39.706913519128179, 21.282347821519185, 0.0 ], [ 39.706916765940377, 21.28235363699039, 0.0 ], [ 39.706919944223799, 21.282359485611586, 0.0 ], [ 39.706923053593236, 21.282365366673826, 0.0 ], [ 39.706926093671747, 21.282371279464289, 0.0 ], [ 39.706929064090872, 21.28237722326627, 0.0 ], [ 39.706931964490529, 21.282383197359326, 0.0 ], [ 39.706934794519157, 21.282389201019313, 0.0 ], [ 39.70693755383374, 21.282395233518557, 0.0 ], [ 39.706940242099762, 21.28240129412584, 0.0 ], [ 39.706942858991425, 21.28240738210653, 0.0 ], [ 39.706945404191494, 21.282413496722729, 0.0 ], [ 39.706947877391464, 21.282419637233271, 0.0 ], [ 39.706949123236477, 21.28242281031164, 0.0 ], [ 39.706999762552989, 21.282458456114995, 0.0 ], [ 39.708699348330178, 21.282517689114147, 0.0 ], [ 39.708766645462845, 21.282606079682907, 0.0 ] ] ] ] } },
{ "type": "Feature", "properties": { "ID": "419", "BLOCK NAME": "B.1.25.10+16", "FILL-TOTAL": null, "CUT-TOTAL": null, "FILL-DONE": null, "CUT-DONE": null, "FILL-REMAN": null, "CUT-REMAN": null, "EQUPIMENTS": null, "CONTRACTOR": null, "STATUS": null }, "geometry": { "type": "MultiPolygon", "coordinates": [ [ [ [ 39.711640867258872, 21.285447841712696, 0.0 ], [ 39.709239362188931, 21.282293695536289, 0.0 ], [ 39.70876665711269, 21.282606071984411, 0.0 ], [ 39.711168555335732, 21.285760747283639, 0.0 ], [ 39.711640867258872, 21.285447841712696, 0.0 ] ] ] ] } },
{ "type": "Feature", "properties": { "ID": "459", "BLOCK NAME": "B.1.25.6", "FILL-TOTAL": null, "CUT-TOTAL": null, "FILL-DONE": null, "CUT-DONE": null, "FILL-REMAN": null, "CUT-REMAN": null, "EQUPIMENTS": null, "CONTRACTOR": null, "STATUS": null }, "geometry": { "type": "MultiPolygon", "coordinates": [ [ [ [ 39.711168561915414, 21.285760742924612, 0.0 ], [ 39.711216255272547, 21.285823394579623, 0.0 ], [ 39.711182830362453, 21.286663150953132, 0.0 ], [ 39.711219926936131, 21.286700599270006, 0.0 ], [ 39.71234210507582, 21.286739680186056, 0.0 ], [ 39.712345536697697, 21.286739891138389, 0.0 ], [ 39.71234897251459, 21.286740029937153, 0.0 ], [ 39.712352410798779, 21.286740096512563, 0.0 ], [ 39.712355849821286, 21.286740090831113, 0.0 ], [ 39.712359287852721, 21.286740012895674, 0.0 ], [ 39.712362723164269, 21.286739862745442, 0.0 ], [ 39.71236615402843, 21.286739640455938, 0.0 ], [ 39.712369578719958, 21.286739346138905, 0.0 ], [ 39.712372995516724, 21.286738979942363, 0.0 ], [ 39.7123764027005, 21.286738542050472, 0.0 ], [ 39.712379798558011, 21.286738032683417, 0.0 ], [ 39.712383181381568, 21.286737452097316, 0.0 ], [ 39.712386549470089, 21.286736800584173, 0.0 ], [ 39.712389901129903, 21.28673607847157, 0.0 ], [ 39.712393234675588, 21.286735286122649, 0.0 ], [ 39.712396548430817, 21.286734423935837, 0.0 ], [ 39.712399840729255, 21.286733492344712, 0.0 ], [ 39.712403109915307, 21.28673249181772, 0.0 ], [ 39.712406354345049, 21.286731422858004, 0.0 ], [ 39.712409572386967, 21.28673028600307, 0.0 ], [ 39.712412762422858, 21.286729081824653, 0.0 ], [ 39.712415922848528, 21.286727810928223, 0.0 ], [ 39.712419052074793, 21.286726473952911, 0.0 ], [ 39.71242214852802, 21.286725071571023, 0.0 ], [ 39.712425210651155, 21.286723604487747, 0.0 ], [ 39.712428236904358, 21.286722073440846, 0.0 ], [ 39.712431225765883, 21.286720479200191, 0.0 ], [ 39.712434175732717, 21.286718822567472, 0.0 ], [ 39.712437085321447, 21.286717104375793, 0.0 ], [ 39.712439953068959, 21.286715325489112, 0.0 ], [ 39.712442777533163, 21.286713486801975, 0.0 ], [ 39.712445557293755, 21.28671158923899, 0.0 ], [ 39.712448290952892, 21.286709633754363, 0.0 ], [ 39.712450977135951, 21.286707621331445, 0.0 ], [ 39.712453614492141, 21.286705552982195, 0.0 ], [ 39.71245620169524, 21.286703429746709, 0.0 ], [ 39.712458737444251, 21.286701252692666, 0.0 ], [ 39.71246122046405, 21.286699022914839, 0.0 ], [ 39.712463649506013, 21.286696741534492, 0.0 ], [ 39.712465965950521, 21.286694467330342, 0.0 ], [ 39.712467468750184, 21.286691785876659, 0.0 ], [ 39.712468902851313, 21.286689071599376, 0.0 ], [ 39.712470267437446, 21.286686326043696, 0.0 ], [ 39.712471561731789, 21.286683550772601, 0.0 ], [ 39.712472784997516, 21.286680747365995, 0.0 ], [ 39.712473936538267, 21.286677917419802, 0.0 ], [ 39.71247501569848, 21.286675062545047, 0.0 ], [ 39.712476021863822, 21.286672184366967, 0.0 ], [ 39.712476954461501, 21.286669284524024, 0.0 ], [ 39.712477812960621, 21.286666364667088, 0.0 ], [ 39.712478596872472, 21.286663426458311, 0.0 ], [ 39.712479305750762, 21.2866604715704, 0.0 ], [ 39.712479939191951, 21.286657501685504, 0.0 ], [ 39.712480496835482, 21.286654518494306, 0.0 ], [ 39.71248097836385, 21.286651523695085, 0.0 ], [ 39.712481383502976, 21.286648518992713, 0.0 ], [ 39.712481712022203, 21.286645506097706, 0.0 ], [ 39.712481963734518, 21.286642486725253, 0.0 ], [ 39.712482138496647, 21.28663946259422, 0.0 ], [ 39.712482236209084, 21.286636435426161, 0.0 ], [ 39.71248225681623, 21.286633406944404, 0.0 ], [ 39.71248220030634, 21.286630378872978, 0.0 ], [ 39.712482066711608, 21.286627352935735, 0.0 ], [ 39.712481856108077, 21.286624330855258, 0.0 ], [ 39.712481568615637, 21.286621314351937, 0.0 ], [ 39.712481204397974, 21.286618305143023, 0.0 ], [ 39.71248076366242, 21.286615304941606, 0.0 ], [ 39.712480246659908, 21.286612315455617, 0.0 ], [ 39.712479653684724, 21.286609338386928, 0.0 ], [ 39.712478985074455, 21.286606375430303, 0.0 ], [ 39.712478241209745, 21.286603428272485, 0.0 ], [ 39.712477422514056, 21.286600498591262, 0.0 ], [ 39.712476529453447, 21.28659758805442, 0.0 ], [ 39.712475562536333, 21.286594698318858, 0.0 ], [ 39.712474522313158, 21.286591831029646, 0.0 ], [ 39.712473409376138, 21.286588987819073, 0.0 ], [ 39.712472224358798, 21.286586170305739, 0.0 ], [ 39.712470967935772, 21.286583380093553, 0.0 ], [ 39.712469640822306, 21.286580618770955, 0.0 ], [ 39.712468243773912, 21.286577887909896, 0.0 ], [ 39.712466777585909, 21.286575189065005, 0.0 ], [ 39.712465243092957, 21.286572523772652, 0.0 ], [ 39.712463641168625, 21.286569893550176, 0.0 ], [ 39.712461972724853, 21.286567299894852, 0.0 ], [ 39.712460238711444, 21.286564744283247, 0.0 ], [ 39.712458440115569, 21.286562228170173, 0.0 ], [ 39.71245726686832, 21.286560654133208, 0.0 ], [ 39.712288097475117, 21.286338448255364, 0.0 ], [ 39.712024979317064, 21.285952315975333, 0.0 ], [ 39.711640873838533, 21.285447837353654, 0.0 ], [ 39.711168561915414, 21.285760742924612, 0.0 ] ] ] ] } },
{ "type": "Feature", "properties": { "ID": "448", "BLOCK NAME": "B.1.24.3+4", "FILL-TOTAL": null, "CUT-TOTAL": null, "FILL-DONE": null, "CUT-DONE": null, "FILL-REMAN": null, "CUT-REMAN": null, "EQUPIMENTS": null, "CONTRACTOR": null, "STATUS": null }, "geometry": { "type": "MultiPolygon", "coordinates": [ [ [ [ 39.703622481377764, 21.286435812293409, 0.0 ], [ 39.706465832760323, 21.286534949629388, 0.0 ], [ 39.706525790683592, 21.286482805108218, 0.0 ], [ 39.706543769197665, 21.286031477488603, 0.0 ], [ 39.706506673952504, 21.28599402808613, 0.0 ], [ 39.703875267196928, 21.285902282147298, 0.0 ], [ 39.703835294762719, 21.285937044550156, 0.0 ], [ 39.703827992130378, 21.286120283562905, 0.0 ], [ 39.703635324385019, 21.286113564392352, 0.0 ], [ 39.703622481377764, 21.286435812293409, 0.0 ] ] ] ] } },
{ "type": "Feature", "properties": { "ID": "285", "BLOCK NAME": "B.1.34.6", "FILL-TOTAL": null, "CUT-TOTAL": null, "FILL-DONE": null, "CUT-DONE": null, "FILL-REMAN": null, "CUT-REMAN": null, "EQUPIMENTS": null, "CONTRACTOR": null, "STATUS": null }, "geometry": { "type": "MultiPolygon", "coordinates": [ [ [ [ 39.697884286730705, 21.296537551723009, 0.0 ], [ 39.698024929699386, 21.296842845013924, 0.0 ], [ 39.698709221812919, 21.298328215174738, 0.0 ], [ 39.698755899377687, 21.298340402049071, 0.0 ], [ 39.699174839561515, 21.298060386785245, 0.0 ], [ 39.699190953261727, 21.298006230878592, 0.0 ], [ 39.698388936614734, 21.296265326948731, 0.0 ], [ 39.698318921303951, 21.296247046437657, 0.0 ], [ 39.697884286730705, 21.296537551723009, 0.0 ] ] ] ] } },
{ "type": "Feature", "properties": { "ID": "344", "BLOCK NAME": "B.1.34.4+5", "FILL-TOTAL": null, "CUT-TOTAL": null, "FILL-DONE": null, "CUT-DONE": null, "FILL-REMAN": null, "CUT-REMAN": null, "EQUPIMENTS": null, "CONTRACTOR": null, "STATUS": null }, "geometry": { "type": "MultiPolygon", "coordinates": [ [ [ [ 39.696301536474763, 21.297595449411457, 0.0 ], [ 39.696469468220535, 21.29781602912314, 0.0 ], [ 39.69662644861009, 21.297711109593855, 0.0 ], [ 39.696772002877061, 21.29790229535265, 0.0 ], [ 39.69682578749773, 21.297910723600381, 0.0 ], [ 39.697926789847514, 21.297174837624524, 0.0 ], [ 39.697942903922957, 21.297120681816299, 0.0 ], [ 39.69784789857588, 21.296914454277331, 0.0 ], [ 39.698024893000571, 21.296842765352068, 0.0 ], [ 39.697884323429371, 21.29653763138489, 0.0 ], [ 39.696301536474763, 21.297595449411457, 0.0 ] ] ] ] } },
{ "type": "Feature", "properties": { "ID": "342", "BLOCK NAME": "B.1.34.2", "FILL-TOTAL": null, "CUT-TOTAL": null, "FILL-DONE": null, "CUT-DONE": null, "FILL-REMAN": null, "CUT-REMAN": null, "EQUPIMENTS": null, "CONTRACTOR": null, "STATUS": null }, "geometry": { "type": "MultiPolygon", "coordinates": [ [ [ [ 39.696301536471729, 21.297595449407471, 0.0 ], [ 39.695861981063921, 21.297889210527249, 0.0 ], [ 39.695852977713358, 21.297939607675325, 0.0 ], [ 39.697011809953395, 21.299461731004833, 0.0 ], [ 39.697065599362766, 21.299470159813193, 0.0 ], [ 39.697473749372229, 21.299197364818507, 0.0 ], [ 39.697482752229746, 21.299146967611954, 0.0 ], [ 39.696469466986706, 21.297816029953822, 0.0 ], [ 39.69646946822359, 21.29781602912713, 0.0 ], [ 39.696301536471729, 21.297595449407471, 0.0 ] ] ] ] } },
{ "type": "Feature", "properties": { "ID": "336", "BLOCK NAME": "B.1.32.8B", "FILL-TOTAL": null, "CUT-TOTAL": null, "FILL-DONE": null, "CUT-DONE": null, "FILL-REMAN": null, "CUT-REMAN": null, "EQUPIMENTS": null, "CONTRACTOR": null, "STATUS": null }, "geometry": { "type": "MultiPolygon", "coordinates": [ [ [ [ 39.696755692856279, 21.294274053996546, 0.0 ], [ 39.696764695713561, 21.294223656777444, 0.0 ], [ 39.696556012949635, 21.293949543910575, 0.0 ], [ 39.696510506759708, 21.293949054957206, 0.0 ], [ 39.696235295386046, 21.294293445690549, 0.0 ], [ 39.696234573525672, 21.29435178299293, 0.0 ], [ 39.696348705306299, 21.294501699859421, 0.0 ], [ 39.696402491104521, 21.29451012867251, 0.0 ], [ 39.696755692856279, 21.294274053996546, 0.0 ] ] ] ] } },
{ "type": "Feature", "properties": { "ID": "288", "BLOCK NAME": "B.1.35.1+2", "FILL-TOTAL": null, "CUT-TOTAL": null, "FILL-DONE": null, "CUT-DONE": null, "FILL-REMAN": null, "CUT-REMAN": null, "EQUPIMENTS": null, "CONTRACTOR": null, "STATUS": null }, "geometry": { "type": "MultiPolygon", "coordinates": [ [ [ [ 39.697901316627572, 21.301182637363986, 0.0 ], [ 39.697891615673356, 21.301183608840436, 0.0 ], [ 39.697881906834361, 21.301184508433838, 0.0 ], [ 39.697872190717412, 21.301185336087954, 0.0 ], [ 39.697862467929752, 21.30118609175107, 0.0 ], [ 39.697852739079089, 21.301186775375932, 0.0 ], [ 39.697843004773482, 21.301187386919825, 0.0 ], [ 39.697833265621313, 21.301187926344529, 0.0 ], [ 39.697823522231324, 21.301188393616325, 0.0 ], [ 39.697813775212467, 21.301188788706003, 0.0 ], [ 39.697804025173966, 21.301189111588876, 0.0 ], [ 39.697794272725176, 21.30118936224477, 0.0 ], [ 39.697784518475672, 21.30118954065799, 0.0 ], [ 39.697774763035085, 21.30118964681742, 0.0 ], [ 39.697765007013146, 21.301189680716391, 0.0 ], [ 39.697755251019622, 21.30118964235281, 0.0 ], [ 39.697745495664272, 21.301189531729058, 0.0 ], [ 39.697735741556805, 21.301189348852066, 0.0 ], [ 39.697725989306896, 21.301189093733242, 0.0 ], [ 39.697716239524034, 21.30118876638856, 0.0 ], [ 39.697706492817638, 21.301188366838442, 0.0 ], [ 39.69769674979684, 21.301187895107894, 0.0 ], [ 39.697687011070627, 21.301187351226371, 0.0 ], [ 39.697677277247678, 21.301186735227883, 0.0 ], [ 39.697667548936352, 21.301186047150921, 0.0 ], [ 39.697657826744681, 21.301185287038507, 0.0 ], [ 39.697648111280323, 21.301184454938124, 0.0 ], [ 39.697638403150499, 21.301183550901797, 0.0 ], [ 39.697628702961993, 21.301182574986026, 0.0 ], [ 39.697619011321059, 21.301181527251803, 0.0 ], [ 39.697609328833465, 21.301180407764612, 0.0 ], [ 39.697599656104337, 21.30117921659442, 0.0 ], [ 39.697589993738269, 21.301177953815682, 0.0 ], [ 39.697580342339158, 21.301176619507309, 0.0 ], [ 39.697570702510227, 21.301175213752725, 0.0 ], [ 39.697561074853958, 21.301173736639768, 0.0 ], [ 39.697551459972118, 21.301172188260765, 0.0 ], [ 39.697541858465648, 21.301170568712475, 0.0 ], [ 39.697532270934637, 21.301168878096149, 0.0 ], [ 39.697522697978329, 21.301167116517426, 0.0 ], [ 39.697513140195049, 21.301165284086434, 0.0 ], [ 39.697503598182138, 21.301163380917693, 0.0 ], [ 39.69749407253601, 21.30116140713012, 0.0 ], [ 39.697484563852051, 21.301159362847127, 0.0 ], [ 39.697475072724508, 21.301157248196439, 0.0 ], [ 39.697465599746629, 21.301155063310272, 0.0 ], [ 39.697456145510472, 21.301152808325146, 0.0 ], [ 39.697446710606933, 21.30115048338202, 0.0 ], [ 39.697437295625718, 21.301148088626192, 0.0 ], [ 39.697427901155251, 21.301145624207336, 0.0 ], [ 39.69741852778273, 21.301143090279492, 0.0 ], [ 39.69740917609397, 21.301140487001028, 0.0 ], [ 39.697399846673484, 21.301137814534652, 0.0 ], [ 39.697390540104358, 21.301135073047387, 0.0 ], [ 39.697381256968249, 21.301132262710595, 0.0 ], [ 39.69737199784538, 21.301129383699909, 0.0 ], [ 39.697362763314473, 21.301126436195275, 0.0 ], [ 39.697353553952667, 21.301123420380925, 0.0 ], [ 39.697344370335557, 21.301120336445347, 0.0 ], [ 39.69733521303715, 21.301117184581265, 0.0 ], [ 39.69732608262975, 21.301113964985706, 0.0 ], [ 39.697316979684061, 21.301110677859892, 0.0 ], [ 39.697307904768984, 21.301107323409262, 0.0 ], [ 39.697298858451738, 21.301103901843469, 0.0 ], [ 39.697289841297724, 21.301100413376368, 0.0 ], [ 39.697280853870517, 21.301096858226, 0.0 ], [ 39.697271896731827, 21.301093236614548, 0.0 ], [ 39.6972629704415, 21.30108954876841, 0.0 ], [ 39.697254075557431, 21.301085794918031, 0.0 ], [ 39.697245212635558, 21.30108197529805, 0.0 ], [ 39.697236382229825, 21.301078090147193, 0.0 ], [ 39.69722758489214, 21.301074139708273, 0.0 ], [ 39.697218821172328, 21.301070124228225, 0.0 ], [ 39.697210091618139, 21.301066043958009, 0.0 ], [ 39.697201396775185, 21.301061899152639, 0.0 ], [ 39.697192737186896, 21.301057690071168, 0.0 ], [ 39.697184113394485, 21.301053416976675, 0.0 ], [ 39.69717552593697, 21.301049080136234, 0.0 ], [ 39.69716697535106, 21.301044679820897, 0.0 ], [ 39.697158462171188, 21.301040216305687, 0.0 ], [ 39.697149986929411, 21.301035689869568, 0.0 ], [ 39.697141550155457, 21.301031100795484, 0.0 ], [ 39.697133152376608, 21.301026449370223, 0.0 ], [ 39.697124794117748, 21.301021735884511, 0.0 ], [ 39.697116475901275, 21.301016960632932, 0.0 ], [ 39.697108198247072, 21.301012123913956, 0.0 ], [ 39.6970999616725, 21.301007226029906, 0.0 ], [ 39.697091766692346, 21.301002267286872, 0.0 ], [ 39.697083613818819, 21.300997247994797, 0.0 ], [ 39.697075503561436, 21.300992168467367, 0.0 ], [ 39.69706743642714, 21.300987029022082, 0.0 ], [ 39.697059412920112, 21.300981829980163, 0.0 ], [ 39.697051433541816, 21.300976571666535, 0.0 ], [ 39.697043498790975, 21.300971254409863, 0.0 ], [ 39.6970356091635, 21.300965878542478, 0.0 ], [ 39.697027765152519, 21.300960444400371, 0.0 ], [ 39.697019967248274, 21.300954952323185, 0.0 ], [ 39.697012215938145, 21.300949402654179, 0.0 ], [ 39.697004511706567, 21.300943795740206, 0.0 ], [ 39.696996855035074, 21.300938131931719, 0.0 ], [ 39.696989246402218, 21.300932411582689, 0.0 ], [ 39.696981686283536, 21.300926635050679, 0.0 ], [ 39.696974175151503, 21.300920802696666, 0.0 ], [ 39.696966713475604, 21.300914914885233, 0.0 ], [ 39.696959301722195, 21.300908971984349, 0.0 ], [ 39.696951940354509, 21.300902974365464, 0.0 ], [ 39.696944629832608, 21.300896922403421, 0.0 ], [ 39.696937370613412, 21.300890816476468, 0.0 ], [ 39.69693016315064, 21.300884656966254, 0.0 ], [ 39.696923007894732, 21.300878444257723, 0.0 ], [ 39.696915905292926, 21.300872178739205, 0.0 ], [ 39.69690885578909, 21.300865860802272, 0.0 ], [ 39.696901859823839, 21.300859490841827, 0.0 ], [ 39.696894917834427, 21.300853069255975, 0.0 ], [ 39.696888030254726, 21.300846596446071, 0.0 ], [ 39.696885318530128, 21.300844019737212, 0.0 ], [ 39.695763093706937, 21.299774314459288, 0.0 ], [ 39.695704666161788, 21.299769532080205, 0.0 ], [ 39.695290634479115, 21.300046250583371, 0.0 ], [ 39.695286268931767, 21.300093000852911, 0.0 ], [ 39.696472747941932, 21.301223956745549, 0.0 ], [ 39.696481063084406, 21.301231831127801, 0.0 ], [ 39.696489432883318, 21.301239654516454, 0.0 ], [ 39.696497856982539, 21.30124742657857, 0.0 ], [ 39.696506335023606, 21.301255146983451, 0.0 ], [ 39.696514866645707, 21.301262815402527, 0.0 ], [ 39.696523451485831, 21.301270431509487, 0.0 ], [ 39.69653208917866, 21.301277994980229, 0.0 ], [ 39.69654077935661, 21.30128550549292, 0.0 ], [ 39.696549521649914, 21.301292962727921, 0.0 ], [ 39.696558315686538, 21.301300366367926, 0.0 ], [ 39.696567161092283, 21.301307716097867, 0.0 ], [ 39.696576057490724, 21.301315011604981, 0.0 ], [ 39.696585004503312, 21.301322252578814, 0.0 ], [ 39.696594001749311, 21.301329438711246, 0.0 ], [ 39.696603048845851, 21.301336569696463, 0.0 ], [ 39.696612145407961, 21.301343645231, 0.0 ], [ 39.696621291048551, 21.301350665013782, 0.0 ], [ 39.696630485378428, 21.301357628746096, 0.0 ], [ 39.696639728006339, 21.301364536131594, 0.0 ], [ 39.696649018538999, 21.301371386876323, 0.0 ], [ 39.696658356581047, 21.301378180688776, 0.0 ], [ 39.696667741735105, 21.301384917279858, 0.0 ], [ 39.696677173601827, 21.301391596362869, 0.0 ], [ 39.696686651779828, 21.301398217653595, 0.0 ], [ 39.696696175865796, 21.301404780870296, 0.0 ], [ 39.696705745454445, 21.301411285733639, 0.0 ], [ 39.696715360138533, 21.301417731966858, 0.0 ], [ 39.696725019508946, 21.301424119295604, 0.0 ], [ 39.696734723154627, 21.301430447448077, 0.0 ], [ 39.696744470662651, 21.30143671615501, 0.0 ], [ 39.696754261618224, 21.301442925149615, 0.0 ], [ 39.696764095604713, 21.301449074167696, 0.0 ], [ 39.69677397220363, 21.301455162947562, 0.0 ], [ 39.696783890994695, 21.301461191230118, 0.0 ], [ 39.696793851555832, 21.301467158758854, 0.0 ], [ 39.696803853463173, 21.301473065279801, 0.0 ], [ 39.69681389629109, 21.301478910541622, 0.0 ], [ 39.69682397961224, 21.301484694295592, 0.0 ], [ 39.696834102997521, 21.301490416295543, 0.0 ], [ 39.696844266016164, 21.301496076298019, 0.0 ], [ 39.696854468235685, 21.301501674062159, 0.0 ], [ 39.696864709221906, 21.30150720934974, 0.0 ], [ 39.696874988539086, 21.301512681925225, 0.0 ], [ 39.696885305749774, 21.301518091555728, 0.0 ], [ 39.696895660414924, 21.301523438011039, 0.0 ], [ 39.696906052093908, 21.301528721063644, 0.0 ], [ 39.69691648034452, 21.301533940488724, 0.0 ], [ 39.696926944723003, 21.301539096064207, 0.0 ], [ 39.696937444784041, 21.301544187570649, 0.0 ], [ 39.696947980080836, 21.301549214791422, 0.0 ], [ 39.69695855016505, 21.301554177512578, 0.0 ], [ 39.696969154586867, 21.30155907552292, 0.0 ], [ 39.696979792895071, 21.301563908614053, 0.0 ], [ 39.696990464636919, 21.301568676580278, 0.0 ], [ 39.697001169358302, 21.301573379218706, 0.0 ], [ 39.697011906603677, 21.30157801632922, 0.0 ], [ 39.697022675916145, 21.301582587714499, 0.0 ], [ 39.697033476837397, 21.30158709317999, 0.0 ], [ 39.697044308907849, 21.30159153253399, 0.0 ], [ 39.697055171666541, 21.301595905587575, 0.0 ], [ 39.697066064651182, 21.301600212154661, 0.0 ], [ 39.697076987398276, 21.301604452051954, 0.0 ], [ 39.697087939442987, 21.301608625099064, 0.0 ], [ 39.697098920319263, 21.301612731118386, 0.0 ], [ 39.697109929559822, 21.301616769935212, 0.0 ], [ 39.69712096669619, 21.301620741377668, 0.0 ], [ 39.697132031258661, 21.301624645276757, 0.0 ], [ 39.69714312277641, 21.301628481466299, 0.0 ], [ 39.697154240777436, 21.301632249783118, 0.0 ], [ 39.697165384788633, 21.301635950066821, 0.0 ], [ 39.697176554335748, 21.301639582159957, 0.0 ], [ 39.697187748943499, 21.30164314590796, 0.0 ], [ 39.697198968135481, 21.301646641159174, 0.0 ], [ 39.697210211434296, 21.301650067764864, 0.0 ], [ 39.697221478361477, 21.301653425579211, 0.0 ], [ 39.697232768437566, 21.301656714459341, 0.0 ], [ 39.69724408118212, 21.301659934265267, 0.0 ], [ 39.697255416113734, 21.301663084859989, 0.0 ], [ 39.697266772750069, 21.301666166109438, 0.0 ], [ 39.697278150607829, 21.301669177882488, 0.0 ], [ 39.697289549202864, 21.301672120050988, 0.0 ], [ 39.697300968050079, 21.301674992489719, 0.0 ], [ 39.697312406663571, 21.301677795076472, 0.0 ], [ 39.697323864556587, 21.30168052769195, 0.0 ], [ 39.697335341241519, 21.301683190219894, 0.0 ], [ 39.697346836229997, 21.301685782546983, 0.0 ], [ 39.697358349032854, 21.30168830456293, 0.0 ], [ 39.697369879160178, 21.301690756160383, 0.0 ], [ 39.697381426121296, 21.301693137235024, 0.0 ], [ 39.697392989424834, 21.301695447685546, 0.0 ], [ 39.69740456857874, 21.301697687413608, 0.0 ], [ 39.697416163090267, 21.301699856323911, 0.0 ], [ 39.697427772465979, 21.301701954324159, 0.0 ], [ 39.697439396211905, 21.301703981325062, 0.0 ], [ 39.697451033833353, 21.301705937240389, 0.0 ], [ 39.697462684835116, 21.30170782198687, 0.0 ], [ 39.697474348721364, 21.301709635484322, 0.0 ], [ 39.69748602499579, 21.301711377655582, 0.0 ], [ 39.697497713161461, 21.301713048426485, 0.0 ], [ 39.69750941272104, 21.301714647725962, 0.0 ], [ 39.697521123176649, 21.301716175485939, 0.0 ], [ 39.697532844029936, 21.301717631641427, 0.0 ], [ 39.697544574782135, 21.301719016130434, 0.0 ], [ 39.697556314934069, 21.301720328894042, 0.0 ], [ 39.697568063986104, 21.301721569876403, 0.0 ], [ 39.697579821438303, 21.301722739024704, 0.0 ], [ 39.697591586790296, 21.301723836289199, 0.0 ], [ 39.697603359541439, 21.301724861623182, 0.0 ], [ 39.697615139190738, 21.30172581498304, 0.0 ], [ 39.697626925236925, 21.301726696328174, 0.0 ], [ 39.697638717178442, 21.301727505621109, 0.0 ], [ 39.697650514513484, 21.301728242827394, 0.0 ], [ 39.697662316740036, 21.30172890791566, 0.0 ], [ 39.697674123355846, 21.301729500857579, 0.0 ], [ 39.697685933858502, 21.301730021627975, 0.0 ], [ 39.697697747745401, 21.301730470204632, 0.0 ], [ 39.697709564513808, 21.301730846568507, 0.0 ], [ 39.697721383660877, 21.301731150703553, 0.0 ], [ 39.69773320468363, 21.301731382596842, 0.0 ], [ 39.697745027079037, 21.301731542238485, 0.0 ], [ 39.697756850344035, 21.301731629621731, 0.0 ], [ 39.697768673975439, 21.301731644742823, 0.0 ], [ 39.697780497470127, 21.301731587601143, 0.0 ], [ 39.69779232032495, 21.301731458199104, 0.0 ], [ 39.697804142036787, 21.301731256542219, 0.0 ], [ 39.697815962102581, 21.301730982639089, 0.0 ], [ 39.697827780019331, 21.30173063650135, 0.0 ], [ 39.69783959528413, 21.301730218143735, 0.0 ], [ 39.697851407394182, 21.301729727584043, 0.0 ], [ 39.697863215846823, 21.301729164843163, 0.0 ], [ 39.697875020139563, 21.301728529945034, 0.0 ], [ 39.697886819770069, 21.301727822916682, 0.0 ], [ 39.697898614236209, 21.301727043788187, 0.0 ], [ 39.697910403036097, 21.301726192592696, 0.0 ], [ 39.69792218566802, 21.301725269366454, 0.0 ], [ 39.697933961630625, 21.301724274148739, 0.0 ], [ 39.697945730422759, 21.301723206981908, 0.0 ], [ 39.697957491543612, 21.301722067911356, 0.0 ], [ 39.697969244492725, 21.301720856985568, 0.0 ], [ 39.697980988769913, 21.301719574256083, 0.0 ], [ 39.697992723875416, 21.30171821977747, 0.0 ], [ 39.698004449309877, 21.301716793607387, 0.0 ], [ 39.698016164574291, 21.30171529580651, 0.0 ], [ 39.698027869170161, 21.301713726438592, 0.0 ], [ 39.698039562599355, 21.301712085570397, 0.0 ], [ 39.698051244364301, 21.30171037327176, 0.0 ], [ 39.698062913967881, 21.301708589615568, 0.0 ], [ 39.698074570913491, 21.301706734677694, 0.0 ], [ 39.6980862147051, 21.301704808537085, 0.0 ], [ 39.698097844847183, 21.301702811275725, 0.0 ], [ 39.69810946084484, 21.301700742978596, 0.0 ], [ 39.698121062203754, 21.30169860373368, 0.0 ], [ 39.698132648430231, 21.301696393632067, 0.0 ], [ 39.698144219031249, 21.301694112767766, 0.0 ], [ 39.698155773514408, 21.301691761237862, 0.0 ], [ 39.698167311388019, 21.301689339142417, 0.0 ], [ 39.698178832161076, 21.301686846584509, 0.0 ], [ 39.698190335343355, 21.301684283670181, 0.0 ], [ 39.698201820445327, 21.301681650508531, 0.0 ], [ 39.698213286978238, 21.301678947211588, 0.0 ], [ 39.698222624783973, 21.301676690605699, 0.0 ], [ 39.698224480474181, 21.301676199882888, 0.0 ], [ 39.69822631374354, 21.301675640028503, 0.0 ], [ 39.698228121659142, 21.301675011938215, 0.0 ], [ 39.69822990132856, 21.301674316616875, 0.0 ], [ 39.698231649904656, 21.30167355517688, 0.0 ], [ 39.698233364589953, 21.301672728836412, 0.0 ], [ 39.698235042641237, 21.301671838917475, 0.0 ], [ 39.698236681373892, 21.301670886843816, 0.0 ], [ 39.698238278166215, 21.301669874138604, 0.0 ], [ 39.698239830463585, 21.30166880242199, 0.0 ], [ 39.698241335782569, 21.301667673408559, 0.0 ], [ 39.698242791714904, 21.301666488904562, 0.0 ], [ 39.698244195931331, 21.301665250804987, 0.0 ], [ 39.698245546185312, 21.301663961090632, 0.0 ], [ 39.698246840316706, 21.301662621824814, 0.0 ], [ 39.698248076255055, 21.301661235150153, 0.0 ], [ 39.698249252023075, 21.301659803285105, 0.0 ], [ 39.698250365739739, 21.301658328520436, 0.0 ], [ 39.698251415623247, 21.301656813215512, 0.0 ], [ 39.698252399993997, 21.301655259794597, 0.0 ], [ 39.698253317277121, 21.301653670742912, 0.0 ], [ 39.698254166005135, 21.301652048602698, 0.0 ], [ 39.698254944820199, 21.301650395969101, 0.0 ], [ 39.698255652476341, 21.301648715486085, 0.0 ], [ 39.698256287841424, 21.301647009842153, 0.0 ], [ 39.698256849898975, 21.301645281766056, 0.0 ], [ 39.698257337749787, 21.301643534022443, 0.0 ], [ 39.698257750613372, 21.301641769407436, 0.0 ], [ 39.698258087829252, 21.301639990744114, 0.0 ], [ 39.698258348857891, 21.301638200878067, 0.0 ], [ 39.69825853328171, 21.301636402672806, 0.0 ], [ 39.698258640805676, 21.301634599005155, 0.0 ], [ 39.69825867125774, 21.301632792760707, 0.0 ], [ 39.698258624589208, 21.301630986829149, 0.0 ], [ 39.698258500874744, 21.301629184099706, 0.0 ], [ 39.698258300312276, 21.30162738745641, 0.0 ], [ 39.698258023222664, 21.301625599773658, 0.0 ], [ 39.698257670049209, 21.30162382391142, 0.0 ], [ 39.698257241356941, 21.301622062710805, 0.0 ], [ 39.69825673783172, 21.301620318989443, 0.0 ], [ 39.698256349414756, 21.301619133957477, 0.0 ], [ 39.698254767512196, 21.301614651489626, 0.0 ], [ 39.698253112568047, 21.301610192238471, 0.0 ], [ 39.69825138496995, 21.301605757248598, 0.0 ], [ 39.698249585122618, 21.301601347558947, 0.0 ], [ 39.698247713447685, 21.30159696420246, 0.0 ], [ 39.698245770383608, 21.301592608205969, 0.0 ], [ 39.698243756385544, 21.301588280589868, 0.0 ], [ 39.698241671925274, 21.301583982367937, 0.0 ], [ 39.698239517491125, 21.301579714547021, 0.0 ], [ 39.698237293587781, 21.301575478126875, 0.0 ], [ 39.698235000736176, 21.301571274099885, 0.0 ], [ 39.698232639473432, 21.301567103450878, 0.0 ], [ 39.698230210352705, 21.301562967156805, 0.0 ], [ 39.698227713943005, 21.301558866186632, 0.0 ], [ 39.69822515082916, 21.301554801501023, 0.0 ], [ 39.698222521611548, 21.301550774052121, 0.0 ], [ 39.698219826906104, 21.301546784783373, 0.0 ], [ 39.698217067344068, 21.301542834629284, 0.0 ], [ 39.698214243571876, 21.301538924515164, 0.0 ], [ 39.69821208494632, 21.301536020012165, 0.0 ], [ 39.697961969236395, 21.301207507497448, 0.0 ], [ 39.697901316627572, 21.301182637363986, 0.0 ] ] ] ] } },
{ "type": "Feature", "properties": { "ID": "271", "BLOCK NAME": "B.1.6.1+2+3", "FILL-TOTAL": null, "CUT-TOTAL": null, "FILL-DONE": null, "CUT-DONE": null, "FILL-REMAN": null, "CUT-REMAN": null, "EQUPIMENTS": null, "CONTRACTOR": null, "STATUS": null }, "geometry": { "type": "MultiPolygon", "coordinates": [ [ [ [ 39.713055060275977, 21.297837918578672, 0.0 ], [ 39.713017960357867, 21.297800470863688, 0.0 ], [ 39.712266496292067, 21.29777430814827, 0.0 ], [ 39.712226522769811, 21.297809072507519, 0.0 ], [ 39.712104223027211, 21.300882139073778, 0.0 ], [ 39.712104050873023, 21.30088743445592, 0.0 ], [ 39.71210395582483, 21.30089273153639, 0.0 ], [ 39.712103937900309, 21.300898029329705, 0.0 ], [ 39.712103997102815, 21.300903326850243, 0.0 ], [ 39.71210413342132, 21.300908623112427, 0.0 ], [ 39.712104346830507, 21.300913917130924, 0.0 ], [ 39.712104637290643, 21.300919207920792, 0.0 ], [ 39.71210500474772, 21.300924494497718, 0.0 ], [ 39.712105449133375, 21.300929775878174, 0.0 ], [ 39.712105970364945, 21.300935051079577, 0.0 ], [ 39.712106568345455, 21.300940319120521, 0.0 ], [ 39.712107242963675, 21.30094557902089, 0.0 ], [ 39.712107994094104, 21.300950829802112, 0.0 ], [ 39.712108821597006, 21.300956070487324, 0.0 ], [ 39.712109725318427, 21.300961300101516, 0.0 ], [ 39.71211070509024, 21.30096651767175, 0.0 ], [ 39.712111760730195, 21.300971722227331, 0.0 ], [ 39.712112892041873, 21.300976912799957, 0.0 ], [ 39.712114098814837, 21.300982088423961, 0.0 ], [ 39.712115380824571, 21.300987248136448, 0.0 ], [ 39.712116737832552, 21.300992390977491, 0.0 ], [ 39.712118169586333, 21.300997515990275, 0.0 ], [ 39.712119675819586, 21.301002622221326, 0.0 ], [ 39.71212125625204, 21.30100770872065, 0.0 ], [ 39.712122910589713, 21.301012774541938, 0.0 ], [ 39.712124638524791, 21.301017818742711, 0.0 ], [ 39.712126439735854, 21.301022840384537, 0.0 ], [ 39.71212831388776, 21.301027838533159, 0.0 ], [ 39.712130260631874, 21.301032812258683, 0.0 ], [ 39.712132279606003, 21.301037760635779, 0.0 ], [ 39.712134370434541, 21.301042682743841, 0.0 ], [ 39.712136532728508, 21.301047577667127, 0.0 ], [ 39.712138766085616, 21.301052444494953, 0.0 ], [ 39.712141070090389, 21.301057282321889, 0.0 ], [ 39.712143444314165, 21.301062090247878, 0.0 ], [ 39.712145888315234, 21.301066867378402, 0.0 ], [ 39.712148401638927, 21.301071612824735, 0.0 ], [ 39.712150983817651, 21.301076325703985, 0.0 ], [ 39.71215363437102, 21.301081005139352, 0.0 ], [ 39.712156352805891, 21.301085650260251, 0.0 ], [ 39.712159138616535, 21.301090260202511, 0.0 ], [ 39.712161991284695, 21.301094834108405, 0.0 ], [ 39.712164910279625, 21.301099371127048, 0.0 ], [ 39.712167895058265, 21.301103870414313, 0.0 ], [ 39.712170945065324, 21.301108331133136, 0.0 ], [ 39.712174059733371, 21.30111275245363, 0.0 ], [ 39.712177238482937, 21.301117133553227, 0.0 ], [ 39.712180480722644, 21.301121473616845, 0.0 ], [ 39.712183785849291, 21.301125771837015, 0.0 ], [ 39.712187153247974, 21.301130027414114, 0.0 ], [ 39.71219058229223, 21.301134239556376, 0.0 ], [ 39.712194072344069, 21.301138407480174, 0.0 ], [ 39.712197622754225, 21.301142530410068, 0.0 ], [ 39.712201232862157, 21.301146607579035, 0.0 ], [ 39.712204901996216, 21.301150638228513, 0.0 ], [ 39.712208629473778, 21.301154621608614, 0.0 ], [ 39.712212414601382, 21.301158556978262, 0.0 ], [ 39.712216256674807, 21.301162443605296, 0.0 ], [ 39.712220154979306, 21.301166280766633, 0.0 ], [ 39.712224108789556, 21.301170067748384, 0.0 ], [ 39.712228117370017, 21.301173803845984, 0.0 ], [ 39.71223217997489, 21.301177488364377, 0.0 ], [ 39.712236295848378, 21.301181120618061, 0.0 ], [ 39.712240464224728, 21.301184699931262, 0.0 ], [ 39.712244684328425, 21.301188225638075, 0.0 ], [ 39.712248955374363, 21.301191697082565, 0.0 ], [ 39.712253276567928, 21.301195113618874, 0.0 ], [ 39.712257647105176, 21.301198474611386, 0.0 ], [ 39.712262066173004, 21.301201779434773, 0.0 ], [ 39.712266532949279, 21.301205027474225, 0.0 ], [ 39.712271046602936, 21.301208218125449, 0.0 ], [ 39.712275606294277, 21.301211350794819, 0.0 ], [ 39.712280211174971, 21.301214424899513, 0.0 ], [ 39.712284860388309, 21.301217439867663, 0.0 ], [ 39.712289553069333, 21.301220395138287, 0.0 ], [ 39.712294288344985, 21.301223290161584, 0.0 ], [ 39.7122990653343, 21.301226124398962, 0.0 ], [ 39.712303883148529, 21.301228897323128, 0.0 ], [ 39.712308740891352, 21.301231608418156, 0.0 ], [ 39.712313637659008, 21.301234257179726, 0.0 ], [ 39.712318572540482, 21.301236843114967, 0.0 ], [ 39.712323544617639, 21.301239365742827, 0.0 ], [ 39.712328552965481, 21.30124182459398, 0.0 ], [ 39.712333596652194, 21.301244219210943, 0.0 ], [ 39.712338674739442, 21.301246549148246, 0.0 ], [ 39.712343786282474, 21.301248813972379, 0.0 ], [ 39.712348930330307, 21.301251013262007, 0.0 ], [ 39.712354105925904, 21.301253146607937, 0.0 ], [ 39.712359312106372, 21.301255213613285, 0.0 ], [ 39.71236454790315, 21.301257213893496, 0.0 ], [ 39.712369812342111, 21.301259147076429, 0.0 ], [ 39.712375104443851, 21.301261012802414, 0.0 ], [ 39.71238042322377, 21.301262810724332, 0.0 ], [ 39.712385767692354, 21.301264540507709, 0.0 ], [ 39.712391136855288, 21.301266201830725, 0.0 ], [ 39.712396529713651, 21.301267794384273, 0.0 ], [ 39.712401945264148, 21.301269317872098, 0.0 ], [ 39.712407382499208, 21.301270772010742, 0.0 ], [ 39.712412840407289, 21.30127215652967, 0.0 ], [ 39.712418317972933, 21.301273471171303, 0.0 ], [ 39.712423814177107, 21.301274715691051, 0.0 ], [ 39.712429327997221, 21.30127588985739, 0.0 ], [ 39.712434858407498, 21.301276993451872, 0.0 ], [ 39.712440404378981, 21.301278026269156, 0.0 ], [ 39.712445964879912, 21.301278988117119, 0.0 ], [ 39.712451538875754, 21.301279878816779, 0.0 ], [ 39.712457125329493, 21.301280698202472, 0.0 ], [ 39.71246272320181, 21.301281446121706, 0.0 ], [ 39.712468331451205, 21.301282122435364, 0.0 ], [ 39.712473949034319, 21.301282727017625, 0.0 ], [ 39.712479574906027, 21.301283259755984, 0.0 ], [ 39.712485208019643, 21.301283720551346, 0.0 ], [ 39.712490847327167, 21.301284109317972, 0.0 ], [ 39.712496491779405, 21.30128442598355, 0.0 ], [ 39.712502140326251, 21.301284670489164, 0.0 ], [ 39.712503054313203, 21.301284703255501, 0.0 ], [ 39.712508706297299, 21.301284863872773, 0.0 ], [ 39.712514360103548, 21.301284952248619, 0.0 ], [ 39.712520014680067, 21.301284968366588, 0.0 ], [ 39.712525668974855, 21.301284912223657, 0.0 ], [ 39.712531321935955, 21.301284783830312, 0.0 ], [ 39.712536972511643, 21.3012845832104, 0.0 ], [ 39.712542619650655, 21.301284310401289, 0.0 ], [ 39.712548262302356, 21.301283965453706, 0.0 ], [ 39.712553899416996, 21.301283548431819, 0.0 ], [ 39.712559529945786, 21.301283059413237, 0.0 ], [ 39.712565152841186, 21.301282498488927, 0.0 ], [ 39.712570767057073, 21.301281865763258, 0.0 ], [ 39.71257637154897, 21.301281161353941, 0.0 ], [ 39.712581965274161, 21.301280385392023, 0.0 ], [ 39.712587547191973, 21.30127953802187, 0.0 ], [ 39.712593116263911, 21.301278619401131, 0.0 ], [ 39.712598671453868, 21.301277629700724, 0.0 ], [ 39.712604211728348, 21.301276569104754, 0.0 ], [ 39.712609736056557, 21.30127543781057, 0.0 ], [ 39.71261524341076, 21.301274236028625, 0.0 ], [ 39.712620732766311, 21.301272963982498, 0.0 ], [ 39.712626203101983, 21.301271621908896, 0.0 ], [ 39.712631653399988, 21.301270210057439, 0.0 ], [ 39.712637082646353, 21.301268728690843, 0.0 ], [ 39.712642489830976, 21.301267178084689, 0.0 ], [ 39.712647873947908, 21.301265558527486, 0.0 ], [ 39.712653233995418, 21.301263870320508, 0.0 ], [ 39.712658568976309, 21.30126211377787, 0.0 ], [ 39.712663877898017, 21.301260289226349, 0.0 ], [ 39.712669159772872, 21.301258397005416, 0.0 ], [ 39.712674413618181, 21.301256437467092, 0.0 ], [ 39.712679638456507, 21.301254410975943, 0.0 ], [ 39.71268483331577, 21.301252317909, 0.0 ], [ 39.712689997229504, 21.301250158655666, 0.0 ], [ 39.712695129236984, 21.301247933617653, 0.0 ], [ 39.712700228383426, 21.301245643208919, 0.0 ], [ 39.712705293720163, 21.301243287855609, 0.0 ], [ 39.712710324304787, 21.301240867995894, 0.0 ], [ 39.712715319201429, 21.301238384079991, 0.0 ], [ 39.71272027748077, 21.301235836570036, 0.0 ], [ 39.712725198220355, 21.301233225939946, 0.0 ], [ 39.712730080504713, 21.301230552675456, 0.0 ], [ 39.712734923425515, 21.301227817273904, 0.0 ], [ 39.71273972608175, 21.301225020244186, 0.0 ], [ 39.712744487579933, 21.301222162106683, 0.0 ], [ 39.712749207034186, 21.301219243393152, 0.0 ], [ 39.712753883566492, 21.301216264646595, 0.0 ], [ 39.712758516306792, 21.301213226421201, 0.0 ], [ 39.712763104393204, 21.301210129282204, 0.0 ], [ 39.712767646972118, 21.301206973805829, 0.0 ], [ 39.712772143198436, 21.301203760579138, 0.0 ], [ 39.712776592235656, 21.301200490199921, 0.0 ], [ 39.71278099325604, 21.301197163276626, 0.0 ], [ 39.7127853454408, 21.301193780428218, 0.0 ], [ 39.712789647980244, 21.30119034228407, 0.0 ], [ 39.712793900073926, 21.301186849483798, 0.0 ], [ 39.712798100930726, 21.301183302677252, 0.0 ], [ 39.712802249769126, 21.301179702524294, 0.0 ], [ 39.71280634581727, 21.301176049694693, 0.0 ], [ 39.712810388313081, 21.301172344868085, 0.0 ], [ 39.712814376504497, 21.301168588733702, 0.0 ], [ 39.712818309649521, 21.301164781990362, 0.0 ], [ 39.712822187016435, 21.301160925346299, 0.0 ], [ 39.712826007883855, 21.301157019519017, 0.0 ], [ 39.712829771540939, 21.301153065235177, 0.0 ], [ 39.712833477287496, 21.301149063230454, 0.0 ], [ 39.712837124434074, 21.3011450142494, 0.0 ], [ 39.712840712302146, 21.301140919045327, 0.0 ], [ 39.712844240224236, 21.301136778380105, 0.0 ], [ 39.712847707543965, 21.301132593024104, 0.0 ], [ 39.712851113616267, 21.301128363755975, 0.0 ], [ 39.712854457807467, 21.301124091362556, 0.0 ], [ 39.712857739495412, 21.301119776638703, 0.0 ], [ 39.712860958069555, 21.301115420387163, 0.0 ], [ 39.712864112931101, 21.301111023418382, 0.0 ], [ 39.712867203493097, 21.3011065865504, 0.0 ], [ 39.712870229180588, 21.30110211060866, 0.0 ], [ 39.712873189430667, 21.301097596425926, 0.0 ], [ 39.712876083692578, 21.301093044841995, 0.0 ], [ 39.712878911427879, 21.301088456703692, 0.0 ], [ 39.712881672110477, 21.30108383286462, 0.0 ], [ 39.712884365226792, 21.301079174185016, 0.0 ], [ 39.712886990275749, 21.301074481531579, 0.0 ], [ 39.712889546769034, 21.301069755777412, 0.0 ], [ 39.712892034230975, 21.301064997801657, 0.0 ], [ 39.712894452198825, 21.301060208489545, 0.0 ], [ 39.712896800222758, 21.301055388732102, 0.0 ], [ 39.712899077865906, 21.301050539425994, 0.0 ], [ 39.71290128470455, 21.301045661473424, 0.0 ], [ 39.712903420328132, 21.301040755781948, 0.0 ], [ 39.712905484339338, 21.301035823264176, 0.0 ], [ 39.712907476354154, 21.301030864837831, 0.0 ], [ 39.712909396002011, 21.301025881425382, 0.0 ], [ 39.712911242925763, 21.301020873953959, 0.0 ], [ 39.712913016781805, 21.301015843355191, 0.0 ], [ 39.712914717240132, 21.301010790564991, 0.0 ], [ 39.712916343984382, 21.301005716523388, 0.0 ], [ 39.712917896711936, 21.301000622174417, 0.0 ], [ 39.712919375133922, 21.300995508465814, 0.0 ], [ 39.712920778975267, 21.300990376348985, 0.0 ], [ 39.712922107974826, 21.300985226778717, 0.0 ], [ 39.712923361885338, 21.300980060713062, 0.0 ], [ 39.712924540473544, 21.300974879113156, 0.0 ], [ 39.712925643520187, 21.300969682942984, 0.0 ], [ 39.712926670820018, 21.300964473169273, 0.0 ], [ 39.712927622181979, 21.300959250761291, 0.0 ], [ 39.71292849742904, 21.300954016690614, 0.0 ], [ 39.712929296398407, 21.300948771931004, 0.0 ], [ 39.7129300189414, 21.300943517458258, 0.0 ], [ 39.712930664923647, 21.300938254249928, 0.0 ], [ 39.712931234224939, 21.300932983285179, 0.0 ], [ 39.712931726739399, 21.30092770554467, 0.0 ], [ 39.712932142375379, 21.300922422010299, 0.0 ], [ 39.712932481055581, 21.300917133665013, 0.0 ], [ 39.712932742717008, 21.300911841492695, 0.0 ], [ 39.712932777801598, 21.300910985171583, 0.0 ], [ 39.713055060275977, 21.297837918578672, 0.0 ] ] ] ] } },
{ "type": "Feature", "properties": { "ID": "416", "BLOCK NAME": "B.1.12.1+2+3", "FILL-TOTAL": null, "CUT-TOTAL": null, "FILL-DONE": null, "CUT-DONE": null, "FILL-REMAN": null, "CUT-REMAN": null, "EQUPIMENTS": null, "CONTRACTOR": null, "STATUS": null }, "geometry": { "type": "MultiPolygon", "coordinates": [ [ [ [ 39.712238377374689, 21.297511193762162, 0.0 ], [ 39.712275477025059, 21.297548641661098, 0.0 ], [ 39.713026939940846, 21.297574804374758, 0.0 ], [ 39.713066913207207, 21.297540039830746, 0.0 ], [ 39.713139466120367, 21.295716679982156, 0.0 ], [ 39.713226493790849, 21.293529512557495, 0.0 ], [ 39.713189394949048, 21.293492064812348, 0.0 ], [ 39.712437952836147, 21.293465902130166, 0.0 ], [ 39.712397980489179, 21.293500666523009, 0.0 ], [ 39.712307550864921, 21.2957730097569, 0.0 ], [ 39.712238377374689, 21.297511193762162, 0.0 ] ] ] ] } },
{ "type": "Feature", "properties": { "ID": "338", "BLOCK NAME": "B.1.18.1", "FILL-TOTAL": null, "CUT-TOTAL": null, "FILL-DONE": null, "CUT-DONE": null, "FILL-REMAN": null, "CUT-REMAN": null, "EQUPIMENTS": null, "CONTRACTOR": null, "STATUS": null }, "geometry": { "type": "MultiPolygon", "coordinates": [ [ [ [ 39.712409834685516, 21.29320278751468, 0.0 ], [ 39.712446933259635, 21.293240235443776, 0.0 ], [ 39.713198374222856, 21.293266398124231, 0.0 ], [ 39.713238346313922, 21.293231633546682, 0.0 ], [ 39.713325230473302, 21.291048028387756, 0.0 ], [ 39.713325402583685, 21.291042732995052, 0.0 ], [ 39.713325497593232, 21.291037435904425, 0.0 ], [ 39.713325515484271, 21.291032138101304, 0.0 ], [ 39.713325456253472, 21.291026840571369, 0.0 ], [ 39.71332531991186, 21.291021544300165, 0.0 ], [ 39.713325106484845, 21.291016250273042, 0.0 ], [ 39.713324816012104, 21.291010959474921, 0.0 ], [ 39.713324448547688, 21.29100567289013, 0.0 ], [ 39.713324004159993, 21.291000391502198, 0.0 ], [ 39.713323482931685, 21.290995116293704, 0.0 ], [ 39.713322884959759, 21.29098984824606, 0.0 ], [ 39.71332221035545, 21.290984588339366, 0.0 ], [ 39.713321459244298, 21.290979337552209, 0.0 ], [ 39.713320631766031, 21.29097409686144, 0.0 ], [ 39.713319728074609, 21.290968867242075, 0.0 ], [ 39.713318748338175, 21.290963649667049, 0.0 ], [ 39.713317692739011, 21.290958445107059, 0.0 ], [ 39.713316561473505, 21.290953254530372, 0.0 ], [ 39.713315354752112, 21.290948078902687, 0.0 ], [ 39.713314072799378, 21.290942919186886, 0.0 ], [ 39.713312715853803, 21.290937776342901, 0.0 ], [ 39.713311284167837, 21.290932651327537, 0.0 ], [ 39.713309778007833, 21.29092754509427, 0.0 ], [ 39.713308197654023, 21.290922458593073, 0.0 ], [ 39.713306543400442, 21.290917392770265, 0.0 ], [ 39.713304815554842, 21.290912348568312, 0.0 ], [ 39.713303014438708, 21.290907326925655, 0.0 ], [ 39.713301140387102, 21.290902328776539, 0.0 ], [ 39.713299193748703, 21.290897355050841, 0.0 ], [ 39.713297174885703, 21.29089240667389, 0.0 ], [ 39.713295084173666, 21.290887484566291, 0.0 ], [ 39.713292922001585, 21.2908825896438, 0.0 ], [ 39.7132906887717, 21.290877722817072, 0.0 ], [ 39.713288384899535, 21.290872884991543, 0.0 ], [ 39.713286010813697, 21.290868077067252, 0.0 ], [ 39.713283566955887, 21.29086329993871, 0.0 ], [ 39.713281053780761, 21.290858554494648, 0.0 ], [ 39.713278471755878, 21.290853841617949, 0.0 ], [ 39.713275821361634, 21.290849162185381, 0.0 ], [ 39.713273103091133, 21.290844517067555, 0.0 ], [ 39.713270317450089, 21.290839907128642, 0.0 ], [ 39.713267464956722, 21.290835333226312, 0.0 ], [ 39.713264546141779, 21.290830796211488, 0.0 ], [ 39.713261561548272, 21.290826296928266, 0.0 ], [ 39.713258511731468, 21.290821836213716, 0.0 ], [ 39.713255397258777, 21.290817414897713, 0.0 ], [ 39.71325221870962, 21.290813033802817, 0.0 ], [ 39.713248976675359, 21.290808693744108, 0.0 ], [ 39.713245671759182, 21.290804395529005, 0.0 ], [ 39.713242304575914, 21.290800139957199, 0.0 ], [ 39.713238875752012, 21.290795927820373, 0.0 ], [ 39.713235385925408, 21.290791759902202, 0.0 ], [ 39.713231835745354, 21.290787636978067, 0.0 ], [ 39.713228225872349, 21.29078355981504, 0.0 ], [ 39.713224556977984, 21.29077952917164, 0.0 ], [ 39.713220829744827, 21.290775545797729, 0.0 ], [ 39.713217044866333, 21.29077161043439, 0.0 ], [ 39.713213203046649, 21.29076772381379, 0.0 ], [ 39.713209305000518, 21.290763886659011, 0.0 ], [ 39.713205351453162, 21.29076009968389, 0.0 ], [ 39.713201343140099, 21.290756363593019, 0.0 ], [ 39.713197280807073, 21.29075267908145, 0.0 ], [ 39.713193165209823, 21.290749046834634, 0.0 ], [ 39.713188997114081, 21.290745467528374, 0.0 ], [ 39.713184777295254, 21.290741941828564, 0.0 ], [ 39.713180506538436, 21.290738470391119, 0.0 ], [ 39.713176185638183, 21.29073505386188, 0.0 ], [ 39.713171815398333, 21.290731692876477, 0.0 ], [ 39.713167396631988, 21.290728388060202, 0.0 ], [ 39.713162930161204, 21.290725140027888, 0.0 ], [ 39.71315841681696, 21.290721949383816, 0.0 ], [ 39.713153857438925, 21.290718816721558, 0.0 ], [ 39.713149252875354, 21.290715742623963, 0.0 ], [ 39.713144603982876, 21.290712727662918, 0.0 ], [ 39.713139911626399, 21.290709772399349, 0.0 ], [ 39.713135176678897, 21.290706877383059, 0.0 ], [ 39.713130400021299, 21.290704043152648, 0.0 ], [ 39.713125582542268, 21.290701270235399, 0.0 ], [ 39.713120725138033, 21.290698559147199, 0.0 ], [ 39.713115828712311, 21.290695910392433, 0.0 ], [ 39.71311089417604, 21.290693324463877, 0.0 ], [ 39.713105922447276, 21.290690801842619, 0.0 ], [ 39.713100914450948, 21.290688342997981, 0.0 ], [ 39.713095871118789, 21.290685948387434, 0.0 ], [ 39.713090793389043, 21.290683618456441, 0.0 ], [ 39.713085682206426, 21.290681353638508, 0.0 ], [ 39.713080538521822, 21.290679154354944, 0.0 ], [ 39.713075363292148, 21.290677021014961, 0.0 ], [ 39.713070157480267, 21.290674954015426, 0.0 ], [ 39.71306492205467, 21.290672953740874, 0.0 ], [ 39.713059657989383, 21.290671020563469, 0.0 ], [ 39.713054366263712, 21.290669154842877, 0.0 ], [ 39.713049047862185, 21.290667356926146, 0.0 ], [ 39.713043703774233, 21.290665627147821, 0.0 ], [ 39.713038334994103, 21.290663965829701, 0.0 ], [ 39.713032942520584, 21.290662373280846, 0.0 ], [ 39.713027527356957, 21.290660849797561, 0.0 ], [ 39.713022090510641, 21.290659395663276, 0.0 ], [ 39.713016632993146, 21.290658011148498, 0.0 ], [ 39.713011155819792, 21.290656696510837, 0.0 ], [ 39.713005660009578, 21.290655451994862, 0.0 ], [ 39.713000146584918, 21.290654277832108, 0.0 ], [ 39.712994616571613, 21.290653174241015, 0.0 ], [ 39.712989070998432, 21.290652141426886, 0.0 ], [ 39.712983510897132, 21.290651179581889, 0.0 ], [ 39.712977937302092, 21.290650288884983, 0.0 ], [ 39.712972351250251, 21.290649469501822, 0.0 ], [ 39.712966753780869, 21.290648721584901, 0.0 ], [ 39.71296114593531, 21.29064804527334, 0.0 ], [ 39.712955528756865, 21.290647440692979, 0.0 ], [ 39.712949903290571, 21.290646907956273, 0.0 ], [ 39.712944270583002, 21.290646447162349, 0.0 ], [ 39.712938631682107, 21.290646058396931, 0.0 ], [ 39.71293298763694, 21.290645741732352, 0.0 ], [ 39.71292733949754, 21.290645497227519, 0.0 ], [ 39.712926425576605, 21.290645464461285, 0.0 ], [ 39.71292077400026, 21.290645303844506, 0.0 ], [ 39.712915120601942, 21.290645215468949, 0.0 ], [ 39.712909466433423, 21.290645199351047, 0.0 ], [ 39.712903812546621, 21.290645255493796, 0.0 ], [ 39.712898159993443, 21.290645383886755, 0.0 ], [ 39.712892509825423, 21.290645584506034, 0.0 ], [ 39.712886863093814, 21.290645857314313, 0.0 ], [ 39.712881220849106, 21.290646202260849, 0.0 ], [ 39.712875584141003, 21.290646619281443, 0.0 ], [ 39.712869954018188, 21.290647108298536, 0.0 ], [ 39.71286433152811, 21.290647669221141, 0.0 ], [ 39.71285871771677, 21.290648301944884, 0.0 ], [ 39.712853113628583, 21.29064900635208, 0.0 ], [ 39.712847520306177, 21.290649782311668, 0.0 ], [ 39.712841938790127, 21.290650629679273, 0.0 ], [ 39.712836370118815, 21.290651548297266, 0.0 ], [ 39.712830815328296, 21.290652537994763, 0.0 ], [ 39.712825275451983, 21.290653598587589, 0.0 ], [ 39.712819751520513, 21.290654729878465, 0.0 ], [ 39.712814244561606, 21.290655931656911, 0.0 ], [ 39.712808755599767, 21.290657203699357, 0.0 ], [ 39.7128032856562, 21.290658545769123, 0.0 ], [ 39.712797835748525, 21.290659957616541, 0.0 ], [ 39.712792406890678, 21.290661438978955, 0.0 ], [ 39.712787000092653, 21.290662989580749, 0.0 ], [ 39.712781616360346, 21.290664609133469, 0.0 ], [ 39.712776256695385, 21.29066629733579, 0.0 ], [ 39.712770922094883, 21.290668053873638, 0.0 ], [ 39.712765613551291, 21.290669878420225, 0.0 ], [ 39.712760332052255, 21.290671770636102, 0.0 ], [ 39.712755078580344, 21.290673730169253, 0.0 ], [ 39.712749854112928, 21.290675756655101, 0.0 ], [ 39.71274465962199, 21.290677849716623, 0.0 ], [ 39.71273949607393, 21.290680008964458, 0.0 ], [ 39.712734364429394, 21.290682233996865, 0.0 ], [ 39.712729265643098, 21.290684524399889, 0.0 ], [ 39.712724200663629, 21.290686879747426, 0.0 ], [ 39.712719170433282, 21.290689299601283, 0.0 ], [ 39.712714175887932, 21.29069178351126, 0.0 ], [ 39.712709217956728, 21.290694331015242, 0.0 ], [ 39.712704297562105, 21.290696941639279, 0.0 ], [ 39.712699415619447, 21.290699614897708, 0.0 ], [ 39.712694573037034, 21.290702350293131, 0.0 ], [ 39.712689770715762, 21.290705147316714, 0.0 ], [ 39.712685009549119, 21.290708005448046, 0.0 ], [ 39.712680290422838, 21.29071092415542, 0.0 ], [ 39.712675614214909, 21.290713902895792, 0.0 ], [ 39.71267098179532, 21.290716941115033, 0.0 ], [ 39.712666394025888, 21.290720038247855, 0.0 ], [ 39.712661851760146, 21.290723193718101, 0.0 ], [ 39.712657355843135, 21.290726406938692, 0.0 ], [ 39.712652907111334, 21.290729677311848, 0.0 ], [ 39.71264850639237, 21.290733004229118, 0.0 ], [ 39.712644154504979, 21.290736387071583, 0.0 ], [ 39.712639852258818, 21.290739825209837, 0.0 ], [ 39.712635600454277, 21.290743318004285, 0.0 ], [ 39.712631399882362, 21.29074686480509, 0.0 ], [ 39.712627251324612, 21.290750464952406, 0.0 ], [ 39.712623155552798, 21.290754117776455, 0.0 ], [ 39.712619113328941, 21.29075782259763, 0.0 ], [ 39.712615125405065, 21.290761578726698, 0.0 ], [ 39.712611192523106, 21.290765385464844, 0.0 ], [ 39.712607315414758, 21.290769242103849, 0.0 ], [ 39.712603494801321, 21.290773147926224, 0.0 ], [ 39.71259973139361, 21.290777102205304, 0.0 ], [ 39.712596025891784, 21.290781104205422, 0.0 ], [ 39.712592378985228, 21.290785153182025, 0.0 ], [ 39.712588791352452, 21.290789248381838, 0.0 ], [ 39.712585263660891, 21.290793389042985, 0.0 ], [ 39.712581796566866, 21.290797574395111, 0.0 ], [ 39.712578390715407, 21.290801803659555, 0.0 ], [ 39.712575046740149, 21.290806076049492, 0.0 ], [ 39.712571765263242, 21.290810390770094, 0.0 ], [ 39.71256854689517, 21.290814747018583, 0.0 ], [ 39.712565392234715, 21.290819143984557, 0.0 ], [ 39.712562301868765, 21.290823580849985, 0.0 ], [ 39.712559276372296, 21.29082805678938, 0.0 ], [ 39.712556316308167, 21.29083257097005, 0.0 ], [ 39.712553422227089, 21.290837122552166, 0.0 ], [ 39.712550594667505, 21.290841710688927, 0.0 ], [ 39.712547834155451, 21.290846334526726, 0.0 ], [ 39.712545141204508, 21.290850993205336, 0.0 ], [ 39.712542516315715, 21.290855685858052, 0.0 ], [ 39.712539959977406, 21.290860411611817, 0.0 ], [ 39.712537472665176, 21.290865169587455, 0.0 ], [ 39.712535054841787, 21.290869958899737, 0.0 ], [ 39.712532706957056, 21.290874778657667, 0.0 ], [ 39.712530429447824, 21.290879627964586, 0.0 ], [ 39.712528222737802, 21.290884505918253, 0.0 ], [ 39.712526087237528, 21.290889411611197, 0.0 ], [ 39.712524023344329, 21.290894344130717, 0.0 ], [ 39.712522031442148, 21.290899302559193, 0.0 ], [ 39.712520111901618, 21.290904285974086, 0.0 ], [ 39.712518265079858, 21.290909293448273, 0.0 ], [ 39.712516491320429, 21.290914324050167, 0.0 ], [ 39.712514790953378, 21.290919376843846, 0.0 ], [ 39.712513164295032, 21.290924450889275, 0.0 ], [ 39.712511611648047, 21.290929545242427, 0.0 ], [ 39.712510133301272, 21.290934658955578, 0.0 ], [ 39.712508729529745, 21.290939791077303, 0.0 ], [ 39.712507400594681, 21.290944940652828, 0.0 ], [ 39.71250614674328, 21.290950106724097, 0.0 ], [ 39.712504968208862, 21.29095528832999, 0.0 ], [ 39.712503865210657, 21.290960484506517, 0.0 ], [ 39.712502837953906, 21.290965694286946, 0.0 ], [ 39.712501886629703, 21.290970916702033, 0.0 ], [ 39.712501011415071, 21.29097615078016, 0.0 ], [ 39.712500212472847, 21.290981395547593, 0.0 ], [ 39.712499489951654, 21.290986650028547, 0.0 ], [ 39.712498843985969, 21.290991913245449, 0.0 ], [ 39.712498274695918, 21.290997184219133, 0.0 ], [ 39.712497782187462, 21.291002461968951, 0.0 ], [ 39.712497366552221, 21.291007745513006, 0.0 ], [ 39.712497027867549, 21.291013033868335, 0.0 ], [ 39.712496766196431, 21.29101832605107, 0.0 ], [ 39.712496731109802, 21.291019182373983, 0.0 ], [ 39.712409834685516, 21.29320278751468, 0.0 ] ] ] ] } },
{ "type": "Feature", "properties": { "ID": "472", "BLOCK NAME": "B.1.8.6+7", "FILL-TOTAL": null, "CUT-TOTAL": null, "FILL-DONE": null, "CUT-DONE": null, "FILL-REMAN": null, "CUT-REMAN": null, "EQUPIMENTS": null, "CONTRACTOR": null, "STATUS": null }, "geometry": { "type": "MultiPolygon", "coordinates": [ [ [ [ 39.719526317070319, 21.303196651840064, 0.0 ], [ 39.719543717982717, 21.30275886544608, 0.0 ], [ 39.719506615183079, 21.302721419303381, 0.0 ], [ 39.718676516084869, 21.302692552806416, 0.0 ], [ 39.718761200229444, 21.300562292679452, 0.0 ], [ 39.718724098193832, 21.300524846321146, 0.0 ], [ 39.71824238138398, 21.300508092489288, 0.0 ], [ 39.718182422190615, 21.300560241103405, 0.0 ], [ 39.718079606733028, 21.303146340647999, 0.0 ], [ 39.718116709290477, 21.303183787112165, 0.0 ], [ 39.719486343883752, 21.303231417885968, 0.0 ], [ 39.719526317070319, 21.303196651840064, 0.0 ] ] ] ] } },
{ "type": "Feature", "properties": { "ID": "440", "BLOCK NAME": "B.1.2.2.B", "FILL-TOTAL": null, "CUT-TOTAL": null, "FILL-DONE": null, "CUT-DONE": null, "FILL-REMAN": null, "CUT-REMAN": null, "EQUPIMENTS": null, "CONTRACTOR": null, "STATUS": null }, "geometry": { "type": "MultiPolygon", "coordinates": [ [ [ [ 39.707709133200019, 21.304263210522155, 0.0 ], [ 39.707755329576628, 21.303103302645351, 0.0 ], [ 39.707718229601006, 21.303065853796401, 0.0 ], [ 39.707357698606934, 21.303053291536045, 0.0 ], [ 39.707328341950543, 21.303087039770734, 0.0 ], [ 39.707644956358422, 21.304297130630335, 0.0 ], [ 39.707669156863282, 21.304297973836135, 0.0 ], [ 39.707709133200019, 21.304263210522155, 0.0 ] ] ] ] } },
{ "type": "Feature", "properties": { "ID": "390", "BLOCK NAME": "B.1.25.12B", "FILL-TOTAL": null, "CUT-TOTAL": null, "FILL-DONE": null, "CUT-DONE": null, "FILL-REMAN": null, "CUT-REMAN": null, "EQUPIMENTS": null, "CONTRACTOR": null, "STATUS": null }, "geometry": { "type": "MultiPolygon", "coordinates": [ [ [ [ 39.709886542423369, 21.284388052181551, 0.0 ], [ 39.709287987493752, 21.28360190520884, 0.0 ], [ 39.709264156813298, 21.283608599982006, 0.0 ], [ 39.709231618954171, 21.284425801345893, 0.0 ], [ 39.709268714465509, 21.28446325014739, 0.0 ], [ 39.709787506445643, 21.284481325103787, 0.0 ], [ 39.709789867152757, 21.284481371194353, 0.0 ], [ 39.709792228216706, 21.284481345028087, 0.0 ], [ 39.709794587119227, 21.2844812466329, 0.0 ], [ 39.70979694134428, 21.284481076113732, 0.0 ], [ 39.709799288380879, 21.284480833652481, 0.0 ], [ 39.709801625725682, 21.284480519507731, 0.0 ], [ 39.709803950885664, 21.284480134014569, 0.0 ], [ 39.709806261380841, 21.284479677584162, 0.0 ], [ 39.709808554746829, 21.284479150703294, 0.0 ], [ 39.709810828537535, 21.284478553933983, 0.0 ], [ 39.709813080327748, 21.284477887912718, 0.0 ], [ 39.709815307715708, 21.284477153349908, 0.0 ], [ 39.709817508325692, 21.284476351028989, 0.0 ], [ 39.709819679810529, 21.284475481805742, 0.0 ], [ 39.709821819854149, 21.284474546607264, 0.0 ], [ 39.709823926173947, 21.284473546431045, 0.0 ], [ 39.70982599652335, 21.28447248234388, 0.0 ], [ 39.709828028694147, 21.284471355480701, 0.0 ], [ 39.709830020518801, 21.284470167043427, 0.0 ], [ 39.709831969872866, 21.284468918299616, 0.0 ], [ 39.709832189182642, 21.284468772256886, 0.0 ], [ 39.709877544557294, 21.284438450048508, 0.0 ], [ 39.709886542423369, 21.284388052181551, 0.0 ] ] ] ] } },
{ "type": "Feature", "properties": { "ID": "424", "BLOCK NAME": "B.1.25.1+2+3+4+5", "FILL-TOTAL": null, "CUT-TOTAL": null, "FILL-DONE": null, "CUT-DONE": null, "FILL-REMAN": null, "CUT-REMAN": null, "EQUPIMENTS": null, "CONTRACTOR": null, "STATUS": null }, "geometry": { "type": "MultiPolygon", "coordinates": [ [ [ [ 39.711008845277732, 21.286187059536065, 0.0 ], [ 39.710971748889428, 21.286149611162372, 0.0 ], [ 39.708125082314162, 21.286050434454982, 0.0 ], [ 39.708181159765935, 21.284642291977249, 0.0 ], [ 39.708144064476748, 21.284604842928662, 0.0 ], [ 39.706949536602217, 21.2845632109169, 0.0 ], [ 39.706909565265789, 21.284597974028706, 0.0 ], [ 39.706834059905269, 21.286493550318742, 0.0 ], [ 39.706889703095747, 21.286549724294087, 0.0 ], [ 39.710930924061273, 21.286690533247583, 0.0 ], [ 39.710990880421413, 21.286638387177842, 0.0 ], [ 39.711008845277732, 21.286187059536065, 0.0 ] ] ] ] } },
{ "type": "Feature", "properties": { "ID": "311", "BLOCK NAME": "B.31.9+10+11+12", "FILL-TOTAL": null, "CUT-TOTAL": null, "FILL-DONE": null, "CUT-DONE": null, "FILL-REMAN": null, "CUT-REMAN": null, "EQUPIMENTS": null, "CONTRACTOR": null, "STATUS": null }, "geometry": { "type": "MultiPolygon", "coordinates": [ [ [ [ 39.69847394012011, 21.29028639941578, 0.0 ], [ 39.698472858610415, 21.290373905415077, 0.0 ], [ 39.698769402681826, 21.290763427390726, 0.0 ], [ 39.698814907878884, 21.290763915761353, 0.0 ], [ 39.701128636638593, 21.287868360718942, 0.0 ], [ 39.70113040071324, 21.287866213262756, 0.0 ], [ 39.701132225264644, 21.287864110636214, 0.0 ], [ 39.701134108995404, 21.287862054334472, 0.0 ], [ 39.701136050566006, 21.287860045819709, 0.0 ], [ 39.701138048595865, 21.287858086520195, 0.0 ], [ 39.701140101664173, 21.287856177829134, 0.0 ], [ 39.70114220831104, 21.287854321103765, 0.0 ], [ 39.701144367038452, 21.28785251766438, 0.0 ], [ 39.701146576311373, 21.287850768793394, 0.0 ], [ 39.701148834558808, 21.2878490757344, 0.0 ], [ 39.70115114017495, 21.28784743969128, 0.0 ], [ 39.701153491520309, 21.287845861827417, 0.0 ], [ 39.701155886922884, 21.287844343264826, 0.0 ], [ 39.701158324679326, 21.287842885083307, 0.0 ], [ 39.701160803056183, 21.287841488319767, 0.0 ], [ 39.701163320291144, 21.287840153967416, 0.0 ], [ 39.701165874594203, 21.287838882975102, 0.0 ], [ 39.701168464149049, 21.287837676246607, 0.0 ], [ 39.701171087114282, 21.287836534640011, 0.0 ], [ 39.701173741624757, 21.287835458967081, 0.0 ], [ 39.70117642579288, 21.287834449992719, 0.0 ], [ 39.701179137709978, 21.287833508434424, 0.0 ], [ 39.701181875447674, 21.287832634961699, 0.0 ], [ 39.701184637059157, 21.287831830195639, 0.0 ], [ 39.701187420580723, 21.287831094708519, 0.0 ], [ 39.701190224033034, 21.287830429023341, 0.0 ], [ 39.701193045422606, 21.287829833613472, 0.0 ], [ 39.701195882743178, 21.28782930890225, 0.0 ], [ 39.701198733977201, 21.287828855262852, 0.0 ], [ 39.70120159709716, 21.28782847301779, 0.0 ], [ 39.701204470067182, 21.287828162438938, 0.0 ], [ 39.7012073508443, 21.287827923747091, 0.0 ], [ 39.701210237380053, 21.287827757112019, 0.0 ], [ 39.701213127621877, 21.287827662652177, 0.0 ], [ 39.701216019514561, 21.287827640434763, 0.0 ], [ 39.701218911001718, 21.287827690475563, 0.0 ], [ 39.701221800027255, 21.287827812738978, 0.0 ], [ 39.70122468453684, 21.28782800713811, 0.0 ], [ 39.701227562479325, 21.287828273534689, 0.0 ], [ 39.701230431808256, 21.287828611739304, 0.0 ], [ 39.701233290483302, 21.287829021511428, 0.0 ], [ 39.701236136471692, 21.287829502559731, 0.0 ], [ 39.701238967749696, 21.287830054542091, 0.0 ], [ 39.701241782304017, 21.287830677066047, 0.0 ], [ 39.701244578133291, 21.28783136968892, 0.0 ], [ 39.701247353249421, 21.287832131918183, 0.0 ], [ 39.701250105679101, 21.28783296321182, 0.0 ], [ 39.701252833465077, 21.287833862978751, 0.0 ], [ 39.701255534667681, 21.287834830579115, 0.0 ], [ 39.701258207366116, 21.287835865324894, 0.0 ], [ 39.701260849659882, 21.287836966480285, 0.0 ], [ 39.701263459670081, 21.287838133262287, 0.0 ], [ 39.701266035540755, 21.287839364841201, 0.0 ], [ 39.70126857544026, 21.287840660341274, 0.0 ], [ 39.701271077562495, 21.287842018841292, 0.0 ], [ 39.701273540128248, 21.287843439375276, 0.0 ], [ 39.701275961386422, 21.287844920933075, 0.0 ], [ 39.701278339615286, 21.287846462461172, 0.0 ], [ 39.701280673123733, 21.287848062863407, 0.0 ], [ 39.701282960252414, 21.287849721001791, 0.0 ], [ 39.701285199375008, 21.287851435697206, 0.0 ], [ 39.701287388899289, 21.287853205730382, 0.0 ], [ 39.701289527268322, 21.287855029842682, 0.0 ], [ 39.701291612961548, 21.28785690673697, 0.0 ], [ 39.701293644495856, 21.287858835078648, 0.0 ], [ 39.701295620426635, 21.287860813496479, 0.0 ], [ 39.701297539348843, 21.287862840583657, 0.0 ], [ 39.701299399897977, 21.28786491489873, 0.0 ], [ 39.701301200750976, 21.287867034966702, 0.0 ], [ 39.701302940627322, 21.287869199280006, 0.0 ], [ 39.701303742541583, 21.287870238697714, 0.0 ], [ 39.701941650215531, 21.288708135103995, 0.0 ], [ 39.7020025397048, 21.288739624990686, 0.0 ], [ 39.702535888048203, 21.288768405754443, 0.0 ], [ 39.702575824350092, 21.288734376893309, 0.0 ], [ 39.702648624888859, 21.286908035975546, 0.0 ], [ 39.702611530378562, 21.286870585692107, 0.0 ], [ 39.701752337630744, 21.28684061419294, 0.0 ], [ 39.701746772229974, 21.286840456194817, 0.0 ], [ 39.701741205017996, 21.286840370438338, 0.0 ], [ 39.70173563706286, 21.286840356939994, 0.0 ], [ 39.701730069432671, 21.286840415702329, 0.0 ], [ 39.701724503195564, 21.286840546714124, 0.0 ], [ 39.701718939419358, 21.286840749950198, 0.0 ], [ 39.701713379171409, 21.286841025371594, 0.0 ], [ 39.70170782351839, 21.286841372925451, 0.0 ], [ 39.701702273526102, 21.286841792545122, 0.0 ], [ 39.701696730259258, 21.286842284150087, 0.0 ], [ 39.701691194781269, 21.286842847646042, 0.0 ], [ 39.70168566815407, 21.28684348292488, 0.0 ], [ 39.701680151437898, 21.286844189864745, 0.0 ], [ 39.701674645691071, 21.286844968330001, 0.0 ], [ 39.701669151969803, 21.286845818171319, 0.0 ], [ 39.701663671328035, 21.286846739225656, 0.0 ], [ 39.70165820481715, 21.286847731316335, 0.0 ], [ 39.701652753485867, 21.286848794253018, 0.0 ], [ 39.701647318379955, 21.286849927831785, 0.0 ], [ 39.701641900542057, 21.286851131835181, 0.0 ], [ 39.701636501011606, 21.286852406032231, 0.0 ], [ 39.701631120824388, 21.286853750178484, 0.0 ], [ 39.701625761012565, 21.286855164016092, 0.0 ], [ 39.70162042260435, 21.286856647273812, 0.0 ], [ 39.701615106623898, 21.286858199667112, 0.0 ], [ 39.701609814090979, 21.286859820898172, 0.0 ], [ 39.701604546020953, 21.286861510655957, 0.0 ], [ 39.701599303424423, 21.286863268616322, 0.0 ], [ 39.701594087307171, 21.286865094442032, 0.0 ], [ 39.701588898669804, 21.286866987782794, 0.0 ], [ 39.70158373850775, 21.286868948275398, 0.0 ], [ 39.701578607810916, 21.28687097554376, 0.0 ], [ 39.701573507563602, 21.286873069198943, 0.0 ], [ 39.701568438744218, 21.286875228839314, 0.0 ], [ 39.701563402325178, 21.286877454050565, 0.0 ], [ 39.701558399272699, 21.286879744405805, 0.0 ], [ 39.701553430546511, 21.286882099465668, 0.0 ], [ 39.701548497099871, 21.28688451877834, 0.0 ], [ 39.70154359987918, 21.286887001879716, 0.0 ], [ 39.701538739823945, 21.286889548293424, 0.0 ], [ 39.701533917866506, 21.286892157530961, 0.0 ], [ 39.701529134931931, 21.286894829091771, 0.0 ], [ 39.701524391937767, 21.286897562463352, 0.0 ], [ 39.701519689793912, 21.286900357121311, 0.0 ], [ 39.701515029402465, 21.286903212529545, 0.0 ], [ 39.701510411657424, 21.286906128140245, 0.0 ], [ 39.701505837444692, 21.286909103394109, 0.0 ], [ 39.701501307641784, 21.28691213772035, 0.0 ], [ 39.701496823117715, 21.286915230536859, 0.0 ], [ 39.701492384732781, 21.286918381250302, 0.0 ], [ 39.701487993338453, 21.286921589256256, 0.0 ], [ 39.701483649777195, 21.28692485393929, 0.0 ], [ 39.701479354882274, 21.286928174673101, 0.0 ], [ 39.701475109477606, 21.286931550820661, 0.0 ], [ 39.701470914377666, 21.286934981734269, 0.0 ], [ 39.701466770387242, 21.286938466755732, 0.0 ], [ 39.70146620487489, 21.286938949930725, 0.0 ], [ 39.701461531183227, 21.286942901846725, 0.0 ], [ 39.701456806179472, 21.286946799822633, 0.0 ], [ 39.701452030572796, 21.286950643273375, 0.0 ], [ 39.701447205079951, 21.286954431622096, 0.0 ], [ 39.701442330425209, 21.286958164300213, 0.0 ], [ 39.701437407340194, 21.286961840747466, 0.0 ], [ 39.701432436563827, 21.286965460412077, 0.0 ], [ 39.701427418842151, 21.286969022750743, 0.0 ], [ 39.701422354928269, 21.286972527228819, 0.0 ], [ 39.701417245582249, 21.286975973320306, 0.0 ], [ 39.70141209157093, 21.286979360507974, 0.0 ], [ 39.70140689366788, 21.286982688283441, 0.0 ], [ 39.701401652653274, 21.286985956147241, 0.0 ], [ 39.701396369313677, 21.286989163608897, 0.0 ], [ 39.701391044442119, 21.286992310187014, 0.0 ], [ 39.701385678837802, 21.286995395409306, 0.0 ], [ 39.701380273306029, 21.286998418812711, 0.0 ], [ 39.701374828658125, 21.287001379943455, 0.0 ], [ 39.701369345711285, 21.287004278357081, 0.0 ], [ 39.701363825288439, 21.287007113618575, 0.0 ], [ 39.701358268218137, 21.287009885302414, 0.0 ], [ 39.701352675334455, 21.287012592992554, 0.0 ], [ 39.70134704747683, 21.28701523628262, 0.0 ], [ 39.701341385489926, 21.287017814775879, 0.0 ], [ 39.701335690223566, 21.287020328085323, 0.0 ], [ 39.701329962532569, 21.287022775833716, 0.0 ], [ 39.701324203276585, 21.287025157653698, 0.0 ], [ 39.701318413320024, 21.287027473187749, 0.0 ], [ 39.701312593531917, 21.287029722088366, 0.0 ], [ 39.701306744785732, 21.287031904017972, 0.0 ], [ 39.70130086795934, 21.287034018649095, 0.0 ], [ 39.701294963934757, 21.287036065664363, 0.0 ], [ 39.701289033598165, 21.287038044756525, 0.0 ], [ 39.701283077839619, 21.287039955628526, 0.0 ], [ 39.701277097553024, 21.28704179799357, 0.0 ], [ 39.701271093635974, 21.287043571575172, 0.0 ], [ 39.701265066989599, 21.287045276107087, 0.0 ], [ 39.701259018518428, 21.287046911333494, 0.0 ], [ 39.701252949130286, 21.287048477008963, 0.0 ], [ 39.701246859736123, 21.28704997289849, 0.0 ], [ 39.701240751249927, 21.287051398777585, 0.0 ], [ 39.701234624588501, 21.287052754432214, 0.0 ], [ 39.701234110766094, 21.287052864757449, 0.0 ], [ 39.701227516737823, 21.287054314319182, 0.0 ], [ 39.701220940742829, 21.287055834137067, 0.0 ], [ 39.701214383633733, 21.287057424014076, 0.0 ], [ 39.701207846260658, 21.287059083744055, 0.0 ], [ 39.70120132947126, 21.287060813111804, 0.0 ], [ 39.70119483411046, 21.287062611893127, 0.0 ], [ 39.701188361020421, 21.287064479854791, 0.0 ], [ 39.701181911040365, 21.28706641675458, 0.0 ], [ 39.701175485006637, 21.287068422341399, 0.0 ], [ 39.701169083752376, 21.287070496355206, 0.0 ], [ 39.701162708107546, 21.287072638527082, 0.0 ], [ 39.701156358898757, 21.287074848579309, 0.0 ], [ 39.701150036949251, 21.287077126225306, 0.0 ], [ 39.701143743078688, 21.28707947116979, 0.0 ], [ 39.701137478103114, 21.287081883108723, 0.0 ], [ 39.701131242834798, 21.287084361729381, 0.0 ], [ 39.701125038082189, 21.287086906710392, 0.0 ], [ 39.701118864649771, 21.287089517721803, 0.0 ], [ 39.701112723337964, 21.287092194425068, 0.0 ], [ 39.701106614943015, 21.287094936473146, 0.0 ], [ 39.70110054025691, 21.287097743510511, 0.0 ], [ 39.701094500067278, 21.287100615173202, 0.0 ], [ 39.701088495157251, 21.287103551088933, 0.0 ], [ 39.701082526305413, 21.287106550877017, 0.0 ], [ 39.701076594285652, 21.28710961414852, 0.0 ], [ 39.701070699867095, 21.287112740506274, 0.0 ], [ 39.701064843813974, 21.287115929544942, 0.0 ], [ 39.701059026885567, 21.287119180851022, 0.0 ], [ 39.701053249836086, 21.287122494002976, 0.0 ], [ 39.70104751341453, 21.287125868571263, 0.0 ], [ 39.701041818364686, 21.287129304118306, 0.0 ], [ 39.701036165424938, 21.287132800198691, 0.0 ], [ 39.701030555328245, 21.287136356359138, 0.0 ], [ 39.701024988801947, 21.287139972138572, 0.0 ], [ 39.701019466567807, 21.287143647068174, 0.0 ], [ 39.701013989341824, 21.287147380671488, 0.0 ], [ 39.701008557834136, 21.287151172464405, 0.0 ], [ 39.701003172748976, 21.287155021955328, 0.0 ], [ 39.700997834784552, 21.287158928645134, 0.0 ], [ 39.70099254463296, 21.287162892027307, 0.0 ], [ 39.700987302980117, 21.28716691158796, 0.0 ], [ 39.70098211050562, 21.287170986805947, 0.0 ], [ 39.700976967882703, 21.287175117152884, 0.0 ], [ 39.700971875778173, 21.287179302093254, 0.0 ], [ 39.70096683485221, 21.287183541084467, 0.0 ], [ 39.700961845758442, 21.287187833576894, 0.0 ], [ 39.700956909143699, 21.287192179013985, 0.0 ], [ 39.700952025648057, 21.287196576832375, 0.0 ], [ 39.700947195904718, 21.287201026461819, 0.0 ], [ 39.700942420539867, 21.287205527325415, 0.0 ], [ 39.70093770017268, 21.287210078839603, 0.0 ], [ 39.700933035415147, 21.287214680414213, 0.0 ], [ 39.700928426872125, 21.287219331452697, 0.0 ], [ 39.700923875141122, 21.287224031351965, 0.0 ], [ 39.700919380812302, 21.287228779502669, 0.0 ], [ 39.700914944468401, 21.287233575289203, 0.0 ], [ 39.70091056668462, 21.287238418089732, 0.0 ], [ 39.700906248028545, 21.287243307276363, 0.0 ], [ 39.700901989060142, 21.287248242215203, 0.0 ], [ 39.700897790331616, 21.287253222266408, 0.0 ], [ 39.70089365238735, 21.287258246784276, 0.0 ], [ 39.700890475471461, 21.287262186172264, 0.0 ], [ 39.69847394012011, 21.29028639941578, 0.0 ] ] ] ] } },
{ "type": "Feature", "properties": { "ID": "391", "BLOCK NAME": "B.1.32.5+10+11", "FILL-TOTAL": null, "CUT-TOTAL": null, "FILL-DONE": null, "CUT-DONE": null, "FILL-REMAN": null, "CUT-REMAN": null, "EQUPIMENTS": null, "CONTRACTOR": null, "STATUS": null }, "geometry": { "type": "MultiPolygon", "coordinates": [ [ [ [ 39.696639575764884, 21.295194882737647, 0.0 ], [ 39.695973375616219, 21.29431980331081, 0.0 ], [ 39.697363360886655, 21.292580405656434, 0.0 ], [ 39.697364082314515, 21.292522068341643, 0.0 ], [ 39.697056342178186, 21.292117837479026, 0.0 ], [ 39.697010836555435, 21.29211734864354, 0.0 ], [ 39.695291629953168, 21.294268715708572, 0.0 ], [ 39.695290546602735, 21.294356221674064, 0.0 ], [ 39.696168643962288, 21.295509643677807, 0.0 ], [ 39.696222431883861, 21.295518072811802, 0.0 ], [ 39.696630572816069, 21.295245279942815, 0.0 ], [ 39.696639575764884, 21.295194882737647, 0.0 ] ] ] ] } },
{ "type": "Feature", "properties": { "ID": "381", "BLOCK NAME": "B.1.33.1+8+9", "FILL-TOTAL": null, "CUT-TOTAL": null, "FILL-DONE": null, "CUT-DONE": null, "FILL-REMAN": null, "CUT-REMAN": null, "EQUPIMENTS": null, "CONTRACTOR": null, "STATUS": null }, "geometry": { "type": "MultiPolygon", "coordinates": [ [ [ [ 39.693408255291295, 21.297529603825687, 0.0 ], [ 39.69539931325339, 21.295038157499974, 0.0 ], [ 39.695391388695043, 21.294986463347225, 0.0 ], [ 39.695096473003808, 21.294599074833879, 0.0 ], [ 39.695028213408236, 21.294598340813298, 0.0 ], [ 39.692945782666456, 21.297204115705057, 0.0 ], [ 39.692942121131587, 21.297208893905729, 0.0 ], [ 39.692938522520421, 21.297213713884474, 0.0 ], [ 39.692934987376084, 21.297218574913799, 0.0 ], [ 39.692931516232207, 21.297223476259994, 0.0 ], [ 39.692928109612666, 21.297228417183302, 0.0 ], [ 39.692924768031645, 21.297233396937951, 0.0 ], [ 39.692921491993509, 21.297238414772352, 0.0 ], [ 39.692918281992739, 21.297243469929128, 0.0 ], [ 39.692915138513833, 21.297248561645283, 0.0 ], [ 39.692912062031262, 21.297253689152306, 0.0 ], [ 39.69290905300938, 21.297258851676304, 0.0 ], [ 39.692906111902332, 21.297264048438038, 0.0 ], [ 39.692903239154077, 21.297269278653175, 0.0 ], [ 39.69290043519819, 21.297274541532278, 0.0 ], [ 39.692897700457891, 21.297279836281007, 0.0 ], [ 39.692895035345963, 21.297285162100206, 0.0 ], [ 39.692892440264686, 21.297290518186031, 0.0 ], [ 39.692889915605711, 21.297295903730049, 0.0 ], [ 39.692887461750139, 21.297301317919409, 0.0 ], [ 39.692885079068333, 21.29730675993693, 0.0 ], [ 39.692882767919926, 21.297312228961228, 0.0 ], [ 39.692880528653767, 21.297317724166845, 0.0 ], [ 39.692878361607832, 21.29732324472436, 0.0 ], [ 39.692876267109234, 21.297328789800513, 0.0 ], [ 39.692874245474087, 21.297334358558388, 0.0 ], [ 39.692872297007547, 21.297339950157472, 0.0 ], [ 39.692870422003708, 21.297345563753787, 0.0 ], [ 39.692868620745593, 21.29735119850006, 0.0 ], [ 39.692866893505062, 21.297356853545807, 0.0 ], [ 39.692865240542822, 21.297362528037489, 0.0 ], [ 39.692863662108401, 21.297368221118649, 0.0 ], [ 39.692862158440015, 21.297373931929979, 0.0 ], [ 39.692860729764632, 21.297379659609526, 0.0 ], [ 39.692859376297911, 21.297385403292811, 0.0 ], [ 39.69285809824413, 21.297391162112898, 0.0 ], [ 39.692856895796218, 21.297396935200574, 0.0 ], [ 39.692855769135669, 21.297402721684506, 0.0 ], [ 39.692854718432528, 21.29740852069131, 0.0 ], [ 39.692853743845419, 21.297414331345681, 0.0 ], [ 39.692852845521415, 21.297420152770641, 0.0 ], [ 39.692852023596139, 21.2974259840875, 0.0 ], [ 39.692851278193665, 21.297431824416144, 0.0 ], [ 39.692850609426465, 21.297437672875027, 0.0 ], [ 39.692850017395529, 21.297443528581468, 0.0 ], [ 39.692849674851892, 21.297447325644342, 0.0 ], [ 39.69285010407738, 21.2974528201357, 0.0 ], [ 39.692850456347358, 21.297458319438071, 0.0 ], [ 39.692850731601162, 21.29746382260533, 0.0 ], [ 39.692850929791469, 21.297469328690742, 0.0 ], [ 39.692851050884165, 21.297474836747028, 0.0 ], [ 39.692851094858398, 21.297480345826543, 0.0 ], [ 39.692851061706612, 21.297485854981549, 0.0 ], [ 39.69285095143448, 21.297491363264193, 0.0 ], [ 39.692850764060964, 21.29749686972686, 0.0 ], [ 39.692850499618309, 21.297502373422187, 0.0 ], [ 39.692850158152012, 21.297507873403333, 0.0 ], [ 39.692849739720771, 21.297513368724065, 0.0 ], [ 39.692849244396591, 21.297518858438963, 0.0 ], [ 39.692849241134596, 21.29751889195569, 0.0 ], [ 39.692848751768707, 21.297524948326878, 0.0 ], [ 39.692848339342227, 21.297531009715442, 0.0 ], [ 39.692848003913532, 21.297537075263357, 0.0 ], [ 39.692847745530138, 21.297543144112034, 0.0 ], [ 39.692847564228636, 21.297549215402412, 0.0 ], [ 39.692847460034635, 21.297555288275078, 0.0 ], [ 39.692847432962978, 21.297561361870404, 0.0 ], [ 39.692847483017466, 21.297567435328652, 0.0 ], [ 39.692847610191009, 21.297573507790108, 0.0 ], [ 39.69284781446563, 21.297579578395197, 0.0 ], [ 39.692848095812437, 21.29758564628461, 0.0 ], [ 39.692848454191598, 21.297591710599416, 0.0 ], [ 39.692848889552401, 21.297597770481197, 0.0 ], [ 39.692849401833215, 21.297603825072169, 0.0 ], [ 39.692849990961541, 21.297609873515253, 0.0 ], [ 39.692850656854006, 21.297615914954324, 0.0 ], [ 39.692851399416341, 21.297621948534161, 0.0 ], [ 39.692852218543464, 21.297627973400694, 0.0 ], [ 39.692853114119444, 21.297633988701097, 0.0 ], [ 39.692854086017476, 21.297639993583896, 0.0 ], [ 39.692855134100014, 21.297645987199076, 0.0 ], [ 39.692856258218718, 21.29765196869819, 0.0 ], [ 39.692857458214469, 21.297657937234582, 0.0 ], [ 39.692858733917426, 21.297663891963364, 0.0 ], [ 39.692860085146989, 21.297669832041628, 0.0 ], [ 39.692861511711911, 21.297675756628557, 0.0 ], [ 39.692863013410289, 21.297681664885484, 0.0 ], [ 39.692864590029522, 21.297687555976076, 0.0 ], [ 39.692866241346465, 21.297693429066442, 0.0 ], [ 39.692867967127377, 21.297699283325215, 0.0 ], [ 39.692869767127981, 21.297705117923726, 0.0 ], [ 39.692871641093483, 21.297710932036065, 0.0 ], [ 39.692873588758616, 21.297716724839205, 0.0 ], [ 39.692875609847697, 21.297722495513177, 0.0 ], [ 39.692877704074668, 21.297728243241121, 0.0 ], [ 39.692879871143056, 21.297733967209407, 0.0 ], [ 39.69288211074614, 21.297739666607818, 0.0 ], [ 39.692884422566877, 21.297745340629568, 0.0 ], [ 39.692886806278061, 21.297750988471471, 0.0 ], [ 39.692889261542263, 21.29775660933408, 0.0 ], [ 39.692891788011934, 21.297762202421719, 0.0 ], [ 39.692894385329474, 21.297767766942691, 0.0 ], [ 39.69289705312719, 21.297773302109309, 0.0 ], [ 39.692899791027493, 21.297778807138041, 0.0 ], [ 39.69290259864281, 21.297784281249648, 0.0 ], [ 39.692905475575742, 21.297789723669251, 0.0 ], [ 39.692908421419048, 21.297795133626437, 0.0 ], [ 39.692911435755711, 21.29780051035543, 0.0 ], [ 39.692914518159093, 21.297805853095124, 0.0 ], [ 39.692917668192848, 21.297811161089239, 0.0 ], [ 39.692920885411105, 21.297816433586412, 0.0 ], [ 39.692924169358456, 21.297821669840296, 0.0 ], [ 39.692927519570048, 21.297826869109681, 0.0 ], [ 39.692930935571653, 21.297832030658601, 0.0 ], [ 39.692934416879723, 21.297837153756397, 0.0 ], [ 39.692937963001498, 21.29784223767793, 0.0 ], [ 39.692941573434986, 21.297847281703472, 0.0 ], [ 39.692945247669144, 21.297852285119085, 0.0 ], [ 39.692948985183897, 21.29785724721652, 0.0 ], [ 39.692952785450139, 21.297862167293346, 0.0 ], [ 39.692956647929982, 21.297867044653099, 0.0 ], [ 39.692960572076657, 21.297871878605399, 0.0 ], [ 39.692964557334712, 21.297876668465975, 0.0 ], [ 39.692968603140002, 21.297881413556798, 0.0 ], [ 39.692972708919861, 21.2978861132062, 0.0 ], [ 39.692976874093077, 21.29789076674891, 0.0 ], [ 39.692981098070078, 21.297895373526195, 0.0 ], [ 39.692983257327967, 21.29789768622069, 0.0 ], [ 39.693905025983916, 21.298776361754939, 0.0 ], [ 39.693992666651553, 21.298783536281636, 0.0 ], [ 39.694390999190936, 21.29851731280257, 0.0 ], [ 39.694395364991905, 21.298470562533137, 0.0 ], [ 39.693408255291295, 21.297529603825687, 0.0 ] ] ] ] } },
{ "type": "Feature", "properties": { "ID": "396", "BLOCK NAME": "B.1.35.6+7+8", "FILL-TOTAL": null, "CUT-TOTAL": null, "FILL-DONE": null, "CUT-DONE": null, "FILL-REMAN": null, "CUT-REMAN": null, "EQUPIMENTS": null, "CONTRACTOR": null, "STATUS": null }, "geometry": { "type": "MultiPolygon", "coordinates": [ [ [ [ 39.697071029169379, 21.302189725605182, 0.0 ], [ 39.697123278178367, 21.301927500186437, 0.0 ], [ 39.697111099836242, 21.301923838989335, 0.0 ], [ 39.697098945289945, 21.301920109051366, 0.0 ], [ 39.697086814981432, 21.301916310508155, 0.0 ], [ 39.697074709351881, 21.30191244349783, 0.0 ], [ 39.697062628841451, 21.301908508161031, 0.0 ], [ 39.697050573889491, 21.301904504640866, 0.0 ], [ 39.697038544934337, 21.301900433082903, 0.0 ], [ 39.697026542413454, 21.301896293635217, 0.0 ], [ 39.697014566763293, 21.301892086448348, 0.0 ], [ 39.697002618419376, 21.301887811675268, 0.0 ], [ 39.696990697816155, 21.301883469471449, 0.0 ], [ 39.696978805387126, 21.301879059994764, 0.0 ], [ 39.696966941564789, 21.301874583405592, 0.0 ], [ 39.696955106780536, 21.301870039866731, 0.0 ], [ 39.696943301464771, 21.301865429543362, 0.0 ], [ 39.69693152604674, 21.301860752603183, 0.0 ], [ 39.696919780954694, 21.301856009216241, 0.0 ], [ 39.696908066615727, 21.301851199555042, 0.0 ], [ 39.696896383455822, 21.301846323794479, 0.0 ], [ 39.69688473189985, 21.301841382111867, 0.0 ], [ 39.696873112371478, 21.301836374686911, 0.0 ], [ 39.696861525293293, 21.301831301701696, 0.0 ], [ 39.696849971086635, 21.301826163340706, 0.0 ], [ 39.696838450171647, 21.301820959790792, 0.0 ], [ 39.6968269629673, 21.301815691241181, 0.0 ], [ 39.696815509891344, 21.301810357883479, 0.0 ], [ 39.696804091360235, 21.301804959911586, 0.0 ], [ 39.696792707789214, 21.30179949752187, 0.0 ], [ 39.696781359592244, 21.301793970912907, 0.0 ], [ 39.696770047181985, 21.301788380285675, 0.0 ], [ 39.696758770969815, 21.301782725843513, 0.0 ], [ 39.69674753136578, 21.301777007792005, 0.0 ], [ 39.69673632877862, 21.301771226339127, 0.0 ], [ 39.696725163615689, 21.301765381695098, 0.0 ], [ 39.696714036283026, 21.301759474072444, 0.0 ], [ 39.696702947185265, 21.301753503686026, 0.0 ], [ 39.696691896725632, 21.301747470752918, 0.0 ], [ 39.696680885305987, 21.301741375492526, 0.0 ], [ 39.696669913326751, 21.301735218126513, 0.0 ], [ 39.696658981186935, 21.301728998878776, 0.0 ], [ 39.696648089284054, 21.301722717975476, 0.0 ], [ 39.696637238014169, 21.301716375645022, 0.0 ], [ 39.696626427771939, 21.301709972118037, 0.0 ], [ 39.696615658950414, 21.301703507627394, 0.0 ], [ 39.696604931941238, 21.301696982408185, 0.0 ], [ 39.696594247134442, 21.30169039669769, 0.0 ], [ 39.696583604918615, 21.301683750735389, 0.0 ], [ 39.696573005680726, 21.301677044762954, 0.0 ], [ 39.69656244980623, 21.301670279024261, 0.0 ], [ 39.696551937678969, 21.301663453765347, 0.0 ], [ 39.696541469681215, 21.301656569234382, 0.0 ], [ 39.69653104619362, 21.301649625681744, 0.0 ], [ 39.69652066759523, 21.301642623359957, 0.0 ], [ 39.696510334263465, 21.301635562523611, 0.0 ], [ 39.69650004657408, 21.301628443429486, 0.0 ], [ 39.696489804901169, 21.301621266336472, 0.0 ], [ 39.696479609617185, 21.301614031505562, 0.0 ], [ 39.696469461092846, 21.301606739199855, 0.0 ], [ 39.696459359697187, 21.301599389684508, 0.0 ], [ 39.696449305797579, 21.3015919832268, 0.0 ], [ 39.696439299759575, 21.301584520096078, 0.0 ], [ 39.696429341947066, 21.301577000563711, 0.0 ], [ 39.696419432722145, 21.30156942490316, 0.0 ], [ 39.696409572445148, 21.301561793389908, 0.0 ], [ 39.696399761474638, 21.301554106301477, 0.0 ], [ 39.696390000167384, 21.301546363917403, 0.0 ], [ 39.696380288878352, 21.301538566519202, 0.0 ], [ 39.696370627960654, 21.30153071439047, 0.0 ], [ 39.696361017765639, 21.301522807816724, 0.0 ], [ 39.696351458642724, 21.301514847085507, 0.0 ], [ 39.696341950939569, 21.301506832486265, 0.0 ], [ 39.696332495001862, 21.301498764310494, 0.0 ], [ 39.696323091173468, 21.301490642851547, 0.0 ], [ 39.696313739796388, 21.301482468404796, 0.0 ], [ 39.696304441210621, 21.301474241267471, 0.0 ], [ 39.69629519575431, 21.30146596173876, 0.0 ], [ 39.696286003763667, 21.301457630119746, 0.0 ], [ 39.696276865572941, 21.3014492467134, 0.0 ], [ 39.696267781514436, 21.30144081182458, 0.0 ], [ 39.696258751918471, 21.301432325760043, 0.0 ], [ 39.696252709426737, 21.30142658941574, 0.0 ], [ 39.692976469591834, 21.298303597444729, 0.0 ], [ 39.692956726176938, 21.298284725292504, 0.0 ], [ 39.692937037924516, 21.298265802621895, 0.0 ], [ 39.692917404981799, 21.298246829574364, 0.0 ], [ 39.692897827495585, 21.298227806291813, 0.0 ], [ 39.692878305612204, 21.298208732916446, 0.0 ], [ 39.692858839477658, 21.298189609590942, 0.0 ], [ 39.692839429237459, 21.298170436458268, 0.0 ], [ 39.692820075036742, 21.2981512136618, 0.0 ], [ 39.69280077702021, 21.298131941345272, 0.0 ], [ 39.692781535332138, 21.298112619652802, 0.0 ], [ 39.692762350116396, 21.298093248728858, 0.0 ], [ 39.692743221516409, 21.298073828718316, 0.0 ], [ 39.692724149675215, 21.298054359766365, 0.0 ], [ 39.692705134735377, 21.298034842018573, 0.0 ], [ 39.692686176839082, 21.29801527562093, 0.0 ], [ 39.692667276128056, 21.29799566071971, 0.0 ], [ 39.692648432743631, 21.297975997461595, 0.0 ], [ 39.692629646826639, 21.297956285993628, 0.0 ], [ 39.692614811357039, 21.297940642619569, 0.0 ], [ 39.692609737704814, 21.297937965516677, 0.0 ], [ 39.692604626646073, 21.297935351611546, 0.0 ], [ 39.69259947907738, 21.297932801362695, 0.0 ], [ 39.692594295901721, 21.297930315217506, 0.0 ], [ 39.692589078028305, 21.297927893612066, 0.0 ], [ 39.692583826372484, 21.297925536971178, 0.0 ], [ 39.69257854185549, 21.297923245708265, 0.0 ], [ 39.692573225404274, 21.297921020225239, 0.0 ], [ 39.69256787795149, 21.297918860912493, 0.0 ], [ 39.692562500435201, 21.297916768148806, 0.0 ], [ 39.692557093798683, 21.297914742301291, 0.0 ], [ 39.692551658990354, 21.29791278372533, 0.0 ], [ 39.692546196963626, 21.29791089276447, 0.0 ], [ 39.692540708676603, 21.29790906975045, 0.0 ], [ 39.69253519509207, 21.297907315003037, 0.0 ], [ 39.692529657177154, 21.297905628830055, 0.0 ], [ 39.692524095903359, 21.297904011527297, 0.0 ], [ 39.692518512246231, 21.297902463378463, 0.0 ], [ 39.692512907185218, 21.297900984655126, 0.0 ], [ 39.692507281703584, 21.297899575616679, 0.0 ], [ 39.692501636788137, 21.297898236510299, 0.0 ], [ 39.692495973429089, 21.297896967570882, 0.0 ], [ 39.692490292619901, 21.297895769021046, 0.0 ], [ 39.692484595357087, 21.297894641071011, 0.0 ], [ 39.692478882640074, 21.297893583918651, 0.0 ], [ 39.692473155470942, 21.297892597749414, 0.0 ], [ 39.692467414854406, 21.297891682736285, 0.0 ], [ 39.692461661797395, 21.297890839039795, 0.0 ], [ 39.692455897309152, 21.29789006680792, 0.0 ], [ 39.692450122400885, 21.297889366176133, 0.0 ], [ 39.692444338085579, 21.297888737267343, 0.0 ], [ 39.692438545377939, 21.297888180191855, 0.0 ], [ 39.692432745294099, 21.297887695047422, 0.0 ], [ 39.692426938851504, 21.297887281919127, 0.0 ], [ 39.692421127068727, 21.297886940879437, 0.0 ], [ 39.692415310965238, 21.297886671988191, 0.0 ], [ 39.692409491561293, 21.297886475292543, 0.0 ], [ 39.692405460320217, 21.297886381409896, 0.0 ], [ 39.692400303516791, 21.297886428690127, 0.0 ], [ 39.692395148035153, 21.297886548220823, 0.0 ], [ 39.692389995028428, 21.297886739975251, 0.0 ], [ 39.692384845649123, 21.297887003910542, 0.0 ], [ 39.692379701048999, 21.297887339967648, 0.0 ], [ 39.692374562378724, 21.297887748071421, 0.0 ], [ 39.692369430787636, 21.29788822813056, 0.0 ], [ 39.692364307423475, 21.297888780037702, 0.0 ], [ 39.692359193432175, 21.297889403669409, 0.0 ], [ 39.69235408995754, 21.297890098886196, 0.0 ], [ 39.69234899814105, 21.297890865532576, 0.0 ], [ 39.692343919121569, 21.297891703437056, 0.0 ], [ 39.692338854035086, 21.297892612412245, 0.0 ], [ 39.692333804014488, 21.297893592254823, 0.0 ], [ 39.69232877018927, 21.297894642745643, 0.0 ], [ 39.692327680858334, 21.297894879841454, 0.0 ], [ 39.692320481800024, 21.297896398402656, 0.0 ], [ 39.692313300065869, 21.297897987376885, 0.0 ], [ 39.692306136440457, 21.297899646590547, 0.0 ], [ 39.692298991706338, 21.297901375862367, 0.0 ], [ 39.692291866644069, 21.297903175003462, 0.0 ], [ 39.692284762032024, 21.297905043817256, 0.0 ], [ 39.692277678646342, 21.297906982099612, 0.0 ], [ 39.692270617260832, 21.297908989638774, 0.0 ], [ 39.692263578646937, 21.297911066215427, 0.0 ], [ 39.692256563573572, 21.297913211602719, 0.0 ], [ 39.692249572807121, 21.297915425566281, 0.0 ], [ 39.692242607111254, 21.297917707864251, 0.0 ], [ 39.692235667246969, 21.297920058247271, 0.0 ], [ 39.692228753972415, 21.297922476458616, 0.0 ], [ 39.692221868042822, 21.297924962234084, 0.0 ], [ 39.69221501021044, 21.297927515302124, 0.0 ], [ 39.692209268712467, 21.297929712911799, 0.0 ], [ 39.692033937180589, 21.29777348658266, 0.0 ], [ 39.691951292393526, 21.298431825240606, 0.0 ], [ 39.692368816801334, 21.298276656557018, 0.0 ], [ 39.692541174777098, 21.298427352859889, 0.0 ], [ 39.692653668021471, 21.298551502029362, 0.0 ], [ 39.692784919694105, 21.298678108960214, 0.0 ], [ 39.69290894819261, 21.298802162415974, 0.0 ], [ 39.69304504911166, 21.298938735069246, 0.0 ], [ 39.69319616751222, 21.299080765097237, 0.0 ], [ 39.693322085480894, 21.299195771589464, 0.0 ], [ 39.693412539470813, 21.299306924777571, 0.0 ], [ 39.693479070945926, 21.299373582572141, 0.0 ], [ 39.69362364830053, 21.299507483491791, 0.0 ], [ 39.693768353732466, 21.299647566118356, 0.0 ], [ 39.693919254527046, 21.299793510829883, 0.0 ], [ 39.694155781591292, 21.300072534642354, 0.0 ], [ 39.694271614845761, 21.300171870598231, 0.0 ], [ 39.694418468404528, 21.300314754033643, 0.0 ], [ 39.694555849076266, 21.300452392642374, 0.0 ], [ 39.694698663029548, 21.300596180936353, 0.0 ], [ 39.694814242964135, 21.300717465870068, 0.0 ], [ 39.694953565883424, 21.300872311550869, 0.0 ], [ 39.695049237954933, 21.30097094895774, 0.0 ], [ 39.695166207126562, 21.301099209175998, 0.0 ], [ 39.695258553951042, 21.301183705252143, 0.0 ], [ 39.695341333016593, 21.301270569299131, 0.0 ], [ 39.695493738515864, 21.301430495317131, 0.0 ], [ 39.695621406591108, 21.301564462844478, 0.0 ], [ 39.695909936941852, 21.301832086184103, 0.0 ], [ 39.696046024984611, 21.301954035157607, 0.0 ], [ 39.696183760081091, 21.302079136534669, 0.0 ], [ 39.696321509286321, 21.302204250389934, 0.0 ], [ 39.696459253777185, 21.302329359626874, 0.0 ], [ 39.696639540260882, 21.302493107986191, 0.0 ], [ 39.697071029169379, 21.302189725605182, 0.0 ] ] ] ] } },
{ "type": "Feature", "properties": { "ID": "331", "BLOCK NAME": "B.1.36.1+2", "FILL-TOTAL": null, "CUT-TOTAL": null, "FILL-DONE": null, "CUT-DONE": null, "FILL-REMAN": null, "CUT-REMAN": null, "EQUPIMENTS": null, "CONTRACTOR": null, "STATUS": null }, "geometry": { "type": "MultiPolygon", "coordinates": [ [ [ [ 39.700491645001499, 21.300635895315484, 0.0 ], [ 39.700488676049567, 21.300642366332845, 0.0 ], [ 39.700485636396536, 21.300648808479338, 0.0 ], [ 39.700482526362322, 21.300655221076838, 0.0 ], [ 39.7004793462743, 21.300661603450351, 0.0 ], [ 39.700476096467199, 21.300667954928027, 0.0 ], [ 39.70047277728311, 21.300674274841324, 0.0 ], [ 39.700469389071415, 21.300680562524946, 0.0 ], [ 39.700465932188735, 21.300686817317082, 0.0 ], [ 39.700462406998945, 21.300693038559285, 0.0 ], [ 39.700458813873155, 21.300699225596702, 0.0 ], [ 39.700455153189495, 21.300705377778087, 0.0 ], [ 39.700451425333384, 21.300711494455822, 0.0 ], [ 39.700447630697163, 21.300717574986056, 0.0 ], [ 39.700443769680255, 21.300723618728728, 0.0 ], [ 39.700439842689114, 21.300729625047655, 0.0 ], [ 39.700435850137062, 21.300735593310577, 0.0 ], [ 39.700431792444377, 21.30074152288929, 0.0 ], [ 39.700427670038188, 21.300747413159606, 0.0 ], [ 39.700423483352402, 21.300753263501505, 0.0 ], [ 39.700419232827727, 21.300759073299137, 0.0 ], [ 39.700414918911591, 21.300764841940982, 0.0 ], [ 39.700410542058052, 21.300770568819779, 0.0 ], [ 39.700406102727847, 21.300776253332717, 0.0 ], [ 39.700401601388265, 21.300781894881439, 0.0 ], [ 39.700397038513131, 21.300787492872058, 0.0 ], [ 39.700392414582716, 21.300793046715334, 0.0 ], [ 39.700387730083769, 21.300798555826656, 0.0 ], [ 39.700382985509378, 21.300804019626106, 0.0 ], [ 39.700378181358978, 21.300809437538554, 0.0 ], [ 39.70037331813824, 21.300814808993696, 0.0 ], [ 39.700368396359096, 21.300820133426086, 0.0 ], [ 39.700363416539631, 21.300825410275291, 0.0 ], [ 39.70035837920399, 21.300830638985829, 0.0 ], [ 39.700353284882461, 21.300835819007325, 0.0 ], [ 39.700348134111259, 21.300840949794512, 0.0 ], [ 39.700342927432573, 21.300846030807275, 0.0 ], [ 39.700337665394457, 21.300851061510802, 0.0 ], [ 39.70033234855083, 21.300856041375543, 0.0 ], [ 39.700326977461337, 21.300860969877277, 0.0 ], [ 39.700321552691356, 21.300865846497231, 0.0 ], [ 39.700316074811916, 21.30087067072207, 0.0 ], [ 39.700310544399628, 21.300875442043996, 0.0 ], [ 39.70030496203664, 21.30088015996073, 0.0 ], [ 39.700299328310564, 21.300884823975665, 0.0 ], [ 39.700293643814419, 21.300889433597838, 0.0 ], [ 39.700287909146581, 21.300893988342057, 0.0 ], [ 39.700282124910672, 21.300898487728841, 0.0 ], [ 39.700276291715589, 21.300902931284579, 0.0 ], [ 39.700270410175335, 21.300907318541519, 0.0 ], [ 39.700264480909006, 21.30091164903785, 0.0 ], [ 39.700258504540763, 21.300915922317738, 0.0 ], [ 39.700252481699664, 21.30092013793135, 0.0 ], [ 39.700246413019713, 21.300924295434939, 0.0 ], [ 39.700240299139708, 21.300928394390859, 0.0 ], [ 39.700234140703209, 21.300932434367645, 0.0 ], [ 39.700227938358502, 21.30093641494005, 0.0 ], [ 39.700221692758412, 21.300940335689045, 0.0 ], [ 39.70021540456041, 21.300944196201932, 0.0 ], [ 39.700209074426404, 21.300947996072331, 0.0 ], [ 39.70020452661749, 21.300950673486962, 0.0 ], [ 39.698910593032998, 21.301706267882075, 0.0 ], [ 39.698906519068501, 21.301708689382181, 0.0 ], [ 39.69890248693504, 21.301711171587108, 0.0 ], [ 39.698898497663208, 21.301713713862409, 0.0 ], [ 39.698894552272577, 21.301716315558352, 0.0 ], [ 39.698890651771578, 21.301718976009976, 0.0 ], [ 39.698886797157087, 21.301721694537303, 0.0 ], [ 39.698882989414308, 21.3017244704455, 0.0 ], [ 39.698879229516436, 21.30172730302511, 0.0 ], [ 39.698875518424465, 21.301730191552142, 0.0 ], [ 39.6988718570869, 21.301733135288345, 0.0 ], [ 39.698868246439517, 21.301736133481338, 0.0 ], [ 39.698864687405191, 21.301739185364841, 0.0 ], [ 39.698861180893502, 21.301742290158789, 0.0 ], [ 39.698857727800714, 21.301745447069692, 0.0 ], [ 39.698854329009372, 21.301748655290659, 0.0 ], [ 39.698850985388162, 21.301751914001724, 0.0 ], [ 39.698847697791685, 21.301755222369991, 0.0 ], [ 39.698844467060205, 21.301758579549908, 0.0 ], [ 39.698841294019445, 21.30176198468342, 0.0 ], [ 39.698838179480404, 21.301765436900229, 0.0 ], [ 39.698835124239118, 21.301768935317977, 0.0 ], [ 39.69883212907645, 21.301772479042516, 0.0 ], [ 39.698829194757963, 21.301776067168152, 0.0 ], [ 39.69882632203359, 21.301779698777775, 0.0 ], [ 39.698823511637606, 21.30178337294323, 0.0 ], [ 39.6988207642883, 21.301787088725415, 0.0 ], [ 39.698818080687843, 21.301790845174637, 0.0 ], [ 39.698815461522152, 21.301794641330833, 0.0 ], [ 39.698812907460635, 21.301798476223713, 0.0 ], [ 39.698810419156089, 21.30180234887316, 0.0 ], [ 39.698807997244515, 21.301806258289357, 0.0 ], [ 39.698805642344901, 21.301810203473121, 0.0 ], [ 39.698803355059155, 21.301814183416116, 0.0 ], [ 39.698801135971848, 21.301818197101131, 0.0 ], [ 39.698798985650171, 21.301822243502318, 0.0 ], [ 39.698796904643757, 21.301826321585473, 0.0 ], [ 39.698794958701562, 21.301830294307603, 0.0 ], [ 39.698793039111415, 21.301834206398855, 0.0 ], [ 39.698791049717428, 21.301838087763837, 0.0 ], [ 39.698788991079958, 21.301841937309238, 0.0 ], [ 39.698786863778878, 21.301845753950683, 0.0 ], [ 39.69878466841346, 21.301849536613059, 0.0 ], [ 39.698782405602067, 21.301853284230901, 0.0 ], [ 39.698780075982114, 21.301856995748498, 0.0 ], [ 39.698777680209808, 21.301860670120409, 0.0 ], [ 39.69877521895998, 21.30186430631159, 0.0 ], [ 39.698772692925942, 21.301867903297783, 0.0 ], [ 39.698770102819267, 21.301871460065779, 0.0 ], [ 39.698767449369498, 21.301874975613668, 0.0 ], [ 39.698764733324118, 21.301878448951193, 0.0 ], [ 39.698761955448141, 21.301881879099941, 0.0 ], [ 39.69875911652408, 21.301885265093691, 0.0 ], [ 39.698756217351622, 21.301888605978675, 0.0 ], [ 39.698753258747416, 21.301891900813786, 0.0 ], [ 39.698750241544843, 21.301895148670923, 0.0 ], [ 39.698747166593833, 21.30189834863522, 0.0 ], [ 39.698744034760509, 21.301901499805297, 0.0 ], [ 39.69874084692708, 21.301904601293483, 0.0 ], [ 39.698737603991539, 21.301907652226145, 0.0 ], [ 39.69873430686733, 21.301910651743899, 0.0 ], [ 39.698730956483232, 21.3019135990018, 0.0 ], [ 39.698727553782987, 21.301916493169646, 0.0 ], [ 39.698724099725084, 21.30191933343221, 0.0 ], [ 39.698720595282488, 21.301922118989392, 0.0 ], [ 39.69871704144235, 21.301924849056565, 0.0 ], [ 39.698713439205733, 21.301927522864727, 0.0 ], [ 39.698709789587333, 21.301930139660641, 0.0 ], [ 39.698706093615193, 21.301932698707251, 0.0 ], [ 39.698702352330415, 21.301935199283676, 0.0 ], [ 39.698698566786874, 21.301937640685551, 0.0 ], [ 39.698694738050897, 21.301940022225171, 0.0 ], [ 39.698690867200987, 21.301942343231683, 0.0 ], [ 39.698686955327503, 21.301944603051268, 0.0 ], [ 39.698683003532366, 21.301946801047407, 0.0 ], [ 39.698679012928757, 21.301948936600915, 0.0 ], [ 39.698674984640753, 21.301951009110265, 0.0 ], [ 39.698670919803064, 21.301953017991636, 0.0 ], [ 39.698666819560714, 21.301954962679186, 0.0 ], [ 39.69866268506869, 21.301956842625088, 0.0 ], [ 39.698658517491587, 21.301958657299807, 0.0 ], [ 39.698654318003392, 21.301960406192155, 0.0 ], [ 39.698650087787037, 21.301962088809518, 0.0 ], [ 39.698645828034067, 21.301963704677892, 0.0 ], [ 39.698641539944454, 21.301965253342146, 0.0 ], [ 39.698637224726099, 21.301966734366022, 0.0 ], [ 39.698632883594485, 21.301968147332328, 0.0 ], [ 39.698628517772491, 21.301969491843067, 0.0 ], [ 39.698624128489911, 21.301970767519492, 0.0 ], [ 39.698619716983117, 21.301971974002281, 0.0 ], [ 39.698615284494792, 21.301973110951575, 0.0 ], [ 39.698610832273523, 21.301974178047111, 0.0 ], [ 39.698606361573404, 21.301975174988289, 0.0 ], [ 39.698601873653772, 21.301976101494311, 0.0 ], [ 39.698597369778859, 21.301976957304159, 0.0 ], [ 39.698592851217299, 21.301977742176792, 0.0 ], [ 39.698588319241935, 21.301978455891106, 0.0 ], [ 39.698583775129357, 21.301979098246058, 0.0 ], [ 39.698579220159573, 21.301979669060714, 0.0 ], [ 39.698574655615687, 21.301980168174271, 0.0 ], [ 39.698570082783441, 21.30198059544615, 0.0 ], [ 39.698565502950935, 21.301980950755976, 0.0 ], [ 39.698560917408251, 21.301981234003684, 0.0 ], [ 39.698556327447108, 21.301981445109469, 0.0 ], [ 39.698551734360386, 21.301981584013863, 0.0 ], [ 39.698547139441935, 21.30198165067776, 0.0 ], [ 39.698542543986065, 21.30198164508236, 0.0 ], [ 39.698537949287257, 21.301981567229259, 0.0 ], [ 39.698533356639786, 21.30198141714035, 0.0 ], [ 39.698528767337329, 21.301981194857945, 0.0 ], [ 39.698524182672642, 21.301980900444665, 0.0 ], [ 39.698519603937143, 21.301980533983414, 0.0 ], [ 39.698515032420602, 21.30198009557742, 0.0 ], [ 39.698510469410763, 21.30197958535021, 0.0 ], [ 39.698505916192993, 21.30197900344546, 0.0 ], [ 39.698501374049847, 21.30197835002712, 0.0 ], [ 39.698496844260752, 21.301977625279243, 0.0 ], [ 39.69849232810175, 21.301976829405955, 0.0 ], [ 39.698487826844946, 21.301975962631484, 0.0 ], [ 39.698483341758283, 21.301975025199962, 0.0 ], [ 39.698478874105177, 21.301974017375446, 0.0 ], [ 39.698474425144077, 21.301972939441853, 0.0 ], [ 39.69846999612821, 21.301971791702798, 0.0 ], [ 39.698465588305169, 21.301970574481594, 0.0 ], [ 39.698461202916569, 21.301969288121111, 0.0 ], [ 39.698458183173955, 21.301968358038184, 0.0 ], [ 39.698453456934324, 21.301966908301289, 0.0 ], [ 39.698448707257299, 21.301965527410989, 0.0 ], [ 39.698443935285212, 21.301964215699407, 0.0 ], [ 39.698439142165768, 21.301962973482038, 0.0 ], [ 39.698434329051757, 21.301961801057637, 0.0 ], [ 39.698429497100832, 21.301960698708175, 0.0 ], [ 39.698424647475093, 21.301959666698799, 0.0 ], [ 39.698419781340938, 21.301958705277709, 0.0 ], [ 39.698414899868737, 21.301957814676168, 0.0 ], [ 39.698410004232535, 21.301956995108323, 0.0 ], [ 39.698405095609786, 21.301956246771319, 0.0 ], [ 39.698400175181064, 21.301955569845152, 0.0 ], [ 39.698395244129792, 21.301954964492591, 0.0 ], [ 39.698390303641936, 21.301954430859279, 0.0 ], [ 39.69838535490576, 21.301953969073523, 0.0 ], [ 39.698380399111478, 21.301953579246394, 0.0 ], [ 39.69837543745102, 21.301953261471677, 0.0 ], [ 39.698370471117698, 21.30195301582577, 0.0 ], [ 39.698365501306007, 21.301952842367765, 0.0 ], [ 39.698360529211193, 21.301952741139385, 0.0 ], [ 39.698355556029142, 21.301952712164976, 0.0 ], [ 39.698350582955946, 21.301952755451499, 0.0 ], [ 39.698345611187705, 21.301952870988551, 0.0 ], [ 39.698340641920133, 21.301953058748335, 0.0 ], [ 39.698335676348471, 21.301953318685719, 0.0 ], [ 39.69833071566692, 21.301953650738138, 0.0 ], [ 39.698325761068624, 21.30195405482576, 0.0 ], [ 39.698320813745205, 21.301954530851415, 0.0 ], [ 39.698315874886553, 21.301955078700583, 0.0 ], [ 39.698310945680518, 21.301955698241503, 0.0 ], [ 39.69830602731264, 21.301956389325206, 0.0 ], [ 39.698301120965823, 21.30195715178542, 0.0 ], [ 39.698296227820101, 21.301957985438808, 0.0 ], [ 39.698291349052354, 21.301958890084837, 0.0 ], [ 39.698286485835965, 21.301959865505967, 0.0 ], [ 39.698281639340571, 21.301960911467564, 0.0 ], [ 39.69827845512912, 21.301961639213193, 0.0 ], [ 39.698266035183288, 21.301964503890364, 0.0 ], [ 39.698253597034089, 21.301967298347932, 0.0 ], [ 39.698241141133828, 21.301970022484291, 0.0 ], [ 39.69822866793546, 21.301972676200357, 0.0 ], [ 39.698216177892583, 21.301975259399637, 0.0 ], [ 39.698203671459382, 21.301977771988188, 0.0 ], [ 39.698191149090654, 21.301980213874657, 0.0 ], [ 39.698178611241779, 21.301982584970204, 0.0 ], [ 39.698166058368692, 21.301984885188652, 0.0 ], [ 39.698153490927893, 21.30198711444632, 0.0 ], [ 39.698140909376377, 21.301989272662162, 0.0 ], [ 39.698128314171669, 21.30199135975769, 0.0 ], [ 39.698115705771798, 21.30199337565697, 0.0 ], [ 39.698103084635271, 21.30199532028675, 0.0 ], [ 39.698090451221049, 21.301997193576284, 0.0 ], [ 39.698077805988568, 21.301998995457431, 0.0 ], [ 39.698065149397628, 21.302000725864691, 0.0 ], [ 39.698052481908533, 21.302002384735154, 0.0 ], [ 39.698039803981914, 21.30200397200845, 0.0 ], [ 39.698027116078805, 21.302005487626889, 0.0 ], [ 39.698014418660584, 21.302006931535342, 0.0 ], [ 39.698001712189026, 21.302008303681312, 0.0 ], [ 39.697988997126167, 21.302009604014888, 0.0 ], [ 39.697976273934415, 21.302010832488794, 0.0 ], [ 39.697963543076447, 21.302011989058347, 0.0 ], [ 39.697950805015203, 21.302013073681479, 0.0 ], [ 39.697938060213914, 21.302014086318767, 0.0 ], [ 39.697925309136053, 21.302015026933372, 0.0 ], [ 39.697912552245299, 21.302015895491099, 0.0 ], [ 39.697899790005565, 21.302016691960354, 0.0 ], [ 39.697887022880948, 21.302017416312193, 0.0 ], [ 39.697874251335726, 21.302018068520226, 0.0 ], [ 39.69786147583433, 21.302018648560786, 0.0 ], [ 39.697848696841334, 21.302019156412751, 0.0 ], [ 39.697835914821475, 21.302019592057668, 0.0 ], [ 39.697823130239549, 21.302019955479675, 0.0 ], [ 39.697810343560469, 21.302020246665574, 0.0 ], [ 39.697797555249224, 21.30202046560477, 0.0 ], [ 39.697784765770855, 21.302020612289294, 0.0 ], [ 39.697771975590484, 21.302020686713824, 0.0 ], [ 39.69775918517319, 21.302020688875647, 0.0 ], [ 39.697746394984108, 21.302020618774659, 0.0 ], [ 39.697733605488359, 21.302020476413453, 0.0 ], [ 39.697720817151023, 21.302020261797182, 0.0 ], [ 39.697708030437155, 21.302019974933646, 0.0 ], [ 39.697695245811737, 21.302019615833295, 0.0 ], [ 39.697682463739703, 21.302019184509163, 0.0 ], [ 39.697669684685856, 21.302018680976953, 0.0 ], [ 39.697656909114912, 21.302018105254962, 0.0 ], [ 39.697644137491444, 21.302017457364133, 0.0 ], [ 39.697631370279893, 21.302016737328028, 0.0 ], [ 39.697618607944563, 21.30201594517283, 0.0 ], [ 39.697605850949529, 21.30201508092734, 0.0 ], [ 39.69759309975872, 21.302014144622976, 0.0 ], [ 39.697580354835821, 21.302013136293809, 0.0 ], [ 39.697567616644299, 21.302012055976491, 0.0 ], [ 39.697554885647385, 21.302010903710322, 0.0 ], [ 39.697542162308046, 21.302009679537182, 0.0 ], [ 39.697529447088954, 21.302008383501587, 0.0 ], [ 39.697516740452521, 21.302007015650702, 0.0 ], [ 39.697504042860785, 21.302005576034233, 0.0 ], [ 39.697491354775536, 21.302004064704548, 0.0 ], [ 39.697478676658136, 21.302002481716602, 0.0 ], [ 39.697466008969663, 21.302000827127952, 0.0 ], [ 39.697453352170747, 21.301999100998778, 0.0 ], [ 39.697440706721679, 21.301997303391836, 0.0 ], [ 39.697428073082293, 21.301995434372508, 0.0 ], [ 39.697415451711997, 21.301993494008752, 0.0 ], [ 39.697402843069803, 21.30199148237115, 0.0 ], [ 39.697390247614216, 21.301989399532811, 0.0 ], [ 39.697377665803238, 21.301987245569528, 0.0 ], [ 39.69736509809443, 21.301985020559592, 0.0 ], [ 39.697352544944813, 21.30198272458394, 0.0 ], [ 39.69734000681089, 21.301980357726038, 0.0 ], [ 39.697327484148602, 21.30197792007197, 0.0 ], [ 39.697314977413335, 21.301975411710387, 0.0 ], [ 39.697302487059893, 21.301972832732496, 0.0 ], [ 39.697290013542492, 21.301970183232079, 0.0 ], [ 39.697277557314713, 21.301967463305498, 0.0 ], [ 39.697265118829549, 21.301964673051661, 0.0 ], [ 39.697252698539337, 21.301961812572006, 0.0 ], [ 39.6972402968957, 21.301958881970574, 0.0 ], [ 39.697227914349639, 21.301955881353955, 0.0 ], [ 39.697215551351441, 21.301952810831246, 0.0 ], [ 39.6972032083507, 21.301949670514102, 0.0 ], [ 39.69719088579626, 21.301946460516699, 0.0 ], [ 39.697178584136246, 21.301943180955831, 0.0 ], [ 39.697166303817966, 21.301939831950698, 0.0 ], [ 39.69715600003709, 21.301936963766774, 0.0 ], [ 39.697123278178367, 21.301927500186437, 0.0 ], [ 39.697109452166309, 21.301996889757085, 0.0 ], [ 39.697071029169379, 21.302189725605182, 0.0 ], [ 39.697284833014066, 21.302422787720069, 0.0 ], [ 39.697751232402979, 21.302931194159306, 0.0 ], [ 39.700791614622609, 21.301146323216841, 0.0 ], [ 39.70069571245228, 21.300983136676976, 0.0 ], [ 39.700491645001499, 21.300635895315484, 0.0 ] ] ] ] } },
{ "type": "Feature", "properties": { "ID": "481", "BLOCK NAME": "B.1.34.7", "FILL-TOTAL": null, "CUT-TOTAL": null, "FILL-DONE": null, "CUT-DONE": null, "FILL-REMAN": null, "CUT-REMAN": null, "EQUPIMENTS": null, "CONTRACTOR": null, "STATUS": null }, "geometry": { "type": "MultiPolygon", "coordinates": [ [ [ [ 39.700491645001499, 21.300635895315484, 0.0 ], [ 39.700791614622517, 21.301146323216706, 0.0 ], [ 39.701032368956831, 21.301017648151376, 0.0 ], [ 39.701168512096181, 21.300891708615733, 0.0 ], [ 39.701216148028003, 21.300454667736588, 0.0 ], [ 39.700287082121697, 21.298566256500187, 0.0 ], [ 39.699864094624196, 21.298737952506816, 0.0 ], [ 39.700489743603129, 21.300095966138841, 0.0 ], [ 39.700492687239823, 21.300102446607912, 0.0 ], [ 39.700495559753932, 21.300108955039391, 0.0 ], [ 39.700498360843113, 21.300115490748173, 0.0 ], [ 39.700501090212462, 21.300122053046294, 0.0 ], [ 39.700503747574722, 21.300128641242985, 0.0 ], [ 39.700506332650129, 21.30013525464479, 0.0 ], [ 39.700508845166574, 21.300141892555555, 0.0 ], [ 39.700511284859573, 21.300148554276554, 0.0 ], [ 39.700513651472306, 21.300155239106559, 0.0 ], [ 39.700515944755672, 21.30016194634193, 0.0 ], [ 39.700518164468235, 21.30016867527663, 0.0 ], [ 39.700520310376341, 21.300175425202376, 0.0 ], [ 39.700522382254114, 21.300182195408649, 0.0 ], [ 39.700524379883433, 21.300188985182796, 0.0 ], [ 39.700526303054026, 21.300195793810119, 0.0 ], [ 39.700528151563439, 21.300202620573916, 0.0 ], [ 39.70052992521709, 21.300209464755607, 0.0 ], [ 39.700531623828276, 21.300216325634754, 0.0 ], [ 39.700533247218168, 21.300223202489175, 0.0 ], [ 39.70053479521588, 21.300230094594969, 0.0 ], [ 39.700536267658471, 21.300237001226662, 0.0 ], [ 39.700537664390922, 21.30024392165728, 0.0 ], [ 39.700538985266213, 21.300250855158346, 0.0 ], [ 39.700540230145279, 21.300257801000011, 0.0 ], [ 39.70054139889708, 21.30026475845116, 0.0 ], [ 39.700542491398586, 21.300271726779421, 0.0 ], [ 39.700543507534768, 21.300278705251312, 0.0 ], [ 39.700544447198673, 21.300285693132235, 0.0 ], [ 39.700545310291368, 21.300292689686664, 0.0 ], [ 39.700546096722015, 21.300299694178101, 0.0 ], [ 39.700546806407772, 21.300306705869243, 0.0 ], [ 39.700547439273969, 21.300313724022025, 0.0 ], [ 39.70054799525397, 21.300320747897711, 0.0 ], [ 39.700548474289228, 21.300327776756923, 0.0 ], [ 39.700548876329307, 21.300334809859816, 0.0 ], [ 39.700549201331903, 21.300341846466061, 0.0 ], [ 39.700549449262766, 21.300348885834946, 0.0 ], [ 39.700549620095778, 21.300355927225535, 0.0 ], [ 39.700549713812975, 21.300362969896597, 0.0 ], [ 39.700549730404482, 21.300370013106811, 0.0 ], [ 39.700549669868508, 21.300377056114808, 0.0 ], [ 39.700549532211461, 21.300384098179212, 0.0 ], [ 39.700549317447781, 21.300391138558741, 0.0 ], [ 39.700549025600075, 21.300398176512338, 0.0 ], [ 39.700548656699048, 21.300405211299168, 0.0 ], [ 39.700548210783545, 21.300412242178698, 0.0 ], [ 39.700547687900468, 21.300419268410881, 0.0 ], [ 39.700547088104841, 21.300426289256094, 0.0 ], [ 39.700546411459818, 21.300433303975311, 0.0 ], [ 39.700545658036589, 21.30044031183014, 0.0 ], [ 39.700544827914449, 21.300447312082937, 0.0 ], [ 39.700543921180788, 21.300454303996801, 0.0 ], [ 39.700542937931026, 21.30046128683578, 0.0 ], [ 39.700541878268666, 21.300468259864829, 0.0 ], [ 39.700540742305201, 21.300475222349938, 0.0 ], [ 39.700539530160242, 21.300482173558226, 0.0 ], [ 39.700538241961347, 21.300489112757997, 0.0 ], [ 39.700536877844101, 21.300496039218817, 0.0 ], [ 39.700535437952119, 21.30050295221157, 0.0 ], [ 39.700533922436897, 21.300509851008588, 0.0 ], [ 39.700532331458014, 21.300516734883669, 0.0 ], [ 39.700530665182882, 21.300523603112225, 0.0 ], [ 39.700528923786912, 21.300530454971266, 0.0 ], [ 39.700527107453389, 21.300537289739534, 0.0 ], [ 39.700525216373499, 21.300544106697629, 0.0 ], [ 39.700523250746301, 21.300550905127942, 0.0 ], [ 39.700521210778668, 21.30055768431486, 0.0 ], [ 39.700519096685348, 21.300564443544783, 0.0 ], [ 39.70051690868884, 21.300571182106214, 0.0 ], [ 39.700514647019475, 21.300577899289856, 0.0 ], [ 39.70051231191529, 21.30058459438861, 0.0 ], [ 39.700509903622091, 21.300591266697744, 0.0 ], [ 39.700507422393372, 21.300597915514899, 0.0 ], [ 39.700504868490299, 21.300604540140235, 0.0 ], [ 39.700502242181685, 21.300611139876381, 0.0 ], [ 39.70049954374398, 21.300617714028654, 0.0 ], [ 39.700497579471651, 21.300622376925606, 0.0 ], [ 39.700491645001499, 21.300635895315484, 0.0 ] ] ] ] } },
{ "type": "Feature", "properties": { "ID": "490", "BLOCK NAME": "B.1.32.3+B.1.34.8+9", "FILL-TOTAL": null, "CUT-TOTAL": null, "FILL-DONE": null, "CUT-DONE": null, "FILL-REMAN": null, "CUT-REMAN": null, "EQUPIMENTS": null, "CONTRACTOR": null, "STATUS": null }, "geometry": { "type": "MultiPolygon", "coordinates": [ [ [ [ 39.698578749786478, 21.294108955361502, 0.0 ], [ 39.698573394956519, 21.294121113330814, 0.0 ], [ 39.698568111498766, 21.294133298674698, 0.0 ], [ 39.698562899572714, 21.294145511025292, 0.0 ], [ 39.698557759335735, 21.29415775001392, 0.0 ], [ 39.698552690943011, 21.294170015271131, 0.0 ], [ 39.698547694547557, 21.294182306426645, 0.0 ], [ 39.698542770300257, 21.294194623109419, 0.0 ], [ 39.698537918349764, 21.29420696494762, 0.0 ], [ 39.698533138842556, 21.294219331568698, 0.0 ], [ 39.698528431922945, 21.294231722599307, 0.0 ], [ 39.698523797733039, 21.294244137665377, 0.0 ], [ 39.698519236412757, 21.294256576392147, 0.0 ], [ 39.698514748099825, 21.294269038404106, 0.0 ], [ 39.698510332929743, 21.294281523325033, 0.0 ], [ 39.69850599103583, 21.294294030778016, 0.0 ], [ 39.698501722549153, 21.294306560385543, 0.0 ], [ 39.698497527598612, 21.294319111769287, 0.0 ], [ 39.698493406310853, 21.294331684550414, 0.0 ], [ 39.69848935881032, 21.294344278349328, 0.0 ], [ 39.698485385219215, 21.294356892785856, 0.0 ], [ 39.698481485657489, 21.294369527479198, 0.0 ], [ 39.698477660242929, 21.294382182047929, 0.0 ], [ 39.698473909091014, 21.29439485611001, 0.0 ], [ 39.698470232314982, 21.294407549282855, 0.0 ], [ 39.698466630025884, 21.294420261183287, 0.0 ], [ 39.698463102332447, 21.294432991427552, 0.0 ], [ 39.698459649341238, 21.294445739631314, 0.0 ], [ 39.698456271156473, 21.294458505409768, 0.0 ], [ 39.698452967880151, 21.294471288377505, 0.0 ], [ 39.698449739612045, 21.294484088148661, 0.0 ], [ 39.698446586449599, 21.2944969043368, 0.0 ], [ 39.698443508488054, 21.294509736555039, 0.0 ], [ 39.698440505820329, 21.294522584415979, 0.0 ], [ 39.698437578537082, 21.294535447531768, 0.0 ], [ 39.698434726726717, 21.294548325514125, 0.0 ], [ 39.698431950475346, 21.294561217974238, 0.0 ], [ 39.698429249866784, 21.294574124522942, 0.0 ], [ 39.698426624982595, 21.294587044770569, 0.0 ], [ 39.698424075901997, 21.294599978327099, 0.0 ], [ 39.698421602702041, 21.294612924802099, 0.0 ], [ 39.698419205457348, 21.294625883804709, 0.0 ], [ 39.698416884240331, 21.294638854943742, 0.0 ], [ 39.698414639121069, 21.294651837827622, 0.0 ], [ 39.698412470167376, 21.294664832064377, 0.0 ], [ 39.698410377444745, 21.294677837261776, 0.0 ], [ 39.698408361016369, 21.294690853027202, 0.0 ], [ 39.698406420943122, 21.294703878967699, 0.0 ], [ 39.698404557283631, 21.294716914690088, 0.0 ], [ 39.698402770094134, 21.294729959800772, 0.0 ], [ 39.698401059428647, 21.29474301390599, 0.0 ], [ 39.698399425338799, 21.294756076611655, 0.0 ], [ 39.698397867873986, 21.294769147523397, 0.0 ], [ 39.698396387081203, 21.294782226246642, 0.0 ], [ 39.698394983005166, 21.294795312386579, 0.0 ], [ 39.698393655688299, 21.294808405548114, 0.0 ], [ 39.698392405170715, 21.29482150533601, 0.0 ], [ 39.698391231490149, 21.294834611354798, 0.0 ], [ 39.698390134682093, 21.294847723208843, 0.0 ], [ 39.698389114779644, 21.294860840502285, 0.0 ], [ 39.698388171813626, 21.294873962839176, 0.0 ], [ 39.69838730581251, 21.294887089823312, 0.0 ], [ 39.698386516802493, 21.294900221058473, 0.0 ], [ 39.69838580480738, 21.2949133561482, 0.0 ], [ 39.69838516984872, 21.294926494695979, 0.0 ], [ 39.698384611945663, 21.294939636305163, 0.0 ], [ 39.698384131115112, 21.294952780579052, 0.0 ], [ 39.698383727371571, 21.294965927120817, 0.0 ], [ 39.698383400727252, 21.294979075533579, 0.0 ], [ 39.698383151192061, 21.294992225420408, 0.0 ], [ 39.698382978773523, 21.295005376384346, 0.0 ], [ 39.698382883476889, 21.295018528028365, 0.0 ], [ 39.698382865305049, 21.295031679955429, 0.0 ], [ 39.69838292425856, 21.295044831768514, 0.0 ], [ 39.698383060335686, 21.295057983070574, 0.0 ], [ 39.698383273532301, 21.295071133464607, 0.0 ], [ 39.698383563842043, 21.295084282553603, 0.0 ], [ 39.698383931256096, 21.295097429940586, 0.0 ], [ 39.698384375763474, 21.295110575228712, 0.0 ], [ 39.698384897350721, 21.295123718021081, 0.0 ], [ 39.698385496002125, 21.295136857920973, 0.0 ], [ 39.698386171699646, 21.295149994531684, 0.0 ], [ 39.698386924422863, 21.295163127456643, 0.0 ], [ 39.698387754149138, 21.295176256299388, 0.0 ], [ 39.698388660853396, 21.295189380663576, 0.0 ], [ 39.698389644508303, 21.295202500152993, 0.0 ], [ 39.698390705084201, 21.295215614371585, 0.0 ], [ 39.69839184254905, 21.295228722923447, 0.0 ], [ 39.698393056868554, 21.295241825412845, 0.0 ], [ 39.69839434800609, 21.295254921444222, 0.0 ], [ 39.698395715922672, 21.295268010622245, 0.0 ], [ 39.698397160577038, 21.295281092551754, 0.0 ], [ 39.698398681925596, 21.29529416683782, 0.0 ], [ 39.698400279922446, 21.295307233085762, 0.0 ], [ 39.698401954519369, 21.295320290901088, 0.0 ], [ 39.698403705665811, 21.295333339889652, 0.0 ], [ 39.698405533308929, 21.295346379657474, 0.0 ], [ 39.698407437393591, 21.29535940981091, 0.0 ], [ 39.698409417862301, 21.295372429956618, 0.0 ], [ 39.69841147465533, 21.295385439701491, 0.0 ], [ 39.698413607710599, 21.295398438652832, 0.0 ], [ 39.698415816963696, 21.295411426418166, 0.0 ], [ 39.698418102347986, 21.295424402605438, 0.0 ], [ 39.698420463794477, 21.295437366822906, 0.0 ], [ 39.698422901231908, 21.29545031867918, 0.0 ], [ 39.698425414586708, 21.295463257783283, 0.0 ], [ 39.698428003783022, 21.295476183744565, 0.0 ], [ 39.698430668742716, 21.295489096172847, 0.0 ], [ 39.698433409385345, 21.295501994678286, 0.0 ], [ 39.698436225628178, 21.295514878871494, 0.0 ], [ 39.698439117386265, 21.295527748363501, 0.0 ], [ 39.698442084572271, 21.295540602765804, 0.0 ], [ 39.698445127096662, 21.295553441690359, 0.0 ], [ 39.69844824486762, 21.295566264749539, 0.0 ], [ 39.698451437791022, 21.295579071556247, 0.0 ], [ 39.698454705770516, 21.295591861723846, 0.0 ], [ 39.698458048707444, 21.29560463486623, 0.0 ], [ 39.698461466500909, 21.295617390597776, 0.0 ], [ 39.698464959047755, 21.295630128533411, 0.0 ], [ 39.698468526242571, 21.295642848288598, 0.0 ], [ 39.698472167977663, 21.29565554947931, 0.0 ], [ 39.698475884143136, 21.295668231722139, 0.0 ], [ 39.69847967462681, 21.295680894634206, 0.0 ], [ 39.698483539314289, 21.295693537833227, 0.0 ], [ 39.698487478088886, 21.295706160937524, 0.0 ], [ 39.698491490831749, 21.295718763566033, 0.0 ], [ 39.698495577421717, 21.295731345338247, 0.0 ], [ 39.698499737735482, 21.295743905874378, 0.0 ], [ 39.698503971647433, 21.295756444795213, 0.0 ], [ 39.698508279029774, 21.295768961722207, 0.0 ], [ 39.698512659752502, 21.295781456277506, 0.0 ], [ 39.698517113683387, 21.295793928083903, 0.0 ], [ 39.698521640687964, 21.295806376764883, 0.0 ], [ 39.698526240629612, 21.295818801944616, 0.0 ], [ 39.69853091336946, 21.295831203248028, 0.0 ], [ 39.698535658766467, 21.295843580300716, 0.0 ], [ 39.698540476677408, 21.295855932729019, 0.0 ], [ 39.698545366956814, 21.295868260160052, 0.0 ], [ 39.698550329457113, 21.29588056222164, 0.0 ], [ 39.698555364028479, 21.295892838542411, 0.0 ], [ 39.698560470518956, 21.295905088751727, 0.0 ], [ 39.698565648774384, 21.295917312479776, 0.0 ], [ 39.698570898638479, 21.295929509357549, 0.0 ], [ 39.698576219952734, 21.295941679016821, 0.0 ], [ 39.698581612556552, 21.295953821090194, 0.0 ], [ 39.698587076287154, 21.295965935211107, 0.0 ], [ 39.698592017364653, 21.295976733500027, 0.0 ], [ 39.699805480344899, 21.298610724753491, 0.0 ], [ 39.699864094624196, 21.298737952506816, 0.0 ], [ 39.700287082121697, 21.298566256500187, 0.0 ], [ 39.700225946950447, 21.298438343739328, 0.0 ], [ 39.700167704146573, 21.298316482422674, 0.0 ], [ 39.70007961006602, 21.298132162888798, 0.0 ], [ 39.70002964322736, 21.297999616094504, 0.0 ], [ 39.699943557603504, 21.29784749882629, 0.0 ], [ 39.699868838141626, 21.297691161933574, 0.0 ], [ 39.699794117248338, 21.297534821661973, 0.0 ], [ 39.699719384114509, 21.29737845539513, 0.0 ], [ 39.699629118339324, 21.297208453976019, 0.0 ], [ 39.699574407536375, 21.297059898779171, 0.0 ], [ 39.699507020781546, 21.296899510831285, 0.0 ], [ 39.699420527209639, 21.29675314473252, 0.0 ], [ 39.699321506054503, 21.296545957319541, 0.0 ], [ 39.699245369556216, 21.296383255326212, 0.0 ], [ 39.699165372541835, 21.2962192692077, 0.0 ], [ 39.699138972070287, 21.296157338634337, 0.0 ], [ 39.699070259994095, 21.296020258333058, 0.0 ], [ 39.69899937416919, 21.2958733266181, 0.0 ], [ 39.698938377066384, 21.29572960726394, 0.0 ], [ 39.698882840117683, 21.295566074450672, 0.0 ], [ 39.698838565593249, 21.295390566932721, 0.0 ], [ 39.698817312951086, 21.295272716082607, 0.0 ], [ 39.698808990563307, 21.295212347961932, 0.0 ], [ 39.698802882183557, 21.295157169569617, 0.0 ], [ 39.698798332735478, 21.295103902258891, 0.0 ], [ 39.698794246903191, 21.295031211657339, 0.0 ], [ 39.698794653392369, 21.294850426733252, 0.0 ], [ 39.698810210292656, 21.29466935555994, 0.0 ], [ 39.698840910105964, 21.294489729857187, 0.0 ], [ 39.698886851920349, 21.294311924075387, 0.0 ], [ 39.698894730855706, 21.29428651114117, 0.0 ], [ 39.698912300398874, 21.294233373472085, 0.0 ], [ 39.698578749786478, 21.294108955361502, 0.0 ] ] ] ] } },
{ "type": "Feature", "properties": { "ID": "252", "BLOCK NAME": "B.1.31.1+7", "FILL-TOTAL": null, "CUT-TOTAL": null, "FILL-DONE": null, "CUT-DONE": null, "FILL-REMAN": null, "CUT-REMAN": null, "EQUPIMENTS": null, "CONTRACTOR": null, "STATUS": null }, "geometry": { "type": "MultiPolygon", "coordinates": [ [ [ [ 39.698692140421834, 21.293876618395089, 0.0 ], [ 39.698578749791253, 21.294108955363352, 0.0 ], [ 39.698912300398874, 21.294233373472085, 0.0 ], [ 39.699005891356748, 21.294012585651611, 0.0 ], [ 39.699014270469647, 21.293995564211237, 0.0 ], [ 39.699035569611404, 21.293948064342647, 0.0 ], [ 39.699052045433277, 21.293910115293787, 0.0 ], [ 39.699129873887351, 21.293751293018438, 0.0 ], [ 39.699214767169117, 21.293589759781579, 0.0 ], [ 39.699244816655018, 21.293412249488476, 0.0 ], [ 39.699326338695123, 21.293250598477997, 0.0 ], [ 39.699408499700006, 21.293085503147591, 0.0 ], [ 39.699490340936151, 21.292922125400914, 0.0 ], [ 39.699572172398405, 21.292758756688514, 0.0 ], [ 39.699653984618756, 21.292595433182733, 0.0 ], [ 39.699735853988066, 21.292432000995589, 0.0 ], [ 39.699817694518124, 21.292268623089264, 0.0 ], [ 39.699899525274326, 21.292105254217223, 0.0 ], [ 39.699981270038975, 21.291942084398382, 0.0 ], [ 39.700070731477581, 21.291781853124437, 0.0 ], [ 39.700086463496689, 21.291737126766339, 0.0 ], [ 39.70014041356351, 21.29165866054695, 0.0 ], [ 39.700220630044079, 21.291553090891473, 0.0 ], [ 39.700283683814334, 21.291481342010737, 0.0 ], [ 39.700352458978458, 21.291408538706868, 0.0 ], [ 39.700386250623886, 21.291376552178509, 0.0 ], [ 39.700419306309506, 21.291343882315147, 0.0 ], [ 39.700459392295372, 21.291307668357287, 0.0 ], [ 39.700494724043892, 21.291277210762171, 0.0 ], [ 39.700530753334171, 21.291247472784836, 0.0 ], [ 39.700576557155038, 21.291211478046215, 0.0 ], [ 39.700606489717011, 21.291189001672642, 0.0 ], [ 39.7006502904756, 21.291157504893302, 0.0 ], [ 39.700689495587945, 21.29113065275137, 0.0 ], [ 39.700728821764301, 21.291104929189682, 0.0 ], [ 39.70077366900486, 21.291087450228591, 0.0 ], [ 39.700810770786873, 21.291074523323925, 0.0 ], [ 39.700662672923372, 21.290821689265908, 0.0 ], [ 39.700651671141301, 21.290827252744108, 0.0 ], [ 39.700640706190541, 21.290832879706215, 0.0 ], [ 39.700629778488391, 21.29083856993811, 0.0 ], [ 39.700618888450762, 21.290844323223187, 0.0 ], [ 39.700608036492099, 21.290850139342492, 0.0 ], [ 39.700597223025447, 21.290856018074699, 0.0 ], [ 39.700586448462317, 21.290861959196032, 0.0 ], [ 39.700575713212821, 21.290867962480416, 0.0 ], [ 39.700565017685513, 21.290874027699356, 0.0 ], [ 39.700554362287441, 21.290880154622009, 0.0 ], [ 39.700543747424184, 21.290886343015231, 0.0 ], [ 39.700533173499679, 21.290892592643466, 0.0 ], [ 39.700522640916397, 21.290898903268836, 0.0 ], [ 39.700512150075205, 21.290905274651241, 0.0 ], [ 39.700501701375337, 21.290911706548144, 0.0 ], [ 39.700491295214491, 21.290918198714763, 0.0 ], [ 39.700480931988722, 21.290924750904022, 0.0 ], [ 39.700470612092431, 21.290931362866555, 0.0 ], [ 39.7004603359184, 21.29093803435072, 0.0 ], [ 39.700450103857733, 21.290944765102576, 0.0 ], [ 39.700439916299828, 21.29095155486602, 0.0 ], [ 39.700429773632443, 21.290958403382604, 0.0 ], [ 39.700419676241587, 21.290965310391677, 0.0 ], [ 39.700409624511586, 21.290972275630381, 0.0 ], [ 39.700399618824981, 21.290979298833626, 0.0 ], [ 39.700389659562568, 21.290986379734136, 0.0 ], [ 39.700379747103433, 21.29099351806239, 0.0 ], [ 39.700369881824798, 21.29100071354673, 0.0 ], [ 39.700360064102149, 21.291007965913298, 0.0 ], [ 39.700350294309153, 21.291015274886082, 0.0 ], [ 39.700340572817616, 21.291022640186895, 0.0 ], [ 39.700330899997539, 21.291030061535466, 0.0 ], [ 39.700321276217096, 21.291037538649309, 0.0 ], [ 39.70031170184253, 21.291045071243875, 0.0 ], [ 39.700302177238271, 21.291052659032456, 0.0 ], [ 39.700292702766774, 21.291060301726308, 0.0 ], [ 39.700283278788675, 21.291067999034532, 0.0 ], [ 39.700273905662634, 21.291075750664174, 0.0 ], [ 39.700264583745387, 21.291083556320249, 0.0 ], [ 39.700255313391722, 21.291091415705644, 0.0 ], [ 39.70024609495448, 21.291099328521263, 0.0 ], [ 39.700236928784499, 21.291107294465945, 0.0 ], [ 39.70022781523064, 21.291115313236528, 0.0 ], [ 39.700218754639756, 21.291123384527818, 0.0 ], [ 39.700209747356709, 21.291131508032631, 0.0 ], [ 39.700200793724321, 21.291139683441784, 0.0 ], [ 39.700191894083339, 21.29114791044416, 0.0 ], [ 39.700183048772509, 21.291156188726625, 0.0 ], [ 39.700174258128477, 21.291164517974114, 0.0 ], [ 39.700165522485783, 21.291172897869657, 0.0 ], [ 39.700156842176945, 21.291181328094282, 0.0 ], [ 39.700148217532316, 21.291189808327168, 0.0 ], [ 39.700139648880175, 21.291198338245579, 0.0 ], [ 39.700131136546609, 21.291206917524839, 0.0 ], [ 39.700122680855621, 21.291215545838465, 0.0 ], [ 39.700114282129014, 21.291224222858052, 0.0 ], [ 39.700105940686484, 21.29123294825337, 0.0 ], [ 39.700097656845472, 21.291241721692341, 0.0 ], [ 39.70008943092126, 21.291250542841055, 0.0 ], [ 39.700081263226977, 21.291259411363786, 0.0 ], [ 39.700073154073429, 21.291268326923017, 0.0 ], [ 39.700065103769283, 21.291277289179416, 0.0 ], [ 39.700057112620932, 21.291286297791913, 0.0 ], [ 39.700049180932524, 21.291295352417624, 0.0 ], [ 39.70004130900594, 21.291304452711938, 0.0 ], [ 39.700033497140787, 21.291313598328522, 0.0 ], [ 39.700025745634377, 21.29132278891931, 0.0 ], [ 39.700018054781758, 21.291332024134491, 0.0 ], [ 39.700010424875643, 21.29134130362262, 0.0 ], [ 39.700002856206417, 21.291350627030504, 0.0 ], [ 39.699995349062149, 21.29135999400328, 0.0 ], [ 39.699987903728591, 21.291369404184493, 0.0 ], [ 39.699980520489092, 21.291378857215975, 0.0 ], [ 39.699973199624672, 21.291388352737979, 0.0 ], [ 39.699965941413964, 21.291397890389071, 0.0 ], [ 39.699958746133213, 21.291407469806295, 0.0 ], [ 39.699951614056303, 21.291417090625053, 0.0 ], [ 39.699944545454663, 21.2914267524792, 0.0 ], [ 39.69993754059734, 21.291436455000991, 0.0 ], [ 39.69993059975095, 21.291446197821152, 0.0 ], [ 39.699923723179658, 21.291455980568912, 0.0 ], [ 39.699916911145181, 21.291465802871933, 0.0 ], [ 39.699910163906829, 21.291475664356387, 0.0 ], [ 39.699903481721392, 21.291485564646958, 0.0 ], [ 39.699896864843183, 21.291495503366843, 0.0 ], [ 39.699890313524072, 21.291505480137776, 0.0 ], [ 39.699883828013384, 21.291515494580068, 0.0 ], [ 39.69987740855801, 21.29152554631256, 0.0 ], [ 39.699871055402227, 21.291535634952702, 0.0 ], [ 39.69986476878789, 21.291545760116527, 0.0 ], [ 39.699858548954253, 21.291555921418684, 0.0 ], [ 39.699852396138056, 21.291566118472428, 0.0 ], [ 39.699846310573491, 21.291576350889681, 0.0 ], [ 39.699840292492183, 21.291586618281009, 0.0 ], [ 39.699834342123175, 21.291596920255625, 0.0 ], [ 39.699828459692981, 21.291607256421461, 0.0 ], [ 39.699822645425456, 21.291617626385122, 0.0 ], [ 39.699816899541922, 21.291628029751937, 0.0 ], [ 39.699811222261054, 21.291638466125953, 0.0 ], [ 39.699805613799001, 21.291648935109986, 0.0 ], [ 39.699800074369172, 21.291659436305586, 0.0 ], [ 39.699794604182422, 21.291669969313091, 0.0 ], [ 39.699789203446961, 21.291680533731615, 0.0 ], [ 39.699783872368357, 21.291691129159073, 0.0 ], [ 39.699778611149519, 21.291701755192225, 0.0 ], [ 39.69977341999072, 21.291712411426669, 0.0 ], [ 39.699772564215117, 21.291714184993815, 0.0 ], [ 39.69977055382833, 21.291718293996642, 0.0 ], [ 39.699768613802433, 21.291722432579512, 0.0 ], [ 39.699766744633258, 21.29172659968469, 0.0 ], [ 39.699764946798553, 21.291730794247137, 0.0 ], [ 39.699763220757838, 21.291735015194718, 0.0 ], [ 39.699761566952255, 21.291739261448665, 0.0 ], [ 39.699759985804505, 21.291743531923675, 0.0 ], [ 39.699758477718731, 21.29174782552829, 0.0 ], [ 39.699757043080361, 21.291752141165098, 0.0 ], [ 39.699755682256097, 21.291756477731109, 0.0 ], [ 39.699754395593729, 21.291760834117923, 0.0 ], [ 39.699753183422139, 21.291765209212123, 0.0 ], [ 39.699752046051145, 21.291769601895481, 0.0 ], [ 39.699750983771459, 21.291774011045298, 0.0 ], [ 39.699749996854571, 21.291778435534663, 0.0 ], [ 39.699749085552725, 21.291782874232727, 0.0 ], [ 39.699748250098899, 21.291787326004993, 0.0 ], [ 39.699747490706564, 21.29179178971367, 0.0 ], [ 39.699746807569852, 21.291796264217915, 0.0 ], [ 39.699746200863359, 21.291800748374058, 0.0 ], [ 39.699745670742168, 21.291805241036034, 0.0 ], [ 39.699745217341771, 21.291809741055566, 0.0 ], [ 39.699744840778067, 21.291814247282531, 0.0 ], [ 39.699744541147297, 21.291818758565164, 0.0 ], [ 39.699744318526051, 21.29182327375046, 0.0 ], [ 39.699744172971229, 21.291827791684408, 0.0 ], [ 39.699744104520072, 21.291832311212254, 0.0 ], [ 39.699744113190064, 21.291836831178873, 0.0 ], [ 39.699744198978976, 21.291841350429035, 0.0 ], [ 39.699744361864916, 21.291845867807666, 0.0 ], [ 39.699744601806238, 21.291850382160185, 0.0 ], [ 39.699744918741629, 21.291854892332797, 0.0 ], [ 39.699745312590103, 21.291859397172729, 0.0 ], [ 39.699745783250997, 21.291863895528621, 0.0 ], [ 39.699746330604029, 21.291868386250751, 0.0 ], [ 39.699746954509301, 21.291872868191341, 0.0 ], [ 39.699747654807361, 21.291877340204881, 0.0 ], [ 39.699748431319222, 21.291881801148353, 0.0 ], [ 39.699749283846437, 21.291886249881625, 0.0 ], [ 39.699750212171111, 21.291890685267642, 0.0 ], [ 39.699751216055986, 21.291895106172777, 0.0 ], [ 39.699751265509207, 21.291895315335363, 0.0 ], [ 39.699752223373267, 21.291899526134941, 0.0 ], [ 39.699753105676777, 21.291903751412605, 0.0 ], [ 39.699753912171175, 21.291907989978167, 0.0 ], [ 39.699754642629301, 21.2919122406377, 0.0 ], [ 39.699755296845389, 21.291916502193853, 0.0 ], [ 39.699755874635144, 21.291920773446208, 0.0 ], [ 39.69975637583579, 21.291925053191598, 0.0 ], [ 39.699756800306147, 21.29192934022451, 0.0 ], [ 39.699757147926675, 21.29193363333734, 0.0 ], [ 39.699757418599397, 21.291937931320778, 0.0 ], [ 39.699757612248092, 21.29194223296415, 0.0 ], [ 39.699757728818192, 21.291946537055757, 0.0 ], [ 39.699757768276875, 21.291950842383187, 0.0 ], [ 39.699757730612987, 21.291955147733695, 0.0 ], [ 39.699757615837157, 21.291959451894545, 0.0 ], [ 39.699757423981694, 21.291963753653306, 0.0 ], [ 39.699757155100656, 21.291968051798221, 0.0 ], [ 39.699756809269751, 21.29197234511858, 0.0 ], [ 39.699756386586401, 21.291976632405031, 0.0 ], [ 39.699755887169651, 21.291980912449883, 0.0 ], [ 39.699755311160189, 21.291985184047537, 0.0 ], [ 39.699754658720245, 21.291989445994719, 0.0 ], [ 39.699753930033602, 21.29199369709093, 0.0 ], [ 39.69975312530552, 21.291997936138671, 0.0 ], [ 39.699752244762678, 21.292002161943884, 0.0 ], [ 39.699751288653097, 21.292006373316212, 0.0 ], [ 39.69975025724608, 21.292010569069372, 0.0 ], [ 39.699749150832147, 21.292014748021472, 0.0 ], [ 39.699747969722999, 21.292018908995406, 0.0 ], [ 39.699746714251283, 21.292023050819029, 0.0 ], [ 39.699745384770665, 21.292027172325692, 0.0 ], [ 39.699743981655637, 21.292031272354397, 0.0 ], [ 39.699742505301401, 21.292035349750236, 0.0 ], [ 39.699740956123868, 21.29203940336469, 0.0 ], [ 39.699739334559368, 21.29204343205588, 0.0 ], [ 39.699737641064672, 21.292047434688985, 0.0 ], [ 39.699735876116833, 21.292051410136541, 0.0 ], [ 39.699734040212988, 21.292055357278691, 0.0 ], [ 39.699732133870285, 21.292059275003634, 0.0 ], [ 39.699730157625694, 21.292063162207739, 0.0 ], [ 39.69972811203592, 21.292067017796072, 0.0 ], [ 39.699725997677135, 21.292070840682566, 0.0 ], [ 39.699723815144949, 21.292074629790363, 0.0 ], [ 39.699721565054119, 21.292078384052115, 0.0 ], [ 39.699719248038463, 21.292082102410323, 0.0 ], [ 39.69971686475067, 21.292085783817573, 0.0 ], [ 39.699714415862047, 21.292089427236835, 0.0 ], [ 39.69971190206244, 21.292093031641844, 0.0 ], [ 39.699709324059903, 21.292096596017281, 0.0 ], [ 39.69970668258064, 21.292100119359102, 0.0 ], [ 39.699703978368717, 21.292103600674839, 0.0 ], [ 39.699701212185857, 21.292107038983854, 0.0 ], [ 39.699698384811263, 21.292110433317621, 0.0 ], [ 39.699695497041368, 21.292113782719998, 0.0 ], [ 39.699692549689587, 21.292117086247515, 0.0 ], [ 39.699689543586167, 21.292120342969604, 0.0 ], [ 39.699686479577878, 21.292123551968906, 0.0 ], [ 39.699683358527786, 21.292126712341478, 0.0 ], [ 39.699680181315067, 21.292129823197097, 0.0 ], [ 39.699676948834686, 21.292132883659466, 0.0 ], [ 39.699673661997188, 21.292135892866494, 0.0 ], [ 39.699670321728405, 21.292138849970542, 0.0 ], [ 39.699666928969265, 21.292141754138637, 0.0 ], [ 39.699663484675469, 21.292144604552693, 0.0 ], [ 39.699659989817185, 21.292147400409814, 0.0 ], [ 39.699656445378899, 21.292150140922423, 0.0 ], [ 39.699652852359016, 21.292152825318556, 0.0 ], [ 39.699649211769632, 21.292155452842074, 0.0 ], [ 39.699645524636239, 21.292158022752826, 0.0 ], [ 39.699641791997486, 21.292160534326918, 0.0 ], [ 39.699638014904764, 21.292162986856848, 0.0 ], [ 39.69963419442206, 21.292165379651792, 0.0 ], [ 39.699630331625535, 21.292167712037717, 0.0 ], [ 39.699626427603278, 21.292169983357642, 0.0 ], [ 39.699622483454988, 21.292172192971769, 0.0 ], [ 39.69961850029172, 21.292174340257628, 0.0 ], [ 39.699614479235422, 21.29217642461041, 0.0 ], [ 39.699612304800176, 21.292177517673554, 0.0 ], [ 39.699607927599729, 21.292179735201426, 0.0 ], [ 39.699603587598517, 21.292182016024647, 0.0 ], [ 39.699599285839163, 21.292184359595304, 0.0 ], [ 39.699595023355116, 21.292186765350365, 0.0 ], [ 39.699590801170324, 21.292189232711905, 0.0 ], [ 39.699586620299179, 21.292191761087139, 0.0 ], [ 39.699582481746042, 21.292194349868701, 0.0 ], [ 39.699578386505138, 21.292196998434658, 0.0 ], [ 39.699574335560285, 21.292199706148722, 0.0 ], [ 39.699570329884686, 21.292202472360419, 0.0 ], [ 39.69956637044065, 21.292205296405193, 0.0 ], [ 39.699562458179372, 21.292208177604625, 0.0 ], [ 39.699558594040695, 21.292211115266543, 0.0 ], [ 39.699554778952958, 21.292214108685197, 0.0 ], [ 39.699551013832689, 21.292217157141486, 0.0 ], [ 39.699547299584374, 21.292220259903058, 0.0 ], [ 39.699543637100334, 21.292223416224509, 0.0 ], [ 39.699540027260419, 21.292226625347595, 0.0 ], [ 39.699536470931868, 21.292229886501357, 0.0 ], [ 39.69953296896901, 21.292233198902352, 0.0 ], [ 39.699529522213162, 21.292236561754812, 0.0 ], [ 39.699526131492362, 21.292239974250887, 0.0 ], [ 39.699522797621185, 21.292243435570736, 0.0 ], [ 39.699519521400539, 21.292246944882866, 0.0 ], [ 39.699516303617514, 21.29225050134421, 0.0 ], [ 39.699513145045131, 21.292254104100351, 0.0 ], [ 39.699510046442185, 21.292257752285803, 0.0 ], [ 39.699507008553091, 21.292261445024121, 0.0 ], [ 39.699504032107662, 21.292265181428196, 0.0 ], [ 39.699501117820944, 21.292268960600399, 0.0 ], [ 39.69949826639305, 21.292272781632839, 0.0 ], [ 39.699495478509021, 21.292276643607575, 0.0 ], [ 39.699492754838609, 21.292280545596821, 0.0 ], [ 39.699490096036122, 21.292284486663171, 0.0 ], [ 39.69948750274034, 21.292288465859841, 0.0 ], [ 39.699484975574229, 21.292292482230888, 0.0 ], [ 39.699482515144958, 21.292296534811427, 0.0 ], [ 39.699480122043553, 21.292300622627902, 0.0 ], [ 39.699477796844995, 21.29230474469826, 0.0 ], [ 39.699475540107834, 21.292308900032232, 0.0 ], [ 39.699473352374262, 21.292313087631548, 0.0 ], [ 39.699472027924621, 21.292315705589353, 0.0 ], [ 39.698692140421834, 21.293876618395089, 0.0 ] ] ] ] } },
{ "type": "Feature", "properties": { "ID": "401", "BLOCK NAME": "B.1.31.2+3", "FILL-TOTAL": null, "CUT-TOTAL": null, "FILL-DONE": null, "CUT-DONE": null, "FILL-REMAN": null, "CUT-REMAN": null, "EQUPIMENTS": null, "CONTRACTOR": null, "STATUS": null }, "geometry": { "type": "MultiPolygon", "coordinates": [ [ [ [ 39.701904565313399, 21.289298423816316, 0.0 ], [ 39.701918976883348, 21.289024669794937, 0.0 ], [ 39.701911516846913, 21.289024361803495, 0.0 ], [ 39.701904053804, 21.289024126019061, 0.0 ], [ 39.701896588550639, 21.289023962466779, 0.0 ], [ 39.701889121883134, 21.289023871164094, 0.0 ], [ 39.701881654597884, 21.289023852120749, 0.0 ], [ 39.701874187491406, 21.289023905338766, 0.0 ], [ 39.701866721360169, 21.289024030812481, 0.0 ], [ 39.701859257000521, 21.289024228528515, 0.0 ], [ 39.701851795208661, 21.289024498465768, 0.0 ], [ 39.701844336780511, 21.289024840595456, 0.0 ], [ 39.701836882511607, 21.289025254881057, 0.0 ], [ 39.701829433197062, 21.289025741278419, 0.0 ], [ 39.701821989631426, 21.289026299735646, 0.0 ], [ 39.701814552608703, 21.289026930193156, 0.0 ], [ 39.701807122922133, 21.28902763258375, 0.0 ], [ 39.701799701364209, 21.289028406832468, 0.0 ], [ 39.701792288726551, 21.289029252856722, 0.0 ], [ 39.70178488579981, 21.289030170566299, 0.0 ], [ 39.701777493373648, 21.289031159863274, 0.0 ], [ 39.701770112236531, 21.289032220642156, 0.0 ], [ 39.701762743175792, 21.289033352789794, 0.0 ], [ 39.701755386977446, 21.28903455618542, 0.0 ], [ 39.701748044426139, 21.289035830700673, 0.0 ], [ 39.701740716305046, 21.289037176199614, 0.0 ], [ 39.701733403395842, 21.289038592538738, 0.0 ], [ 39.701726106478546, 21.289040079566949, 0.0 ], [ 39.701718826331465, 21.289041637125649, 0.0 ], [ 39.701711563731166, 21.289043265048683, 0.0 ], [ 39.701704319452269, 21.289044963162429, 0.0 ], [ 39.701697094267516, 21.289046731285758, 0.0 ], [ 39.701689888947563, 21.289048569230069, 0.0 ], [ 39.701682704260968, 21.289050476799318, 0.0 ], [ 39.701675540974087, 21.289052453790024, 0.0 ], [ 39.701668399850995, 21.289054499991348, 0.0 ], [ 39.701661281653386, 21.289056615185, 0.0 ], [ 39.701654187140512, 21.289058799145373, 0.0 ], [ 39.701647117069129, 21.289061051639504, 0.0 ], [ 39.701640072193342, 21.289063372427169, 0.0 ], [ 39.701633053264608, 21.289065761260797, 0.0 ], [ 39.701626061031597, 21.289068217885564, 0.0 ], [ 39.701619096240137, 21.289070742039474, 0.0 ], [ 39.701612159633108, 21.28907333345327, 0.0 ], [ 39.701605251950426, 21.289075991850542, 0.0 ], [ 39.701598373928874, 21.289078716947731, 0.0 ], [ 39.701591526302124, 21.289081508454174, 0.0 ], [ 39.701584709800557, 21.289084366072089, 0.0 ], [ 39.701577925151255, 21.289087289496724, 0.0 ], [ 39.701571173077916, 21.289090278416193, 0.0 ], [ 39.701564454300737, 21.289093332511719, 0.0 ], [ 39.701557769536365, 21.289096451457539, 0.0 ], [ 39.701551119497857, 21.289099634920948, 0.0 ], [ 39.701544504894535, 21.289102882562414, 0.0 ], [ 39.701537926431932, 21.289106194035508, 0.0 ], [ 39.70153138481173, 21.289109568987008, 0.0 ], [ 39.701524880731725, 21.289113007056937, 0.0 ], [ 39.701518414885655, 21.289116507878603, 0.0 ], [ 39.701511987963215, 21.289120071078525, 0.0 ], [ 39.701505600649902, 21.289123696276697, 0.0 ], [ 39.701499253627048, 21.289127383086402, 0.0 ], [ 39.701492947571666, 21.289131131114406, 0.0 ], [ 39.701486683156361, 21.289134939960903, 0.0 ], [ 39.70148046104935, 21.289138809219654, 0.0 ], [ 39.701474281914329, 21.289142738477938, 0.0 ], [ 39.701468146410356, 21.289146727316631, 0.0 ], [ 39.701462055191925, 21.289150775310265, 0.0 ], [ 39.701456008908735, 21.28915488202707, 0.0 ], [ 39.70145000820569, 21.28915904702901, 0.0 ], [ 39.701444053722902, 21.2891632698718, 0.0 ], [ 39.701438146095498, 21.289167550105045, 0.0 ], [ 39.701432285953608, 21.289171887272158, 0.0 ], [ 39.701426473922311, 21.28917628091056, 0.0 ], [ 39.701420710621541, 21.289180730551553, 0.0 ], [ 39.70141499666606, 21.289185235720552, 0.0 ], [ 39.701409332665357, 21.289189795937009, 0.0 ], [ 39.701403719223556, 21.289194410714515, 0.0 ], [ 39.70139815693944, 21.289199079560809, 0.0 ], [ 39.701392646406319, 21.289203801977916, 0.0 ], [ 39.70138718821196, 21.289208577462105, 0.0 ], [ 39.701381782938583, 21.289213405504011, 0.0 ], [ 39.70137643116275, 21.289218285588646, 0.0 ], [ 39.701371133455282, 21.289223217195463, 0.0 ], [ 39.701365890381311, 21.289228199798451, 0.0 ], [ 39.701360702500047, 21.289233232866142, 0.0 ], [ 39.701355570364903, 21.28923831586166, 0.0 ], [ 39.701350494523282, 21.289243448242853, 0.0 ], [ 39.701345475516611, 21.289248629462271, 0.0 ], [ 39.70134051388024, 21.289253858967239, 0.0 ], [ 39.70133561014341, 21.289259136199984, 0.0 ], [ 39.701330764829194, 21.289264460597582, 0.0 ], [ 39.701325978454406, 21.289269831592108, 0.0 ], [ 39.70132125152962, 21.289275248610693, 0.0 ], [ 39.701316584559017, 21.289280711075499, 0.0 ], [ 39.701311978040415, 21.289286218403884, 0.0 ], [ 39.701307432465164, 21.289291770008422, 0.0 ], [ 39.701302948318144, 21.289297365296935, 0.0 ], [ 39.701298526077665, 21.289303003672586, 0.0 ], [ 39.701294166215426, 21.289308684533989, 0.0 ], [ 39.701289869196472, 21.289314407275171, 0.0 ], [ 39.701285635479145, 21.289320171285713, 0.0 ], [ 39.701281465515073, 21.289325975950824, 0.0 ], [ 39.701277359749028, 21.289331820651338, 0.0 ], [ 39.701273318618959, 21.289337704763796, 0.0 ], [ 39.701269342555946, 21.289343627660596, 0.0 ], [ 39.701265431984098, 21.289349588709971, 0.0 ], [ 39.701261587320516, 21.289355587276081, 0.0 ], [ 39.701257808975328, 21.289361622719092, 0.0 ], [ 39.701254097351573, 21.289367694395228, 0.0 ], [ 39.701250452845116, 21.289373801656847, 0.0 ], [ 39.701246875844745, 21.28937994385252, 0.0 ], [ 39.701243366731987, 21.289386120327091, 0.0 ], [ 39.701239925881168, 21.289392330421748, 0.0 ], [ 39.701236553659321, 21.289398573474074, 0.0 ], [ 39.701233250426142, 21.289404848818155, 0.0 ], [ 39.701230016533984, 21.289411155784649, 0.0 ], [ 39.701226852327792, 21.289417493700803, 0.0 ], [ 39.70122375814509, 21.289423861890569, 0.0 ], [ 39.701220734315939, 21.28943025967472, 0.0 ], [ 39.701217781162882, 21.289436686370809, 0.0 ], [ 39.701214899000909, 21.289443141293315, 0.0 ], [ 39.701212088137481, 21.289449623753743, 0.0 ], [ 39.701209348872432, 21.289456133060643, 0.0 ], [ 39.701206681497943, 21.289462668519683, 0.0 ], [ 39.701204086298532, 21.289469229433752, 0.0 ], [ 39.701201563551052, 21.289475815103046, 0.0 ], [ 39.701199113524574, 21.289482424825078, 0.0 ], [ 39.701196736480469, 21.289489057894837, 0.0 ], [ 39.701194432672274, 21.289495713604797, 0.0 ], [ 39.701192202345752, 21.289502391245016, 0.0 ], [ 39.701190045738805, 21.289509090103216, 0.0 ], [ 39.701187963081466, 21.289515809464866, 0.0 ], [ 39.701185954595914, 21.28952254861327, 0.0 ], [ 39.701184020496392, 21.289529306829554, 0.0 ], [ 39.701182160989212, 21.289536083392857, 0.0 ], [ 39.701180376272703, 21.289542877580363, 0.0 ], [ 39.701178666537302, 21.289549688667353, 0.0 ], [ 39.701177031965315, 21.28955651592732, 0.0 ], [ 39.70117547273118, 21.289563358632037, 0.0 ], [ 39.701173989001163, 21.289570216051615, 0.0 ], [ 39.701172580933559, 21.289577087454632, 0.0 ], [ 39.701171248678591, 21.28958397210809, 0.0 ], [ 39.701169992378354, 21.28959086927766, 0.0 ], [ 39.70116881216687, 21.289597778227666, 0.0 ], [ 39.701167708170033, 21.289604698221144, 0.0 ], [ 39.701166680505608, 21.289611628519978, 0.0 ], [ 39.701165729283247, 21.289618568384906, 0.0 ], [ 39.701164854604386, 21.289625517075731, 0.0 ], [ 39.701164056562362, 21.289632473851235, 0.0 ], [ 39.701163335242327, 21.289639437969363, 0.0 ], [ 39.701162690721183, 21.2896464086873, 0.0 ], [ 39.701162123067718, 21.289653385261506, 0.0 ], [ 39.701161632342497, 21.289660366947825, 0.0 ], [ 39.701161218597861, 21.289667353001526, 0.0 ], [ 39.701160881877946, 21.289674342677433, 0.0 ], [ 39.701160622218701, 21.289681335230007, 0.0 ], [ 39.701160439647815, 21.289688329913385, 0.0 ], [ 39.701160334184806, 21.289695325981452, 0.0 ], [ 39.701160305840894, 21.289702322687983, 0.0 ], [ 39.701160354619134, 21.289709319286651, 0.0 ], [ 39.701160480514339, 21.289716315031171, 0.0 ], [ 39.701160683513073, 21.289723309175319, 0.0 ], [ 39.701160963593708, 21.289730300973069, 0.0 ], [ 39.701161204333737, 21.289735171585718, 0.0 ], [ 39.701183314503496, 21.29015017646271, 0.0 ], [ 39.701183635661721, 21.290156929227727, 0.0 ], [ 39.701183879756783, 21.290163684832724, 0.0 ], [ 39.701184046760773, 21.290170442505623, 0.0 ], [ 39.701184136654597, 21.290177201474133, 0.0 ], [ 39.701184149427974, 21.290183960965802, 0.0 ], [ 39.701184085079412, 21.290190720208127, 0.0 ], [ 39.701183943616257, 21.290197478428631, 0.0 ], [ 39.701183725054712, 21.290204234854937, 0.0 ], [ 39.701183429419693, 21.290210988714897, 0.0 ], [ 39.701183056744995, 21.290217739236653, 0.0 ], [ 39.701182607073207, 21.290224485648711, 0.0 ], [ 39.701182080455702, 21.29023122718008, 0.0 ], [ 39.701181476952662, 21.290237963060274, 0.0 ], [ 39.701180796633018, 21.290244692519501, 0.0 ], [ 39.701180039574531, 21.290251414788674, 0.0 ], [ 39.701179205863696, 21.290258129099549, 0.0 ], [ 39.701178295595831, 21.29026483468478, 0.0 ], [ 39.701177308874904, 21.290271530778014, 0.0 ], [ 39.701176245813677, 21.290278216613988, 0.0 ], [ 39.701175106533675, 21.290284891428609, 0.0 ], [ 39.701173891165041, 21.29029155445906, 0.0 ], [ 39.701172599846664, 21.290298204943834, 0.0 ], [ 39.701171232726168, 21.2903048421229, 0.0 ], [ 39.701169789959728, 21.290311465237711, 0.0 ], [ 39.701168271712234, 21.29031807353136, 0.0 ], [ 39.701166678157186, 21.290324666248583, 0.0 ], [ 39.701165009476732, 21.290331242635979, 0.0 ], [ 39.701163265861503, 21.290337801941941, 0.0 ], [ 39.701161447510813, 21.290344343416837, 0.0 ], [ 39.701159554632426, 21.290350866313052, 0.0 ], [ 39.701157587442701, 21.290357369885136, 0.0 ], [ 39.701155546166397, 21.290363853389842, 0.0 ], [ 39.701153431036829, 21.290370316086193, 0.0 ], [ 39.701151242295701, 21.29037675723557, 0.0 ], [ 39.70114898019316, 21.290383176101876, 0.0 ], [ 39.701146644987702, 21.290389571951515, 0.0 ], [ 39.701144236946206, 21.290395944053536, 0.0 ], [ 39.701141756343858, 21.290402291679705, 0.0 ], [ 39.701139203464159, 21.290408614104585, 0.0 ], [ 39.701136578598842, 21.290414910605602, 0.0 ], [ 39.701133882047898, 21.290421180463177, 0.0 ], [ 39.701131114119498, 21.290427422960743, 0.0 ], [ 39.701128275129932, 21.290433637384858, 0.0 ], [ 39.701125365403684, 21.290439823025338, 0.0 ], [ 39.701122385273258, 21.290445979175246, 0.0 ], [ 39.701119335079234, 21.290452105130999, 0.0 ], [ 39.701116215170224, 21.290458200192511, 0.0 ], [ 39.70111302590275, 21.290464263663214, 0.0 ], [ 39.701109767641299, 21.290470294850113, 0.0 ], [ 39.701106440758231, 21.29047629306395, 0.0 ], [ 39.701103045633765, 21.290482257619217, 0.0 ], [ 39.701099582655885, 21.290488187834232, 0.0 ], [ 39.701096052220379, 21.290494083031291, 0.0 ], [ 39.701092454730684, 21.290499942536623, 0.0 ], [ 39.701088790597964, 21.290505765680582, 0.0 ], [ 39.701085060240949, 21.290511551797682, 0.0 ], [ 39.701081264085957, 21.290517300226647, 0.0 ], [ 39.701077402566852, 21.290523010310498, 0.0 ], [ 39.701073476124904, 21.290528681396669, 0.0 ], [ 39.701069485208869, 21.290534312837039, 0.0 ], [ 39.701065430274838, 21.290539903987998, 0.0 ], [ 39.701061311786212, 21.290545454210573, 0.0 ], [ 39.701057130213698, 21.290550962870448, 0.0 ], [ 39.701052886035157, 21.290556429338071, 0.0 ], [ 39.701048579735613, 21.290561852988681, 0.0 ], [ 39.701044211807243, 21.290567233202452, 0.0 ], [ 39.701039782749234, 21.290572569364489, 0.0 ], [ 39.701035293067747, 21.290577860864964, 0.0 ], [ 39.701030743275865, 21.290583107099103, 0.0 ], [ 39.701026133893571, 21.29058830746737, 0.0 ], [ 39.701021465447646, 21.290593461375419, 0.0 ], [ 39.70101673847163, 21.29059856823423, 0.0 ], [ 39.701011953505734, 21.290603627460158, 0.0 ], [ 39.7010071110968, 21.290608638475025, 0.0 ], [ 39.70100221179824, 21.290613600706116, 0.0 ], [ 39.700997256170005, 21.290618513586338, 0.0 ], [ 39.700992244778398, 21.290623376554205, 0.0 ], [ 39.700987178196179, 21.290628189053969, 0.0 ], [ 39.700982057002356, 21.290632950535603, 0.0 ], [ 39.700976881782225, 21.290637660454962, 0.0 ], [ 39.700971653127219, 21.290642318273751, 0.0 ], [ 39.700966371634891, 21.290646923459654, 0.0 ], [ 39.700961037908868, 21.290651475486342, 0.0 ], [ 39.700955652558683, 21.290655973833612, 0.0 ], [ 39.700950216199807, 21.290660417987365, 0.0 ], [ 39.700944729453546, 21.290664807439679, 0.0 ], [ 39.700939192946947, 21.290669141688909, 0.0 ], [ 39.700933607312763, 21.290673420239699, 0.0 ], [ 39.700927973189316, 21.290677642603097, 0.0 ], [ 39.700922291220543, 21.290681808296522, 0.0 ], [ 39.700916562055788, 21.290685916843902, 0.0 ], [ 39.700910786349809, 21.290689967775698, 0.0 ], [ 39.700904964762678, 21.290693960628914, 0.0 ], [ 39.700899097959756, 21.290697894947261, 0.0 ], [ 39.700893186611488, 21.290701770281068, 0.0 ], [ 39.70088723139348, 21.29070558618746, 0.0 ], [ 39.700881232986319, 21.290709342230322, 0.0 ], [ 39.700875192075543, 21.29071303798041, 0.0 ], [ 39.70086910935153, 21.290716673015339, 0.0 ], [ 39.700862985509438, 21.290720246919637, 0.0 ], [ 39.700856821249168, 21.290723759284909, 0.0 ], [ 39.700850617275186, 21.290727209709718, 0.0 ], [ 39.700844374296508, 21.29073059779974, 0.0 ], [ 39.700838093026633, 21.290733923167735, 0.0 ], [ 39.700831774183435, 21.290737185433688, 0.0 ], [ 39.700826752186593, 21.290739719769867, 0.0 ], [ 39.700797890597912, 21.290753316700751, 0.0 ], [ 39.700662672923372, 21.290821689265915, 0.0 ], [ 39.700802419178423, 21.291060265407626, 0.0 ], [ 39.700810770786873, 21.291074523323925, 0.0 ], [ 39.700932607865042, 21.291027633399576, 0.0 ], [ 39.700977120380294, 21.291009360089351, 0.0 ], [ 39.701013581765991, 21.290989436307616, 0.0 ], [ 39.701070924815454, 21.290950934849604, 0.0 ], [ 39.701103036424364, 21.29092757218913, 0.0 ], [ 39.701139973383732, 21.290901686787972, 0.0 ], [ 39.701190062389188, 21.290882881055637, 0.0 ], [ 39.701235701344373, 21.29086690373309, 0.0 ], [ 39.701236775652021, 21.29086778432189, 0.0 ], [ 39.701504220428426, 21.290738264058781, 0.0 ], [ 39.701558531378332, 21.290561457258878, 0.0 ], [ 39.701625389687528, 21.290315309136588, 0.0 ], [ 39.701626395061112, 21.2901426137912, 0.0 ], [ 39.70164218294321, 21.289980568065026, 0.0 ], [ 39.701674449603168, 21.289816250472853, 0.0 ], [ 39.701690494411743, 21.2897155925336, 0.0 ], [ 39.701702256414031, 21.289671437432464, 0.0 ], [ 39.701729211915875, 21.289629834401055, 0.0 ], [ 39.70176544151456, 21.289591671637389, 0.0 ], [ 39.70178600081875, 21.2895752814979, 0.0 ], [ 39.701817289071059, 21.289555451576881, 0.0 ], [ 39.701850407679842, 21.289539796122668, 0.0 ], [ 39.701879907103809, 21.28952968742119, 0.0 ], [ 39.701901637476823, 21.289524295398767, 0.0 ], [ 39.701908330595032, 21.289522965426762, 0.0 ], [ 39.70191432195427, 21.289521498164586, 0.0 ], [ 39.701920939535924, 21.289520869965337, 0.0 ], [ 39.701928569084856, 21.289519555044429, 0.0 ], [ 39.701934052471792, 21.289518589172864, 0.0 ], [ 39.701940672341983, 21.289518642053554, 0.0 ], [ 39.701964582197036, 21.289517625382906, 0.0 ], [ 39.701904565313399, 21.289298423816316, 0.0 ] ] ] ] } },
{ "type": "Feature", "properties": { "ID": "350", "BLOCK NAME": "B.1.31.13+14", "FILL-TOTAL": null, "CUT-TOTAL": null, "FILL-DONE": null, "CUT-DONE": null, "FILL-REMAN": null, "CUT-REMAN": null, "EQUPIMENTS": null, "CONTRACTOR": null, "STATUS": null }, "geometry": { "type": "MultiPolygon", "coordinates": [ [ [ [ 39.704687251651649, 21.289073872918703, 0.0 ], [ 39.704621079404077, 21.289065932544684, 0.0 ], [ 39.704564147191988, 21.289095591007591, 0.0 ], [ 39.704508628998397, 21.289117962966507, 0.0 ], [ 39.704413442772136, 21.28914337293288, 0.0 ], [ 39.704314139299036, 21.289153841594619, 0.0 ], [ 39.702099545673995, 21.289034390431478, 0.0 ], [ 39.701918976882666, 21.289024669808029, 0.0 ], [ 39.70190466118531, 21.289296412223379, 0.0 ], [ 39.701964582197036, 21.289517625382906, 0.0 ], [ 39.702197135613964, 21.289540026076793, 0.0 ], [ 39.704597330391458, 21.289830265858459, 0.0 ], [ 39.704687251651649, 21.289073872918703, 0.0 ] ] ] ] } },
{ "type": "Feature", "properties": { "ID": "358", "BLOCK NAME": "B.1.35.3", "FILL-TOTAL": null, "CUT-TOTAL": null, "FILL-DONE": null, "CUT-DONE": null, "FILL-REMAN": null, "CUT-REMAN": null, "EQUPIMENTS": null, "CONTRACTOR": null, "STATUS": null }, "geometry": { "type": "MultiPolygon", "coordinates": [ [ [ [ 39.697787771320442, 21.300978707483672, 0.0 ], [ 39.696497520848453, 21.299284000902329, 0.0 ], [ 39.696443731534366, 21.299275571907806, 0.0 ], [ 39.695926400174223, 21.299621335085618, 0.0 ], [ 39.695922034837039, 21.299668085369181, 0.0 ], [ 39.697022841587753, 21.300717373849924, 0.0 ], [ 39.69702915056574, 21.300723335952711, 0.0 ], [ 39.697035514085847, 21.300729246955445, 0.0 ], [ 39.697041931676658, 21.300735106420294, 0.0 ], [ 39.697048402862848, 21.300740913913202, 0.0 ], [ 39.697054927165041, 21.300746669003981, 0.0 ], [ 39.697061504099956, 21.300752371266327, 0.0 ], [ 39.69706813318043, 21.300758020277843, 0.0 ], [ 39.697074813915414, 21.300763615620085, 0.0 ], [ 39.697081545810036, 21.30076915687857, 0.0 ], [ 39.697088328365638, 21.300774643642846, 0.0 ], [ 39.697095161079794, 21.300780075506484, 0.0 ], [ 39.697102043446399, 21.300785452067085, 0.0 ], [ 39.697108974955661, 21.300790772926415, 0.0 ], [ 39.697115955094077, 21.300796037690333, 0.0 ], [ 39.697122983344677, 21.300801245968838, 0.0 ], [ 39.697130059186783, 21.300806397376135, 0.0 ], [ 39.697137182096284, 21.30081149153062, 0.0 ], [ 39.697144351545553, 21.300816528054952, 0.0 ], [ 39.69715156700353, 21.300821506576064, 0.0 ], [ 39.697158827935709, 21.300826426725148, 0.0 ], [ 39.697166133804274, 21.300831288137793, 0.0 ], [ 39.697173484068017, 21.300836090453835, 0.0 ], [ 39.697180878182479, 21.300840833317569, 0.0 ], [ 39.697188315599952, 21.300845516377656, 0.0 ], [ 39.697195795769517, 21.30085013928721, 0.0 ], [ 39.697203318137078, 21.300854701703798, 0.0 ], [ 39.69721088214542, 21.300859203289448, 0.0 ], [ 39.697218487234252, 21.300863643710684, 0.0 ], [ 39.697226132840193, 21.300868022638628, 0.0 ], [ 39.697233818396953, 21.300872339748871, 0.0 ], [ 39.697241543335188, 21.300876594721657, 0.0 ], [ 39.6972493070827, 21.30088078724178, 0.0 ], [ 39.697257109064374, 21.300884916998658, 0.0 ], [ 39.697264948702291, 21.300888983686434, 0.0 ], [ 39.697272825415737, 21.30089298700382, 0.0 ], [ 39.697280738621224, 21.300896926654293, 0.0 ], [ 39.697288687732609, 21.300900802346007, 0.0 ], [ 39.697296672161059, 21.300904613791889, 0.0 ], [ 39.697304691315132, 21.300908360709606, 0.0 ], [ 39.697312744600787, 21.30091204282159, 0.0 ], [ 39.697320831421493, 21.300915659855093, 0.0 ], [ 39.697328951178243, 21.300919211542205, 0.0 ], [ 39.697337103269533, 21.300922697619811, 0.0 ], [ 39.697345287091515, 21.300926117829672, 0.0 ], [ 39.697353502037998, 21.300929471918465, 0.0 ], [ 39.697361747500395, 21.300932759637732, 0.0 ], [ 39.697370022867993, 21.300935980743919, 0.0 ], [ 39.697378327527751, 21.300939134998412, 0.0 ], [ 39.697386660864517, 21.300942222167588, 0.0 ], [ 39.697395022261013, 21.300945242022745, 0.0 ], [ 39.697403411097831, 21.300948194340219, 0.0 ], [ 39.697411826753637, 21.300951078901264, 0.0 ], [ 39.697420268604958, 21.300953895492263, 0.0 ], [ 39.697428736026538, 21.300956643904531, 0.0 ], [ 39.697437228391088, 21.30095932393451, 0.0 ], [ 39.697445745069587, 21.300961935383658, 0.0 ], [ 39.697454285431149, 21.30096447805855, 0.0 ], [ 39.697462848843116, 21.30096695177081, 0.0 ], [ 39.697471434671201, 21.300969356337234, 0.0 ], [ 39.697480042279373, 21.30097169157969, 0.0 ], [ 39.69748867103003, 21.300973957325162, 0.0 ], [ 39.697497320284022, 21.30097615340587, 0.0 ], [ 39.697505989400618, 21.300978279659098, 0.0 ], [ 39.697514677737672, 21.30098033592737, 0.0 ], [ 39.697523384651589, 21.300982322058339, 0.0 ], [ 39.697532109497409, 21.300984237904906, 0.0 ], [ 39.697540851628851, 21.300986083325153, 0.0 ], [ 39.697549610398312, 21.300987858182381, 0.0 ], [ 39.697558385156988, 21.300989562345116, 0.0 ], [ 39.697567175254918, 21.300991195687104, 0.0 ], [ 39.697575980040952, 21.300992758087371, 0.0 ], [ 39.697584798862856, 21.3009942494302, 0.0 ], [ 39.697593631067413, 21.300995669605086, 0.0 ], [ 39.697602476000355, 21.300997018506848, 0.0 ], [ 39.697611333006485, 21.300998296035569, 0.0 ], [ 39.69762020142975, 21.300999502096612, 0.0 ], [ 39.697629080613197, 21.301000636600637, 0.0 ], [ 39.697637969899084, 21.301001699463605, 0.0 ], [ 39.697646868628951, 21.301002690606783, 0.0 ], [ 39.697655776143641, 21.301003609956769, 0.0 ], [ 39.697664691783309, 21.30100445744543, 0.0 ], [ 39.697673614887528, 21.301005233010013, 0.0 ], [ 39.697682544795327, 21.301005936593068, 0.0 ], [ 39.697691480845201, 21.301006568142473, 0.0 ], [ 39.697700422375227, 21.301007127611431, 0.0 ], [ 39.697709368723075, 21.301007614958532, 0.0 ], [ 39.697718319225999, 21.301008030147642, 0.0 ], [ 39.697727273221027, 21.301008373148036, 0.0 ], [ 39.697736230044868, 21.301008643934296, 0.0 ], [ 39.697745189034045, 21.30100884248635, 0.0 ], [ 39.697754149524954, 21.301008968789503, 0.0 ], [ 39.697763110853799, 21.301009022834393, 0.0 ], [ 39.697771612069431, 21.301009007313233, 0.0 ], [ 39.697787771320442, 21.300978707483672, 0.0 ] ] ] ] } },
{ "type": "Feature", "properties": { "ID": "466", "BLOCK NAME": "B.1.36.3", "FILL-TOTAL": null, "CUT-TOTAL": null, "FILL-DONE": null, "CUT-DONE": null, "FILL-REMAN": null, "CUT-REMAN": null, "EQUPIMENTS": null, "CONTRACTOR": null, "STATUS": null }, "geometry": { "type": "MultiPolygon", "coordinates": [ [ [ [ 39.699069139806838, 21.301230608941651, 0.0 ], [ 39.698380926412661, 21.300326684257374, 0.0 ], [ 39.698327136626794, 21.300318255885806, 0.0 ], [ 39.697918985222032, 21.300591052945776, 0.0 ], [ 39.697909982441864, 21.300641450158324, 0.0 ], [ 39.698466572110831, 21.301372499472674, 0.0 ], [ 39.698469412614891, 21.301376176190935, 0.0 ], [ 39.698472315237495, 21.301379810070173, 0.0 ], [ 39.698475279243013, 21.301383400189458, 0.0 ], [ 39.698478303880243, 21.301386945638882, 0.0 ], [ 39.698481388382596, 21.301390445519864, 0.0 ], [ 39.698484531968361, 21.301393898945413, 0.0 ], [ 39.698487733840807, 21.301397305040272, 0.0 ], [ 39.698490993188457, 21.301400662941177, 0.0 ], [ 39.698494309185271, 21.301403971797118, 0.0 ], [ 39.698497680990812, 21.301407230769492, 0.0 ], [ 39.698501107750531, 21.30141043903232, 0.0 ], [ 39.698504588595988, 21.301413595772516, 0.0 ], [ 39.698508122644945, 21.301416700190011, 0.0 ], [ 39.698511709001735, 21.30141975149802, 0.0 ], [ 39.698515346757446, 21.301422748923208, 0.0 ], [ 39.698519034990099, 21.301425691705923, 0.0 ], [ 39.698522772764967, 21.301428579100303, 0.0 ], [ 39.698526559134713, 21.30143141037459, 0.0 ], [ 39.698530393139748, 21.301434184811207, 0.0 ], [ 39.698534273808342, 21.30143690170701, 0.0 ], [ 39.698538200156982, 21.301439560373399, 0.0 ], [ 39.698542171190589, 21.301442160136574, 0.0 ], [ 39.698546185902714, 21.301444700337633, 0.0 ], [ 39.698550243275861, 21.301447180332797, 0.0 ], [ 39.698554342281732, 21.301449599493502, 0.0 ], [ 39.69855848188147, 21.301451957206666, 0.0 ], [ 39.698562661025903, 21.301454252874713, 0.0 ], [ 39.698566878655889, 21.30145648591586, 0.0 ], [ 39.698571133702508, 21.301458655764126, 0.0 ], [ 39.698575425087313, 21.301460761869578, 0.0 ], [ 39.698579751722711, 21.30146280369847, 0.0 ], [ 39.698584112512151, 21.301464780733294, 0.0 ], [ 39.698588506350426, 21.301466692472999, 0.0 ], [ 39.698591828630541, 21.301468085563091, 0.0 ], [ 39.698594120785188, 21.301468983001069, 0.0 ], [ 39.698596441576875, 21.301469813343591, 0.0 ], [ 39.698598788769047, 21.301470575790407, 0.0 ], [ 39.698601160099585, 21.301471269606722, 0.0 ], [ 39.698603553283228, 21.301471894123921, 0.0 ], [ 39.698605966013602, 21.3014724487401, 0.0 ], [ 39.698608395965465, 21.301472932920799, 0.0 ], [ 39.698610840797045, 21.301473346199391, 0.0 ], [ 39.698613298152182, 21.301473688177566, 0.0 ], [ 39.698615765662666, 21.301473958525776, 0.0 ], [ 39.698618240950495, 21.301474156983481, 0.0 ], [ 39.698620721630164, 21.301474283359397, 0.0 ], [ 39.698620978411014, 21.30147429231144, 0.0 ], [ 39.69862595258811, 21.301474422078336, 0.0 ], [ 39.698630928324043, 21.301474479598475, 0.0 ], [ 39.698635904423448, 21.301474464858064, 0.0 ], [ 39.698640879690871, 21.301474377860636, 0.0 ], [ 39.698645852931037, 21.301474218627078, 0.0 ], [ 39.698650822949219, 21.30147398719566, 0.0 ], [ 39.698655788551413, 21.301473683621978, 0.0 ], [ 39.698660748544711, 21.301473307978952, 0.0 ], [ 39.698665701737504, 21.301472860356828, 0.0 ], [ 39.698670646939881, 21.301472340863167, 0.0 ], [ 39.698675582963787, 21.301471749622735, 0.0 ], [ 39.698680508623411, 21.301471086777592, 0.0 ], [ 39.698685422735423, 21.301470352486987, 0.0 ], [ 39.698690324119291, 21.301469546927297, 0.0 ], [ 39.698695211597453, 21.30146867029206, 0.0 ], [ 39.69870008399581, 21.301467722791898, 0.0 ], [ 39.698704940143806, 21.301466704654409, 0.0 ], [ 39.6987097788748, 21.301465616124194, 0.0 ], [ 39.698714599026367, 21.301464457462775, 0.0 ], [ 39.69871939944052, 21.301463228948489, 0.0 ], [ 39.698724178963992, 21.301461930876485, 0.0 ], [ 39.698728936448582, 21.301460563558607, 0.0 ], [ 39.698733670751366, 21.301459127323319, 0.0 ], [ 39.69873838073498, 21.301457622515688, 0.0 ], [ 39.698743065267905, 21.301456049497205, 0.0 ], [ 39.698747723224741, 21.301454408645782, 0.0 ], [ 39.698752353486462, 21.301452700355604, 0.0 ], [ 39.698756954940698, 21.301450925037074, 0.0 ], [ 39.698761526482031, 21.30144908311669, 0.0 ], [ 39.698766067012215, 21.301447175036952, 0.0 ], [ 39.698770575440385, 21.301445201256247, 0.0 ], [ 39.698775050683501, 21.301443162248759, 0.0 ], [ 39.698779491666436, 21.301441058504334, 0.0 ], [ 39.698783897322258, 21.30143889052837, 0.0 ], [ 39.698788266592622, 21.301436658841681, 0.0 ], [ 39.698792598427815, 21.301434363980434, 0.0 ], [ 39.698796891787197, 21.301432006495936, 0.0 ], [ 39.698801145639329, 21.301429586954516, 0.0 ], [ 39.698802160762362, 21.30142899698334, 0.0 ], [ 39.699058803787736, 21.301279133848709, 0.0 ], [ 39.699069139806838, 21.301230608941651, 0.0 ] ] ] ] } },
{ "type": "Feature", "properties": { "ID": "287", "BLOCK NAME": "B.1.36.4", "FILL-TOTAL": null, "CUT-TOTAL": null, "FILL-DONE": null, "CUT-DONE": null, "FILL-REMAN": null, "CUT-REMAN": null, "EQUPIMENTS": null, "CONTRACTOR": null, "STATUS": null }, "geometry": { "type": "MultiPolygon", "coordinates": [ [ [ [ 39.699725008731427, 21.300847620068822, 0.0 ], [ 39.699008848554598, 21.299906994394284, 0.0 ], [ 39.69895505889253, 21.299898566220101, 0.0 ], [ 39.698546909829624, 21.300171364762168, 0.0 ], [ 39.698537907285917, 21.30022176200535, 0.0 ], [ 39.699233107361273, 21.301134861957213, 0.0 ], [ 39.699288231092602, 21.301145162372283, 0.0 ], [ 39.699714672952013, 21.300896145012601, 0.0 ], [ 39.699725008731427, 21.300847620068822, 0.0 ] ] ] ] } },
{ "type": "Feature", "properties": { "ID": "312", "BLOCK NAME": "B.1.36.5", "FILL-TOTAL": null, "CUT-TOTAL": null, "FILL-DONE": null, "CUT-DONE": null, "FILL-REMAN": null, "CUT-REMAN": null, "EQUPIMENTS": null, "CONTRACTOR": null, "STATUS": null }, "geometry": { "type": "MultiPolygon", "coordinates": [ [ [ [ 39.700206489594279, 21.300210545104335, 0.0 ], [ 39.699817248917363, 21.299365671689845, 0.0 ], [ 39.69977057094664, 21.299353485127469, 0.0 ], [ 39.699174829083304, 21.299751671998507, 0.0 ], [ 39.69916582677606, 21.299802069272324, 0.0 ], [ 39.699888975423768, 21.300751872460999, 0.0 ], [ 39.699944099050583, 21.300762172663905, 0.0 ], [ 39.700041363282089, 21.300705375482551, 0.0 ], [ 39.700046197338921, 21.300702510074103, 0.0 ], [ 39.700050989726357, 21.300699583862677, 0.0 ], [ 39.70005573957306, 21.300696597380306, 0.0 ], [ 39.700060446015399, 21.300693551169982, 0.0 ], [ 39.700065108197698, 21.300690445785563, 0.0 ], [ 39.700069725272286, 21.300687281791653, 0.0 ], [ 39.700074296399691, 21.300684059763519, 0.0 ], [ 39.700078820748821, 21.300680780286989, 0.0 ], [ 39.700083297497073, 21.300677443958339, 0.0 ], [ 39.700087725830493, 21.300674051384135, 0.0 ], [ 39.700092104943934, 21.300670603181256, 0.0 ], [ 39.700096434041214, 21.300667099976614, 0.0 ], [ 39.700100712335221, 21.300663542407147, 0.0 ], [ 39.700104939048089, 21.300659931119689, 0.0 ], [ 39.700109113411365, 21.300656266770847, 0.0 ], [ 39.700113234666027, 21.300652550026843, 0.0 ], [ 39.700117302062829, 21.300648781563446, 0.0 ], [ 39.700121314862194, 21.300644962065856, 0.0 ], [ 39.700125272334567, 21.300641092228481, 0.0 ], [ 39.700129173760402, 21.300637172754957, 0.0 ], [ 39.70013301843035, 21.300633204357897, 0.0 ], [ 39.700136805645407, 21.300629187758833, 0.0 ], [ 39.700140534716994, 21.30062512368804, 0.0 ], [ 39.700144204967103, 21.300621012884424, 0.0 ], [ 39.700147815728421, 21.300616856095427, 0.0 ], [ 39.700151366344464, 21.300612654076811, 0.0 ], [ 39.700154856169654, 21.30060840759257, 0.0 ], [ 39.700158284569518, 21.300604117414792, 0.0 ], [ 39.70016165092072, 21.300599784323495, 0.0 ], [ 39.700164954611175, 21.300595409106535, 0.0 ], [ 39.700168195040249, 21.300590992559385, 0.0 ], [ 39.700171371618758, 21.300586535485021, 0.0 ], [ 39.700174483769175, 21.300582038693843, 0.0 ], [ 39.70017753092565, 21.300577503003446, 0.0 ], [ 39.700180512534168, 21.300572929238495, 0.0 ], [ 39.700183428052647, 21.30056831823055, 0.0 ], [ 39.700186276950987, 21.300563670818008, 0.0 ], [ 39.70018905871121, 21.300558987845829, 0.0 ], [ 39.700191772827552, 21.300554270165438, 0.0 ], [ 39.700194418806561, 21.300549518634611, 0.0 ], [ 39.700196996167158, 21.300544734117249, 0.0 ], [ 39.700199504440739, 21.300539917483285, 0.0 ], [ 39.700201943171272, 21.300535069608411, 0.0 ], [ 39.70020431191535, 21.300530191374087, 0.0 ], [ 39.700206610242304, 21.300525283667248, 0.0 ], [ 39.700208837734273, 21.300520347380193, 0.0 ], [ 39.700210993986261, 21.300515383410431, 0.0 ], [ 39.700213078606239, 21.300510392660478, 0.0 ], [ 39.700215091215206, 21.300505376037759, 0.0 ], [ 39.700217031447217, 21.300500334454366, 0.0 ], [ 39.700218898949558, 21.300495268826925, 0.0 ], [ 39.70022069338264, 21.300490180076491, 0.0 ], [ 39.700222414420246, 21.30048506912825, 0.0 ], [ 39.700224061749445, 21.300479936911461, 0.0 ], [ 39.70022563507078, 21.300474784359256, 0.0 ], [ 39.700227134098157, 21.300469612408449, 0.0 ], [ 39.700228558559054, 21.300464421999393, 0.0 ], [ 39.700229908194494, 21.300459214075779, 0.0 ], [ 39.700231182759097, 21.300453989584504, 0.0 ], [ 39.70023238202112, 21.300448749475439, 0.0 ], [ 39.700233505762554, 21.300443494701355, 0.0 ], [ 39.70023455377904, 21.300438226217633, 0.0 ], [ 39.700235525880089, 21.300432944982173, 0.0 ], [ 39.70023642188896, 21.300427651955214, 0.0 ], [ 39.700237241642732, 21.300422348099094, 0.0 ], [ 39.700237984992391, 21.300417034378132, 0.0 ], [ 39.700238651802763, 21.300411711758468, 0.0 ], [ 39.700239241952644, 21.300406381207821, 0.0 ], [ 39.700239755334742, 21.300401043695388, 0.0 ], [ 39.70024019185572, 21.300395700191601, 0.0 ], [ 39.700240551436202, 21.300390351668018, 0.0 ], [ 39.700240834010842, 21.300384999097052, 0.0 ], [ 39.700241039528272, 21.300379643451929, 0.0 ], [ 39.700241167951127, 21.300374285706361, 0.0 ], [ 39.700241219256057, 21.300368926834476, 0.0 ], [ 39.700241193433769, 21.300363567810621, 0.0 ], [ 39.70024109048893, 21.30035820960914, 0.0 ], [ 39.700240910440279, 21.300352853204231, 0.0 ], [ 39.700240653320577, 21.300347499569785, 0.0 ], [ 39.700240319176572, 21.300342149679192, 0.0 ], [ 39.700239908069015, 21.300336804505111, 0.0 ], [ 39.700239420072663, 21.300331465019415, 0.0 ], [ 39.700238855276275, 21.300326132192886, 0.0 ], [ 39.700238213782498, 21.300320806995124, 0.0 ], [ 39.700237495708016, 21.300315490394343, 0.0 ], [ 39.700236701183393, 21.300310183357169, 0.0 ], [ 39.700235830353073, 21.300304886848515, 0.0 ], [ 39.700234883375401, 21.300299601831373, 0.0 ], [ 39.700233860422571, 21.300294329266642, 0.0 ], [ 39.700232761680574, 21.300289070112949, 0.0 ], [ 39.700231587349194, 21.30028382532651, 0.0 ], [ 39.700230337641912, 21.300278595860885, 0.0 ], [ 39.700229012786018, 21.300273382666894, 0.0 ], [ 39.700227613022356, 21.300268186692367, 0.0 ], [ 39.700226138605437, 21.300263008882016, 0.0 ], [ 39.700224589803355, 21.30025785017725, 0.0 ], [ 39.700222966897712, 21.300252711515991, 0.0 ], [ 39.700221270183562, 21.300247593832538, 0.0 ], [ 39.700219499969414, 21.300242498057376, 0.0 ], [ 39.700217656577145, 21.300237425116986, 0.0 ], [ 39.700215740341918, 21.300232375933696, 0.0 ], [ 39.700213751612104, 21.300227351425555, 0.0 ], [ 39.700211690749349, 21.300222352506058, 0.0 ], [ 39.700209558128307, 21.300217380084135, 0.0 ], [ 39.700207354136765, 21.300212435063813, 0.0 ], [ 39.700206489594279, 21.300210545104335, 0.0 ] ] ] ] } },
{ "type": "Feature", "properties": { "ID": "361", "BLOCK NAME": "B.1.36.6+7+8+9", "FILL-TOTAL": null, "CUT-TOTAL": null, "FILL-DONE": null, "CUT-DONE": null, "FILL-REMAN": null, "CUT-REMAN": null, "EQUPIMENTS": null, "CONTRACTOR": null, "STATUS": null }, "geometry": { "type": "MultiPolygon", "coordinates": [ [ [ [ 39.697807015868392, 21.30044398629844, 0.0 ], [ 39.699692408379939, 21.299183826450957, 0.0 ], [ 39.699708521998197, 21.29912967050959, 0.0 ], [ 39.699299678477779, 21.298242232504712, 0.0 ], [ 39.699253000903887, 21.298230045782276, 0.0 ], [ 39.69717756547103, 21.299617224734437, 0.0 ], [ 39.69716856248526, 21.299667621923756, 0.0 ], [ 39.697753226066894, 21.300435557742894, 0.0 ], [ 39.697807015868392, 21.30044398629844, 0.0 ] ] ] ] } },
{ "type": "Feature", "properties": { "ID": "399", "BLOCK NAME": "B.1.34.1", "FILL-TOTAL": null, "CUT-TOTAL": null, "FILL-DONE": null, "CUT-DONE": null, "FILL-REMAN": null, "CUT-REMAN": null, "EQUPIMENTS": null, "CONTRACTOR": null, "STATUS": null }, "geometry": { "type": "MultiPolygon", "coordinates": [ [ [ [ 39.698540379160363, 21.298484452709022, 0.0 ], [ 39.698552464643534, 21.298443835822013, 0.0 ], [ 39.698344726177361, 21.297992907634598, 0.0 ], [ 39.698298048754019, 21.297980720640059, 0.0 ], [ 39.697357626462974, 21.298609279132947, 0.0 ], [ 39.697348622885464, 21.298659680279687, 0.0 ], [ 39.697639732538228, 21.299042046195968, 0.0 ], [ 39.697693521823801, 21.29905047480694, 0.0 ], [ 39.698540379160363, 21.298484452709022, 0.0 ] ] ] ] } },
{ "type": "Feature", "properties": { "ID": "273", "BLOCK NAME": "B.1.34.3", "FILL-TOTAL": null, "CUT-TOTAL": null, "FILL-DONE": null, "CUT-DONE": null, "FILL-REMAN": null, "CUT-REMAN": null, "EQUPIMENTS": null, "CONTRACTOR": null, "STATUS": null }, "geometry": { "type": "MultiPolygon", "coordinates": [ [ [ [ 39.698239428649352, 21.297853476025985, 0.0 ], [ 39.698255542675305, 21.297799320196781, 0.0 ], [ 39.698051626469315, 21.297356684382642, 0.0 ], [ 39.698004949270675, 21.29734449729748, 0.0 ], [ 39.696937757048936, 21.298057785494681, 0.0 ], [ 39.69692875335501, 21.298108186628259, 0.0 ], [ 39.697219862558796, 21.298490555689469, 0.0 ], [ 39.697273647416289, 21.298498983784523, 0.0 ], [ 39.698239428649352, 21.297853476025985, 0.0 ] ] ] ] } },
{ "type": "Feature", "properties": { "ID": "447", "BLOCK NAME": "B.1.35.4", "FILL-TOTAL": null, "CUT-TOTAL": null, "FILL-DONE": null, "CUT-DONE": null, "FILL-REMAN": null, "CUT-REMAN": null, "EQUPIMENTS": null, "CONTRACTOR": null, "STATUS": null }, "geometry": { "type": "MultiPolygon", "coordinates": [ [ [ [ 39.695145085516195, 21.299921630402725, 0.0 ], [ 39.696331766413138, 21.299128506453176, 0.0 ], [ 39.696340769659017, 21.299078109295031, 0.0 ], [ 39.696049661480515, 21.298695738716532, 0.0 ], [ 39.69599587240328, 21.298687309569313, 0.0 ], [ 39.694734562007305, 21.299530310570795, 0.0 ], [ 39.694730196293406, 21.299577060836093, 0.0 ], [ 39.695086657926275, 21.2999168478092, 0.0 ], [ 39.695145085516195, 21.299921630402725, 0.0 ] ] ] ] } },
{ "type": "Feature", "properties": { "ID": "372", "BLOCK NAME": "B.1.35.5", "FILL-TOTAL": null, "CUT-TOTAL": null, "FILL-DONE": null, "CUT-DONE": null, "FILL-REMAN": null, "CUT-REMAN": null, "EQUPIMENTS": null, "CONTRACTOR": null, "STATUS": null }, "geometry": { "type": "MultiPolygon", "coordinates": [ [ [ [ 39.694597721322303, 21.299399870380313, 0.0 ], [ 39.695883908184605, 21.298540243768045, 0.0 ], [ 39.695892911554651, 21.298489846623948, 0.0 ], [ 39.695601808836905, 21.298107479234719, 0.0 ], [ 39.695548019996515, 21.298099049934827, 0.0 ], [ 39.694187204527196, 21.299008552697419, 0.0 ], [ 39.694182838649645, 21.299055302958667, 0.0 ], [ 39.694539293951664, 21.299395087587953, 0.0 ], [ 39.694597721322303, 21.299399870380313, 0.0 ] ] ] ] } },
{ "type": "Feature", "properties": { "ID": "417", "BLOCK NAME": "B.1.33.2+3", "FILL-TOTAL": null, "CUT-TOTAL": null, "FILL-DONE": null, "CUT-DONE": null, "FILL-REMAN": null, "CUT-REMAN": null, "EQUPIMENTS": null, "CONTRACTOR": null, "STATUS": null }, "geometry": { "type": "MultiPolygon", "coordinates": [ [ [ [ 39.694612732732082, 21.298369117527272, 0.0 ], [ 39.696772786714192, 21.296925418146163, 0.0 ], [ 39.696790792676985, 21.296824623752386, 0.0 ], [ 39.696522080601227, 21.29647166677259, 0.0 ], [ 39.696468292316105, 21.296463237748249, 0.0 ], [ 39.69420221504658, 21.297977796077188, 0.0 ], [ 39.694197849193905, 21.298024546347992, 0.0 ], [ 39.694554305770254, 21.298364334726131, 0.0 ], [ 39.694612732732082, 21.298369117527272, 0.0 ] ] ] ] } },
{ "type": "Feature", "properties": { "ID": "491", "BLOCK NAME": "B.1.33.4", "FILL-TOTAL": null, "CUT-TOTAL": null, "FILL-DONE": null, "CUT-DONE": null, "FILL-REMAN": null, "CUT-REMAN": null, "EQUPIMENTS": null, "CONTRACTOR": null, "STATUS": null }, "geometry": { "type": "MultiPolygon", "coordinates": [ [ [ [ 39.694472573512137, 21.297575205263087, 0.0 ], [ 39.69448157731798, 21.29752480817108, 0.0 ], [ 39.69409971257177, 21.297023209939617, 0.0 ], [ 39.694054205422461, 21.297022720348512, 0.0 ], [ 39.693684996187891, 21.297484712252032, 0.0 ], [ 39.693688911413595, 21.297539402744839, 0.0 ], [ 39.694006949560112, 21.297842572347424, 0.0 ], [ 39.694065376302675, 21.297847355347375, 0.0 ], [ 39.694472573512137, 21.297575205263087, 0.0 ] ] ] ] } },
{ "type": "Feature", "properties": { "ID": "406", "BLOCK NAME": "B.1.33.5", "FILL-TOTAL": null, "CUT-TOTAL": null, "FILL-DONE": null, "CUT-DONE": null, "FILL-REMAN": null, "CUT-REMAN": null, "EQUPIMENTS": null, "CONTRACTOR": null, "STATUS": null }, "geometry": { "type": "MultiPolygon", "coordinates": [ [ [ [ 39.695109499310753, 21.2971051327178, 0.0 ], [ 39.694584915738197, 21.296416068791959, 0.0 ], [ 39.69453940877839, 21.296415579326858, 0.0 ], [ 39.694227415226784, 21.29680598147991, 0.0 ], [ 39.694209018746299, 21.296855668706201, 0.0 ], [ 39.694638558153855, 21.297419889521542, 0.0 ], [ 39.694692346702084, 21.297428319124556, 0.0 ], [ 39.695100495741336, 21.297155529840474, 0.0 ], [ 39.695109499310753, 21.2971051327178, 0.0 ] ] ] ] } },
{ "type": "Feature", "properties": { "ID": "400", "BLOCK NAME": "B.1.33.6", "FILL-TOTAL": null, "CUT-TOTAL": null, "FILL-DONE": null, "CUT-DONE": null, "FILL-REMAN": null, "CUT-REMAN": null, "EQUPIMENTS": null, "CONTRACTOR": null, "STATUS": null }, "geometry": { "type": "MultiPolygon", "coordinates": [ [ [ [ 39.695737417701558, 21.296685454984239, 0.0 ], [ 39.695070114951179, 21.295808926285726, 0.0 ], [ 39.695024608180894, 21.295808436946604, 0.0 ], [ 39.694706938361975, 21.296205946001244, 0.0 ], [ 39.69470621591207, 21.296264283292757, 0.0 ], [ 39.695266479246136, 21.297000213498176, 0.0 ], [ 39.695320267670617, 21.297008642903819, 0.0 ], [ 39.695728414368602, 21.296735852137569, 0.0 ], [ 39.695737417701558, 21.296685454984239, 0.0 ] ] ] ] } },
{ "type": "Feature", "properties": { "ID": "324", "BLOCK NAME": "B.1.33.7", "FILL-TOTAL": null, "CUT-TOTAL": null, "FILL-DONE": null, "CUT-DONE": null, "FILL-REMAN": null, "CUT-REMAN": null, "EQUPIMENTS": null, "CONTRACTOR": null, "STATUS": null }, "geometry": { "type": "MultiPolygon", "coordinates": [ [ [ [ 39.696365332490501, 21.296265774970546, 0.0 ], [ 39.695555310210906, 21.29520178242106, 0.0 ], [ 39.695509803630138, 21.295201293207906, 0.0 ], [ 39.695186357778233, 21.295606034151032, 0.0 ], [ 39.695185816079487, 21.295649787122283, 0.0 ], [ 39.695894396736477, 21.296580535194579, 0.0 ], [ 39.695948185037203, 21.296588964402872, 0.0 ], [ 39.696356329393957, 21.296316172154523, 0.0 ], [ 39.696365332490501, 21.296265774970546, 0.0 ] ] ] ] } },
{ "type": "Feature", "properties": { "ID": "433", "BLOCK NAME": "B.1.32.1", "FILL-TOTAL": null, "CUT-TOTAL": null, "FILL-DONE": null, "CUT-DONE": null, "FILL-REMAN": null, "CUT-REMAN": null, "EQUPIMENTS": null, "CONTRACTOR": null, "STATUS": null }, "geometry": { "type": "MultiPolygon", "coordinates": [ [ [ [ 39.697583615720838, 21.296340155580822, 0.0 ], [ 39.697577201513134, 21.296325666236779, 0.0 ], [ 39.697570858616437, 21.296311149354061, 0.0 ], [ 39.697564587165317, 21.296296605240705, 0.0 ], [ 39.697558387292851, 21.29628203420534, 0.0 ], [ 39.697552259130568, 21.296267436557176, 0.0 ], [ 39.697546202808496, 21.296252812605996, 0.0 ], [ 39.697540218455146, 21.296238162662128, 0.0 ], [ 39.697534306197461, 21.296223487036453, 0.0 ], [ 39.697528466160918, 21.296208786040381, 0.0 ], [ 39.697522698469385, 21.296194059985897, 0.0 ], [ 39.697517003245274, 21.296179309185494, 0.0 ], [ 39.697511380609384, 21.296164533952187, 0.0 ], [ 39.697505830681038, 21.296149734599535, 0.0 ], [ 39.697500353577979, 21.296134911441555, 0.0 ], [ 39.697494949416409, 21.296120064792834, 0.0 ], [ 39.697489618310989, 21.296105194968426, 0.0 ], [ 39.697484360374823, 21.296090302283858, 0.0 ], [ 39.697479175719458, 21.296075387055176, 0.0 ], [ 39.697474064454909, 21.29606044959888, 0.0 ], [ 39.697469026689625, 21.296045490231975, 0.0 ], [ 39.697464062530472, 21.29603050927188, 0.0 ], [ 39.697459172082766, 21.296015507036522, 0.0 ], [ 39.697454355450276, 21.296000483844239, 0.0 ], [ 39.697449612735184, 21.29598544001384, 0.0 ], [ 39.697444944038111, 21.295970375864577, 0.0 ], [ 39.69744034945812, 21.295955291716101, 0.0 ], [ 39.697435829092662, 21.295940187888512, 0.0 ], [ 39.697431383037674, 21.29592506470232, 0.0 ], [ 39.697427011387447, 21.295909922478465, 0.0 ], [ 39.697422714234747, 21.295894761538239, 0.0 ], [ 39.697418491670724, 21.295879582203394, 0.0 ], [ 39.697416142785741, 21.295871012003531, 0.0 ], [ 39.697375402358205, 21.295856943399027, 0.0 ], [ 39.696782248618888, 21.296253396693345, 0.0 ], [ 39.69677324566598, 21.296303793895319, 0.0 ], [ 39.697041958012107, 21.296656750474995, 0.0 ], [ 39.697149534784472, 21.296673608130053, 0.0 ], [ 39.697567265010591, 21.296394404581285, 0.0 ], [ 39.697583615720838, 21.296340155580822, 0.0 ] ] ] ] } },
{ "type": "Feature", "properties": { "ID": "418", "BLOCK NAME": "B.1.32.2", "FILL-TOTAL": null, "CUT-TOTAL": null, "FILL-DONE": null, "CUT-DONE": null, "FILL-REMAN": null, "CUT-REMAN": null, "EQUPIMENTS": null, "CONTRACTOR": null, "STATUS": null }, "geometry": { "type": "MultiPolygon", "coordinates": [ [ [ [ 39.69823239814815, 21.295907173455628, 0.0 ], [ 39.698227565822151, 21.295894007331125, 0.0 ], [ 39.69822280649614, 21.295880817877176, 0.0 ], [ 39.698218120298314, 21.295867605449054, 0.0 ], [ 39.698213507354872, 21.29585437040264, 0.0 ], [ 39.698208967790045, 21.295841113094479, 0.0 ], [ 39.698204501726089, 21.295827833881624, 0.0 ], [ 39.69820010928332, 21.29581453312181, 0.0 ], [ 39.698195790580002, 21.295801211173288, 0.0 ], [ 39.698191545732435, 21.295787868394921, 0.0 ], [ 39.698187374854975, 21.295774505146099, 0.0 ], [ 39.698183278059936, 21.295761121786803, 0.0 ], [ 39.698179255457646, 21.295747718677507, 0.0 ], [ 39.698175307156433, 21.295734296179258, 0.0 ], [ 39.698171433262658, 21.295720854653617, 0.0 ], [ 39.698167633880622, 21.295707394462621, 0.0 ], [ 39.698163909112651, 21.295693915968876, 0.0 ], [ 39.698160259059065, 21.295680419535426, 0.0 ], [ 39.698156683818169, 21.29566690552581, 0.0 ], [ 39.698153183486234, 21.295653374304052, 0.0 ], [ 39.69814975815752, 21.29563982623463, 0.0 ], [ 39.698146407924291, 21.295626261682489, 0.0 ], [ 39.698143132876751, 21.295612681013004, 0.0 ], [ 39.698139933103107, 21.295599084591988, 0.0 ], [ 39.698136808689533, 21.295585472785678, 0.0 ], [ 39.69813375972015, 21.295571845960723, 0.0 ], [ 39.69813078627709, 21.295558204484195, 0.0 ], [ 39.698127888440411, 21.29554454872352, 0.0 ], [ 39.698125066288149, 21.295530879046556, 0.0 ], [ 39.698122319896314, 21.2955171958215, 0.0 ], [ 39.698119649338842, 21.295503499416938, 0.0 ], [ 39.698117054687664, 21.295489790201795, 0.0 ], [ 39.698114536012646, 21.295476068545341, 0.0 ], [ 39.698112093381575, 21.295462334817188, 0.0 ], [ 39.698109726860309, 21.295448589387281, 0.0 ], [ 39.698107436512494, 21.295434832625872, 0.0 ], [ 39.698105222399818, 21.295421064903483, 0.0 ], [ 39.698103084581923, 21.295407286591022, 0.0 ], [ 39.698101023116372, 21.29539349805956, 0.0 ], [ 39.698099038058643, 21.295379699680563, 0.0 ], [ 39.698097129462219, 21.295365891825689, 0.0 ], [ 39.698095297378472, 21.295352074866862, 0.0 ], [ 39.6980935418567, 21.295338249176254, 0.0 ], [ 39.698091862944231, 21.295324415126281, 0.0 ], [ 39.698090260686222, 21.295310573089605, 0.0 ], [ 39.698088735125815, 21.29529672343903, 0.0 ], [ 39.698087286304087, 21.295282866547662, 0.0 ], [ 39.698085914260062, 21.295269002788721, 0.0 ], [ 39.698084619030645, 21.29525513253563, 0.0 ], [ 39.698083400650717, 21.295241256162051, 0.0 ], [ 39.698082259153075, 21.295227374041719, 0.0 ], [ 39.698081194568438, 21.295213486548565, 0.0 ], [ 39.698080206925475, 21.295199594056697, 0.0 ], [ 39.698079296250754, 21.29518569694029, 0.0 ], [ 39.698078462568787, 21.295171795573708, 0.0 ], [ 39.698077705902008, 21.295157890331375, 0.0 ], [ 39.698077026270781, 21.295143981587842, 0.0 ], [ 39.698076423693387, 21.295130069717782, 0.0 ], [ 39.698075898186026, 21.295116155095911, 0.0 ], [ 39.698075449762854, 21.295102238097034, 0.0 ], [ 39.698075078435906, 21.29508831909601, 0.0 ], [ 39.698074784215187, 21.295074398467786, 0.0 ], [ 39.69807456710857, 21.295060476587309, 0.0 ], [ 39.698074427121917, 21.295046553829593, 0.0 ], [ 39.698074364258929, 21.295032630569651, 0.0 ], [ 39.698074378521305, 21.295018707182535, 0.0 ], [ 39.698074469908654, 21.295004784043261, 0.0 ], [ 39.698074638418476, 21.294990861526902, 0.0 ], [ 39.698074884046207, 21.294976940008425, 0.0 ], [ 39.698075206785205, 21.294963019862863, 0.0 ], [ 39.698075606626773, 21.294949101465157, 0.0 ], [ 39.698076083560103, 21.294935185190205, 0.0 ], [ 39.698076637572335, 21.29492127141285, 0.0 ], [ 39.698077268648539, 21.294907360507889, 0.0 ], [ 39.69807797677165, 21.294893452850008, 0.0 ], [ 39.698078761922623, 21.294879548813849, 0.0 ], [ 39.698079624080243, 21.294865648773907, 0.0 ], [ 39.698080563221303, 21.294851753104602, 0.0 ], [ 39.698081579320451, 21.294837862180231, 0.0 ], [ 39.698082672350324, 21.29482397637496, 0.0 ], [ 39.698083842281441, 21.294810096062786, 0.0 ], [ 39.698085089082277, 21.294796221617641, 0.0 ], [ 39.698086412719235, 21.294782353413208, 0.0 ], [ 39.698087813156619, 21.294768491823049, 0.0 ], [ 39.698089290356684, 21.294754637220532, 0.0 ], [ 39.698090844279633, 21.294740789978857, 0.0 ], [ 39.698092474883587, 21.294726950470995, 0.0 ], [ 39.698094182124599, 21.294713119069741, 0.0 ], [ 39.698095965956668, 21.294699296147645, 0.0 ], [ 39.698097826331704, 21.294685482077046, 0.0 ], [ 39.698099763199586, 21.294671677230035, 0.0 ], [ 39.698101776508132, 21.294657881978448, 0.0 ], [ 39.698103866203084, 21.294644096693897, 0.0 ], [ 39.698106032228125, 21.294630321747661, 0.0 ], [ 39.698108274524898, 21.294616557510818, 0.0 ], [ 39.698110593032979, 21.294602804354099, 0.0 ], [ 39.698112987689903, 21.294589062647976, 0.0 ], [ 39.698115458431126, 21.294575332762562, 0.0 ], [ 39.698118005190096, 21.294561615067707, 0.0 ], [ 39.698120627898199, 21.294547909932891, 0.0 ], [ 39.698123326484748, 21.294534217727279, 0.0 ], [ 39.698126100877047, 21.29452053881969, 0.0 ], [ 39.698128951000328, 21.294506873578552, 0.0 ], [ 39.698131736084015, 21.294493870523333, 0.0 ], [ 39.698108276526973, 21.294479496065957, 0.0 ], [ 39.697530640862048, 21.294865584678565, 0.0 ], [ 39.697497766376976, 21.294922673710268, 0.0 ], [ 39.697497271146666, 21.29493793186349, 0.0 ], [ 39.697496853011394, 21.294953192033255, 0.0 ], [ 39.69749651198056, 21.294968453877555, 0.0 ], [ 39.697496248061846, 21.294983717054418, 0.0 ], [ 39.697496061261177, 21.294998981221806, 0.0 ], [ 39.697495951582766, 21.295014246037656, 0.0 ], [ 39.697495919029116, 21.295029511159914, 0.0 ], [ 39.697495963600929, 21.295044776246502, 0.0 ], [ 39.697496085297274, 21.29506004095532, 0.0 ], [ 39.697496284115445, 21.295075304944319, 0.0 ], [ 39.697496560051, 21.295090567871465, 0.0 ], [ 39.697496913097787, 21.295105829394707, 0.0 ], [ 39.697497343247889, 21.29512108917206, 0.0 ], [ 39.697497850491715, 21.295136346861565, 0.0 ], [ 39.697498434817938, 21.295151602121301, 0.0 ], [ 39.697499096213463, 21.29516685460943, 0.0 ], [ 39.697499834663496, 21.295182103984157, 0.0 ], [ 39.697500650151518, 21.295197349903734, 0.0 ], [ 39.697501542659282, 21.295212592026552, 0.0 ], [ 39.697502512166807, 21.295227830011029, 0.0 ], [ 39.697503558652386, 21.295243063515688, 0.0 ], [ 39.6975046820926, 21.295258292199183, 0.0 ], [ 39.697505882462288, 21.295273515720222, 0.0 ], [ 39.697507159734585, 21.295288733737696, 0.0 ], [ 39.697508513880898, 21.295303945910558, 0.0 ], [ 39.697509944870887, 21.295319151897917, 0.0 ], [ 39.697511452672522, 21.295334351359028, 0.0 ], [ 39.69751303725203, 21.295349543953286, 0.0 ], [ 39.697514698573926, 21.295364729340232, 0.0 ], [ 39.697516436601028, 21.295379907179576, 0.0 ], [ 39.697518251294369, 21.295395077131207, 0.0 ], [ 39.697520142613335, 21.295410238855162, 0.0 ], [ 39.697522110515557, 21.295425392011708, 0.0 ], [ 39.697524154956973, 21.295440536261232, 0.0 ], [ 39.697526275891768, 21.295455671264389, 0.0 ], [ 39.69752847327247, 21.295470796682032, 0.0 ], [ 39.697530747049839, 21.295485912175184, 0.0 ], [ 39.697533097172943, 21.295501017405133, 0.0 ], [ 39.697535523589153, 21.295516112033383, 0.0 ], [ 39.697538026244118, 21.295531195721679, 0.0 ], [ 39.697540605081763, 21.295546268131993, 0.0 ], [ 39.697543260044334, 21.295561328926574, 0.0 ], [ 39.697545991072346, 21.295576377767919, 0.0 ], [ 39.697548798104641, 21.295591414318803, 0.0 ], [ 39.697551681078338, 21.295606438242267, 0.0 ], [ 39.697554639928825, 21.295621449201626, 0.0 ], [ 39.697557674589866, 21.295636446860513, 0.0 ], [ 39.697560784993442, 21.295651430882824, 0.0 ], [ 39.697563971069876, 21.295666400932774, 0.0 ], [ 39.697567232747822, 21.295681356674908, 0.0 ], [ 39.697570569954188, 21.295696297774086, 0.0 ], [ 39.697573982614202, 21.29571122389547, 0.0 ], [ 39.697577470651446, 21.295726134704605, 0.0 ], [ 39.697581033987774, 21.295741029867319, 0.0 ], [ 39.697584672543314, 21.295755909049834, 0.0 ], [ 39.697588386236568, 21.295770771918729, 0.0 ], [ 39.697592174984365, 21.295785618140911, 0.0 ], [ 39.697596038701818, 21.295800447383716, 0.0 ], [ 39.697599977302353, 21.295815259314807, 0.0 ], [ 39.697603990697715, 21.295830053602277, 0.0 ], [ 39.697608078798019, 21.295844829914586, 0.0 ], [ 39.697612241511671, 21.295859587920607, 0.0 ], [ 39.697616478745388, 21.295874327289628, 0.0 ], [ 39.697620790404258, 21.295889047691347, 0.0 ], [ 39.697625176391675, 21.295903748795876, 0.0 ], [ 39.697629636609385, 21.295918430273801, 0.0 ], [ 39.697634170957443, 21.295933091796094, 0.0 ], [ 39.697638779334262, 21.295947733034204, 0.0 ], [ 39.697643461636588, 21.295962353660041, 0.0 ], [ 39.697648217759543, 21.295976953345967, 0.0 ], [ 39.697653047596539, 21.295991531764788, 0.0 ], [ 39.697657951039361, 21.296006088589824, 0.0 ], [ 39.697662927978179, 21.296020623494872, 0.0 ], [ 39.697667978301453, 21.296035136154227, 0.0 ], [ 39.697673101896036, 21.296049626242628, 0.0 ], [ 39.697678298647148, 21.296064093435408, 0.0 ], [ 39.697683568438336, 21.296078537408317, 0.0 ], [ 39.697688911151538, 21.296092957837722, 0.0 ], [ 39.697694326667026, 21.296107354400419, 0.0 ], [ 39.697699814863505, 21.296121726773826, 0.0 ], [ 39.697705375617986, 21.29613607463585, 0.0 ], [ 39.697711008805868, 21.296150397664967, 0.0 ], [ 39.697716714300931, 21.296164695540213, 0.0 ], [ 39.697722491975355, 21.29617896794117, 0.0 ], [ 39.69772834169968, 21.296193214548008, 0.0 ], [ 39.697734263342859, 21.296207435041449, 0.0 ], [ 39.697740256772164, 21.296221629102853, 0.0 ], [ 39.69774489493107, 21.296232480701079, 0.0 ], [ 39.697790891064137, 21.296244936000889, 0.0 ], [ 39.698213882377082, 21.295962212795622, 0.0 ], [ 39.69823239814815, 21.295907173455628, 0.0 ] ] ] ] } },
{ "type": "Feature", "properties": { "ID": "255", "BLOCK NAME": "B.1.32.4", "FILL-TOTAL": null, "CUT-TOTAL": null, "FILL-DONE": null, "CUT-DONE": null, "FILL-REMAN": null, "CUT-REMAN": null, "EQUPIMENTS": null, "CONTRACTOR": null, "STATUS": null }, "geometry": { "type": "MultiPolygon", "coordinates": [ [ [ [ 39.697356120886433, 21.295607859709612, 0.0 ], [ 39.697353309651014, 21.295592395832912, 0.0 ], [ 39.697350574476609, 21.295576919977929, 0.0 ], [ 39.697347915421247, 21.295561432473058, 0.0 ], [ 39.69734533254131, 21.295545933646974, 0.0 ], [ 39.697342825891631, 21.295530423828538, 0.0 ], [ 39.697340395525337, 21.295514903346895, 0.0 ], [ 39.697338041493992, 21.295499372531385, 0.0 ], [ 39.697335763847533, 21.295483831711593, 0.0 ], [ 39.697333562634256, 21.295468281217278, 0.0 ], [ 39.697331437900857, 21.295452721378439, 0.0 ], [ 39.697329389692378, 21.295437152525285, 0.0 ], [ 39.697327418052296, 21.29542157498814, 0.0 ], [ 39.6973255230224, 21.295405989097603, 0.0 ], [ 39.697323704642869, 21.29539039518442, 0.0 ], [ 39.697321962952302, 21.295374793579462, 0.0 ], [ 39.697320297987602, 21.295359184613833, 0.0 ], [ 39.697318709784085, 21.295343568618748, 0.0 ], [ 39.697317198375437, 21.295327945925568, 0.0 ], [ 39.697315763793689, 21.295312316865846, 0.0 ], [ 39.697314406069282, 21.295296681771205, 0.0 ], [ 39.69731312523097, 21.295281040973446, 0.0 ], [ 39.697311921305946, 21.295265394804456, 0.0 ], [ 39.697310794319719, 21.295249743596266, 0.0 ], [ 39.697309744296156, 21.295234087680978, 0.0 ], [ 39.697308771257546, 21.295218427390839, 0.0 ], [ 39.697307875224517, 21.295202763058146, 0.0 ], [ 39.697307056216026, 21.295187095015304, 0.0 ], [ 39.697306314249452, 21.295171423594812, 0.0 ], [ 39.6973056493405, 21.295155749129197, 0.0 ], [ 39.697305061503258, 21.295140071951085, 0.0 ], [ 39.697304550750189, 21.295124392393134, 0.0 ], [ 39.697304117092116, 21.295108710788099, 0.0 ], [ 39.697303760538169, 21.295093027468724, 0.0 ], [ 39.697303481095929, 21.295077342767808, 0.0 ], [ 39.697303278771287, 21.295061657018199, 0.0 ], [ 39.697303206311545, 21.295053786535689, 0.0 ], [ 39.69727172756533, 21.295038639664472, 0.0 ], [ 39.696334397720669, 21.295665134632117, 0.0 ], [ 39.696325394643594, 21.295715531820061, 0.0 ], [ 39.696616497397549, 21.296097902326689, 0.0 ], [ 39.696670285555939, 21.296106331308025, 0.0 ], [ 39.69733148123138, 21.295664399980232, 0.0 ], [ 39.697356120886433, 21.295607859709612, 0.0 ] ] ] ] } },
{ "type": "Feature", "properties": { "ID": "294", "BLOCK NAME": "B.1.32.6", "FILL-TOTAL": null, "CUT-TOTAL": null, "FILL-DONE": null, "CUT-DONE": null, "FILL-REMAN": null, "CUT-REMAN": null, "EQUPIMENTS": null, "CONTRACTOR": null, "STATUS": null }, "geometry": { "type": "MultiPolygon", "coordinates": [ [ [ [ 39.69685033964614, 21.295098390111971, 0.0 ], [ 39.698220276611615, 21.294182734818222, 0.0 ], [ 39.698224996561571, 21.294169531858284, 0.0 ], [ 39.698229789578185, 21.294156352019431, 0.0 ], [ 39.698234655532296, 21.294143195656655, 0.0 ], [ 39.698239594292843, 21.294130063124328, 0.0 ], [ 39.698244605726799, 21.294116954776197, 0.0 ], [ 39.698249689699104, 21.294103870965305, 0.0 ], [ 39.698254846072842, 21.294090812044114, 0.0 ], [ 39.698260074709083, 21.294077778364365, 0.0 ], [ 39.698265375466988, 21.29406477027711, 0.0 ], [ 39.69827074820374, 21.294051788132723, 0.0 ], [ 39.698276192774607, 21.294038832280911, 0.0 ], [ 39.698281709032933, 21.294025903070633, 0.0 ], [ 39.698287296830124, 21.294013000850146, 0.0 ], [ 39.698292956015607, 21.294000125966974, 0.0 ], [ 39.698298686436964, 21.293987278767915, 0.0 ], [ 39.698304487939808, 21.293974459598992, 0.0 ], [ 39.698310360367877, 21.293961668805533, 0.0 ], [ 39.698316303562962, 21.293948906732034, 0.0 ], [ 39.698322317364955, 21.293936173722248, 0.0 ], [ 39.698328401611874, 21.293923470119168, 0.0 ], [ 39.698334556139798, 21.293910796264939, 0.0 ], [ 39.698340780782935, 21.293898152500979, 0.0 ], [ 39.698344480520078, 21.293890718183999, 0.0 ], [ 39.698385425504028, 21.293808769848166, 0.0 ], [ 39.698366990027587, 21.293760676468768, 0.0 ], [ 39.698362078858075, 21.293758455596496, 0.0 ], [ 39.698357201708696, 21.293756169868768, 0.0 ], [ 39.69835235955486, 21.293753819742751, 0.0 ], [ 39.698347553365018, 21.293751405688415, 0.0 ], [ 39.698342784100362, 21.29374892818862, 0.0 ], [ 39.698338052714774, 21.293746387738807, 0.0 ], [ 39.698333360154521, 21.293743784847102, 0.0 ], [ 39.69832870735808, 21.29374112003407, 0.0 ], [ 39.698324095256012, 21.29373839383268, 0.0 ], [ 39.69831952477076, 21.293735606788147, 0.0 ], [ 39.698314996816372, 21.293732759457885, 0.0 ], [ 39.698310512298455, 21.293729852411367, 0.0 ], [ 39.698306072113894, 21.293726886229994, 0.0 ], [ 39.698301677150724, 21.293723861506983, 0.0 ], [ 39.698297328287921, 21.293720778847288, 0.0 ], [ 39.698293026395255, 21.293717638867435, 0.0 ], [ 39.698288772333093, 21.293714442195423, 0.0 ], [ 39.698284566952253, 21.293711189470571, 0.0 ], [ 39.698280411093783, 21.293707881343426, 0.0 ], [ 39.698276305588855, 21.2937045184756, 0.0 ], [ 39.698272251258565, 21.293701101539671, 0.0 ], [ 39.698268248913749, 21.293697631218997, 0.0 ], [ 39.698264299354904, 21.293694108207692, 0.0 ], [ 39.69826040337189, 21.293690533210295, 0.0 ], [ 39.698256561743932, 21.293686906941826, 0.0 ], [ 39.698252775239297, 21.293683230127538, 0.0 ], [ 39.698249044615338, 21.29367950350278, 0.0 ], [ 39.698245370618146, 21.293675727812872, 0.0 ], [ 39.698241753982494, 21.293671903812935, 0.0 ], [ 39.698238195431706, 21.293668032267789, 0.0 ], [ 39.698234695677499, 21.293664113951714, 0.0 ], [ 39.698231255419785, 21.293660149648385, 0.0 ], [ 39.698227875346639, 21.293656140150649, 0.0 ], [ 39.698224556134043, 21.293652086260387, 0.0 ], [ 39.698221298445823, 21.293647988788379, 0.0 ], [ 39.698218232697727, 21.293644019105933, 0.0 ], [ 39.698177242309555, 21.293590177577144, 0.0 ], [ 39.698123455000832, 21.293581749049139, 0.0 ], [ 39.696514453673238, 21.294657193646543, 0.0 ], [ 39.696505450708415, 21.294707590851097, 0.0 ], [ 39.696796551848323, 21.295089961175314, 0.0 ], [ 39.69685033964614, 21.295098390111971, 0.0 ] ] ] ] } },
{ "type": "Feature", "properties": { "ID": "427", "BLOCK NAME": "B.1.32.8", "FILL-TOTAL": null, "CUT-TOTAL": null, "FILL-DONE": null, "CUT-DONE": null, "FILL-REMAN": null, "CUT-REMAN": null, "EQUPIMENTS": null, "CONTRACTOR": null, "STATUS": null }, "geometry": { "type": "MultiPolygon", "coordinates": [ [ [ [ 39.697392597219512, 21.293803973115924, 0.0 ], [ 39.697041196103577, 21.293342395886533, 0.0 ], [ 39.69699569010313, 21.293341907059123, 0.0 ], [ 39.696678030798353, 21.293739419726332, 0.0 ], [ 39.696677309108694, 21.293797757031861, 0.0 ], [ 39.696921671427674, 21.29411873607577, 0.0 ], [ 39.696975458875762, 21.294127164985031, 0.0 ], [ 39.697383594598627, 21.293854370365654, 0.0 ], [ 39.697392597219512, 21.293803973115924, 0.0 ] ] ] ] } },
{ "type": "Feature", "properties": { "ID": "483", "BLOCK NAME": "B.1.32.9", "FILL-TOTAL": null, "CUT-TOTAL": null, "FILL-DONE": null, "CUT-DONE": null, "FILL-REMAN": null, "CUT-REMAN": null, "EQUPIMENTS": null, "CONTRACTOR": null, "STATUS": null }, "geometry": { "type": "MultiPolygon", "coordinates": [ [ [ [ 39.698020495124069, 21.293384287174906, 0.0 ], [ 39.697526375304953, 21.292735246504623, 0.0 ], [ 39.697480869494008, 21.29273475780316, 0.0 ], [ 39.697163212777014, 21.293132271359422, 0.0 ], [ 39.697162491274455, 21.293190608668372, 0.0 ], [ 39.697549572033275, 21.293699051844364, 0.0 ], [ 39.697603359357608, 21.2937074805563, 0.0 ], [ 39.698011492739546, 21.29343468445526, 0.0 ], [ 39.698020495124069, 21.293384287174906, 0.0 ] ] ] ] } },
{ "type": "Feature", "properties": { "ID": "370", "BLOCK NAME": "B.1.32.12+13+14+15", "FILL-TOTAL": null, "CUT-TOTAL": null, "FILL-DONE": null, "CUT-DONE": null, "FILL-REMAN": null, "CUT-REMAN": null, "EQUPIMENTS": null, "CONTRACTOR": null, "STATUS": null }, "geometry": { "type": "MultiPolygon", "coordinates": [ [ [ [ 39.698499879854005, 21.293579697467777, 0.0 ], [ 39.69919540180026, 21.292187642337847, 0.0 ], [ 39.699197412272021, 21.292183533215951, 0.0 ], [ 39.699199352382593, 21.292179394513678, 0.0 ], [ 39.699201221636123, 21.292175227288769, 0.0 ], [ 39.699203019554908, 21.292171032606223, 0.0 ], [ 39.699204745679445, 21.292166811538117, 0.0 ], [ 39.699206399568602, 21.292162565163206, 0.0 ], [ 39.699207980799684, 21.292158294566782, 0.0 ], [ 39.699209488968599, 21.292154000840242, 0.0 ], [ 39.699210923689897, 21.292149685080972, 0.0 ], [ 39.699212284596911, 21.292145348391955, 0.0 ], [ 39.699213571341822, 21.292140991881503, 0.0 ], [ 39.699214783595828, 21.292136616663043, 0.0 ], [ 39.699215921049053, 21.292132223854757, 0.0 ], [ 39.699216983410857, 21.292127814579306, 0.0 ], [ 39.699217970409713, 21.292123389963585, 0.0 ], [ 39.699218881793392, 21.292118951138391, 0.0 ], [ 39.699219717328951, 21.292114499238171, 0.0 ], [ 39.699220476802886, 21.2921100354007, 0.0 ], [ 39.699221160021089, 21.292105560766796, 0.0 ], [ 39.699221766808968, 21.292101076480073, 0.0 ], [ 39.699222297011438, 21.292096583686558, 0.0 ], [ 39.699222750493014, 21.292092083534506, 0.0 ], [ 39.699223127137799, 21.292087577174012, 0.0 ], [ 39.699223426849542, 21.292083065756767, 0.0 ], [ 39.699223649551648, 21.292078550435779, 0.0 ], [ 39.699223795187208, 21.292074032365026, 0.0 ], [ 39.69922386371902, 21.292069512699193, 0.0 ], [ 39.699223855129567, 21.292064992593374, 0.0 ], [ 39.69922376942106, 21.292060473202788, 0.0 ], [ 39.699223606615384, 21.292055955682457, 0.0 ], [ 39.69922336675419, 21.292051441186924, 0.0 ], [ 39.699223049898777, 21.292046930869954, 0.0 ], [ 39.699222656130118, 21.292042425884301, 0.0 ], [ 39.699222185548869, 21.292037927381248, 0.0 ], [ 39.699221638275276, 21.292033436510529, 0.0 ], [ 39.699221014449257, 21.292028954419848, 0.0 ], [ 39.699220314230232, 21.292024482254725, 0.0 ], [ 39.699219537797148, 21.292020021158088, 0.0 ], [ 39.699218685348463, 21.292015572270078, 0.0 ], [ 39.699217757102041, 21.292011136727712, 0.0 ], [ 39.699216753295119, 21.292006715664584, 0.0 ], [ 39.699216705977548, 21.292006515497224, 0.0 ], [ 39.699215748398686, 21.292002304789072, 0.0 ], [ 39.699214866381425, 21.29199807960681, 0.0 ], [ 39.699214060174228, 21.291993841140702, 0.0 ], [ 39.699213330004213, 21.291989590584727, 0.0 ], [ 39.699212676077046, 21.291985329136313, 0.0 ], [ 39.69921209857695, 21.291981057995883, 0.0 ], [ 39.699211597666597, 21.291976778366685, 0.0 ], [ 39.699211173487086, 21.291972491454299, 0.0 ], [ 39.699210826157909, 21.291968198466339, 0.0 ], [ 39.699210555776922, 21.291963900612188, 0.0 ], [ 39.699210362420239, 21.291959599102555, 0.0 ], [ 39.699210246142378, 21.291955295149208, 0.0 ], [ 39.699210206976034, 21.291950989964576, 0.0 ], [ 39.699210244932267, 21.291946684761456, 0.0 ], [ 39.699210296318306, 21.291944403312925, 0.0 ], [ 39.69921038487999, 21.291939741766654, 0.0 ], [ 39.699210396322798, 21.291935079503162, 0.0 ], [ 39.699210330644007, 21.29193041764249, 0.0 ], [ 39.699210187859393, 21.29192575730448, 0.0 ], [ 39.699209968003267, 21.291921099608686, 0.0 ], [ 39.699209671128443, 21.291916445673987, 0.0 ], [ 39.699209297306254, 21.29191179661834, 0.0 ], [ 39.699208846626512, 21.291907153558604, 0.0 ], [ 39.699208319197474, 21.291902517610126, 0.0 ], [ 39.699207715145846, 21.291897889886584, 0.0 ], [ 39.699207034616755, 21.291893271499646, 0.0 ], [ 39.699206277773712, 21.291888663558776, 0.0 ], [ 39.699205444798473, 21.291884067170901, 0.0 ], [ 39.699204535891198, 21.291879483440187, 0.0 ], [ 39.699203551270209, 21.291874913467751, 0.0 ], [ 39.699202491172052, 21.291870358351392, 0.0 ], [ 39.6992013558514, 21.291865819185379, 0.0 ], [ 39.699200145580974, 21.291861297060109, 0.0 ], [ 39.699198860651521, 21.291856793061932, 0.0 ], [ 39.699197501371742, 21.29185230827278, 0.0 ], [ 39.69919606806814, 21.291847843770004, 0.0 ], [ 39.699194561085044, 21.291843400626103, 0.0 ], [ 39.699192980784474, 21.29183897990842, 0.0 ], [ 39.699191327546082, 21.291834582678909, 0.0 ], [ 39.699189601766996, 21.291830209993876, 0.0 ], [ 39.699187803861797, 21.291825862903757, 0.0 ], [ 39.69918593426241, 21.29182154245283, 0.0 ], [ 39.699183993417932, 21.291817249678942, 0.0 ], [ 39.699181981794631, 21.29181298561334, 0.0 ], [ 39.69917989987573, 21.291808751280335, 0.0 ], [ 39.699177748161375, 21.291804547697129, 0.0 ], [ 39.699175527168478, 21.2918003758735, 0.0 ], [ 39.699173237430529, 21.291796236811631, 0.0 ], [ 39.699170879497643, 21.291792131505836, 0.0 ], [ 39.699168453936203, 21.291788060942253, 0.0 ], [ 39.69916596132893, 21.291784026098771, 0.0 ], [ 39.699163402274571, 21.291780027944643, 0.0 ], [ 39.699160777387917, 21.29177606744031, 0.0 ], [ 39.699158087299502, 21.291772145537184, 0.0 ], [ 39.699155332655558, 21.291768263177392, 0.0 ], [ 39.699152514117841, 21.29176442129355, 0.0 ], [ 39.69915072515154, 21.291762047340267, 0.0 ], [ 39.698278791973259, 21.290616766401698, 0.0 ], [ 39.698210534241944, 21.290616033620186, 0.0 ], [ 39.697178357873319, 21.29190771291892, 0.0 ], [ 39.697177636367272, 21.291966050242809, 0.0 ], [ 39.698375206735463, 21.293539097080544, 0.0 ], [ 39.69837747724128, 21.293542017200341, 0.0 ], [ 39.698379809627021, 21.293544894184279, 0.0 ], [ 39.698382202959728, 21.293547726881602, 0.0 ], [ 39.698384656282109, 21.293550514159275, 0.0 ], [ 39.698387168612868, 21.293553254902385, 0.0 ], [ 39.698389738947093, 21.293555948014678, 0.0 ], [ 39.698392366256684, 21.293558592418915, 0.0 ], [ 39.698395049490713, 21.293561187057374, 0.0 ], [ 39.698397787575963, 21.293563730892231, 0.0 ], [ 39.698400579417175, 21.293566222905948, 0.0 ], [ 39.69840342389768, 21.293568662101759, 0.0 ], [ 39.698406319879695, 21.29357104750401, 0.0 ], [ 39.698409266204841, 21.293573378158548, 0.0 ], [ 39.698412261694664, 21.29357565313315, 0.0 ], [ 39.698415305150938, 21.293577871517833, 0.0 ], [ 39.698418395356342, 21.293580032425265, 0.0 ], [ 39.698421531074828, 21.293582134991098, 0.0 ], [ 39.698424711052141, 21.293584178374349, 0.0 ], [ 39.698427934016294, 21.293586161757649, 0.0 ], [ 39.698431198678144, 21.293588084347682, 0.0 ], [ 39.698434503731853, 21.29358994537542, 0.0 ], [ 39.698437847855445, 21.293591744096478, 0.0 ], [ 39.698441229711271, 21.293593479791365, 0.0 ], [ 39.698444647946651, 21.293595151765839, 0.0 ], [ 39.698448101194288, 21.293596759351125, 0.0 ], [ 39.69844993245006, 21.293597579438327, 0.0 ], [ 39.698499879854005, 21.293579697467777, 0.0 ] ] ] ] } },
{ "type": "Feature", "properties": { "ID": "308", "BLOCK NAME": "B.1.31.4", "FILL-TOTAL": null, "CUT-TOTAL": null, "FILL-DONE": null, "CUT-DONE": null, "FILL-REMAN": null, "CUT-REMAN": null, "EQUPIMENTS": null, "CONTRACTOR": null, "STATUS": null }, "geometry": { "type": "MultiPolygon", "coordinates": [ [ [ [ 39.69975384616513, 21.291123194670796, 0.0 ], [ 39.699295568868614, 21.290521238391431, 0.0 ], [ 39.699250063748629, 21.29052075014912, 0.0 ], [ 39.698933814679549, 21.290916517172338, 0.0 ], [ 39.698924254271546, 21.29096682980666, 0.0 ], [ 39.699356097031227, 21.291534064935028, 0.0 ], [ 39.699358409112875, 21.291535899275861, 0.0 ], [ 39.699360770281487, 21.291537677878612, 0.0 ], [ 39.699363179007221, 21.291539399590938, 0.0 ], [ 39.699365633729428, 21.291541063297281, 0.0 ], [ 39.69936813285765, 21.291542667919725, 0.0 ], [ 39.699370674772695, 21.291544212418597, 0.0 ], [ 39.699373257827617, 21.291545695793193, 0.0 ], [ 39.699375880348796, 21.29154711708243, 0.0 ], [ 39.699378540637092, 21.291548475365421, 0.0 ], [ 39.699381236968833, 21.291549769762113, 0.0 ], [ 39.699383967597058, 21.29155099943387, 0.0 ], [ 39.699386730752522, 21.291552163583944, 0.0 ], [ 39.699389524644992, 21.291553261458084, 0.0 ], [ 39.69939234746419, 21.291554292344944, 0.0 ], [ 39.699395197381236, 21.291555255576593, 0.0 ], [ 39.699398072549592, 21.291556150528969, 0.0 ], [ 39.699400971106407, 21.291556976622189, 0.0 ], [ 39.69940389117366, 21.291557733321042, 0.0 ], [ 39.699406830859409, 21.291558420135249, 0.0 ], [ 39.699409788258968, 21.291559036619777, 0.0 ], [ 39.699412761456223, 21.291559582375246, 0.0 ], [ 39.699415748524757, 21.291560057048009, 0.0 ], [ 39.699418747529243, 21.291560460330555, 0.0 ], [ 39.699421756526554, 21.291560791961569, 0.0 ], [ 39.699424773567152, 21.291561051726205, 0.0 ], [ 39.69942779669622, 21.291561239456122, 0.0 ], [ 39.699430823955019, 21.291561355029714, 0.0 ], [ 39.699433853382182, 21.291561398372103, 0.0 ], [ 39.699436883014869, 21.291561369455192, 0.0 ], [ 39.699439910890156, 21.291561268297727, 0.0 ], [ 39.699442935046221, 21.291561094965232, 0.0 ], [ 39.699445953523679, 21.291560849570029, 0.0 ], [ 39.699448964366809, 21.291560532271106, 0.0 ], [ 39.699451965624874, 21.291560143274062, 0.0 ], [ 39.699454955353239, 21.291559682830911, 0.0 ], [ 39.699457931614894, 21.291559151240001, 0.0 ], [ 39.69946089248144, 21.291558548845739, 0.0 ], [ 39.699463836034489, 21.291557876038421, 0.0 ], [ 39.699466760366874, 21.291557133253988, 0.0 ], [ 39.699469663583891, 21.291556320973701, 0.0 ], [ 39.69947254380449, 21.291555439723844, 0.0 ], [ 39.699475399162516, 21.291554490075388, 0.0 ], [ 39.699478227807965, 21.291553472643614, 0.0 ], [ 39.699481027908128, 21.291552388087759, 0.0 ], [ 39.699483797648753, 21.291551237110486, 0.0 ], [ 39.699486535235302, 21.29155002045756, 0.0 ], [ 39.69948923889406, 21.291548738917257, 0.0 ], [ 39.699491906873277, 21.29154739331991, 0.0 ], [ 39.699494537444316, 21.291545984537333, 0.0 ], [ 39.699497128902827, 21.291544513482325, 0.0 ], [ 39.699499679569747, 21.291542981107987, 0.0 ], [ 39.699502187792469, 21.291541388407161, 0.0 ], [ 39.69950465194588, 21.291539736411806, 0.0 ], [ 39.699507070433427, 21.291538026192242, 0.0 ], [ 39.699509441688122, 21.29153625885656, 0.0 ], [ 39.699511764173621, 21.291534435549856, 0.0 ], [ 39.699514036385125, 21.291532557453447, 0.0 ], [ 39.699516256850465, 21.291530625784183, 0.0 ], [ 39.699518424130972, 21.291528641793651, 0.0 ], [ 39.699520536822398, 21.291526606767277, 0.0 ], [ 39.699522593555962, 21.291524522023593, 0.0 ], [ 39.699524592999033, 21.291522388913339, 0.0 ], [ 39.699526533856158, 21.291520208818561, 0.0 ], [ 39.699528414869846, 21.291517983151817, 0.0 ], [ 39.699530234821339, 21.291515713355093, 0.0 ], [ 39.699531992531497, 21.291513400899095, 0.0 ], [ 39.699533686861457, 21.291511047282032, 0.0 ], [ 39.699535316713458, 21.291508654028863, 0.0 ], [ 39.69953688103147, 21.291506222690213, 0.0 ], [ 39.699538378801989, 21.291503754841383, 0.0 ], [ 39.69953940909101, 21.291501967546463, 0.0 ], [ 39.699545531581848, 21.291490784148621, 0.0 ], [ 39.69955172259148, 21.291479633910228, 0.0 ], [ 39.69955798191527, 21.291468517199913, 0.0 ], [ 39.699564309346272, 21.291457434385116, 0.0 ], [ 39.699570704675288, 21.291446385832252, 0.0 ], [ 39.699577167690933, 21.291435371906541, 0.0 ], [ 39.699583698179488, 21.291424392972047, 0.0 ], [ 39.699590295925091, 21.29141344939174, 0.0 ], [ 39.69959696070962, 21.291402541527358, 0.0 ], [ 39.699603692312742, 21.291391669739486, 0.0 ], [ 39.699610490511922, 21.291380834387507, 0.0 ], [ 39.699617355082395, 21.291370035829637, 0.0 ], [ 39.699624285797256, 21.29135927442281, 0.0 ], [ 39.699631282427347, 21.291348550522784, 0.0 ], [ 39.699638344741388, 21.291337864484042, 0.0 ], [ 39.699645472505907, 21.291327216659866, 0.0 ], [ 39.699652665485246, 21.291316607402209, 0.0 ], [ 39.699659923441629, 21.291306037061815, 0.0 ], [ 39.699667246135114, 21.29129550598806, 0.0 ], [ 39.69967463332361, 21.291285014529119, 0.0 ], [ 39.699682084762912, 21.291274563031777, 0.0 ], [ 39.699689600206675, 21.291264151841542, 0.0 ], [ 39.699697179406456, 21.291253781302583, 0.0 ], [ 39.699704822111727, 21.291243451757687, 0.0 ], [ 39.699712528069767, 21.291233163548377, 0.0 ], [ 39.699720297025877, 21.291222917014682, 0.0 ], [ 39.699728128723194, 21.291212712495376, 0.0 ], [ 39.699736022902826, 21.29120255032775, 0.0 ], [ 39.699743979303804, 21.291192430847765, 0.0 ], [ 39.699751997663107, 21.291182354389928, 0.0 ], [ 39.699752826339818, 21.291181319874248, 0.0 ], [ 39.69975384616513, 21.291123194670796, 0.0 ] ] ] ] } },
{ "type": "Feature", "properties": { "ID": "455", "BLOCK NAME": "B.1.31.5", "FILL-TOTAL": null, "CUT-TOTAL": null, "FILL-DONE": null, "CUT-DONE": null, "FILL-REMAN": null, "CUT-REMAN": null, "EQUPIMENTS": null, "CONTRACTOR": null, "STATUS": null }, "geometry": { "type": "MultiPolygon", "coordinates": [ [ [ [ 39.700326281985255, 21.290630674213858, 0.0 ], [ 39.699780729706475, 21.289914082701852, 0.0 ], [ 39.699735224775992, 21.289913594585443, 0.0 ], [ 39.699417580081878, 21.2903111122714, 0.0 ], [ 39.699416859448547, 21.290369449596266, 0.0 ], [ 39.699882482113331, 21.290981053799648, 0.0 ], [ 39.699931279511418, 21.290984131667312, 0.0 ], [ 39.699940572810931, 21.29097506751296, 0.0 ], [ 39.699949921569726, 21.290966053566102, 0.0 ], [ 39.699959325478773, 21.290957090124714, 0.0 ], [ 39.699968784227174, 21.29094817748512, 0.0 ], [ 39.699978297502241, 21.290939315941884, 0.0 ], [ 39.699987864989502, 21.290930505788008, 0.0 ], [ 39.699997486372681, 21.290921747314684, 0.0 ], [ 39.700007161333687, 21.290913040811461, 0.0 ], [ 39.700016889552721, 21.290904386566126, 0.0 ], [ 39.700026670708155, 21.29089578486478, 0.0 ], [ 39.700036504476685, 21.290887235991754, 0.0 ], [ 39.70004639053321, 21.290878740229669, 0.0 ], [ 39.700056328550914, 21.290870297859342, 0.0 ], [ 39.700066318201273, 21.290861909159865, 0.0 ], [ 39.70007635915406, 21.29085357440853, 0.0 ], [ 39.700086451077354, 21.290845293880846, 0.0 ], [ 39.700096593637518, 21.290837067850578, 0.0 ], [ 39.700106786499262, 21.290828896589613, 0.0 ], [ 39.700117029325668, 21.290820780368083, 0.0 ], [ 39.700127321778112, 21.290812719454287, 0.0 ], [ 39.70013766351633, 21.290804714114671, 0.0 ], [ 39.700148054198479, 21.290796764613891, 0.0 ], [ 39.700158493481077, 21.290788871214716, 0.0 ], [ 39.700168981018997, 21.290781034178075, 0.0 ], [ 39.700179516465575, 21.290773253763049, 0.0 ], [ 39.700190099472515, 21.290765530226814, 0.0 ], [ 39.700200729689996, 21.290757863824702, 0.0 ], [ 39.700211406766577, 21.290750254810114, 0.0 ], [ 39.700222130349339, 21.290742703434592, 0.0 ], [ 39.700232900083755, 21.290735209947766, 0.0 ], [ 39.70024371561383, 21.290727774597343, 0.0 ], [ 39.700254576582026, 21.290720397629105, 0.0 ], [ 39.70026548262932, 21.290713079286906, 0.0 ], [ 39.700276433395153, 21.290705819812665, 0.0 ], [ 39.700287428517555, 21.290698619446374, 0.0 ], [ 39.700298467633068, 21.29069147842602, 0.0 ], [ 39.70030955037673, 21.2906843969877, 0.0 ], [ 39.700316497201037, 21.290680002635657, 0.0 ], [ 39.700326281985255, 21.290630674213858, 0.0 ] ] ] ] } },
{ "type": "Feature", "properties": { "ID": "347", "BLOCK NAME": "B.1.31.6", "FILL-TOTAL": null, "CUT-TOTAL": null, "FILL-DONE": null, "CUT-DONE": null, "FILL-REMAN": null, "CUT-REMAN": null, "EQUPIMENTS": null, "CONTRACTOR": null, "STATUS": null }, "geometry": { "type": "MultiPolygon", "coordinates": [ [ [ [ 39.700849528697823, 21.290073546860398, 0.0 ], [ 39.700265886592781, 21.289306925655172, 0.0 ], [ 39.70022038185175, 21.289306437664649, 0.0 ], [ 39.699902739744829, 21.289703956239141, 0.0 ], [ 39.69990201929852, 21.289762293567403, 0.0 ], [ 39.700492863659072, 21.290538376140233, 0.0 ], [ 39.700549281277404, 21.290550782271016, 0.0 ], [ 39.700681643539049, 21.290484660718903, 0.0 ], [ 39.700686315850326, 21.290482285720437, 0.0 ], [ 39.700690950901176, 21.290479847457874, 0.0 ], [ 39.700695547715831, 21.290477346444572, 0.0 ], [ 39.700700105326547, 21.290474783207024, 0.0 ], [ 39.700704622773841, 21.290472158284871, 0.0 ], [ 39.700709099106675, 21.290469472230729, 0.0 ], [ 39.700713533382661, 21.290466725610052, 0.0 ], [ 39.70071792466829, 21.290463919001091, 0.0 ], [ 39.700722272039094, 21.290461052994718, 0.0 ], [ 39.700726574579846, 21.290458128194288, 0.0 ], [ 39.700730831384718, 21.290455145215525, 0.0 ], [ 39.700735041557635, 21.290452104686437, 0.0 ], [ 39.700739204212169, 21.290449007247137, 0.0 ], [ 39.700743318472036, 21.290445853549709, 0.0 ], [ 39.700747383471054, 21.290442644258075, 0.0 ], [ 39.700751398353461, 21.290439380047879, 0.0 ], [ 39.70075536227403, 21.2904360616063, 0.0 ], [ 39.700759274398258, 21.290432689631984, 0.0 ], [ 39.700763133902548, 21.290429264834778, 0.0 ], [ 39.700766939974365, 21.290425787935717, 0.0 ], [ 39.70077069181248, 21.290422259666755, 0.0 ], [ 39.700774388627018, 21.290418680770689, 0.0 ], [ 39.700778029639729, 21.290415052000956, 0.0 ], [ 39.700781614084065, 21.290411374121508, 0.0 ], [ 39.700785141205451, 21.290407647906619, 0.0 ], [ 39.700788610261327, 21.290403874140761, 0.0 ], [ 39.700792020521384, 21.290400053618399, 0.0 ], [ 39.70079537126766, 21.290396187143827, 0.0 ], [ 39.700798661794806, 21.290392275531076, 0.0 ], [ 39.700801891410023, 21.290388319603604, 0.0 ], [ 39.700805059433414, 21.290384320194232, 0.0 ], [ 39.70080816519809, 21.290380278144944, 0.0 ], [ 39.700811208050169, 21.290376194306685, 0.0 ], [ 39.700814187349074, 21.29037206953921, 0.0 ], [ 39.700817102467596, 21.290367904710862, 0.0 ], [ 39.700819952792038, 21.29036370069846, 0.0 ], [ 39.700822737722341, 21.290359458387034, 0.0 ], [ 39.70082545667222, 21.290355178669699, 0.0 ], [ 39.700828109069263, 21.290350862447447, 0.0 ], [ 39.700830694355119, 21.29034651062895, 0.0 ], [ 39.700833211985476, 21.290342124130358, 0.0 ], [ 39.700835661430354, 21.290337703875128, 0.0 ], [ 39.700838042174077, 21.290333250793857, 0.0 ], [ 39.700840353715449, 21.290328765823997, 0.0 ], [ 39.700842595567856, 21.290324249909766, 0.0 ], [ 39.700844767259333, 21.29031970400187, 0.0 ], [ 39.700846868332668, 21.290315129057326, 0.0 ], [ 39.700848898345576, 21.290310526039267, 0.0 ], [ 39.700850856870687, 21.290305895916756, 0.0 ], [ 39.700852743495666, 21.290301239664505, 0.0 ], [ 39.700854557823391, 21.29029655826281, 0.0 ], [ 39.700856299471859, 21.290291852697198, 0.0 ], [ 39.700857968074438, 21.290287123958297, 0.0 ], [ 39.700859563279863, 21.290282373041666, 0.0 ], [ 39.700861084752312, 21.290277600947416, 0.0 ], [ 39.70086253217147, 21.290272808680228, 0.0 ], [ 39.700863905232637, 21.290267997248989, 0.0 ], [ 39.700865203646757, 21.290263167666605, 0.0 ], [ 39.70086642714049, 21.290258320949828, 0.0 ], [ 39.700867575456265, 21.290253458119015, 0.0 ], [ 39.700868648352348, 21.290248580197893, 0.0 ], [ 39.700869645602879, 21.290243688213383, 0.0 ], [ 39.700870566997928, 21.290238783195367, 0.0 ], [ 39.700871412343488, 21.290233866176479, 0.0 ], [ 39.700872181461648, 21.290228938191841, 0.0 ], [ 39.700872874190466, 21.290224000278933, 0.0 ], [ 39.700873490384154, 21.290219053477294, 0.0 ], [ 39.700874029912939, 21.290214098828354, 0.0 ], [ 39.700874492663296, 21.290209137375179, 0.0 ], [ 39.700874878537768, 21.290204170162252, 0.0 ], [ 39.700875187455161, 21.2901991982353, 0.0 ], [ 39.700875419350446, 21.290194222641048, 0.0 ], [ 39.700875574174795, 21.290189244426958, 0.0 ], [ 39.700875651895643, 21.290184264641088, 0.0 ], [ 39.700875652496606, 21.290179284331742, 0.0 ], [ 39.700875575977598, 21.29017430454746, 0.0 ], [ 39.700875422354713, 21.290169326336549, 0.0 ], [ 39.70087520628929, 21.290164623166731, 0.0 ], [ 39.700873843637737, 21.290139045470944, 0.0 ], [ 39.700849528697823, 21.290073546860398, 0.0 ] ] ] ] } },
{ "type": "Feature", "properties": { "ID": "303", "BLOCK NAME": "B.1.31.7", "FILL-TOTAL": null, "CUT-TOTAL": null, "FILL-DONE": null, "CUT-DONE": null, "FILL-REMAN": null, "CUT-REMAN": null, "EQUPIMENTS": null, "CONTRACTOR": null, "STATUS": null }, "geometry": { "type": "MultiPolygon", "coordinates": [ [ [ [ 39.701042416168264, 21.289141656849058, 0.0 ], [ 39.701042940205795, 21.289083182966923, 0.0 ], [ 39.700751039527667, 21.288699767251508, 0.0 ], [ 39.700705534976116, 21.288699279386872, 0.0 ], [ 39.700387895456245, 21.289096798849791, 0.0 ], [ 39.700387175196937, 21.28915513618146, 0.0 ], [ 39.700772700151504, 21.289661528941444, 0.0 ], [ 39.700853595222739, 21.289644662567156, 0.0 ], [ 39.700854157607424, 21.289636321978982, 0.0 ], [ 39.700854796939197, 21.289627986249908, 0.0 ], [ 39.700855513170239, 21.289619656003204, 0.0 ], [ 39.700856306246969, 21.289611331861668, 0.0 ], [ 39.700857176110112, 21.289603014447657, 0.0 ], [ 39.700858122694576, 21.289594704383038, 0.0 ], [ 39.700859145929613, 21.289586402289117, 0.0 ], [ 39.700860245738696, 21.289578108786614, 0.0 ], [ 39.700861422039566, 21.289569824495576, 0.0 ], [ 39.700862674744293, 21.289561550035437, 0.0 ], [ 39.700864003759179, 21.289553286024798, 0.0 ], [ 39.700865408984853, 21.289545033081549, 0.0 ], [ 39.700866890316242, 21.289536791822716, 0.0 ], [ 39.700868447642591, 21.289528562864451, 0.0 ], [ 39.700870080847444, 21.289520346822044, 0.0 ], [ 39.700871789808673, 21.289512144309704, 0.0 ], [ 39.7008735743985, 21.289503955940759, 0.0 ], [ 39.700875434483486, 21.289495782327389, 0.0 ], [ 39.700877369924548, 21.289487624080721, 0.0 ], [ 39.700879380576964, 21.289479481810691, 0.0 ], [ 39.700881466290404, 21.289471356126068, 0.0 ], [ 39.700883626908897, 21.289463247634387, 0.0 ], [ 39.700885862270923, 21.289455156941877, 0.0 ], [ 39.700888172209297, 21.289447084653432, 0.0 ], [ 39.700890556551336, 21.289439031372599, 0.0 ], [ 39.700893015118751, 21.289430997701473, 0.0 ], [ 39.700895547727733, 21.289422984240723, 0.0 ], [ 39.70089815418887, 21.289414991589435, 0.0 ], [ 39.700900834307326, 21.28940702034523, 0.0 ], [ 39.700903587882685, 21.289399071104057, 0.0 ], [ 39.70090641470906, 21.289391144460261, 0.0 ], [ 39.700909314575092, 21.289383241006473, 0.0 ], [ 39.700912287263954, 21.289375361333597, 0.0 ], [ 39.7009153325534, 21.289367506030764, 0.0 ], [ 39.700918450215724, 21.289359675685297, 0.0 ], [ 39.700921640017818, 21.289351870882616, 0.0 ], [ 39.700924901721173, 21.289344092206232, 0.0 ], [ 39.700928235081939, 21.289336340237771, 0.0 ], [ 39.700931639850857, 21.289328615556769, 0.0 ], [ 39.700935115773383, 21.289320918740795, 0.0 ], [ 39.700938662589614, 21.289313250365282, 0.0 ], [ 39.70094228003434, 21.289305611003613, 0.0 ], [ 39.700945967837143, 21.289298001226868, 0.0 ], [ 39.700949725722232, 21.289290421604044, 0.0 ], [ 39.700953553408688, 21.289282872701822, 0.0 ], [ 39.700957450610282, 21.289275355084609, 0.0 ], [ 39.700961417035636, 21.289267869314443, 0.0 ], [ 39.700965452388196, 21.289260415951034, 0.0 ], [ 39.70096955636626, 21.289252995551596, 0.0 ], [ 39.700973728662959, 21.289245608670964, 0.0 ], [ 39.700977968966349, 21.289238255861374, 0.0 ], [ 39.70098227695938, 21.289230937672592, 0.0 ], [ 39.700986652319962, 21.289223654651742, 0.0 ], [ 39.700991094720983, 21.289216407343368, 0.0 ], [ 39.700995603830258, 21.289209196289299, 0.0 ], [ 39.701000179310661, 21.289202022028665, 0.0 ], [ 39.701004820820117, 21.289194885097871, 0.0 ], [ 39.701009528011568, 21.289187786030503, 0.0 ], [ 39.701014300533089, 21.28918072535733, 0.0 ], [ 39.701019138027846, 21.289173703606245, 0.0 ], [ 39.701024040134129, 21.28916672130222, 0.0 ], [ 39.701029006485449, 21.289159778967289, 0.0 ], [ 39.701034036710475, 21.289152877120515, 0.0 ], [ 39.701039130433124, 21.289146016277893, 0.0 ], [ 39.701042416168264, 21.289141656849058, 0.0 ] ] ] ] } },
{ "type": "Feature", "properties": { "ID": "310", "BLOCK NAME": "B.1.31.8", "FILL-TOTAL": null, "CUT-TOTAL": null, "FILL-DONE": null, "CUT-DONE": null, "FILL-REMAN": null, "CUT-REMAN": null, "EQUPIMENTS": null, "CONTRACTOR": null, "STATUS": null }, "geometry": { "type": "MultiPolygon", "coordinates": [ [ [ [ 39.701710582504177, 21.288715728200224, 0.0 ], [ 39.701236188511295, 21.288092607490999, 0.0 ], [ 39.701190684149225, 21.288092119752243, 0.0 ], [ 39.700873047216298, 21.288489640103496, 0.0 ], [ 39.700872327143998, 21.288547977438583, 0.0 ], [ 39.701177138554208, 21.288948351322279, 0.0 ], [ 39.701228874459979, 21.288954318619471, 0.0 ], [ 39.701235793007314, 21.28894904351074, 0.0 ], [ 39.701242759967705, 21.288943824645806, 0.0 ], [ 39.701249774820283, 21.288938662414861, 0.0 ], [ 39.701256837040553, 21.288933557203848, 0.0 ], [ 39.701263946100504, 21.288928509394459, 0.0 ], [ 39.701271101468627, 21.288923519364079, 0.0 ], [ 39.701278302609957, 21.288918587485814, 0.0 ], [ 39.701285548986078, 21.28891371412838, 0.0 ], [ 39.701292840055245, 21.288908899656143, 0.0 ], [ 39.701300175272301, 21.288904144429051, 0.0 ], [ 39.701307554088849, 21.288899448802621, 0.0 ], [ 39.701314975953196, 21.288894813127907, 0.0 ], [ 39.701322440310449, 21.288890237751524, 0.0 ], [ 39.701329946602527, 21.288885723015554, 0.0 ], [ 39.701337494268223, 21.288881269257516, 0.0 ], [ 39.701345082743252, 21.288876876810392, 0.0 ], [ 39.701352711460231, 21.288872546002594, 0.0 ], [ 39.701360379848801, 21.288868277157906, 0.0 ], [ 39.701368087335638, 21.288864070595494, 0.0 ], [ 39.701375833344514, 21.288859926629858, 0.0 ], [ 39.701383617296266, 21.288855845570826, 0.0 ], [ 39.70139143860893, 21.288851827723512, 0.0 ], [ 39.701399296697751, 21.288847873388306, 0.0 ], [ 39.701407190975232, 21.288843982860865, 0.0 ], [ 39.701415120851124, 21.288840156432041, 0.0 ], [ 39.701423085732586, 21.288836394387936, 0.0 ], [ 39.701431085024076, 21.288832697009806, 0.0 ], [ 39.701439118127567, 21.288829064574092, 0.0 ], [ 39.701447184442451, 21.288825497352367, 0.0 ], [ 39.701455283365654, 21.288821995611336, 0.0 ], [ 39.701463414291652, 21.2888185596128, 0.0 ], [ 39.701471576612541, 21.288815189613668, 0.0 ], [ 39.701479769718077, 21.288811885865865, 0.0 ], [ 39.701487992995666, 21.288808648616417, 0.0 ], [ 39.701496245830533, 21.288805478107346, 0.0 ], [ 39.701504527605643, 21.288802374575713, 0.0 ], [ 39.701512837701813, 21.288799338253529, 0.0 ], [ 39.701521175497739, 21.288796369367816, 0.0 ], [ 39.701529540370025, 21.288793468140547, 0.0 ], [ 39.701537931693309, 21.288790634788601, 0.0 ], [ 39.701546348840196, 21.288787869523844, 0.0 ], [ 39.701554791181387, 21.288785172553013, 0.0 ], [ 39.701563258085677, 21.288782544077741, 0.0 ], [ 39.701571748920045, 21.288779984294536, 0.0 ], [ 39.701580263049692, 21.288777493394786, 0.0 ], [ 39.701588799838042, 21.288775071564739, 0.0 ], [ 39.70159735864685, 21.288772718985435, 0.0 ], [ 39.701605938836231, 21.288770435832777, 0.0 ], [ 39.701614539764648, 21.288768222277469, 0.0 ], [ 39.701623160789133, 21.28876607848499, 0.0 ], [ 39.701631801265052, 21.288764004615629, 0.0 ], [ 39.701640460546457, 21.288762000824445, 0.0 ], [ 39.701649137985918, 21.288760067261247, 0.0 ], [ 39.701657832934686, 21.288758204070575, 0.0 ], [ 39.70166654474265, 21.288756411391756, 0.0 ], [ 39.701675272758514, 21.288754689358818, 0.0 ], [ 39.701684016329715, 21.288753038100481, 0.0 ], [ 39.701692774802531, 21.288751457740229, 0.0 ], [ 39.701694937374256, 21.288751078844463, 0.0 ], [ 39.701710582504177, 21.288715728200224, 0.0 ] ] ] ] } },
{ "type": "Feature", "properties": { "ID": "392", "BLOCK NAME": "B.1.3.10+11", "FILL-TOTAL": null, "CUT-TOTAL": null, "FILL-DONE": null, "CUT-DONE": null, "FILL-REMAN": null, "CUT-REMAN": null, "EQUPIMENTS": null, "CONTRACTOR": null, "STATUS": null }, "geometry": { "type": "MultiPolygon", "coordinates": [ [ [ [ 39.709319657456021, 21.297011248312288, 0.0 ], [ 39.709338346463767, 21.296541868573087, 0.0 ], [ 39.709301247800632, 21.296504419982536, 0.0 ], [ 39.70648810081439, 21.296406396735257, 0.0 ], [ 39.706448126249732, 21.296441159756302, 0.0 ], [ 39.706429428043066, 21.296910539478791, 0.0 ], [ 39.706466526101963, 21.296947988723158, 0.0 ], [ 39.709279683419496, 21.297046011988847, 0.0 ], [ 39.709319657456021, 21.297011248312288, 0.0 ] ] ] ] } },
{ "type": "Feature", "properties": { "ID": "426", "BLOCK NAME": "B.1.4.12", "FILL-TOTAL": null, "CUT-TOTAL": null, "FILL-DONE": null, "CUT-DONE": null, "FILL-REMAN": null, "CUT-REMAN": null, "EQUPIMENTS": null, "CONTRACTOR": null, "STATUS": null }, "geometry": { "type": "MultiPolygon", "coordinates": [ [ [ [ 39.710177246851629, 21.297764244919971, 0.0 ], [ 39.710224681154735, 21.296572742581837, 0.0 ], [ 39.710187582264481, 21.296535294195511, 0.0 ], [ 39.709686610582352, 21.296517844131731, 0.0 ], [ 39.709646636764816, 21.296552607892426, 0.0 ], [ 39.709599197791263, 21.297744110223274, 0.0 ], [ 39.709636296849723, 21.297781558725163, 0.0 ], [ 39.710137272824923, 21.29779900879603, 0.0 ], [ 39.710177246851629, 21.297764244919971, 0.0 ] ] ] ] } },
{ "type": "Feature", "properties": { "ID": "333", "BLOCK NAME": "B.1.4.14", "FILL-TOTAL": null, "CUT-TOTAL": null, "FILL-DONE": null, "CUT-DONE": null, "FILL-REMAN": null, "CUT-REMAN": null, "EQUPIMENTS": null, "CONTRACTOR": null, "STATUS": null }, "geometry": { "type": "MultiPolygon", "coordinates": [ [ [ [ 39.711208905409784, 21.297077051266132, 0.0 ], [ 39.711227588404199, 21.29660767151729, 0.0 ], [ 39.711190489257071, 21.296570223362171, 0.0 ], [ 39.710457336277599, 21.296544689760825, 0.0 ], [ 39.710417362639838, 21.296579453699973, 0.0 ], [ 39.710398677066614, 21.297048833444673, 0.0 ], [ 39.710435776142347, 21.297086281774149, 0.0 ], [ 39.711168931814328, 21.297111815379843, 0.0 ], [ 39.711208905409784, 21.297077051266132, 0.0 ] ] ] ] } },
{ "type": "Feature", "properties": { "ID": "239", "BLOCK NAME": "B.1.4.13", "FILL-TOTAL": null, "CUT-TOTAL": null, "FILL-DONE": null, "CUT-DONE": null, "FILL-REMAN": null, "CUT-REMAN": null, "EQUPIMENTS": null, "CONTRACTOR": null, "STATUS": null }, "geometry": { "type": "MultiPolygon", "coordinates": [ [ [ [ 39.711180162204343, 21.297799173868544, 0.0 ], [ 39.711198845306811, 21.297329794189153, 0.0 ], [ 39.711161745979304, 21.297292346039068, 0.0 ], [ 39.710428589409744, 21.297266812431975, 0.0 ], [ 39.710388615574956, 21.297301576365452, 0.0 ], [ 39.71036992989356, 21.297770956040679, 0.0 ], [ 39.710407029149664, 21.297808404365135, 0.0 ], [ 39.711140188411854, 21.297833937976598, 0.0 ], [ 39.711180162204343, 21.297799173868544, 0.0 ] ] ] ] } },
{ "type": "Feature", "properties": { "ID": "398", "BLOCK NAME": "B.1.1.6", "FILL-TOTAL": null, "CUT-TOTAL": null, "FILL-DONE": null, "CUT-DONE": null, "FILL-REMAN": null, "CUT-REMAN": null, "EQUPIMENTS": null, "CONTRACTOR": null, "STATUS": null }, "geometry": { "type": "MultiPolygon", "coordinates": [ [ [ [ 39.707822915716861, 21.30140631630557, 0.0 ], [ 39.707841609592833, 21.300936937001016, 0.0 ], [ 39.707804510158425, 21.300899488137038, 0.0 ], [ 39.706926182910948, 21.300868882109462, 0.0 ], [ 39.706890159457551, 21.300903593058745, 0.0 ], [ 39.706891940803352, 21.300927759271708, 0.0 ], [ 39.706893799087055, 21.300951920389384, 0.0 ], [ 39.706895734292175, 21.300976076196761, 0.0 ], [ 39.706897746401509, 21.30100022647888, 0.0 ], [ 39.706899835397202, 21.301024371020844, 0.0 ], [ 39.706902001260694, 21.301048509607739, 0.0 ], [ 39.706904243972751, 21.301072642024806, 0.0 ], [ 39.706906563513478, 21.301096768057299, 0.0 ], [ 39.706908959862233, 21.301120887490484, 0.0 ], [ 39.706911432997742, 21.301145000109752, 0.0 ], [ 39.706913982898023, 21.301169105700513, 0.0 ], [ 39.706916609540457, 21.301193204048246, 0.0 ], [ 39.706919312901682, 21.301217294938532, 0.0 ], [ 39.706922092957683, 21.301241378156949, 0.0 ], [ 39.706924949683739, 21.301265453489201, 0.0 ], [ 39.706927883054497, 21.301289520721031, 0.0 ], [ 39.706930893043875, 21.301313579638265, 0.0 ], [ 39.706933979625127, 21.301337630026836, 0.0 ], [ 39.706937142770812, 21.301361671672673, 0.0 ], [ 39.706939066518601, 21.30137601186253, 0.0 ], [ 39.706982532326997, 21.301413189064263, 0.0 ], [ 39.707782940160001, 21.301441079642025, 0.0 ], [ 39.707822915716861, 21.30140631630557, 0.0 ] ] ] ] } },
{ "type": "Feature", "properties": { "ID": "282", "BLOCK NAME": "B.1.3.4", "FILL-TOTAL": null, "CUT-TOTAL": null, "FILL-DONE": null, "CUT-DONE": null, "FILL-REMAN": null, "CUT-REMAN": null, "EQUPIMENTS": null, "CONTRACTOR": null, "STATUS": null }, "geometry": { "type": "MultiPolygon", "coordinates": [ [ [ [ 39.70846266017876, 21.299150764939419, 0.0 ], [ 39.708481351964743, 21.298681385412987, 0.0 ], [ 39.708444252957854, 21.298643936659797, 0.0 ], [ 39.706809154044663, 21.298586961149422, 0.0 ], [ 39.706772451750659, 21.298621708096622, 0.0 ], [ 39.706796400084471, 21.299092834235406, 0.0 ], [ 39.706836771578473, 21.299130267207691, 0.0 ], [ 39.708422685370948, 21.2991855284208, 0.0 ], [ 39.70846266017876, 21.299150764939419, 0.0 ] ] ] ] } },
{ "type": "Feature", "properties": { "ID": "383", "BLOCK NAME": "B.1.3.6", "FILL-TOTAL": null, "CUT-TOTAL": null, "FILL-DONE": null, "CUT-DONE": null, "FILL-REMAN": null, "CUT-REMAN": null, "EQUPIMENTS": null, "CONTRACTOR": null, "STATUS": null }, "geometry": { "type": "MultiPolygon", "coordinates": [ [ [ [ 39.708491416743392, 21.298428642572354, 0.0 ], [ 39.708510108420924, 21.297959262976455, 0.0 ], [ 39.708473009594449, 21.297921814218252, 0.0 ], [ 39.706772331083172, 21.297862552957017, 0.0 ], [ 39.706735628954888, 21.297897299895968, 0.0 ], [ 39.70675957697884, 21.298368426120163, 0.0 ], [ 39.706799948259629, 21.298405859113796, 0.0 ], [ 39.708451442132649, 21.298463406059426, 0.0 ], [ 39.708491416743392, 21.298428642572354, 0.0 ] ] ] ] } },
{ "type": "Feature", "properties": { "ID": "404", "BLOCK NAME": "B.1.3.5", "FILL-TOTAL": null, "CUT-TOTAL": null, "FILL-DONE": null, "CUT-DONE": null, "FILL-REMAN": null, "CUT-REMAN": null, "EQUPIMENTS": null, "CONTRACTOR": null, "STATUS": null }, "geometry": { "type": "MultiPolygon", "coordinates": [ [ [ [ 39.709233399585493, 21.299177615753205, 0.0 ], [ 39.709280841599906, 21.297986113779533, 0.0 ], [ 39.709243742576099, 21.297948665199094, 0.0 ], [ 39.708742766118114, 21.297931212466448, 0.0 ], [ 39.708702791699316, 21.297965976010982, 0.0 ], [ 39.708655345014066, 21.299157477976578, 0.0 ], [ 39.708692444206442, 21.299194926672943, 0.0 ], [ 39.709193424957682, 21.2992123794129, 0.0 ], [ 39.709233399585493, 21.299177615753205, 0.0 ] ] ] ] } },
{ "type": "Feature", "properties": { "ID": "351", "BLOCK NAME": "B.1.4.3", "FILL-TOTAL": null, "CUT-TOTAL": null, "FILL-DONE": null, "CUT-DONE": null, "FILL-REMAN": null, "CUT-REMAN": null, "EQUPIMENTS": null, "CONTRACTOR": null, "STATUS": null }, "geometry": { "type": "MultiPolygon", "coordinates": [ [ [ [ 39.7100347615415, 21.301343263451411, 0.0 ], [ 39.710096571560484, 21.299790700879953, 0.0 ], [ 39.710059184377918, 21.299760473738441, 0.0 ], [ 39.709558201738794, 21.299743023656493, 0.0 ], [ 39.709518514555967, 21.299770566169862, 0.0 ], [ 39.709456698450012, 21.301323128731113, 0.0 ], [ 39.709493798402804, 21.301360577208332, 0.0 ], [ 39.709994786538118, 21.301378027299453, 0.0 ], [ 39.7100347615415, 21.301343263451411, 0.0 ] ] ] ] } },
{ "type": "Feature", "properties": { "ID": "290", "BLOCK NAME": "B.1.4.8", "FILL-TOTAL": null, "CUT-TOTAL": null, "FILL-DONE": null, "CUT-DONE": null, "FILL-REMAN": null, "CUT-REMAN": null, "EQUPIMENTS": null, "CONTRACTOR": null, "STATUS": null }, "geometry": { "type": "MultiPolygon", "coordinates": [ [ [ [ 39.71010634609766, 21.299545179311838, 0.0 ], [ 39.710139694373765, 21.298707517398093, 0.0 ], [ 39.71010259495025, 21.298670069026649, 0.0 ], [ 39.709601616015881, 21.298652618950872, 0.0 ], [ 39.709561641615636, 21.298687382695029, 0.0 ], [ 39.709528290055687, 21.299525044603325, 0.0 ], [ 39.709565389559266, 21.299562493093045, 0.0 ], [ 39.710066371584986, 21.299579943173963, 0.0 ], [ 39.71010634609766, 21.299545179311838, 0.0 ] ] ] ] } },
{ "type": "Feature", "properties": { "ID": "469", "BLOCK NAME": "B.1.4.9", "FILL-TOTAL": null, "CUT-TOTAL": null, "FILL-DONE": null, "CUT-DONE": null, "FILL-REMAN": null, "CUT-REMAN": null, "EQUPIMENTS": null, "CONTRACTOR": null, "STATUS": null }, "geometry": { "type": "MultiPolygon", "coordinates": [ [ [ [ 39.711123932827782, 21.299211825900628, 0.0 ], [ 39.711142616141593, 21.298742446357082, 0.0 ], [ 39.71110551646116, 21.298704998216863, 0.0 ], [ 39.710372352868461, 21.298679464598372, 0.0 ], [ 39.710332378648204, 21.298714228520808, 0.0 ], [ 39.710313692755172, 21.299183608060165, 0.0 ], [ 39.710350792364189, 21.299221056374776, 0.0 ], [ 39.711083958649837, 21.299246589997644, 0.0 ], [ 39.711123932827782, 21.299211825900628, 0.0 ] ] ] ] } },
{ "type": "Feature", "properties": { "ID": "274", "BLOCK NAME": "B.1.4.7", "FILL-TOTAL": null, "CUT-TOTAL": null, "FILL-DONE": null, "CUT-DONE": null, "FILL-REMAN": null, "CUT-REMAN": null, "EQUPIMENTS": null, "CONTRACTOR": null, "STATUS": null }, "geometry": { "type": "MultiPolygon", "coordinates": [ [ [ [ 39.711095189130852, 21.299933948187146, 0.0 ], [ 39.711113872552765, 21.299464568713077, 0.0 ], [ 39.711076772691925, 21.299427120577896, 0.0 ], [ 39.710343605508633, 21.299401586953572, 0.0 ], [ 39.710303631091335, 21.299436350870366, 0.0 ], [ 39.710284945090095, 21.299905730340448, 0.0 ], [ 39.710322044879518, 21.299943178650008, 0.0 ], [ 39.711055214755852, 21.299968712278528, 0.0 ], [ 39.711095189130852, 21.299933948187146, 0.0 ] ] ] ] } },
{ "type": "Feature", "properties": { "ID": "499", "BLOCK NAME": "B.1.4.5", "FILL-TOTAL": null, "CUT-TOTAL": null, "FILL-DONE": null, "CUT-DONE": null, "FILL-REMAN": null, "CUT-REMAN": null, "EQUPIMENTS": null, "CONTRACTOR": null, "STATUS": null }, "geometry": { "type": "MultiPolygon", "coordinates": [ [ [ [ 39.711066445267605, 21.30065607036672, 0.0 ], [ 39.711085128797627, 21.300186690962178, 0.0 ], [ 39.711048028756203, 21.300149242831854, 0.0 ], [ 39.710314857982361, 21.300123709201703, 0.0 ], [ 39.710274883367994, 21.300158473112845, 0.0 ], [ 39.710256197258538, 21.300627852513347, 0.0 ], [ 39.710293297228397, 21.300665300817879, 0.0 ], [ 39.71102647069555, 21.300690834452453, 0.0 ], [ 39.711066445267605, 21.30065607036672, 0.0 ] ] ] ] } },
{ "type": "Feature", "properties": { "ID": "494", "BLOCK NAME": "B.1.4.4", "FILL-TOTAL": null, "CUT-TOTAL": null, "FILL-DONE": null, "CUT-DONE": null, "FILL-REMAN": null, "CUT-REMAN": null, "EQUPIMENTS": null, "CONTRACTOR": null, "STATUS": null }, "geometry": { "type": "MultiPolygon", "coordinates": [ [ [ [ 39.711037701238048, 21.301378192439707, 0.0 ], [ 39.711056384876173, 21.30090881310441, 0.0 ], [ 39.71101928465449, 21.300871364979294, 0.0 ], [ 39.710286110289587, 21.300845831343256, 0.0 ], [ 39.710246135478158, 21.30088059524876, 0.0 ], [ 39.710227449260493, 21.301349974579821, 0.0 ], [ 39.710264549410745, 21.301387422879344, 0.0 ], [ 39.710997726468918, 21.301412956519776, 0.0 ], [ 39.711037701238048, 21.301378192439707, 0.0 ] ] ] ] } },
{ "type": "Feature", "properties": { "ID": "293", "BLOCK NAME": "B.1.4.1", "FILL-TOTAL": null, "CUT-TOTAL": null, "FILL-DONE": null, "CUT-DONE": null, "FILL-REMAN": null, "CUT-REMAN": null, "EQUPIMENTS": null, "CONTRACTOR": null, "STATUS": null }, "geometry": { "type": "MultiPolygon", "coordinates": [ [ [ [ 39.711008957042125, 21.302100314406005, 0.0 ], [ 39.711027640788387, 21.301630935140043, 0.0 ], [ 39.710990540386263, 21.301593487019961, 0.0 ], [ 39.709486610478613, 21.301541107705432, 0.0 ], [ 39.709446635290078, 21.301575871426955, 0.0 ], [ 39.709429384111274, 21.302009144589451, 0.0 ], [ 39.709503584378538, 21.302084041525195, 0.0 ], [ 39.710968982075919, 21.302135078480458, 0.0 ], [ 39.711008957042125, 21.302100314406005, 0.0 ] ] ] ] } },
{ "type": "Feature", "properties": { "ID": "486", "BLOCK NAME": "B.1.5.1+2+3", "FILL-TOTAL": null, "CUT-TOTAL": null, "FILL-DONE": null, "CUT-DONE": null, "FILL-REMAN": null, "CUT-REMAN": null, "EQUPIMENTS": null, "CONTRACTOR": null, "STATUS": null }, "geometry": { "type": "MultiPolygon", "coordinates": [ [ [ [ 39.709121082401403, 21.301998405250668, 0.0 ], [ 39.709189551259534, 21.300278852166961, 0.0 ], [ 39.709133901871589, 21.300222679316622, 0.0 ], [ 39.708237910980436, 21.300191464588028, 0.0 ], [ 39.708177948268904, 21.300243609730806, 0.0 ], [ 39.708108748650467, 21.301981215841451, 0.0 ], [ 39.708164398343278, 21.302037389002944, 0.0 ], [ 39.709041131587263, 21.302067932516632, 0.0 ], [ 39.709121082401403, 21.301998405250668, 0.0 ] ] ] ] } },
{ "type": "Feature", "properties": { "ID": "489", "BLOCK NAME": "B.1.2.2", "FILL-TOTAL": null, "CUT-TOTAL": null, "FILL-DONE": null, "CUT-DONE": null, "FILL-REMAN": null, "CUT-REMAN": null, "EQUPIMENTS": null, "CONTRACTOR": null, "STATUS": null }, "geometry": { "type": "MultiPolygon", "coordinates": [ [ [ [ 39.708595514240521, 21.304294091621813, 0.0 ], [ 39.708671717537598, 21.302380469120031, 0.0 ], [ 39.70863461752316, 21.30234302047019, 0.0 ], [ 39.708133626146946, 21.302325566410136, 0.0 ], [ 39.708093650423464, 21.302360329819731, 0.0 ], [ 39.708017439622665, 21.304273952308321, 0.0 ], [ 39.708054539986001, 21.304311401069029, 0.0 ], [ 39.708555538110836, 21.304328855140941, 0.0 ], [ 39.708595514240521, 21.304294091621813, 0.0 ] ] ] ] } },
{ "type": "Feature", "properties": { "ID": "501", "BLOCK NAME": "B.1.2.3", "FILL-TOTAL": null, "CUT-TOTAL": null, "FILL-DONE": null, "CUT-DONE": null, "FILL-REMAN": null, "CUT-REMAN": null, "EQUPIMENTS": null, "CONTRACTOR": null, "STATUS": null }, "geometry": { "type": "MultiPolygon", "coordinates": [ [ [ [ 39.709816872064764, 21.302890389349582, 0.0 ], [ 39.709835559625574, 21.302421010169592, 0.0 ], [ 39.709798459312914, 21.302383561788076, 0.0 ], [ 39.708904382141093, 21.302352418187048, 0.0 ], [ 39.708864406597499, 21.302387181775082, 0.0 ], [ 39.708845715944697, 21.302856560949795, 0.0 ], [ 39.708882816144673, 21.302894009542815, 0.0 ], [ 39.709776896601177, 21.302925153149353, 0.0 ], [ 39.709816872064764, 21.302890389349582, 0.0 ] ] ] ] } },
{ "type": "Feature", "properties": { "ID": "355", "BLOCK NAME": "B.1.2.4", "FILL-TOTAL": null, "CUT-TOTAL": null, "FILL-DONE": null, "CUT-DONE": null, "FILL-REMAN": null, "CUT-REMAN": null, "EQUPIMENTS": null, "CONTRACTOR": null, "STATUS": null }, "geometry": { "type": "MultiPolygon", "coordinates": [ [ [ [ 39.709788121833746, 21.303612511076842, 0.0 ], [ 39.709806809502858, 21.303143131966266, 0.0 ], [ 39.709769709009755, 21.30310568358977, 0.0 ], [ 39.708875627458404, 21.303074539981349, 0.0 ], [ 39.708835651717848, 21.303109303563623, 0.0 ], [ 39.708816960956604, 21.303578682668892, 0.0 ], [ 39.708854061337, 21.303616131256909, 0.0 ], [ 39.709748146173055, 21.303647274870965, 0.0 ], [ 39.709788121833746, 21.303612511076842, 0.0 ] ] ] ] } },
{ "type": "Feature", "properties": { "ID": "240", "BLOCK NAME": "B.1.2.5", "FILL-TOTAL": null, "CUT-TOTAL": null, "FILL-DONE": null, "CUT-DONE": null, "FILL-REMAN": null, "CUT-REMAN": null, "EQUPIMENTS": null, "CONTRACTOR": null, "STATUS": null }, "geometry": { "type": "MultiPolygon", "coordinates": [ [ [ [ 39.709759371436114, 21.304334632697341, 0.0 ], [ 39.709778059213534, 21.303865253656149, 0.0 ], [ 39.709740958539982, 21.303827805284662, 0.0 ], [ 39.708846872609037, 21.303796661668752, 0.0 ], [ 39.708806896671362, 21.303831425245342, 0.0 ], [ 39.708788205801667, 21.304300804281215, 0.0 ], [ 39.70882530636252, 21.304338252864223, 0.0 ], [ 39.709719395578311, 21.3043693964858, 0.0 ], [ 39.709759371436114, 21.304334632697341, 0.0 ] ] ] ] } },
{ "type": "Feature", "properties": { "ID": "258", "BLOCK NAME": "B.1.2.6+7", "FILL-TOTAL": null, "CUT-TOTAL": null, "FILL-DONE": null, "CUT-DONE": null, "FILL-REMAN": null, "CUT-REMAN": null, "EQUPIMENTS": null, "CONTRACTOR": null, "STATUS": null }, "geometry": { "type": "MultiPolygon", "coordinates": [ [ [ [ 39.710530138009943, 21.304361476622994, 0.0 ], [ 39.710606316194337, 21.302447854078498, 0.0 ], [ 39.710569215684195, 21.302410405874667, 0.0 ], [ 39.710068224023004, 21.302392957623368, 0.0 ], [ 39.710028248751399, 21.302427721480605, 0.0 ], [ 39.709952063063177, 21.30434134401256, 0.0 ], [ 39.709989163922288, 21.304378792327228, 0.0 ], [ 39.710490162332199, 21.304396240589806, 0.0 ], [ 39.710530138009943, 21.304361476622994, 0.0 ] ] ] ] } },
{ "type": "Feature", "properties": { "ID": "480", "BLOCK NAME": "B.1.2.10", "FILL-TOTAL": null, "CUT-TOTAL": null, "FILL-DONE": null, "CUT-DONE": null, "FILL-REMAN": null, "CUT-REMAN": null, "EQUPIMENTS": null, "CONTRACTOR": null, "STATUS": null }, "geometry": { "type": "MultiPolygon", "coordinates": [ [ [ [ 39.71172273678777, 21.303679882566797, 0.0 ], [ 39.71174141829713, 21.303210503446071, 0.0 ], [ 39.711704317308339, 21.303173055515625, 0.0 ], [ 39.71081023524895, 21.303141922273952, 0.0 ], [ 39.710770259960292, 21.303176686303861, 0.0 ], [ 39.710751575358778, 21.303646065419546, 0.0 ], [ 39.710788676234927, 21.303683513561516, 0.0 ], [ 39.711682761579027, 21.303714646808537, 0.0 ], [ 39.71172273678777, 21.303679882566797, 0.0 ] ] ] ] } },
{ "type": "Feature", "properties": { "ID": "325", "BLOCK NAME": "B.1.2.9", "FILL-TOTAL": null, "CUT-TOTAL": null, "FILL-DONE": null, "CUT-DONE": null, "FILL-REMAN": null, "CUT-REMAN": null, "EQUPIMENTS": null, "CONTRACTOR": null, "STATUS": null }, "geometry": { "type": "MultiPolygon", "coordinates": [ [ [ [ 39.711693995866995, 21.304402004202913, 0.0 ], [ 39.711712677484414, 21.303932625151539, 0.0 ], [ 39.711675576315152, 21.303895177226135, 0.0 ], [ 39.710781489876119, 21.30386404397737, 0.0 ], [ 39.710741514390364, 21.30389880800163, 0.0 ], [ 39.710722829680662, 21.304368187047952, 0.0 ], [ 39.710759930737268, 21.304405635184903, 0.0 ], [ 39.71165402046114, 21.304436768439025, 0.0 ], [ 39.711693995866995, 21.304402004202913, 0.0 ] ] ] ] } },
{ "type": "Feature", "properties": { "ID": "307", "BLOCK NAME": "B.1.8.3", "FILL-TOTAL": null, "CUT-TOTAL": null, "FILL-DONE": null, "CUT-DONE": null, "FILL-REMAN": null, "CUT-REMAN": null, "EQUPIMENTS": null, "CONTRACTOR": null, "STATUS": null }, "geometry": { "type": "MultiPolygon", "coordinates": [ [ [ [ 39.719468911569322, 21.304640895337936, 0.0 ], [ 39.719487568429393, 21.304171516247838, 0.0 ], [ 39.719450465276552, 21.304134070115094, 0.0 ], [ 39.718851587932548, 21.304113244907121, 0.0 ], [ 39.7188116143409, 21.304148010798354, 0.0 ], [ 39.71879295532846, 21.304617389885667, 0.0 ], [ 39.718830058444411, 21.304654836161902, 0.0 ], [ 39.719428937988724, 21.304675661372723, 0.0 ], [ 39.719468911569322, 21.304640895337936, 0.0 ] ] ] ] } },
{ "type": "Feature", "properties": { "ID": "360", "BLOCK NAME": "B.1.8.4", "FILL-TOTAL": null, "CUT-TOTAL": null, "FILL-DONE": null, "CUT-DONE": null, "FILL-REMAN": null, "CUT-REMAN": null, "EQUPIMENTS": null, "CONTRACTOR": null, "STATUS": null }, "geometry": { "type": "MultiPolygon", "coordinates": [ [ [ [ 39.71949761440213, 21.303918773642245, 0.0 ], [ 39.719516271155172, 21.303449394482932, 0.0 ], [ 39.719479168182886, 21.303411948345108, 0.0 ], [ 39.718880293772571, 21.303391123140894, 0.0 ], [ 39.718840320377929, 21.30342588903769, 0.0 ], [ 39.718821661472617, 21.303895268194253, 0.0 ], [ 39.718858764408019, 21.303932714475561, 0.0 ], [ 39.719457641018558, 21.303953539682581, 0.0 ], [ 39.71949761440213, 21.303918773642245, 0.0 ] ] ] ] } },
{ "type": "Feature", "properties": { "ID": "407", "BLOCK NAME": "B.1.8.2", "FILL-TOTAL": null, "CUT-TOTAL": null, "FILL-DONE": null, "CUT-DONE": null, "FILL-REMAN": null, "CUT-REMAN": null, "EQUPIMENTS": null, "CONTRACTOR": null, "STATUS": null }, "geometry": { "type": "MultiPolygon", "coordinates": [ [ [ [ 39.718600263244667, 21.30461068877996, 0.0 ], [ 39.718647629851645, 21.303419187934004, 0.0 ], [ 39.718610527101852, 21.303381741595789, 0.0 ], [ 39.718109531912305, 21.30336431756912, 0.0 ], [ 39.718069558337476, 21.303399083287673, 0.0 ], [ 39.718022187057947, 21.304590584127428, 0.0 ], [ 39.718059289976452, 21.304628030581451, 0.0 ], [ 39.718560289461031, 21.304645454613819, 0.0 ], [ 39.718600263244667, 21.30461068877996, 0.0 ] ] ] ] } },
{ "type": "Feature", "properties": { "ID": "343", "BLOCK NAME": "B.1.7.11", "FILL-TOTAL": null, "CUT-TOTAL": null, "FILL-DONE": null, "CUT-DONE": null, "FILL-REMAN": null, "CUT-REMAN": null, "EQUPIMENTS": null, "CONTRACTOR": null, "STATUS": null }, "geometry": { "type": "MultiPolygon", "coordinates": [ [ [ [ 39.717716063790284, 21.304524931353761, 0.0 ], [ 39.717759997452802, 21.303419952819667, 0.0 ], [ 39.717722894922154, 21.303382506277238, 0.0 ], [ 39.717221899754527, 21.30336507958879, 0.0 ], [ 39.71718192596397, 21.303399845102032, 0.0 ], [ 39.717137987968293, 21.304504823630207, 0.0 ], [ 39.717175090646016, 21.304542270289083, 0.0 ], [ 39.717676089814475, 21.304559696982984, 0.0 ], [ 39.717716063790284, 21.304524931353761, 0.0 ] ] ] ] } },
{ "type": "Feature", "properties": { "ID": "356", "BLOCK NAME": "B.1.7.10", "FILL-TOTAL": null, "CUT-TOTAL": null, "FILL-DONE": null, "CUT-DONE": null, "FILL-REMAN": null, "CUT-REMAN": null, "EQUPIMENTS": null, "CONTRACTOR": null, "STATUS": null }, "geometry": { "type": "MultiPolygon", "coordinates": [ [ [ [ 39.716945296049268, 21.304498120610596, 0.0 ], [ 39.716989235489336, 21.303393142084406, 0.0 ], [ 39.716952133156113, 21.303355695364186, 0.0 ], [ 39.716451138101029, 21.303338266361301, 0.0 ], [ 39.716411164130356, 21.303373031696253, 0.0 ], [ 39.716367220357142, 21.304478010216403, 0.0 ], [ 39.71640432283742, 21.304515457053057, 0.0 ], [ 39.716905321893307, 21.304532886061526, 0.0 ], [ 39.716945296049268, 21.304498120610596, 0.0 ] ] ] ] } },
{ "type": "Feature", "properties": { "ID": "292", "BLOCK NAME": "B.1.7.5", "FILL-TOTAL": null, "CUT-TOTAL": null, "FILL-DONE": null, "CUT-DONE": null, "FILL-REMAN": null, "CUT-REMAN": null, "EQUPIMENTS": null, "CONTRACTOR": null, "STATUS": null }, "geometry": { "type": "MultiPolygon", "coordinates": [ [ [ [ 39.71522785985897, 21.30442800085903, 0.0 ], [ 39.715271400386499, 21.303333374846748, 0.0 ], [ 39.715234298493321, 21.30329592773035, 0.0 ], [ 39.714733303689378, 21.303278493569195, 0.0 ], [ 39.714693329317299, 21.303313258506751, 0.0 ], [ 39.71464978449724, 21.304407884512745, 0.0 ], [ 39.714686886534835, 21.304445331745661, 0.0 ], [ 39.715187885304374, 21.304462765912618, 0.0 ], [ 39.71522785985897, 21.30442800085903, 0.0 ] ] ] ] } },
{ "type": "Feature", "properties": { "ID": "359", "BLOCK NAME": "B.1.7.4", "FILL-TOTAL": null, "CUT-TOTAL": null, "FILL-DONE": null, "CUT-DONE": null, "FILL-REMAN": null, "CUT-REMAN": null, "EQUPIMENTS": null, "CONTRACTOR": null, "STATUS": null }, "geometry": { "type": "MultiPolygon", "coordinates": [ [ [ [ 39.714457092731699, 21.304401178618868, 0.0 ], [ 39.714500638982585, 21.30330655261502, 0.0 ], [ 39.714463537286868, 21.303269105320869, 0.0 ], [ 39.713962542595766, 21.303251668845306, 0.0 ], [ 39.713922568043593, 21.303286433604551, 0.0 ], [ 39.713879017500226, 21.304381059601969, 0.0 ], [ 39.713916119340333, 21.304418507012656, 0.0 ], [ 39.714417117997016, 21.304435943494159, 0.0 ], [ 39.714457092731699, 21.304401178618868, 0.0 ] ] ] ] } },
{ "type": "Feature", "properties": { "ID": "295", "BLOCK NAME": "B.1.7.6", "FILL-TOTAL": null, "CUT-TOTAL": null, "FILL-DONE": null, "CUT-DONE": null, "FILL-REMAN": null, "CUT-REMAN": null, "EQUPIMENTS": null, "CONTRACTOR": null, "STATUS": null }, "geometry": { "type": "MultiPolygon", "coordinates": [ [ [ [ 39.715281453579742, 21.303080632215366, 0.0 ], [ 39.715300123741962, 21.302611253008156, 0.0 ], [ 39.715263022029283, 21.302573805886674, 0.0 ], [ 39.713991272361248, 21.302529547010817, 0.0 ], [ 39.71395129800613, 21.302564311775676, 0.0 ], [ 39.713932623549326, 21.303033690976573, 0.0 ], [ 39.713969725052678, 21.303071138396671, 0.0 ], [ 39.71524147939283, 21.303115397279406, 0.0 ], [ 39.715281453579742, 21.303080632215366, 0.0 ] ] ] ] } },
{ "type": "Feature", "properties": { "ID": "409", "BLOCK NAME": "B.1.9.3", "FILL-TOTAL": null, "CUT-TOTAL": null, "FILL-DONE": null, "CUT-DONE": null, "FILL-REMAN": null, "CUT-REMAN": null, "EQUPIMENTS": null, "CONTRACTOR": null, "STATUS": null }, "geometry": { "type": "MultiPolygon", "coordinates": [ [ [ [ 39.715760378038716, 21.301542586090822, 0.0 ], [ 39.715779046641444, 21.301073206732692, 0.0 ], [ 39.715741945209942, 21.301035759696553, 0.0 ], [ 39.714043406431891, 21.300976649373947, 0.0 ], [ 39.714003432498167, 21.301011414148647, 0.0 ], [ 39.713984758242312, 21.301480793498683, 0.0 ], [ 39.714021859355171, 21.30151824093187, 0.0 ], [ 39.715720404372952, 21.301577351263433, 0.0 ], [ 39.715760378038716, 21.301542586090822, 0.0 ] ] ] ] } },
{ "type": "Feature", "properties": { "ID": "253", "BLOCK NAME": "B.1.8.8", "FILL-TOTAL": null, "CUT-TOTAL": null, "FILL-DONE": null, "CUT-DONE": null, "FILL-REMAN": null, "CUT-REMAN": null, "EQUPIMENTS": null, "CONTRACTOR": null, "STATUS": null }, "geometry": { "type": "MultiPolygon", "coordinates": [ [ [ [ 39.719553763842754, 21.302506122767433, 0.0 ], [ 39.719572420386484, 21.302036743472708, 0.0 ], [ 39.719535317767381, 21.301999297324929, 0.0 ], [ 39.718936449095686, 21.301978472127992, 0.0 ], [ 39.718896476086442, 21.302013238035695, 0.0 ], [ 39.71887781739062, 21.302482617327705, 0.0 ], [ 39.718914919972846, 21.30252006361895, 0.0 ], [ 39.719513790844594, 21.302540888818662, 0.0 ], [ 39.719553763842754, 21.302506122767433, 0.0 ] ] ] ] } },
{ "type": "Feature", "properties": { "ID": "386", "BLOCK NAME": "B.1.8.9", "FILL-TOTAL": null, "CUT-TOTAL": null, "FILL-DONE": null, "CUT-DONE": null, "FILL-REMAN": null, "CUT-REMAN": null, "EQUPIMENTS": null, "CONTRACTOR": null, "STATUS": null }, "geometry": { "type": "MultiPolygon", "coordinates": [ [ [ [ 39.719582466188911, 21.301784000756914, 0.0 ], [ 39.71960112262564, 21.301314621392951, 0.0 ], [ 39.719564020187072, 21.301277175240074, 0.0 ], [ 39.718965154448675, 21.301256350046842, 0.0 ], [ 39.71892518163645, 21.301291115960108, 0.0 ], [ 39.718906523047686, 21.301760495321361, 0.0 ], [ 39.71894362544937, 21.301797941617703, 0.0 ], [ 39.719542493387735, 21.301818766813689, 0.0 ], [ 39.719582466188911, 21.301784000756914, 0.0 ] ] ] ] } },
{ "type": "Feature", "properties": { "ID": "334", "BLOCK NAME": "B.1.11.1", "FILL-TOTAL": null, "CUT-TOTAL": null, "FILL-DONE": null, "CUT-DONE": null, "FILL-REMAN": null, "CUT-REMAN": null, "EQUPIMENTS": null, "CONTRACTOR": null, "STATUS": null }, "geometry": { "type": "MultiPolygon", "coordinates": [ [ [ [ 39.717803781913979, 21.302318716947266, 0.0 ], [ 39.717874841124335, 21.300531464758318, 0.0 ], [ 39.717837739315762, 21.300494018195575, 0.0 ], [ 39.716941746334157, 21.300462850196514, 0.0 ], [ 39.716881786684908, 21.300514998359422, 0.0 ], [ 39.716812151227352, 21.30226614442768, 0.0 ], [ 39.716886355277367, 21.302341037958612, 0.0 ], [ 39.717743821846135, 21.302370865413245, 0.0 ], [ 39.717803781913979, 21.302318716947266, 0.0 ] ] ] ] } },
{ "type": "Feature", "properties": { "ID": "445", "BLOCK NAME": "B.1.9.5", "FILL-TOTAL": null, "CUT-TOTAL": null, "FILL-DONE": null, "CUT-DONE": null, "FILL-REMAN": null, "CUT-REMAN": null, "EQUPIMENTS": null, "CONTRACTOR": null, "STATUS": null }, "geometry": { "type": "MultiPolygon", "coordinates": [ [ [ [ 39.716531130271605, 21.301569402821496, 0.0 ], [ 39.716607230287472, 21.299655778987788, 0.0 ], [ 39.716570129019544, 21.299618332119252, 0.0 ], [ 39.716069146679175, 21.299600901542821, 0.0 ], [ 39.716029173599331, 21.29963566678402, 0.0 ], [ 39.715953066080473, 21.301549290607298, 0.0 ], [ 39.715990167697527, 21.301586737586586, 0.0 ], [ 39.716491156785914, 21.3016041681724, 0.0 ], [ 39.716531130271605, 21.301569402821496, 0.0 ] ] ] ] } },
{ "type": "Feature", "properties": { "ID": "408", "BLOCK NAME": "B.1.9.4", "FILL-TOTAL": null, "CUT-TOTAL": null, "FILL-DONE": null, "CUT-DONE": null, "FILL-REMAN": null, "CUT-REMAN": null, "EQUPIMENTS": null, "CONTRACTOR": null, "STATUS": null }, "geometry": { "type": "MultiPolygon", "coordinates": [ [ [ [ 39.715789098937243, 21.300820463982653, 0.0 ], [ 39.715807767432665, 21.300351084555185, 0.0 ], [ 39.715770666181662, 21.300313637513977, 0.0 ], [ 39.714072135722496, 21.300254527203737, 0.0 ], [ 39.714032161985806, 21.300289291984061, 0.0 ], [ 39.714013487837683, 21.300758671403358, 0.0 ], [ 39.714050588770071, 21.300796118841596, 0.0 ], [ 39.715749125468477, 21.300855229160849, 0.0 ], [ 39.715789098937243, 21.300820463982653, 0.0 ] ] ] ] } },
{ "type": "Feature", "properties": { "ID": "413", "BLOCK NAME": "B.1.9.6", "FILL-TOTAL": null, "CUT-TOTAL": null, "FILL-DONE": null, "CUT-DONE": null, "FILL-REMAN": null, "CUT-REMAN": null, "EQUPIMENTS": null, "CONTRACTOR": null, "STATUS": null }, "geometry": { "type": "MultiPolygon", "coordinates": [ [ [ [ 39.715817819670356, 21.3000983417679, 0.0 ], [ 39.715836488058258, 21.299628962271115, 0.0 ], [ 39.715799386987733, 21.299591515224854, 0.0 ], [ 39.714100864847403, 21.299532404926598, 0.0 ], [ 39.714060891307753, 21.299567169712549, 0.0 ], [ 39.714042217267341, 21.300036549201174, 0.0 ], [ 39.714079318019266, 21.300073996644457, 0.0 ], [ 39.715777846398602, 21.300133106951712, 0.0 ], [ 39.715817819670356, 21.3000983417679, 0.0 ] ] ] ] } },
{ "type": "Feature", "properties": { "ID": "484", "BLOCK NAME": "B.1.10.6", "FILL-TOTAL": null, "CUT-TOTAL": null, "FILL-DONE": null, "CUT-DONE": null, "FILL-REMAN": null, "CUT-REMAN": null, "EQUPIMENTS": null, "CONTRACTOR": null, "STATUS": null }, "geometry": { "type": "MultiPolygon", "coordinates": [ [ [ [ 39.719672877503534, 21.299509315727462, 0.0 ], [ 39.719720235159585, 21.298317813623363, 0.0 ], [ 39.719683133470163, 21.298280367449344, 0.0 ], [ 39.719182155591454, 21.298262946052883, 0.0 ], [ 39.719142183619546, 21.298297712011898, 0.0 ], [ 39.719094821292344, 21.299489214110189, 0.0 ], [ 39.719131923150478, 21.299526660399977, 0.0 ], [ 39.719632905322854, 21.299544081801759, 0.0 ], [ 39.719672877503534, 21.299509315727462, 0.0 ] ] ] ] } },
{ "type": "Feature", "properties": { "ID": "435", "BLOCK NAME": "B.1.10.4", "FILL-TOTAL": null, "CUT-TOTAL": null, "FILL-DONE": null, "CUT-DONE": null, "FILL-REMAN": null, "CUT-REMAN": null, "EQUPIMENTS": null, "CONTRACTOR": null, "STATUS": null }, "geometry": { "type": "MultiPolygon", "coordinates": [ [ [ [ 39.718902135910191, 21.299482513126101, 0.0 ], [ 39.718920794463571, 21.299013133547032, 0.0 ], [ 39.718883692790989, 21.298975687200354, 0.0 ], [ 39.717754953595453, 21.298936428377448, 0.0 ], [ 39.717714981099789, 21.298971194007468, 0.0 ], [ 39.717696318707901, 21.299440573581577, 0.0 ], [ 39.7177334202079, 21.29947802019392, 0.0 ], [ 39.718862163549403, 21.299517279022179, 0.0 ], [ 39.718902135910191, 21.299482513126101, 0.0 ] ] ] ] } },
{ "type": "Feature", "properties": { "ID": "500", "BLOCK NAME": "B.1.10.3", "FILL-TOTAL": null, "CUT-TOTAL": null, "FILL-DONE": null, "CUT-DONE": null, "FILL-REMAN": null, "CUT-REMAN": null, "EQUPIMENTS": null, "CONTRACTOR": null, "STATUS": null }, "geometry": { "type": "MultiPolygon", "coordinates": [ [ [ [ 39.717503633404199, 21.299433870982611, 0.0 ], [ 39.717551008588991, 21.29824236890083, 0.0 ], [ 39.717513907455057, 21.298204922226546, 0.0 ], [ 39.717012929892689, 21.298187494317794, 0.0 ], [ 39.716972957413937, 21.298222259775173, 0.0 ], [ 39.716925577557767, 21.29941376185068, 0.0 ], [ 39.716962678860369, 21.29945120864075, 0.0 ], [ 39.717463660716618, 21.299468636555261, 0.0 ], [ 39.717503633404199, 21.299433870982611, 0.0 ] ] ] ] } },
{ "type": "Feature", "properties": { "ID": "362", "BLOCK NAME": "B.1.10.5", "FILL-TOTAL": null, "CUT-TOTAL": null, "FILL-DONE": null, "CUT-DONE": null, "FILL-REMAN": null, "CUT-REMAN": null, "EQUPIMENTS": null, "CONTRACTOR": null, "STATUS": null }, "geometry": { "type": "MultiPolygon", "coordinates": [ [ [ [ 39.718930841348097, 21.298760390678105, 0.0 ], [ 39.718949499794427, 21.298291011029775, 0.0 ], [ 39.718912398302351, 21.298253564677996, 0.0 ], [ 39.717783664634631, 21.298214305862189, 0.0 ], [ 39.717743692335944, 21.2982490714978, 0.0 ], [ 39.717725030051263, 21.298718451141209, 0.0 ], [ 39.717762131370783, 21.29875589775861, 0.0 ], [ 39.718890869184278, 21.29879515657974, 0.0 ], [ 39.718930841348097, 21.298760390678105, 0.0 ] ] ] ] } },
{ "type": "Feature", "properties": { "ID": "454", "BLOCK NAME": "B.1.9.10", "FILL-TOTAL": null, "CUT-TOTAL": null, "FILL-DONE": null, "CUT-DONE": null, "FILL-REMAN": null, "CUT-REMAN": null, "EQUPIMENTS": null, "CONTRACTOR": null, "STATUS": null }, "geometry": { "type": "MultiPolygon", "coordinates": [ [ [ [ 39.714682355632661, 21.298644221141082, 0.0 ], [ 39.714758479383242, 21.296730596224933, 0.0 ], [ 39.714721379331756, 21.296693148883776, 0.0 ], [ 39.714220406984531, 21.296675712429785, 0.0 ], [ 39.714180434225639, 21.296710477239309, 0.0 ], [ 39.714104302973688, 21.29862410214465, 0.0 ], [ 39.714141403374121, 21.298661549596474, 0.0 ], [ 39.7146423824679, 21.298678986060224, 0.0 ], [ 39.714682355632661, 21.298644221141082, 0.0 ] ] ] ] } },
{ "type": "Feature", "properties": { "ID": "251", "BLOCK NAME": "B.1.9.9", "FILL-TOTAL": null, "CUT-TOTAL": null, "FILL-DONE": null, "CUT-DONE": null, "FILL-REMAN": null, "CUT-REMAN": null, "EQUPIMENTS": null, "CONTRACTOR": null, "STATUS": null }, "geometry": { "type": "MultiPolygon", "coordinates": [ [ [ [ 39.715874004126825, 21.298685689876969, 0.0 ], [ 39.715892672304548, 21.298216310244534, 0.0 ], [ 39.715855571587078, 21.298178863188348, 0.0 ], [ 39.71493368420446, 21.298146782423796, 0.0 ], [ 39.714893711231596, 21.298181547400322, 0.0 ], [ 39.714875039874009, 21.298650927028245, 0.0 ], [ 39.714912140471839, 21.298688374302355, 0.0 ], [ 39.715834031240455, 21.298720455071702, 0.0 ], [ 39.715874004126825, 21.298685689876969, 0.0 ] ] ] ] } },
{ "type": "Feature", "properties": { "ID": "367", "BLOCK NAME": "B.1.9.13", "FILL-TOTAL": null, "CUT-TOTAL": null, "FILL-DONE": null, "CUT-DONE": null, "FILL-REMAN": null, "CUT-REMAN": null, "EQUPIMENTS": null, "CONTRACTOR": null, "STATUS": null }, "geometry": { "type": "MultiPolygon", "coordinates": [ [ [ [ 39.71593144445054, 21.297241444710078, 0.0 ], [ 39.715950112413388, 21.29677206493901, 0.0 ], [ 39.715913012056724, 21.296734617872595, 0.0 ], [ 39.714991133702959, 21.296702537120726, 0.0 ], [ 39.714951161124112, 21.296737302108397, 0.0 ], [ 39.714932489981642, 21.29720668187516, 0.0 ], [ 39.714969590218594, 21.297244129159402, 0.0 ], [ 39.71589147195813, 21.297276209916021, 0.0 ], [ 39.71593144445054, 21.297241444710078, 0.0 ] ] ] ] } },
{ "type": "Feature", "properties": { "ID": "444", "BLOCK NAME": "B.1.9.11", "FILL-TOTAL": null, "CUT-TOTAL": null, "FILL-DONE": null, "CUT-DONE": null, "FILL-REMAN": null, "CUT-REMAN": null, "EQUPIMENTS": null, "CONTRACTOR": null, "STATUS": null }, "geometry": { "type": "MultiPolygon", "coordinates": [ [ [ [ 39.71590272437134, 21.297963567346873, 0.0 ], [ 39.715921392441615, 21.297494187645096, 0.0 ], [ 39.715884291904587, 21.297456740583812, 0.0 ], [ 39.714962409036453, 21.297424659825634, 0.0 ], [ 39.714922436260601, 21.297459424807773, 0.0 ], [ 39.714903765010568, 21.297928804505091, 0.0 ], [ 39.714940865427955, 21.297966251784263, 0.0 ], [ 39.715862751681939, 21.29799833254722, 0.0 ], [ 39.71590272437134, 21.297963567346873, 0.0 ] ] ] ] } },
{ "type": "Feature", "properties": { "ID": "280", "BLOCK NAME": "B.1.9.12", "FILL-TOTAL": null, "CUT-TOTAL": null, "FILL-DONE": null, "CUT-DONE": null, "FILL-REMAN": null, "CUT-REMAN": null, "EQUPIMENTS": null, "CONTRACTOR": null, "STATUS": null }, "geometry": { "type": "MultiPolygon", "coordinates": [ [ [ [ 39.716644741425085, 21.298712506586831, 0.0 ], [ 39.716720839709488, 21.29679888163481, 0.0 ], [ 39.716683739155485, 21.296761434746511, 0.0 ], [ 39.716182766521754, 21.296744004183363, 0.0 ], [ 39.716142794221319, 21.296778769446671, 0.0 ], [ 39.716066688435056, 21.298692394388166, 0.0 ], [ 39.716103789338099, 21.298729841387487, 0.0 ], [ 39.716604768718788, 21.298747271959829, 0.0 ], [ 39.716644741425085, 21.298712506586831, 0.0 ] ] ] ] } },
{ "type": "Feature", "properties": { "ID": "316", "BLOCK NAME": "B.1.10.8", "FILL-TOTAL": null, "CUT-TOTAL": null, "FILL-DONE": null, "CUT-DONE": null, "FILL-REMAN": null, "CUT-REMAN": null, "EQUPIMENTS": null, "CONTRACTOR": null, "STATUS": null }, "geometry": { "type": "MultiPolygon", "coordinates": [ [ [ [ 39.718225327127413, 21.298012732023587, 0.0 ], [ 39.718242731799052, 21.297574945175754, 0.0 ], [ 39.718205630667576, 21.297537498649785, 0.0 ], [ 39.717040388279202, 21.297496964567571, 0.0 ], [ 39.717000415988807, 21.297531730030279, 0.0 ], [ 39.716983007629011, 21.297969516873241, 0.0 ], [ 39.717020108570679, 21.298006963673483, 0.0 ], [ 39.718185354989004, 21.298047497761008, 0.0 ], [ 39.718225327127413, 21.298012732023587, 0.0 ] ] ] ] } },
{ "type": "Feature", "properties": { "ID": "349", "BLOCK NAME": "B.1.10.12", "FILL-TOTAL": null, "CUT-TOTAL": null, "FILL-DONE": null, "CUT-DONE": null, "FILL-REMAN": null, "CUT-REMAN": null, "EQUPIMENTS": null, "CONTRACTOR": null, "STATUS": null }, "geometry": { "type": "MultiPolygon", "coordinates": [ [ [ [ 39.719728662463169, 21.297373530271056, 0.0 ], [ 39.719747318339373, 21.296904150484284, 0.0 ], [ 39.719710217010473, 21.296866704293592, 0.0 ], [ 39.717839830128028, 21.296801653383376, 0.0 ], [ 39.717799858214647, 21.296836419029916, 0.0 ], [ 39.717781196139647, 21.297305798808821, 0.0 ], [ 39.717818297106092, 21.297343245436171, 0.0 ], [ 39.719688690857936, 21.29740829635508, 0.0 ], [ 39.719728662463169, 21.297373530271056, 0.0 ] ] ] ] } },
{ "type": "Feature", "properties": { "ID": "450", "BLOCK NAME": "B.1.13.4", "FILL-TOTAL": null, "CUT-TOTAL": null, "FILL-DONE": null, "CUT-DONE": null, "FILL-REMAN": null, "CUT-REMAN": null, "EQUPIMENTS": null, "CONTRACTOR": null, "STATUS": null }, "geometry": { "type": "MultiPolygon", "coordinates": [ [ [ [ 39.707135392731054, 21.294566908199393, 0.0 ], [ 39.707177098881346, 21.29351982977737, 0.0 ], [ 39.707140001536644, 21.293482380641159, 0.0 ], [ 39.706639040316404, 21.29346492109504, 0.0 ], [ 39.706599066562646, 21.293499684146987, 0.0 ], [ 39.706557356308814, 21.294546762561765, 0.0 ], [ 39.706594453785783, 21.294584211814776, 0.0 ], [ 39.707095418807697, 21.294601671367598, 0.0 ], [ 39.707135392731054, 21.294566908199393, 0.0 ] ] ] ] } },
{ "type": "Feature", "properties": { "ID": "482", "BLOCK NAME": "B.1.14.2", "FILL-TOTAL": null, "CUT-TOTAL": null, "FILL-DONE": null, "CUT-DONE": null, "FILL-REMAN": null, "CUT-REMAN": null, "EQUPIMENTS": null, "CONTRACTOR": null, "STATUS": null }, "geometry": { "type": "MultiPolygon", "coordinates": [ [ [ [ 39.71126931940843, 21.29471092473009, 0.0 ], [ 39.711288002156209, 21.294241544753945, 0.0 ], [ 39.711250903608452, 21.294204096574511, 0.0 ], [ 39.709780767768869, 21.294152891655816, 0.0 ], [ 39.709740794596328, 21.294187655435213, 0.0 ], [ 39.709722106924517, 21.294657035403475, 0.0 ], [ 39.70975920521213, 21.294694483927117, 0.0 ], [ 39.711229346450267, 21.294745688854469, 0.0 ], [ 39.71126931940843, 21.29471092473009, 0.0 ] ] ] ] } },
{ "type": "Feature", "properties": { "ID": "436", "BLOCK NAME": "B.1.13.9", "FILL-TOTAL": null, "CUT-TOTAL": null, "FILL-DONE": null, "CUT-DONE": null, "FILL-REMAN": null, "CUT-REMAN": null, "EQUPIMENTS": null, "CONTRACTOR": null, "STATUS": null }, "geometry": { "type": "MultiPolygon", "coordinates": [ [ [ [ 39.709413820585802, 21.294646296090551, 0.0 ], [ 39.709455510561121, 21.293599217641013, 0.0 ], [ 39.709418412632871, 21.293561769029896, 0.0 ], [ 39.708917451077802, 21.293544316322215, 0.0 ], [ 39.708877477855935, 21.293579079901175, 0.0 ], [ 39.708835783776969, 21.294626158343846, 0.0 ], [ 39.708872881837593, 21.29466360707179, 0.0 ], [ 39.709373847194378, 21.294681059785777, 0.0 ], [ 39.709413820585802, 21.294646296090551, 0.0 ] ] ] ] } },
{ "type": "Feature", "properties": { "ID": "487", "BLOCK NAME": "B.1.13.8", "FILL-TOTAL": null, "CUT-TOTAL": null, "FILL-DONE": null, "CUT-DONE": null, "FILL-REMAN": null, "CUT-REMAN": null, "EQUPIMENTS": null, "CONTRACTOR": null, "STATUS": null }, "geometry": { "type": "MultiPolygon", "coordinates": [ [ [ [ 39.708643104862226, 21.294619445316759, 0.0 ], [ 39.708684800308987, 21.293572366876361, 0.0 ], [ 39.708647702578112, 21.293534918087602, 0.0 ], [ 39.708146741135543, 21.293517463066706, 0.0 ], [ 39.708106767733746, 21.293552226467384, 0.0 ], [ 39.708065068183373, 21.2945993049008, 0.0 ], [ 39.708102166046551, 21.294636753806348, 0.0 ], [ 39.708603131290864, 21.294654208833723, 0.0 ], [ 39.708643104862226, 21.294619445316759, 0.0 ] ] ] ] } },
{ "type": "Feature", "properties": { "ID": "289", "BLOCK NAME": "B.1.13.6+7", "FILL-TOTAL": null, "CUT-TOTAL": null, "FILL-DONE": null, "CUT-DONE": null, "FILL-REMAN": null, "CUT-REMAN": null, "EQUPIMENTS": null, "CONTRACTOR": null, "STATUS": null }, "geometry": { "type": "MultiPolygon", "coordinates": [ [ [ [ 39.707872389312278, 21.29459259098396, 0.0 ], [ 39.707942849280037, 21.292823389366276, 0.0 ], [ 39.707905751926894, 21.292785940394882, 0.0 ], [ 39.707438511433985, 21.292769658124765, 0.0 ], [ 39.707398538057134, 21.29280442136066, 0.0 ], [ 39.707328071560354, 21.29457362296705, 0.0 ], [ 39.707365169234755, 21.294611072042457, 0.0 ], [ 39.707832415560986, 21.294627354322667, 0.0 ], [ 39.707872389312278, 21.29459259098396, 0.0 ] ] ] ] } },
{ "type": "Feature", "properties": { "ID": "326", "BLOCK NAME": "B.1.13.10", "FILL-TOTAL": null, "CUT-TOTAL": null, "FILL-DONE": null, "CUT-DONE": null, "FILL-REMAN": null, "CUT-REMAN": null, "EQUPIMENTS": null, "CONTRACTOR": null, "STATUS": null }, "geometry": { "type": "MultiPolygon", "coordinates": [ [ [ [ 39.709465573606174, 21.293346474533411, 0.0 ], [ 39.709484262064215, 21.292877094441714, 0.0 ], [ 39.709447164316295, 21.292839645825552, 0.0 ], [ 39.708175499044749, 21.292795339872818, 0.0 ], [ 39.70813552583995, 21.292830103279154, 0.0 ], [ 39.708116833089889, 21.293299483363633, 0.0 ], [ 39.708153930628484, 21.293336932278233, 0.0 ], [ 39.709425600569354, 21.293381238238808, 0.0 ], [ 39.709465573606174, 21.293346474533411, 0.0 ] ] ] ] } },
{ "type": "Feature", "properties": { "ID": "275", "BLOCK NAME": "B.1.14.6", "FILL-TOTAL": null, "CUT-TOTAL": null, "FILL-DONE": null, "CUT-DONE": null, "FILL-REMAN": null, "CUT-REMAN": null, "EQUPIMENTS": null, "CONTRACTOR": null, "STATUS": null }, "geometry": { "type": "MultiPolygon", "coordinates": [ [ [ [ 39.711359085954349, 21.293303958931425, 0.0 ], [ 39.711366990067837, 21.293105375043485, 0.0 ], [ 39.711329891795515, 21.293067926863881, 0.0 ], [ 39.710596756226039, 21.293042393290076, 0.0 ], [ 39.710556783543723, 21.293077157256622, 0.0 ], [ 39.710548878339374, 21.293275741142828, 0.0 ], [ 39.7105859764727, 21.293313189498665, 0.0 ], [ 39.711319113388171, 21.293338723074591, 0.0 ], [ 39.711359085954349, 21.293303958931425, 0.0 ] ] ] ] } },
{ "type": "Feature", "properties": { "ID": "332", "BLOCK NAME": "B.1.14.5", "FILL-TOTAL": null, "CUT-TOTAL": null, "FILL-DONE": null, "CUT-DONE": null, "FILL-REMAN": null, "CUT-REMAN": null, "EQUPIMENTS": null, "CONTRACTOR": null, "STATUS": null }, "geometry": { "type": "MultiPolygon", "coordinates": [ [ [ [ 39.710356201170292, 21.293269030031567, 0.0 ], [ 39.710392853669028, 21.292348322856384, 0.0 ], [ 39.710355755833888, 21.292310874440588, 0.0 ], [ 39.709854798500729, 21.29229342440015, 0.0 ], [ 39.709814825835714, 21.292328188193888, 0.0 ], [ 39.709778169728871, 21.293248895363476, 0.0 ], [ 39.709815267664503, 21.293286343896938, 0.0 ], [ 39.710316228369969, 21.293303793942805, 0.0 ], [ 39.710356201170292, 21.293269030031567, 0.0 ] ] ] ] } },
{ "type": "Feature", "properties": { "ID": "238", "BLOCK NAME": "B.1.14.7", "FILL-TOTAL": null, "CUT-TOTAL": null, "FILL-DONE": null, "CUT-DONE": null, "FILL-REMAN": null, "CUT-REMAN": null, "EQUPIMENTS": null, "CONTRACTOR": null, "STATUS": null }, "geometry": { "type": "MultiPolygon", "coordinates": [ [ [ [ 39.71137704983051, 21.292852631901354, 0.0 ], [ 39.711395732192855, 21.292383251746127, 0.0 ], [ 39.711358634100876, 21.292345803561467, 0.0 ], [ 39.710625502120692, 21.292320269993461, 0.0 ], [ 39.710585529635324, 21.292355033965649, 0.0 ], [ 39.710566844694718, 21.292824414116826, 0.0 ], [ 39.710603942715302, 21.292861862475796, 0.0 ], [ 39.711337077387448, 21.292887396048048, 0.0 ], [ 39.71137704983051, 21.292852631901354, 0.0 ] ] ] ] } },
{ "type": "Feature", "properties": { "ID": "313", "BLOCK NAME": "B.1.15.3", "FILL-TOTAL": null, "CUT-TOTAL": null, "FILL-DONE": null, "CUT-DONE": null, "FILL-REMAN": null, "CUT-REMAN": null, "EQUPIMENTS": null, "CONTRACTOR": null, "STATUS": null }, "geometry": { "type": "MultiPolygon", "coordinates": [ [ [ [ 39.707505263101403, 21.291723452209258, 0.0 ], [ 39.707523957761111, 21.291254071978781, 0.0 ], [ 39.707486860918742, 21.291216622885791, 0.0 ], [ 39.706681745762701, 21.291188563031312, 0.0 ], [ 39.706641772618326, 21.291223326090073, 0.0 ], [ 39.706623075151533, 21.291692706315686, 0.0 ], [ 39.706660171904019, 21.291730155599549, 0.0 ], [ 39.70746529001606, 21.291758215459168, 0.0 ], [ 39.707505263101403, 21.291723452209258, 0.0 ] ] ] ] } },
{ "type": "Feature", "properties": { "ID": "262", "BLOCK NAME": "B.1.15.5", "FILL-TOTAL": null, "CUT-TOTAL": null, "FILL-DONE": null, "CUT-DONE": null, "FILL-REMAN": null, "CUT-REMAN": null, "EQUPIMENTS": null, "CONTRACTOR": null, "STATUS": null }, "geometry": { "type": "MultiPolygon", "coordinates": [ [ [ [ 39.708304720851032, 21.291028185279739, 0.0 ], [ 39.708323412950001, 21.290558804975518, 0.0 ], [ 39.708286316090543, 21.290521356055102, 0.0 ], [ 39.706710510761383, 21.290466439513313, 0.0 ], [ 39.706670537814006, 21.290501202577758, 0.0 ], [ 39.706651840455827, 21.290970582872951, 0.0 ], [ 39.706688937028041, 21.291008032161848, 0.0 ], [ 39.708264748142561, 21.291062948713574, 0.0 ], [ 39.708304720851032, 21.291028185279739, 0.0 ] ] ] ] } },
{ "type": "Feature", "properties": { "ID": "463", "BLOCK NAME": "B.1.15.6", "FILL-TOTAL": null, "CUT-TOTAL": null, "FILL-DONE": null, "CUT-DONE": null, "FILL-REMAN": null, "CUT-REMAN": null, "EQUPIMENTS": null, "CONTRACTOR": null, "STATUS": null }, "geometry": { "type": "MultiPolygon", "coordinates": [ [ [ [ 39.708333477897185, 21.290306061716091, 0.0 ], [ 39.708352169887753, 21.289836681342297, 0.0 ], [ 39.708315073208588, 21.289799232416854, 0.0 ], [ 39.706739275593009, 21.289744315888242, 0.0 ], [ 39.706699302842601, 21.289779078958386, 0.0 ], [ 39.706680605593007, 21.29024845932318, 0.0 ], [ 39.706717701984964, 21.290285908617101, 0.0 ], [ 39.708293505385683, 21.290340825155582, 0.0 ], [ 39.708333477897185, 21.290306061716091, 0.0 ] ] ] ] } },
{ "type": "Feature", "properties": { "ID": "443", "BLOCK NAME": "B.1.17.1+2+3", "FILL-TOTAL": null, "CUT-TOTAL": null, "FILL-DONE": null, "CUT-DONE": null, "FILL-REMAN": null, "CUT-REMAN": null, "EQUPIMENTS": null, "CONTRACTOR": null, "STATUS": null }, "geometry": { "type": "MultiPolygon", "coordinates": [ [ [ [ 39.709499356536661, 21.292497979719297, 0.0 ], [ 39.709591359947666, 21.290187184583221, 0.0 ], [ 39.70951716581407, 21.290112287304201, 0.0 ], [ 39.708708902550917, 21.290084127132143, 0.0 ], [ 39.708648944000799, 21.290136272417687, 0.0 ], [ 39.708556206930055, 21.292465120620516, 0.0 ], [ 39.708611853083035, 21.292521293857646, 0.0 ], [ 39.70943939732156, 21.292550125283942, 0.0 ], [ 39.709499356536661, 21.292497979719297, 0.0 ] ] ] ] } },
{ "type": "Feature", "properties": { "ID": "245", "BLOCK NAME": "B.1.14.10", "FILL-TOTAL": null, "CUT-TOTAL": null, "FILL-DONE": null, "CUT-DONE": null, "FILL-REMAN": null, "CUT-REMAN": null, "EQUPIMENTS": null, "CONTRACTOR": null, "STATUS": null }, "geometry": { "type": "MultiPolygon", "coordinates": [ [ [ [ 39.710431661902525, 21.291373456246262, 0.0 ], [ 39.710479093775945, 21.290181952346863, 0.0 ], [ 39.710441996481784, 21.29014450391594, 0.0 ], [ 39.709979581116542, 21.290128396250566, 0.0 ], [ 39.709899636966881, 21.290197923881042, 0.0 ], [ 39.709853637889047, 21.291353321590115, 0.0 ], [ 39.7098907353516, 21.291390770136815, 0.0 ], [ 39.710391689619236, 21.291408220172332, 0.0 ], [ 39.710431661902525, 21.291373456246262, 0.0 ] ] ] ] } },
{ "type": "Feature", "properties": { "ID": "441", "BLOCK NAME": "B.1.14.11", "FILL-TOTAL": null, "CUT-TOTAL": null, "FILL-DONE": null, "CUT-DONE": null, "FILL-REMAN": null, "CUT-REMAN": null, "EQUPIMENTS": null, "CONTRACTOR": null, "STATUS": null }, "geometry": { "type": "MultiPolygon", "coordinates": [ [ [ [ 39.711434533798432, 21.291408385125582, 0.0 ], [ 39.711453215944822, 21.290939004831525, 0.0 ], [ 39.711416118213528, 21.290901556636751, 0.0 ], [ 39.710682993411318, 21.290876023079804, 0.0 ], [ 39.710643021319896, 21.290910787063289, 0.0 ], [ 39.710624336595458, 21.291380167353502, 0.0 ], [ 39.710661434255428, 21.291417615722626, 0.0 ], [ 39.711394561749302, 21.291443149283555, 0.0 ], [ 39.711434533798432, 21.291408385125582, 0.0 ] ] ] ] } },
{ "type": "Feature", "properties": { "ID": "250", "BLOCK NAME": "B.1.14.12", "FILL-TOTAL": null, "CUT-TOTAL": null, "FILL-DONE": null, "CUT-DONE": null, "FILL-REMAN": null, "CUT-REMAN": null, "EQUPIMENTS": null, "CONTRACTOR": null, "STATUS": null }, "geometry": { "type": "MultiPolygon", "coordinates": [ [ [ [ 39.711463275533042, 21.290686261577285, 0.0 ], [ 39.711481957571444, 21.290216881213517, 0.0 ], [ 39.711444860020485, 21.290179433013712, 0.0 ], [ 39.710711738807127, 21.290153899462513, 0.0 ], [ 39.71067176691264, 21.290188663451669, 0.0 ], [ 39.710653082296275, 21.290658043811405, 0.0 ], [ 39.710690179775867, 21.290695492185513, 0.0 ], [ 39.711423303680846, 21.290721025740901, 0.0 ], [ 39.711463275533042, 21.290686261577285, 0.0 ] ] ] ] } },
{ "type": "Feature", "properties": { "ID": "475", "BLOCK NAME": "B.1.15.16", "FILL-TOTAL": null, "CUT-TOTAL": null, "FILL-DONE": null, "CUT-DONE": null, "FILL-REMAN": null, "CUT-REMAN": null, "EQUPIMENTS": null, "CONTRACTOR": null, "STATUS": null }, "geometry": { "type": "MultiPolygon", "coordinates": [ [ [ [ 39.70423153945486, 21.288823711987753, 0.0 ], [ 39.704287771156018, 21.287412637297521, 0.0 ], [ 39.704250676109858, 21.287375187398844, 0.0 ], [ 39.703749735720287, 21.287357718501458, 0.0 ], [ 39.703709762872776, 21.287392480877191, 0.0 ], [ 39.703653964245667, 21.28879255045047, 0.0 ], [ 39.703691022325259, 21.288830733708462, 0.0 ], [ 39.704191603522794, 21.288857741231787, 0.0 ], [ 39.70423153945486, 21.288823711987753, 0.0 ] ] ] ] } },
{ "type": "Feature", "properties": { "ID": "301", "BLOCK NAME": "B.1.15.15", "FILL-TOTAL": null, "CUT-TOTAL": null, "FILL-DONE": null, "CUT-DONE": null, "FILL-REMAN": null, "CUT-REMAN": null, "EQUPIMENTS": null, "CONTRACTOR": null, "STATUS": null }, "geometry": { "type": "MultiPolygon", "coordinates": [ [ [ [ 39.705025072351951, 21.288277173174738, 0.0 ], [ 39.70505844902042, 21.287439509411474, 0.0 ], [ 39.705021353776921, 21.28740205969034, 0.0 ], [ 39.704520413273315, 21.28738459310544, 0.0 ], [ 39.704480440605607, 21.287419355659409, 0.0 ], [ 39.704447060655539, 21.288257019416811, 0.0 ], [ 39.704484155978975, 21.288294469256147, 0.0 ], [ 39.7049850995718, 21.288311935846579, 0.0 ], [ 39.705025072351951, 21.288277173174738, 0.0 ] ] ] ] } },
{ "type": "Feature", "properties": { "ID": "425", "BLOCK NAME": "B.1.15.9", "FILL-TOTAL": null, "CUT-TOTAL": null, "FILL-DONE": null, "CUT-DONE": null, "FILL-REMAN": null, "CUT-REMAN": null, "EQUPIMENTS": null, "CONTRACTOR": null, "STATUS": null }, "geometry": { "type": "MultiPolygon", "coordinates": [ [ [ [ 39.707624620101235, 21.288726639191101, 0.0 ], [ 39.707643314310751, 21.288257258671816, 0.0 ], [ 39.707606218216533, 21.288219809557948, 0.0 ], [ 39.706801119415303, 21.288191749731695, 0.0 ], [ 39.706761147088358, 21.288226512814045, 0.0 ], [ 39.706742450072234, 21.288695893328519, 0.0 ], [ 39.706779546076596, 21.288733342633247, 0.0 ], [ 39.707584647833329, 21.288761402464569, 0.0 ], [ 39.707624620101235, 21.288726639191101, 0.0 ] ] ] ] } },
{ "type": "Feature", "properties": { "ID": "393", "BLOCK NAME": "B.1.15.11", "FILL-TOTAL": null, "CUT-TOTAL": null, "FILL-DONE": null, "CUT-DONE": null, "FILL-REMAN": null, "CUT-REMAN": null, "EQUPIMENTS": null, "CONTRACTOR": null, "STATUS": null }, "geometry": { "type": "MultiPolygon", "coordinates": [ [ [ [ 39.707653380394362, 21.288004515296535, 0.0 ], [ 39.707672074495427, 21.287535134707621, 0.0 ], [ 39.707634978581453, 21.287497685588733, 0.0 ], [ 39.706829883720701, 21.287469625769212, 0.0 ], [ 39.706789911590739, 21.287504388857251, 0.0 ], [ 39.706771214683179, 21.287973769441358, 0.0 ], [ 39.706808310507299, 21.288011218751119, 0.0 ], [ 39.707613408323411, 21.288039278575681, 0.0 ], [ 39.707653380394362, 21.288004515296535, 0.0 ] ] ] ] } },
{ "type": "Feature", "properties": { "ID": "384", "BLOCK NAME": "B.1.16.1", "FILL-TOTAL": null, "CUT-TOTAL": null, "FILL-DONE": null, "CUT-DONE": null, "FILL-REMAN": null, "CUT-REMAN": null, "EQUPIMENTS": null, "CONTRACTOR": null, "STATUS": null }, "geometry": { "type": "MultiPolygon", "coordinates": [ [ [ [ 39.710338365494138, 21.289815487901386, 0.0 ], [ 39.710357051092743, 21.289346107463388, 0.0 ], [ 39.710319954045659, 21.289308658990901, 0.0 ], [ 39.708722703634947, 21.289253013531091, 0.0 ], [ 39.708682731494925, 21.289287777059155, 0.0 ], [ 39.708664759452226, 21.289739104395952, 0.0 ], [ 39.708720404584234, 21.2897952776616, 0.0 ], [ 39.710298393598094, 21.289850251803728, 0.0 ], [ 39.710338365494138, 21.289815487901386, 0.0 ] ] ] ] } },
{ "type": "Feature", "properties": { "ID": "247", "BLOCK NAME": "B.1.16.3", "FILL-TOTAL": null, "CUT-TOTAL": null, "FILL-DONE": null, "CUT-DONE": null, "FILL-REMAN": null, "CUT-REMAN": null, "EQUPIMENTS": null, "CONTRACTOR": null, "STATUS": null }, "geometry": { "type": "MultiPolygon", "coordinates": [ [ [ [ 39.710367112539814, 21.289093364131929, 0.0 ], [ 39.710385798030323, 21.28862398362439, 0.0 ], [ 39.710348701163525, 21.288586535146841, 0.0 ], [ 39.709522142478654, 21.288557741039291, 0.0 ], [ 39.709482170715468, 21.288592504751225, 0.0 ], [ 39.709463482350017, 21.289061885254153, 0.0 ], [ 39.709500579121517, 21.289099333927521, 0.0 ], [ 39.710327140840725, 21.28912812803992, 0.0 ], [ 39.710367112539814, 21.289093364131929, 0.0 ] ] ] ] } },
{ "type": "Feature", "properties": { "ID": "461", "BLOCK NAME": "B.1.16.4", "FILL-TOTAL": null, "CUT-TOTAL": null, "FILL-DONE": null, "CUT-DONE": null, "FILL-REMAN": null, "CUT-REMAN": null, "EQUPIMENTS": null, "CONTRACTOR": null, "STATUS": null }, "geometry": { "type": "MultiPolygon", "coordinates": [ [ [ [ 39.710395859419187, 21.288371240255461, 0.0 ], [ 39.710414544801601, 21.287901859678385, 0.0 ], [ 39.710377448115104, 21.287864411195766, 0.0 ], [ 39.709550893475857, 21.287835617094654, 0.0 ], [ 39.709510921909605, 21.287870380812233, 0.0 ], [ 39.709492233652348, 21.288339761384744, 0.0 ], [ 39.709529330243555, 21.288377210063164, 0.0 ], [ 39.710355887917025, 21.288406004169111, 0.0 ], [ 39.710395859419187, 21.288371240255461, 0.0 ] ] ] ] } },
{ "type": "Feature", "properties": { "ID": "318", "BLOCK NAME": "B.1.16.7+8", "FILL-TOTAL": null, "CUT-TOTAL": null, "FILL-DONE": null, "CUT-DONE": null, "FILL-REMAN": null, "CUT-REMAN": null, "EQUPIMENTS": null, "CONTRACTOR": null, "STATUS": null }, "geometry": { "type": "MultiPolygon", "coordinates": [ [ [ [ 39.711108092821462, 21.289842298146759, 0.0 ], [ 39.711184262144812, 21.287928669908208, 0.0 ], [ 39.711147165261231, 21.287891221602969, 0.0 ], [ 39.710647186269171, 21.287873806986454, 0.0 ], [ 39.710607214958813, 21.287908570957516, 0.0 ], [ 39.710531038150506, 21.289822199184435, 0.0 ], [ 39.710568135383006, 21.289859647600114, 0.0 ], [ 39.7110681211051, 21.289877062227088, 0.0 ], [ 39.711108092821462, 21.289842298146759, 0.0 ] ] ] ] } },
{ "type": "Feature", "properties": { "ID": "300", "BLOCK NAME": "B.1.16.10", "FILL-TOTAL": null, "CUT-TOTAL": null, "FILL-DONE": null, "CUT-DONE": null, "FILL-REMAN": null, "CUT-REMAN": null, "EQUPIMENTS": null, "CONTRACTOR": null, "STATUS": null }, "geometry": { "type": "MultiPolygon", "coordinates": [ [ [ [ 39.712300573675549, 21.289160701761407, 0.0 ], [ 39.71231925301462, 21.288691321244428, 0.0 ], [ 39.712282155652801, 21.28865387321245, 0.0 ], [ 39.711388161612312, 21.288622740108909, 0.0 ], [ 39.711348190284717, 21.288657504252296, 0.0 ], [ 39.711329507856142, 21.289126884764602, 0.0 ], [ 39.711366605105432, 21.28916433300795, 0.0 ], [ 39.712260602427811, 21.289195466116439, 0.0 ], [ 39.712300573675549, 21.289160701761407, 0.0 ] ] ] ] } },
{ "type": "Feature", "properties": { "ID": "242", "BLOCK NAME": "B.1.20.6", "FILL-TOTAL": null, "CUT-TOTAL": null, "FILL-DONE": null, "CUT-DONE": null, "FILL-REMAN": null, "CUT-REMAN": null, "EQUPIMENTS": null, "CONTRACTOR": null, "STATUS": null }, "geometry": { "type": "MultiPolygon", "coordinates": [ [ [ [ 39.719822637977281, 21.295008577090449, 0.0 ], [ 39.719869994177309, 21.293817073890501, 0.0 ], [ 39.719832893619945, 21.293779627677978, 0.0 ], [ 39.719331931031427, 21.293762206212815, 0.0 ], [ 39.719291960279811, 21.293796972199758, 0.0 ], [ 39.719244599409897, 21.294988475394089, 0.0 ], [ 39.719281700135909, 21.295025921722317, 0.0 ], [ 39.719782667016986, 21.295043343192653, 0.0 ], [ 39.719822637977281, 21.295008577090449, 0.0 ] ] ] ] } },
{ "type": "Feature", "properties": { "ID": "328", "BLOCK NAME": "B.1.20.4", "FILL-TOTAL": null, "CUT-TOTAL": null, "FILL-DONE": null, "CUT-DONE": null, "FILL-REMAN": null, "CUT-REMAN": null, "EQUPIMENTS": null, "CONTRACTOR": null, "STATUS": null }, "geometry": { "type": "MultiPolygon", "coordinates": [ [ [ [ 39.719051919908964, 21.294981774383697, 0.0 ], [ 39.719070577888083, 21.294512394372887, 0.0 ], [ 39.719033477347573, 21.29447494798773, 0.0 ], [ 39.71793385657103, 21.294436700715906, 0.0 ], [ 39.717893885302615, 21.294471466380671, 0.0 ], [ 39.717875223578503, 21.294940846386819, 0.0 ], [ 39.717912323953939, 21.294978293030837, 0.0 ], [ 39.719011948768618, 21.295016540307749, 0.0 ], [ 39.719051919908964, 21.294981774383697, 0.0 ] ] ] ] } },
{ "type": "Feature", "properties": { "ID": "296", "BLOCK NAME": "B.1.19.4+5", "FILL-TOTAL": null, "CUT-TOTAL": null, "FILL-DONE": null, "CUT-DONE": null, "FILL-REMAN": null, "CUT-REMAN": null, "EQUPIMENTS": null, "CONTRACTOR": null, "STATUS": null }, "geometry": { "type": "MultiPolygon", "coordinates": [ [ [ [ 39.71602550155238, 21.294876492327532, 0.0 ], [ 39.716044169163425, 21.294407112329214, 0.0 ], [ 39.716007069397747, 21.29436966524624, 0.0 ], [ 39.714314491468613, 21.294310759841679, 0.0 ], [ 39.714274519354802, 21.294345524669566, 0.0 ], [ 39.714255846111676, 21.294814904660008, 0.0 ], [ 39.714292945560381, 21.294852352138552, 0.0 ], [ 39.71598552970503, 21.294911257551824, 0.0 ], [ 39.71602550155238, 21.294876492327532, 0.0 ] ] ] ] } },
{ "type": "Feature", "properties": { "ID": "264", "BLOCK NAME": "B.1.19.6+7", "FILL-TOTAL": null, "CUT-TOTAL": null, "FILL-DONE": null, "CUT-DONE": null, "FILL-REMAN": null, "CUT-REMAN": null, "EQUPIMENTS": null, "CONTRACTOR": null, "STATUS": null }, "geometry": { "type": "MultiPolygon", "coordinates": [ [ [ [ 39.716054220925088, 21.294154369234491, 0.0 ], [ 39.716072888428727, 21.29368498916676, 0.0 ], [ 39.71603578884347, 21.293647542078691, 0.0 ], [ 39.714343219201403, 21.293588636685708, 0.0 ], [ 39.714303247284512, 21.293623401519209, 0.0 ], [ 39.714284574149033, 21.294092781579096, 0.0 ], [ 39.714321673417324, 21.294130229062699, 0.0 ], [ 39.716014249274671, 21.294189134464357, 0.0 ], [ 39.716054220925088, 21.294154369234491, 0.0 ] ] ] ] } },
{ "type": "Feature", "properties": { "ID": "432", "BLOCK NAME": "B.1.20.3", "FILL-TOTAL": null, "CUT-TOTAL": null, "FILL-DONE": null, "CUT-DONE": null, "FILL-REMAN": null, "CUT-REMAN": null, "EQUPIMENTS": null, "CONTRACTOR": null, "STATUS": null }, "geometry": { "type": "MultiPolygon", "coordinates": [ [ [ [ 39.717682544154343, 21.294934143795498, 0.0 ], [ 39.71772991764383, 21.293742640617005, 0.0 ], [ 39.71769281763433, 21.293705193911016, 0.0 ], [ 39.717191855357413, 21.293687766022291, 0.0 ], [ 39.717151884105888, 21.293722531514469, 0.0 ], [ 39.717104505946558, 21.294914034686897, 0.0 ], [ 39.717141606124656, 21.29495148150863, 0.0 ], [ 39.717642572694054, 21.294968909402922, 0.0 ], [ 39.717682544154343, 21.294934143795498, 0.0 ] ] ] ] } },
{ "type": "Feature", "properties": { "ID": "434", "BLOCK NAME": "B.1.19.8", "FILL-TOTAL": null, "CUT-TOTAL": null, "FILL-DONE": null, "CUT-DONE": null, "FILL-REMAN": null, "CUT-REMAN": null, "EQUPIMENTS": null, "CONTRACTOR": null, "STATUS": null }, "geometry": { "type": "MultiPolygon", "coordinates": [ [ [ [ 39.716796218942349, 21.294903309010326, 0.0 ], [ 39.716843599592245, 21.293711805841156, 0.0 ], [ 39.716806499809678, 21.293674358930801, 0.0 ], [ 39.71630553766191, 21.293656928381768, 0.0 ], [ 39.716265566203347, 21.293691693669007, 0.0 ], [ 39.716218180883608, 21.294883196831901, 0.0 ], [ 39.716255280834787, 21.294920643858003, 0.0 ], [ 39.716756247275029, 21.294938074412805, 0.0 ], [ 39.716796218942349, 21.294903309010326, 0.0 ] ] ] ] } },
{ "type": "Feature", "properties": { "ID": "297", "BLOCK NAME": "B.1.20.5", "FILL-TOTAL": null, "CUT-TOTAL": null, "FILL-DONE": null, "CUT-DONE": null, "FILL-REMAN": null, "CUT-REMAN": null, "EQUPIMENTS": null, "CONTRACTOR": null, "STATUS": null }, "geometry": { "type": "MultiPolygon", "coordinates": [ [ [ [ 39.719080624463416, 21.294259651271464, 0.0 ], [ 39.719099282335556, 21.293790271191323, 0.0 ], [ 39.719062181975481, 21.293752824801054, 0.0 ], [ 39.717962566582912, 21.293714577535962, 0.0 ], [ 39.717922595511418, 21.293749343206308, 0.0 ], [ 39.717903933894469, 21.294218723281805, 0.0 ], [ 39.717941034089456, 21.294256169930918, 0.0 ], [ 39.719040653519976, 21.294294417201066, 0.0 ], [ 39.719080624463416, 21.294259651271464, 0.0 ] ] ] ] } },
{ "type": "Feature", "properties": { "ID": "314", "BLOCK NAME": "B.1.22.3", "FILL-TOTAL": null, "CUT-TOTAL": null, "FILL-DONE": null, "CUT-DONE": null, "FILL-REMAN": null, "CUT-REMAN": null, "EQUPIMENTS": null, "CONTRACTOR": null, "STATUS": null }, "geometry": { "type": "MultiPolygon", "coordinates": [ [ [ [ 39.719970828635581, 21.292012776823888, 0.0 ], [ 39.71998948362571, 21.29154339652224, 0.0 ], [ 39.719952383629291, 21.291505950300319, 0.0 ], [ 39.719353557570756, 21.291485125155543, 0.0 ], [ 39.719313587423258, 21.291519891144123, 0.0 ], [ 39.719294930282302, 21.291989271443224, 0.0 ], [ 39.719332030241866, 21.292026717808518, 0.0 ], [ 39.719930858499175, 21.29204754295591, 0.0 ], [ 39.719970828635581, 21.292012776823888, 0.0 ] ] ] ] } },
{ "type": "Feature", "properties": { "ID": "430", "BLOCK NAME": "B.1.22.5", "FILL-TOTAL": null, "CUT-TOTAL": null, "FILL-DONE": null, "CUT-DONE": null, "FILL-REMAN": null, "CUT-REMAN": null, "EQUPIMENTS": null, "CONTRACTOR": null, "STATUS": null }, "geometry": { "type": "MultiPolygon", "coordinates": [ [ [ [ 39.719999528591643, 21.291290653264213, 0.0 ], [ 39.720018183474949, 21.290821272893218, 0.0 ], [ 39.719981083658951, 21.290783826666175, 0.0 ], [ 39.71938226053193, 21.290763001524866, 0.0 ], [ 39.719342290581324, 21.290797767519017, 0.0 ], [ 39.71932363354729, 21.291267147887474, 0.0 ], [ 39.719360733326432, 21.291304594257884, 0.0 ], [ 39.719959558652128, 21.29132541940179, 0.0 ], [ 39.719999528591643, 21.291290653264213, 0.0 ] ] ] ] } },
{ "type": "Feature", "properties": { "ID": "248", "BLOCK NAME": "B.1.22.6", "FILL-TOTAL": null, "CUT-TOTAL": null, "FILL-DONE": null, "CUT-DONE": null, "FILL-REMAN": null, "CUT-REMAN": null, "EQUPIMENTS": null, "CONTRACTOR": null, "STATUS": null }, "geometry": { "type": "MultiPolygon", "coordinates": [ [ [ [ 39.720028228383342, 21.290568529597845, 0.0 ], [ 39.720036120797282, 21.290369945570884, 0.0 ], [ 39.719999021094061, 21.290332499340643, 0.0 ], [ 39.719400199799189, 21.29031167420149, 0.0 ], [ 39.71936022997162, 21.290346440199102, 0.0 ], [ 39.719352336647802, 21.290545024224997, 0.0 ], [ 39.719389436246523, 21.290582470600516, 0.0 ], [ 39.719988258640697, 21.290603295740965, 0.0 ], [ 39.720028228383342, 21.290568529597845, 0.0 ] ] ] ] } },
{ "type": "Feature", "properties": { "ID": "291", "BLOCK NAME": "B.1.22.2", "FILL-TOTAL": null, "CUT-TOTAL": null, "FILL-DONE": null, "CUT-DONE": null, "FILL-REMAN": null, "CUT-REMAN": null, "EQUPIMENTS": null, "CONTRACTOR": null, "STATUS": null }, "geometry": { "type": "MultiPolygon", "coordinates": [ [ [ [ 39.719102254700196, 21.291982570358211, 0.0 ], [ 39.719167556535325, 21.290339739116867, 0.0 ], [ 39.719130457054412, 21.290302292686366, 0.0 ], [ 39.718629506298882, 21.290284868715712, 0.0 ], [ 39.718589536291312, 21.290319634535177, 0.0 ], [ 39.718524228018616, 21.291962465768709, 0.0 ], [ 39.718561327780897, 21.291999912311713, 0.0 ], [ 39.719062284360916, 21.292017336289454, 0.0 ], [ 39.719102254700196, 21.291982570358211, 0.0 ] ] ] ] } },
{ "type": "Feature", "properties": { "ID": "337", "BLOCK NAME": "B.1.23.1+2", "FILL-TOTAL": null, "CUT-TOTAL": null, "FILL-DONE": null, "CUT-DONE": null, "FILL-REMAN": null, "CUT-REMAN": null, "EQUPIMENTS": null, "CONTRACTOR": null, "STATUS": null }, "geometry": { "type": "MultiPolygon", "coordinates": [ [ [ [ 39.718188673889003, 21.292637759775353, 0.0 ], [ 39.718274799505878, 21.290471389111893, 0.0 ], [ 39.718219150570981, 21.290415219157925, 0.0 ], [ 39.717361753516151, 21.290385391794061, 0.0 ], [ 39.71728181281393, 21.290454922838098, 0.0 ], [ 39.717195672611432, 21.292621293475133, 0.0 ], [ 39.717251322026414, 21.292677463728563, 0.0 ], [ 39.718108732403408, 21.292707291208249, 0.0 ], [ 39.718188673889003, 21.292637759775353, 0.0 ] ] ] ] } },
{ "type": "Feature", "properties": { "ID": "317", "BLOCK NAME": "B.1.19.11", "FILL-TOTAL": null, "CUT-TOTAL": null, "FILL-DONE": null, "CUT-DONE": null, "FILL-REMAN": null, "CUT-REMAN": null, "EQUPIMENTS": null, "CONTRACTOR": null, "STATUS": null }, "geometry": { "type": "MultiPolygon", "coordinates": [ [ [ [ 39.71491862272461, 21.292704760227167, 0.0 ], [ 39.714983971220725, 21.291061929337065, 0.0 ], [ 39.71494687258545, 21.291024481956168, 0.0 ], [ 39.714445919492348, 21.291007045529529, 0.0 ], [ 39.714405948279499, 21.291041810383117, 0.0 ], [ 39.714340593345625, 21.292684641264056, 0.0 ], [ 39.71437769226219, 21.292722088757564, 0.0 ], [ 39.714878651179895, 21.292739525192413, 0.0 ], [ 39.71491862272461, 21.292704760227167, 0.0 ] ] ] ] } },
{ "type": "Feature", "properties": { "ID": "388", "BLOCK NAME": "B.1.19.12", "FILL-TOTAL": null, "CUT-TOTAL": null, "FILL-DONE": null, "CUT-DONE": null, "FILL-REMAN": null, "CUT-REMAN": null, "EQUPIMENTS": null, "CONTRACTOR": null, "STATUS": null }, "geometry": { "type": "MultiPolygon", "coordinates": [ [ [ [ 39.716110223227219, 21.292746228896085, 0.0 ], [ 39.716118120937161, 21.29254764496952, 0.0 ], [ 39.716081021636029, 21.292510197873462, 0.0 ], [ 39.715159169687453, 21.292478117158069, 0.0 ], [ 39.715119198260773, 21.292512882178599, 0.0 ], [ 39.715111299205915, 21.29271146610332, 0.0 ], [ 39.715148398319776, 21.292748913419146, 0.0 ], [ 39.716070251960815, 21.292780994136862, 0.0 ], [ 39.716110223227219, 21.292746228896085, 0.0 ] ] ] ] } },
{ "type": "Feature", "properties": { "ID": "365", "BLOCK NAME": "B.1.19.13", "FILL-TOTAL": null, "CUT-TOTAL": null, "FILL-DONE": null, "CUT-DONE": null, "FILL-REMAN": null, "CUT-REMAN": null, "EQUPIMENTS": null, "CONTRACTOR": null, "STATUS": null }, "geometry": { "type": "MultiPolygon", "coordinates": [ [ [ [ 39.716128172549411, 21.292294901778533, 0.0 ], [ 39.716146839776599, 21.291825521532076, 0.0 ], [ 39.716109740655874, 21.291788074430933, 0.0 ], [ 39.715187893220914, 21.291755993721694, 0.0 ], [ 39.715147921991154, 21.291790758747837, 0.0 ], [ 39.715129251585225, 21.292260138989977, 0.0 ], [ 39.71516635058633, 21.292297586308976, 0.0 ], [ 39.716088201406087, 21.292329667022802, 0.0 ], [ 39.716128172549411, 21.292294901778533, 0.0 ] ] ] ] } },
{ "type": "Feature", "properties": { "ID": "470", "BLOCK NAME": "B.1.19.15", "FILL-TOTAL": null, "CUT-TOTAL": null, "FILL-DONE": null, "CUT-DONE": null, "FILL-REMAN": null, "CUT-REMAN": null, "EQUPIMENTS": null, "CONTRACTOR": null, "STATUS": null }, "geometry": { "type": "MultiPolygon", "coordinates": [ [ [ [ 39.716880929484795, 21.29277304556398, 0.0 ], [ 39.716946256125759, 21.291130214644394, 0.0 ], [ 39.716909156988145, 21.291092767715845, 0.0 ], [ 39.716408203608331, 21.291075337178388, 0.0 ], [ 39.71636823285376, 21.2911101024856, 0.0 ], [ 39.716302899774952, 21.29275293339666, 0.0 ], [ 39.716339999193899, 21.292790380437779, 0.0 ], [ 39.716840958398414, 21.292807810982943, 0.0 ], [ 39.716880929484795, 21.29277304556398, 0.0 ] ] ] ] } },
{ "type": "Feature", "properties": { "ID": "281", "BLOCK NAME": "B.1.19.14", "FILL-TOTAL": null, "CUT-TOTAL": null, "FILL-DONE": null, "CUT-DONE": null, "FILL-REMAN": null, "CUT-REMAN": null, "EQUPIMENTS": null, "CONTRACTOR": null, "STATUS": null }, "geometry": { "type": "MultiPolygon", "coordinates": [ [ [ [ 39.716156891331579, 21.291572778303767, 0.0 ], [ 39.716175558451418, 21.291103397987886, 0.0 ], [ 39.716138459511086, 21.291065950881634, 0.0 ], [ 39.715216616588982, 21.291033870178552, 0.0 ], [ 39.715176645556127, 21.291068635210301, 0.0 ], [ 39.715157975257689, 21.291538015521848, 0.0 ], [ 39.715195074078423, 21.291575462845923, 0.0 ], [ 39.716116920385168, 21.291607543553631, 0.0 ], [ 39.716156891331579, 21.291572778303767, 0.0 ] ] ] ] } },
{ "type": "Feature", "properties": { "ID": "302", "BLOCK NAME": "B.1.19.18+19", "FILL-TOTAL": null, "CUT-TOTAL": null, "FILL-DONE": null, "CUT-DONE": null, "FILL-REMAN": null, "CUT-REMAN": null, "EQUPIMENTS": null, "CONTRACTOR": null, "STATUS": null }, "geometry": { "type": "MultiPolygon", "coordinates": [ [ [ [ 39.716956306302428, 21.29087747137697, 0.0 ], [ 39.716973535129696, 21.290444197173684, 0.0 ], [ 39.716899337216077, 21.290369303297744, 0.0 ], [ 39.714474646467835, 21.290284921884812, 0.0 ], [ 39.714434675451919, 21.290319686743981, 0.0 ], [ 39.714416002808669, 21.290789067121558, 0.0 ], [ 39.714453101251728, 21.290826514628371, 0.0 ], [ 39.716916335732925, 21.290912236810595, 0.0 ], [ 39.716956306302428, 21.29087747137697, 0.0 ] ] ] ] } },
{ "type": "Feature", "properties": { "ID": "254", "BLOCK NAME": "B.1.22.9", "FILL-TOTAL": null, "CUT-TOTAL": null, "FILL-DONE": null, "CUT-DONE": null, "FILL-REMAN": null, "CUT-REMAN": null, "EQUPIMENTS": null, "CONTRACTOR": null, "STATUS": null }, "geometry": { "type": "MultiPolygon", "coordinates": [ [ [ [ 39.71995749708163, 21.289427340983778, 0.0 ], [ 39.719874640948113, 21.288230932156118, 0.0 ], [ 39.719833609897094, 21.288193537111695, 0.0 ], [ 39.719484872273028, 21.288181408672628, 0.0 ], [ 39.719444903026179, 21.288216174686635, 0.0 ], [ 39.719397543697262, 21.289407679240501, 0.0 ], [ 39.719434643011844, 21.289445125624088, 0.0 ], [ 39.719921459598631, 21.289462055848105, 0.0 ], [ 39.71995749708163, 21.289427340983778, 0.0 ] ] ] ] } },
{ "type": "Feature", "properties": { "ID": "415", "BLOCK NAME": "B.1.22.8", "FILL-TOTAL": null, "CUT-TOTAL": null, "FILL-DONE": null, "CUT-DONE": null, "FILL-REMAN": null, "CUT-REMAN": null, "EQUPIMENTS": null, "CONTRACTOR": null, "STATUS": null }, "geometry": { "type": "MultiPolygon", "coordinates": [ [ [ [ 39.71920487148715, 21.28940097815952, 0.0 ], [ 39.719252232372192, 21.288209473607502, 0.0 ], [ 39.719215133423468, 21.28817202716192, 0.0 ], [ 39.718714189901732, 21.288154603199956, 0.0 ], [ 39.718674220474888, 21.288189369035837, 0.0 ], [ 39.718626854921482, 21.289380873582271, 0.0 ], [ 39.718663954038803, 21.289418320143536, 0.0 ], [ 39.719164901851663, 21.289435744110634, 0.0 ], [ 39.71920487148715, 21.28940097815952, 0.0 ] ] ] ] } },
{ "type": "Feature", "properties": { "ID": "341", "BLOCK NAME": "B.1.21.9", "FILL-TOTAL": null, "CUT-TOTAL": null, "FILL-DONE": null, "CUT-DONE": null, "FILL-REMAN": null, "CUT-REMAN": null, "EQUPIMENTS": null, "CONTRACTOR": null, "STATUS": null }, "geometry": { "type": "MultiPolygon", "coordinates": [ [ [ [ 39.718290589041722, 21.290074221052606, 0.0 ], [ 39.718308531635415, 21.289622893673251, 0.0 ], [ 39.718271432552726, 21.289585447033566, 0.0 ], [ 39.716606743109487, 21.289527531206765, 0.0 ], [ 39.716566772810168, 21.289562296557641, 0.0 ], [ 39.71654810696942, 21.290031677024214, 0.0 ], [ 39.716585205742405, 21.290069124052984, 0.0 ], [ 39.718230633983012, 21.290126369660406, 0.0 ], [ 39.718290589041722, 21.290074221052606, 0.0 ] ] ] ] } },
{ "type": "Feature", "properties": { "ID": "237", "BLOCK NAME": "B.1.21.7", "FILL-TOTAL": null, "CUT-TOTAL": null, "FILL-DONE": null, "CUT-DONE": null, "FILL-REMAN": null, "CUT-REMAN": null, "EQUPIMENTS": null, "CONTRACTOR": null, "STATUS": null }, "geometry": { "type": "MultiPolygon", "coordinates": [ [ [ [ 39.716355433974165, 21.290024972686247, 0.0 ], [ 39.716388746365986, 21.289187309054213, 0.0 ], [ 39.716351647870425, 21.289149861965978, 0.0 ], [ 39.715850701106156, 21.289132429534838, 0.0 ], [ 39.715810730727277, 21.289167194710402, 0.0 ], [ 39.715777415053367, 21.290004858338023, 0.0 ], [ 39.71581451362907, 21.29004230554445, 0.0 ], [ 39.716315463483042, 21.290059737979753, 0.0 ], [ 39.716355433974165, 21.290024972686247, 0.0 ] ] ] ] } },
{ "type": "Feature", "properties": { "ID": "329", "BLOCK NAME": "B.1.21.3", "FILL-TOTAL": null, "CUT-TOTAL": null, "FILL-DONE": null, "CUT-DONE": null, "FILL-REMAN": null, "CUT-REMAN": null, "EQUPIMENTS": null, "CONTRACTOR": null, "STATUS": null }, "geometry": { "type": "MultiPolygon", "coordinates": [ [ [ [ 39.715584742101406, 21.289998153110492, 0.0 ], [ 39.715603411007386, 21.289528772648023, 0.0 ], [ 39.715566312617135, 21.289491325384731, 0.0 ], [ 39.714501798412321, 21.289454274753268, 0.0 ], [ 39.714461827621484, 21.289489039617521, 0.0 ], [ 39.714443155083202, 21.289958420074939, 0.0 ], [ 39.714480253317319, 21.289995867588942, 0.0 ], [ 39.715544771430302, 21.290032918225833, 0.0 ], [ 39.715584742101406, 21.289998153110492, 0.0 ] ] ] ] } },
{ "type": "Feature", "properties": { "ID": "352", "BLOCK NAME": "B.1.21.10", "FILL-TOTAL": null, "CUT-TOTAL": null, "FILL-DONE": null, "CUT-DONE": null, "FILL-REMAN": null, "CUT-REMAN": null, "EQUPIMENTS": null, "CONTRACTOR": null, "STATUS": null }, "geometry": { "type": "MultiPolygon", "coordinates": [ [ [ [ 39.717547890925623, 21.289343339682947, 0.0 ], [ 39.717566553569462, 21.288873959143, 0.0 ], [ 39.71752945486444, 21.288836512320536, 0.0 ], [ 39.716635459454537, 21.28880540731836, 0.0 ], [ 39.716595489352088, 21.288840172674828, 0.0 ], [ 39.71657682361861, 21.289309553210806, 0.0 ], [ 39.716613922211216, 21.289347000244668, 0.0 ], [ 39.717507920903152, 21.289378105251039, 0.0 ], [ 39.717547890925623, 21.289343339682947, 0.0 ] ] ] ] } },
{ "type": "Feature", "properties": { "ID": "283", "BLOCK NAME": "B.1.21.11", "FILL-TOTAL": null, "CUT-TOTAL": null, "FILL-DONE": null, "CUT-DONE": null, "FILL-REMAN": null, "CUT-REMAN": null, "EQUPIMENTS": null, "CONTRACTOR": null, "STATUS": null }, "geometry": { "type": "MultiPolygon", "coordinates": [ [ [ [ 39.717576602656557, 21.288621215756617, 0.0 ], [ 39.717595265193275, 21.288151835147239, 0.0 ], [ 39.717558166668617, 21.288114388319688, 0.0 ], [ 39.71666417563457, 21.288083283323083, 0.0 ], [ 39.716624205728984, 21.288118048685124, 0.0 ], [ 39.716605540102776, 21.288587429290569, 0.0 ], [ 39.716642638515005, 21.28862487632955, 0.0 ], [ 39.717536632830935, 21.288655981330312, 0.0 ], [ 39.717576602656557, 21.288621215756617, 0.0 ] ] ] ] } },
{ "type": "Feature", "properties": { "ID": "473", "BLOCK NAME": "B.1.21.4", "FILL-TOTAL": null, "CUT-TOTAL": null, "FILL-DONE": null, "CUT-DONE": null, "FILL-REMAN": null, "CUT-REMAN": null, "EQUPIMENTS": null, "CONTRACTOR": null, "STATUS": null }, "geometry": { "type": "MultiPolygon", "coordinates": [ [ [ [ 39.715613463466305, 21.289276029303405, 0.0 ], [ 39.715632132264872, 21.28880664877148, 0.0 ], [ 39.715595034054964, 21.288769201503083, 0.0 ], [ 39.714530525060866, 21.288732150878808, 0.0 ], [ 39.714490554466934, 21.288766915748653, 0.0 ], [ 39.714471882036207, 21.2892362962756, 0.0 ], [ 39.714508980089981, 21.289273743794681, 0.0 ], [ 39.715573492992078, 21.289310794424338, 0.0 ], [ 39.715613463466305, 21.289276029303405, 0.0 ] ] ] ] } },
{ "type": "Feature", "properties": { "ID": "339", "BLOCK NAME": "B.1.21.5", "FILL-TOTAL": null, "CUT-TOTAL": null, "FILL-DONE": null, "CUT-DONE": null, "FILL-REMAN": null, "CUT-REMAN": null, "EQUPIMENTS": null, "CONTRACTOR": null, "STATUS": null }, "geometry": { "type": "MultiPolygon", "coordinates": [ [ [ [ 39.715642184665974, 21.288553905389396, 0.0 ], [ 39.715660853357157, 21.288084524788012, 0.0 ], [ 39.715623755327613, 21.288047077514523, 0.0 ], [ 39.714559251544024, 21.288010026897332, 0.0 ], [ 39.714519281146949, 21.288044791772808, 0.0 ], [ 39.714500608823755, 21.288514172369247, 0.0 ], [ 39.714537706697186, 21.288551619893415, 0.0 ], [ 39.715602214388639, 21.288588670515946, 0.0 ], [ 39.715642184665974, 21.288553905389396, 0.0 ] ] ] ] } },
{ "type": "Feature", "properties": { "ID": "327", "BLOCK NAME": "B.1.24.1", "FILL-TOTAL": null, "CUT-TOTAL": null, "FILL-DONE": null, "CUT-DONE": null, "FILL-REMAN": null, "CUT-REMAN": null, "EQUPIMENTS": null, "CONTRACTOR": null, "STATUS": null }, "geometry": { "type": "MultiPolygon", "coordinates": [ [ [ [ 39.702737647165925, 21.286368795035774, 0.0 ], [ 39.702787935671722, 21.285107175317712, 0.0 ], [ 39.702787988149375, 21.285104890772967, 0.0 ], [ 39.702787963512812, 21.285102605824655, 0.0 ], [ 39.702787861786653, 21.285100322757618, 0.0 ], [ 39.702787683072643, 21.285098043854749, 0.0 ], [ 39.702787427549481, 21.285095771394811, 0.0 ], [ 39.702787095472672, 21.285093507650139, 0.0 ], [ 39.702786687174275, 21.285091254884307, 0.0 ], [ 39.702786203062587, 21.285089015349968, 0.0 ], [ 39.70278564362166, 21.285086791286513, 0.0 ], [ 39.702785009410924, 21.28508458491785, 0.0 ], [ 39.702784301064554, 21.285082398450225, 0.0 ], [ 39.70278351929084, 21.285080234069952, 0.0 ], [ 39.702782664871521, 21.285078093941284, 0.0 ], [ 39.702781738660967, 21.285075980204194, 0.0 ], [ 39.702780741585329, 21.285073894972328, 0.0 ], [ 39.70277967464164, 21.285071840330748, 0.0 ], [ 39.702778538896723, 21.285069818333991, 0.0 ], [ 39.702777335486331, 21.285067831003914, 0.0 ], [ 39.702776065613747, 21.285065880327718, 0.0 ], [ 39.702774730548789, 21.285063968255972, 0.0 ], [ 39.702773331626432, 21.285062096700603, 0.0 ], [ 39.702771870245499, 21.285060267533066, 0.0 ], [ 39.702770347867308, 21.285058482582404, 0.0 ], [ 39.702768766014124, 21.285056743633451, 0.0 ], [ 39.702767126267723, 21.285055052425054, 0.0 ], [ 39.702765430267725, 21.285053410648331, 0.0 ], [ 39.70276367971001, 21.285051819944911, 0.0 ], [ 39.702761876345079, 21.285050281905438, 0.0 ], [ 39.702760021976125, 21.285048798067827, 0.0 ], [ 39.702758118457453, 21.285047369915841, 0.0 ], [ 39.702756167692421, 21.285045998877528, 0.0 ], [ 39.702754171631696, 21.285044686323833, 0.0 ], [ 39.702752132271208, 21.285043433567235, 0.0 ], [ 39.70275005165017, 21.285042241860427, 0.0 ], [ 39.702747931849103, 21.285041112395003, 0.0 ], [ 39.702745774987648, 21.285040046300388, 0.0 ], [ 39.702743583222542, 21.285039044642602, 0.0 ], [ 39.702741358745392, 21.285038108423233, 0.0 ], [ 39.702739103780573, 21.285037238578443, 0.0 ], [ 39.702736820582857, 21.285036435978025, 0.0 ], [ 39.702734511435338, 21.285035701424523, 0.0 ], [ 39.702732178646983, 21.285035035652438, 0.0 ], [ 39.70272982455046, 21.285034439327518, 0.0 ], [ 39.702727451499705, 21.285033913046036, 0.0 ], [ 39.702725061867611, 21.285033457334233, 0.0 ], [ 39.702722658043662, 21.28503307264781, 0.0 ], [ 39.702720242431539, 21.285032759371418, 0.0 ], [ 39.702717817446668, 21.285032517818323, 0.0 ], [ 39.702715385513912, 21.285032348230036, 0.0 ], [ 39.702712949065031, 21.285032250776172, 0.0 ], [ 39.70271051053632, 21.285032225554154, 0.0 ], [ 39.702708072366171, 21.28503227258922, 0.0 ], [ 39.702705636992569, 21.285032391834324, 0.0 ], [ 39.702703206850742, 21.285032583170224, 0.0 ], [ 39.702700784370677, 21.285032846405606, 0.0 ], [ 39.702698371974719, 21.285033181277253, 0.0 ], [ 39.702695972075077, 21.285033587450311, 0.0 ], [ 39.702693587071508, 21.285034064518648, 0.0 ], [ 39.702691219348871, 21.285034612005195, 0.0 ], [ 39.702688871274745, 21.285035229362517, 0.0 ], [ 39.702686545197032, 21.285035915973307, 0.0 ], [ 39.702684243441674, 21.285036671151005, 0.0 ], [ 39.70268196831028, 21.285037494140425, 0.0 ], [ 39.702679722077846, 21.285038384118685, 0.0 ], [ 39.70267750699044, 21.285039340195851, 0.0 ], [ 39.702675325263016, 21.285040361415923, 0.0 ], [ 39.702673179077173, 21.28504144675771, 0.0 ], [ 39.702671070578944, 21.285042595135959, 0.0 ], [ 39.702669001876721, 21.285043805402363, 0.0 ], [ 39.702666975039051, 21.285045076346734, 0.0 ], [ 39.70266499209265, 21.285046406698214, 0.0 ], [ 39.702663055020331, 21.28504779512652, 0.0 ], [ 39.702661165759075, 21.285049240243332, 0.0 ], [ 39.702659326197981, 21.285050740603609, 0.0 ], [ 39.702657538176538, 21.285052294707082, 0.0 ], [ 39.702655803482635, 21.285053900999777, 0.0 ], [ 39.702654123850849, 21.28505555787547, 0.0 ], [ 39.70265250096071, 21.285057263677398, 0.0 ], [ 39.702650936435013, 21.285059016699883, 0.0 ], [ 39.702649431838211, 21.285060815190004, 0.0 ], [ 39.702649134878904, 21.285061184397822, 0.0 ], [ 39.701901374383674, 21.285997076021321, 0.0 ], [ 39.701898734727173, 21.286000439476812, 0.0 ], [ 39.701896157590816, 21.286003845231583, 0.0 ], [ 39.701893643746779, 21.286007292265239, 0.0 ], [ 39.701891193948192, 21.28601077954502, 0.0 ], [ 39.701888808929063, 21.286014306026118, 0.0 ], [ 39.701886489403961, 21.286017870651953, 0.0 ], [ 39.701884236067819, 21.286021472354548, 0.0 ], [ 39.701882049595802, 21.286025110054833, 0.0 ], [ 39.701879930642939, 21.2860287826629, 0.0 ], [ 39.70187787984414, 21.286032489078394, 0.0 ], [ 39.701875897813814, 21.286036228190873, 0.0 ], [ 39.701873985145816, 21.28603999888006, 0.0 ], [ 39.701872142413201, 21.286043800016223, 0.0 ], [ 39.701870370168059, 21.286047630460512, 0.0 ], [ 39.70186866894138, 21.286051489065315, 0.0 ], [ 39.701867039242863, 21.28605537467454, 0.0 ], [ 39.701865481560802, 21.286059286124047, 0.0 ], [ 39.701863996361887, 21.286063222241932, 0.0 ], [ 39.701862584091081, 21.286067181848896, 0.0 ], [ 39.701861245171543, 21.286071163758603, 0.0 ], [ 39.701859980004421, 21.286075166778076, 0.0 ], [ 39.701858788968778, 21.286079189707944, 0.0 ], [ 39.701857672421468, 21.286083231342911, 0.0 ], [ 39.701856630697009, 21.286087290472089, 0.0 ], [ 39.701855664107512, 21.286091365879312, 0.0 ], [ 39.70185477294261, 21.286095456343585, 0.0 ], [ 39.701853957469282, 21.286099560639336, 0.0 ], [ 39.70185321793187, 21.286103677536897, 0.0 ], [ 39.701852554551948, 21.286107805802828, 0.0 ], [ 39.701851967528277, 21.286111944200261, 0.0 ], [ 39.701851457036746, 21.28611609148928, 0.0 ], [ 39.701851023230297, 21.286120246427341, 0.0 ], [ 39.701850666238911, 21.286124407769599, 0.0 ], [ 39.701850386169561, 21.286128574269267, 0.0 ], [ 39.701850183106167, 21.286132744678028, 0.0 ], [ 39.701850057109539, 21.286136917746411, 0.0 ], [ 39.701850008217491, 21.28614109222411, 0.0 ], [ 39.701850036444647, 21.28614526686043, 0.0 ], [ 39.701850141782536, 21.2861494404046, 0.0 ], [ 39.70185032419964, 21.28615361160621, 0.0 ], [ 39.701850583641296, 21.286157779215532, 0.0 ], [ 39.701850920029784, 21.286161941983885, 0.0 ], [ 39.701851333264322, 21.286166098664122, 0.0 ], [ 39.701851823221091, 21.286170248010833, 0.0 ], [ 39.701852389753341, 21.286174388780847, 0.0 ], [ 39.701853032691318, 21.286178519733543, 0.0 ], [ 39.701853751842414, 21.286182639631271, 0.0 ], [ 39.701854546991129, 21.286186747239658, 0.0 ], [ 39.701855417899282, 21.286190841328061, 0.0 ], [ 39.701856364305925, 21.286194920669807, 0.0 ], [ 39.701857385927532, 21.286198984042727, 0.0 ], [ 39.701858482457993, 21.286203030229384, 0.0 ], [ 39.701859653568803, 21.286207058017517, 0.0 ], [ 39.701860898909111, 21.286211066200373, 0.0 ], [ 39.701862218105759, 21.286215053577035, 0.0 ], [ 39.701863610763553, 21.286219018952881, 0.0 ], [ 39.701865076465239, 21.286222961139838, 0.0 ], [ 39.701866614771674, 21.286226878956793, 0.0 ], [ 39.701868225221993, 21.286230771229928, 0.0 ], [ 39.701869907333666, 21.286234636793104, 0.0 ], [ 39.701871660602741, 21.286238474488126, 0.0 ], [ 39.701873484503935, 21.28624228316524, 0.0 ], [ 39.70187537849079, 21.286246061683293, 0.0 ], [ 39.701877341995853, 21.286249808910231, 0.0 ], [ 39.701879374430852, 21.286253523723325, 0.0 ], [ 39.701881475186831, 21.286257205009601, 0.0 ], [ 39.701883643634439, 21.28626085166611, 0.0 ], [ 39.701885879123957, 21.28626446260029, 0.0 ], [ 39.701888180985627, 21.286268036730256, 0.0 ], [ 39.701890548529796, 21.286271572985196, 0.0 ], [ 39.701892981047131, 21.286275070305585, 0.0 ], [ 39.701895477808847, 21.28627852764361, 0.0 ], [ 39.701898038066872, 21.286281943963424, 0.0 ], [ 39.70190066105414, 21.286285318241447, 0.0 ], [ 39.701903345984782, 21.286288649466737, 0.0 ], [ 39.701906092054386, 21.286291936641216, 0.0 ], [ 39.701908898440202, 21.28629517878003, 0.0 ], [ 39.701911764301407, 21.286298374911791, 0.0 ], [ 39.701914688779382, 21.286301524078908, 0.0 ], [ 39.701917670997936, 21.286304625337877, 0.0 ], [ 39.701920710063533, 21.28630767775952, 0.0 ], [ 39.70192380506569, 21.286310680429313, 0.0 ], [ 39.701926955077077, 21.286313632447623, 0.0 ], [ 39.701930159153967, 21.286316532929991, 0.0 ], [ 39.70193341633636, 21.286319381007402, 0.0 ], [ 39.701936725648402, 21.286322175826577, 0.0 ], [ 39.701940086098574, 21.286324916550139, 0.0 ], [ 39.701943496680059, 21.286327602356948, 0.0 ], [ 39.701946956371025, 21.286330232442307, 0.0 ], [ 39.701950464134931, 21.286332806018208, 0.0 ], [ 39.701954018920794, 21.286335322313608, 0.0 ], [ 39.701957619663574, 21.286337780574588, 0.0 ], [ 39.701961265284488, 21.286340180064627, 0.0 ], [ 39.701964954691249, 21.286342520064828, 0.0 ], [ 39.70196868677845, 21.28634479987409, 0.0 ], [ 39.701972460427996, 21.286347018809362, 0.0 ], [ 39.7019762745092, 21.286349176205857, 0.0 ], [ 39.701980127879374, 21.286351271417164, 0.0 ], [ 39.701984019384, 21.286353303815552, 0.0 ], [ 39.701987947857134, 21.286355272792097, 0.0 ], [ 39.701991912121791, 21.286357177756884, 0.0 ], [ 39.701995910990227, 21.286359018139144, 0.0 ], [ 39.70199994326434, 21.286360793387498, 0.0 ], [ 39.702004007736036, 21.286362502970057, 0.0 ], [ 39.702008103187552, 21.286364146374641, 0.0 ], [ 39.702012228391851, 21.28636572310883, 0.0 ], [ 39.702016382113008, 21.28636723270025, 0.0 ], [ 39.702020563106494, 21.286368674696583, 0.0 ], [ 39.702024770119685, 21.286370048665823, 0.0 ], [ 39.702029001892079, 21.286371354196294, 0.0 ], [ 39.702033257155811, 21.286372590896892, 0.0 ], [ 39.702037534635963, 21.286373758397023, 0.0 ], [ 39.702041833050991, 21.286374856346939, 0.0 ], [ 39.702046151113016, 21.286375884417666, 0.0 ], [ 39.702050487528297, 21.286376842301188, 0.0 ], [ 39.702054840997626, 21.286377729710516, 0.0 ], [ 39.702059210216653, 21.286378546379765, 0.0 ], [ 39.702063593876332, 21.286379292064279, 0.0 ], [ 39.702067990663252, 21.286379966540618, 0.0 ], [ 39.702072399260125, 21.28638056960672, 0.0 ], [ 39.702076818346065, 21.286381101081872, 0.0 ], [ 39.702081246597075, 21.286381560806859, 0.0 ], [ 39.702085682686423, 21.286381948643957, 0.0 ], [ 39.702090125285004, 21.286382264476959, 0.0 ], [ 39.702094573061778, 21.286382508211226, 0.0 ], [ 39.702095762836386, 21.286382561147338, 0.0 ], [ 39.70269767433318, 21.286403557176211, 0.0 ], [ 39.702737647165925, 21.286368795035774, 0.0 ] ] ] ] } },
{ "type": "Feature", "properties": { "ID": "380", "BLOCK NAME": "B.1.25.9+10", "FILL-TOTAL": null, "CUT-TOTAL": null, "FILL-DONE": null, "CUT-DONE": null, "FILL-REMAN": null, "CUT-REMAN": null, "EQUPIMENTS": null, "CONTRACTOR": null, "STATUS": null }, "geometry": { "type": "MultiPolygon", "coordinates": [ [ [ [ 39.710505380821076, 21.285200828122115, 0.0 ], [ 39.710043295869916, 21.284593931640618, 0.0 ], [ 39.709989511290793, 21.28458550682581, 0.0 ], [ 39.70994415589584, 21.284615829064307, 0.0 ], [ 39.709940452723295, 21.284618260428616, 0.0 ], [ 39.70993670584199, 21.284620632263906, 0.0 ], [ 39.709932916341906, 21.284622943880205, 0.0 ], [ 39.709929085325406, 21.284625194605063, 0.0 ], [ 39.709925213906963, 21.284627383783725, 0.0 ], [ 39.709921303212781, 21.28462951077935, 0.0 ], [ 39.709917354380529, 21.284631574973165, 0.0 ], [ 39.709913368558901, 21.284633575764715, 0.0 ], [ 39.709909346907416, 21.284635512571938, 0.0 ], [ 39.709905290595977, 21.28463738483142, 0.0 ], [ 39.709901200804602, 21.284639191998505, 0.0 ], [ 39.709897078723017, 21.284640933547468, 0.0 ], [ 39.709892925550349, 21.284642608971708, 0.0 ], [ 39.709888742494805, 21.284644217783818, 0.0 ], [ 39.70988453077323, 21.28464575951579, 0.0 ], [ 39.709880291610823, 21.284647233719127, 0.0 ], [ 39.709876026240813, 21.284648639964967, 0.0 ], [ 39.709871735904009, 21.284649977844229, 0.0 ], [ 39.709867421848472, 21.284651246967751, 0.0 ], [ 39.709863085329204, 21.28465244696627, 0.0 ], [ 39.709858727607703, 21.284653577490776, 0.0 ], [ 39.709854349951669, 21.284654638212327, 0.0 ], [ 39.709849953634567, 21.284655628822396, 0.0 ], [ 39.709845539935301, 21.284656549032807, 0.0 ], [ 39.70984111013788, 21.284657398575835, 0.0 ], [ 39.709836665530922, 21.284658177204374, 0.0 ], [ 39.709832207407381, 21.2846588846919, 0.0 ], [ 39.709827737064174, 21.284659520832598, 0.0 ], [ 39.709823255801723, 21.284660085441448, 0.0 ], [ 39.709818764923675, 21.284660578354146, 0.0 ], [ 39.709814265736433, 21.284660999427338, 0.0 ], [ 39.709809759548833, 21.284661348538517, 0.0 ], [ 39.709805247671746, 21.284661625586136, 0.0 ], [ 39.709800731417722, 21.284661830489593, 0.0 ], [ 39.709796212100528, 21.284661963189293, 0.0 ], [ 39.709791691034887, 21.284662023646593, 0.0 ], [ 39.709787169536007, 21.28466201184396, 0.0 ], [ 39.709782648919195, 21.284661927784779, 0.0 ], [ 39.709780319031317, 21.284661856224655, 0.0 ], [ 39.708413796635512, 21.284614242522697, 0.0 ], [ 39.708373825640749, 21.28464900597303, 0.0 ], [ 39.708355133840101, 21.285118386845209, 0.0 ], [ 39.708392229314619, 21.285155835836981, 0.0 ], [ 39.710489241060372, 21.28522889710807, 0.0 ], [ 39.710505380821076, 21.285200828122115, 0.0 ] ] ] ] } },
{ "type": "Feature", "properties": { "ID": "478", "BLOCK NAME": "B.1.25.7+8", "FILL-TOTAL": null, "CUT-TOTAL": null, "FILL-DONE": null, "CUT-DONE": null, "FILL-REMAN": null, "CUT-REMAN": null, "EQUPIMENTS": null, "CONTRACTOR": null, "STATUS": null }, "geometry": { "type": "MultiPolygon", "coordinates": [ [ [ [ 39.710998745044584, 21.285848799201307, 0.0 ], [ 39.710680367573367, 21.285430651788172, 0.0 ], [ 39.710649904064958, 21.285415275045839, 0.0 ], [ 39.708385040186855, 21.28533636692837, 0.0 ], [ 39.7083450689952, 21.285371130373058, 0.0 ], [ 39.708326377086202, 21.285840511175639, 0.0 ], [ 39.708363472740992, 21.28587796016236, 0.0 ], [ 39.710978934858844, 21.285969080092812, 0.0 ], [ 39.711018905568928, 21.285934316038524, 0.0 ], [ 39.711019701632488, 21.28591431660583, 0.0 ], [ 39.710998745044584, 21.285848799201307, 0.0 ] ] ] ] } },
{ "type": "Feature", "properties": { "ID": "402", "BLOCK NAME": "B.1.24.7", "FILL-TOTAL": null, "CUT-TOTAL": null, "FILL-DONE": null, "CUT-DONE": null, "FILL-REMAN": null, "CUT-REMAN": null, "EQUPIMENTS": null, "CONTRACTOR": null, "STATUS": null }, "geometry": { "type": "MultiPolygon", "coordinates": [ [ [ [ 39.706553837137029, 21.285778734003308, 0.0 ], [ 39.706601300004195, 21.284587228824805, 0.0 ], [ 39.706564205119484, 21.28454977941227, 0.0 ], [ 39.706063274257211, 21.284532317127223, 0.0 ], [ 39.706023302714001, 21.284567080034115, 0.0 ], [ 39.705975835179686, 21.285758585204526, 0.0 ], [ 39.706012930232639, 21.285796034732776, 0.0 ], [ 39.706513865384913, 21.28581349702527, 0.0 ], [ 39.706553837137029, 21.285778734003308, 0.0 ] ] ] ] } },
{ "type": "Feature", "properties": { "ID": "395", "BLOCK NAME": "B.1.24.5+6", "FILL-TOTAL": null, "CUT-TOTAL": null, "FILL-DONE": null, "CUT-DONE": null, "FILL-REMAN": null, "CUT-REMAN": null, "EQUPIMENTS": null, "CONTRACTOR": null, "STATUS": null }, "geometry": { "type": "MultiPolygon", "coordinates": [ [ [ [ 39.705783167882458, 21.285751868493556, 0.0 ], [ 39.705801867881348, 21.285282487704812, 0.0 ], [ 39.70576477301374, 21.285245038119776, 0.0 ], [ 39.703904045741488, 21.285180157886938, 0.0 ], [ 39.70386407350427, 21.28521492029552, 0.0 ], [ 39.703845367341323, 21.285684301073161, 0.0 ], [ 39.703882461848742, 21.285721751092176, 0.0 ], [ 39.705743195950511, 21.285786631337299, 0.0 ], [ 39.705783167882458, 21.285751868493556, 0.0 ] ] ] ] } },
{ "type": "Feature", "properties": { "ID": "260", "BLOCK NAME": "B.1.24.8+9", "FILL-TOTAL": null, "CUT-TOTAL": null, "FILL-DONE": null, "CUT-DONE": null, "FILL-REMAN": null, "CUT-REMAN": null, "EQUPIMENTS": null, "CONTRACTOR": null, "STATUS": null }, "geometry": { "type": "MultiPolygon", "coordinates": [ [ [ [ 39.705811937082274, 21.285029744184232, 0.0 ], [ 39.705830636972479, 21.284560363325905, 0.0 ], [ 39.705793542285065, 21.284522913735838, 0.0 ], [ 39.70393282411851, 21.284458033519407, 0.0 ], [ 39.703892852078248, 21.284492795933698, 0.0 ], [ 39.703874146024233, 21.284962176780965, 0.0 ], [ 39.703911240351459, 21.284999626805007, 0.0 ], [ 39.70577196534726, 21.285064507033685, 0.0 ], [ 39.705811937082274, 21.285029744184232, 0.0 ] ] ] ] } },
{ "type": "Feature", "properties": { "ID": "477", "BLOCK NAME": "B.1.24.14", "FILL-TOTAL": null, "CUT-TOTAL": null, "FILL-DONE": null, "CUT-DONE": null, "FILL-REMAN": null, "CUT-REMAN": null, "EQUPIMENTS": null, "CONTRACTOR": null, "STATUS": null }, "geometry": { "type": "MultiPolygon", "coordinates": [ [ [ [ 39.706668897848424, 21.282890236097042, 0.0 ], [ 39.706681651607326, 21.282570059967671, 0.0 ], [ 39.706660698430774, 21.282504541240137, 0.0 ], [ 39.706609601128285, 21.28243742175621, 0.0 ], [ 39.706553923556854, 21.28242625169392, 0.0 ], [ 39.70653171779265, 21.282438525978293, 0.0 ], [ 39.706509551300812, 21.282450862443742, 0.0 ], [ 39.706487424279644, 21.282463260979917, 0.0 ], [ 39.706465336927174, 21.282475721475834, 0.0 ], [ 39.706443289441005, 21.282488243820044, 0.0 ], [ 39.706421282018447, 21.282500827900499, 0.0 ], [ 39.706399314856377, 21.282513473604599, 0.0 ], [ 39.706377388151388, 21.2825261808192, 0.0 ], [ 39.706355502099655, 21.282538949430606, 0.0 ], [ 39.706333656897023, 21.282551779324589, 0.0 ], [ 39.706311852738935, 21.282564670386325, 0.0 ], [ 39.706290089820527, 21.282577622500494, 0.0 ], [ 39.706268368336509, 21.28259063555122, 0.0 ], [ 39.706246688481244, 21.282603709422069, 0.0 ], [ 39.706225050448722, 21.282616843996042, 0.0 ], [ 39.70620345443254, 21.282630039155624, 0.0 ], [ 39.706181900625978, 21.282643294782755, 0.0 ], [ 39.706160389221857, 21.28265661075886, 0.0 ], [ 39.706138920412698, 21.28266998696477, 0.0 ], [ 39.706117494390554, 21.282683423280819, 0.0 ], [ 39.706096111347179, 21.282696919586773, 0.0 ], [ 39.706074771473887, 21.282710475761871, 0.0 ], [ 39.706053474961649, 21.282724091684866, 0.0 ], [ 39.706032222000985, 21.282737767233879, 0.0 ], [ 39.706011012782113, 21.282751502286569, 0.0 ], [ 39.705989847494791, 21.282765296720047, 0.0 ], [ 39.705968726328393, 21.282779150410896, 0.0 ], [ 39.705947649471931, 21.282793063235168, 0.0 ], [ 39.705926617113967, 21.282807035068338, 0.0 ], [ 39.705905629442761, 21.282821065785431, 0.0 ], [ 39.705884686646051, 21.282835155260905, 0.0 ], [ 39.705863788911245, 21.282849303368707, 0.0 ], [ 39.705842936425363, 21.282863509982235, 0.0 ], [ 39.705826850665062, 21.28287453027356, 0.0 ], [ 39.705834331794378, 21.282897298828459, 0.0 ], [ 39.706628926883958, 21.282924999141745, 0.0 ], [ 39.706668897848424, 21.282890236097042, 0.0 ] ] ] ] } },
{ "type": "Feature", "properties": { "ID": "304", "BLOCK NAME": "B.1.24.13", "FILL-TOTAL": null, "CUT-TOTAL": null, "FILL-DONE": null, "CUT-DONE": null, "FILL-REMAN": null, "CUT-REMAN": null, "EQUPIMENTS": null, "CONTRACTOR": null, "STATUS": null }, "geometry": { "type": "MultiPolygon", "coordinates": [ [ [ [ 39.706640132921081, 21.283612360734459, 0.0 ], [ 39.70665883014285, 21.283142979732361, 0.0 ], [ 39.706621735618562, 21.283105530309751, 0.0 ], [ 39.705555986680352, 21.283068376501163, 0.0 ], [ 39.705535834777827, 21.283083444792332, 0.0 ], [ 39.705515731058782, 21.283098569494282, 0.0 ], [ 39.705495675703091, 21.283113750471678, 0.0 ], [ 39.705475668890223, 21.283128987588697, 0.0 ], [ 39.7054557107992, 21.283144280708992, 0.0 ], [ 39.70543580160863, 21.283159629695731, 0.0 ], [ 39.705415941496653, 21.283175034411581, 0.0 ], [ 39.705396130640985, 21.283190494718745, 0.0 ], [ 39.705376369218875, 21.283206010478835, 0.0 ], [ 39.705356657407187, 21.283221581553057, 0.0 ], [ 39.705336995382304, 21.283237207802095, 0.0 ], [ 39.705317383320121, 21.283252889086118, 0.0 ], [ 39.705297821396194, 21.2832686252648, 0.0 ], [ 39.705278309785555, 21.2832844161974, 0.0 ], [ 39.705258848662773, 21.283300261742593, 0.0 ], [ 39.705239438202014, 21.283316161758599, 0.0 ], [ 39.705220078576964, 21.283332116103153, 0.0 ], [ 39.705200769960847, 21.283348124633509, 0.0 ], [ 39.705181512526458, 21.283364187206441, 0.0 ], [ 39.705162306446127, 21.283380303678214, 0.0 ], [ 39.705143151891697, 21.283396473904652, 0.0 ], [ 39.705124049034595, 21.283412697741035, 0.0 ], [ 39.705104998045741, 21.283428975042238, 0.0 ], [ 39.705085999095601, 21.283445305662575, 0.0 ], [ 39.705067052354217, 21.283461689455976, 0.0 ], [ 39.705048157991115, 21.283478126275821, 0.0 ], [ 39.705040449388513, 21.283484860628562, 0.0 ], [ 39.705038808310697, 21.283486345477588, 0.0 ], [ 39.705037221725064, 21.283487881447194, 0.0 ], [ 39.705035691444714, 21.283489466782079, 0.0 ], [ 39.705034219218412, 21.283491099670595, 0.0 ], [ 39.705032806728568, 21.283492778246689, 0.0 ], [ 39.705031455589392, 21.283494500592145, 0.0 ], [ 39.705030167344887, 21.283496264738705, 0.0 ], [ 39.705028943467234, 21.283498068670351, 0.0 ], [ 39.705027785355071, 21.283499910325585, 0.0 ], [ 39.705026694331849, 21.283501787599818, 0.0 ], [ 39.705025671644364, 21.283503698347754, 0.0 ], [ 39.705024718461331, 21.283505640385826, 0.0 ], [ 39.705023835872026, 21.283507611494727, 0.0 ], [ 39.705023024885016, 21.283509609421916, 0.0 ], [ 39.705022286427138, 21.283511631884227, 0.0 ], [ 39.705021621342247, 21.283513676570418, 0.0 ], [ 39.705021030390384, 21.283515741143912, 0.0 ], [ 39.705020514246918, 21.283517823245322, 0.0 ], [ 39.705020073501643, 21.283519920495301, 0.0 ], [ 39.705019708658263, 21.283522030497142, 0.0 ], [ 39.705019420133716, 21.283524150839611, 0.0 ], [ 39.70501920825771, 21.283526279099622, 0.0 ], [ 39.705019073272382, 21.283528412845044, 0.0 ], [ 39.705019015331985, 21.283530549637497, 0.0 ], [ 39.70501903450274, 21.283532687035098, 0.0 ], [ 39.705019130762743, 21.283534822595282, 0.0 ], [ 39.705019304001993, 21.283536953877586, 0.0 ], [ 39.705019554022527, 21.283539078446438, 0.0 ], [ 39.705019880538629, 21.28354119387393, 0.0 ], [ 39.705020283177149, 21.2835432977426, 0.0 ], [ 39.705020761478011, 21.283545387648189, 0.0 ], [ 39.705021314894566, 21.283547461202431, 0.0 ], [ 39.705021942794446, 21.283549516035666, 0.0 ], [ 39.70502264446003, 21.283551549799732, 0.0 ], [ 39.705023419089549, 21.283553560170475, 0.0 ], [ 39.705024265797753, 21.283555544850486, 0.0 ], [ 39.705025183617039, 21.283557501571721, 0.0 ], [ 39.705026171498545, 21.283559428098091, 0.0 ], [ 39.705027228313355, 21.283561322228007, 0.0 ], [ 39.705028352853759, 21.283563181796897, 0.0 ], [ 39.705029543834669, 21.283565004679694, 0.0 ], [ 39.705030799895063, 21.283566788793255, 0.0 ], [ 39.705032119599565, 21.283568532098741, 0.0 ], [ 39.705033501440013, 21.283570232603928, 0.0 ], [ 39.70503494383729, 21.283571888365508, 0.0 ], [ 39.70503644514308, 21.28357349749135, 0.0 ], [ 39.70503800364169, 21.283575058142564, 0.0 ], [ 39.705039617552153, 21.283576568535675, 0.0 ], [ 39.705041285030084, 21.283578026944642, 0.0 ], [ 39.705043004169973, 21.283579431702826, 0.0 ], [ 39.705044773007181, 21.283580781204911, 0.0 ], [ 39.705046589520364, 21.283582073908725, 0.0 ], [ 39.705048451633644, 21.283583308336969, 0.0 ], [ 39.705050357219022, 21.283584483078993, 0.0 ], [ 39.705052304098878, 21.283585596792314, 0.0 ], [ 39.705054290048324, 21.283586648204224, 0.0 ], [ 39.705056312797886, 21.283587636113154, 0.0 ], [ 39.705058370036006, 21.283588559390207, 0.0 ], [ 39.705060459411726, 21.283589416980217, 0.0 ], [ 39.705062578537351, 21.283590207903202, 0.0 ], [ 39.705064724991189, 21.28359093125529, 0.0 ], [ 39.705066896320361, 21.283591586209848, 0.0 ], [ 39.705069090043466, 21.283592172018427, 0.0 ], [ 39.70507130365359, 21.283592688011559, 0.0 ], [ 39.705073534621093, 21.283593133599581, 0.0 ], [ 39.705075780396449, 21.283593508273309, 0.0 ], [ 39.705078038413248, 21.283593811604533, 0.0 ], [ 39.705080306091062, 21.283594043246666, 0.0 ], [ 39.705082580838479, 21.283594202934943, 0.0 ], [ 39.705083974806371, 21.283594265070427, 0.0 ], [ 39.706600161759724, 21.283647123773491, 0.0 ], [ 39.706640132921081, 21.283612360734459, 0.0 ] ] ] ] } },
{ "type": "Feature", "properties": { "ID": "345", "BLOCK NAME": "B.1.25.12", "FILL-TOTAL": null, "CUT-TOTAL": null, "FILL-DONE": null, "CUT-DONE": null, "FILL-REMAN": null, "CUT-REMAN": null, "EQUPIMENTS": null, "CONTRACTOR": null, "STATUS": null }, "geometry": { "type": "MultiPolygon", "coordinates": [ [ [ [ 39.709038953361372, 21.284419088328793, 0.0 ], [ 39.70905764297008, 21.283949707383602, 0.0 ], [ 39.70902054764413, 21.28391225852528, 0.0 ], [ 39.706978300049698, 21.283841086415872, 0.0 ], [ 39.706938328910191, 21.283875849533363, 0.0 ], [ 39.706919632560378, 21.284345230467395, 0.0 ], [ 39.706956727479813, 21.284382679801539, 0.0 ], [ 39.708998982569561, 21.284453851923356, 0.0 ], [ 39.709038953361372, 21.284419088328793, 0.0 ] ] ] ] } },
{ "type": "Feature", "properties": { "ID": "323", "BLOCK NAME": "B.1.25.13", "FILL-TOTAL": null, "CUT-TOTAL": null, "FILL-DONE": null, "CUT-DONE": null, "FILL-REMAN": null, "CUT-REMAN": null, "EQUPIMENTS": null, "CONTRACTOR": null, "STATUS": null }, "geometry": { "type": "MultiPolygon", "coordinates": [ [ [ [ 39.707526389768944, 21.283643251650908, 0.0 ], [ 39.707564153821899, 21.282695066022661, 0.0 ], [ 39.707527059190205, 21.282657616800872, 0.0 ], [ 39.707026134724913, 21.282640157185767, 0.0 ], [ 39.706986163912845, 21.282674920312694, 0.0 ], [ 39.706948396146224, 21.283623105934687, 0.0 ], [ 39.706985490885458, 21.283660555273887, 0.0 ], [ 39.707486418814369, 21.283678014894814, 0.0 ], [ 39.707526389768944, 21.283643251650908, 0.0 ] ] ] ] } },
{ "type": "Feature", "properties": { "ID": "451", "BLOCK NAME": "B.1.25.14", "FILL-TOTAL": null, "CUT-TOTAL": null, "FILL-DONE": null, "CUT-DONE": null, "FILL-REMAN": null, "CUT-REMAN": null, "EQUPIMENTS": null, "CONTRACTOR": null, "STATUS": null }, "geometry": { "type": "MultiPolygon", "coordinates": [ [ [ [ 39.708297048085392, 21.283670109493436, 0.0 ], [ 39.70833480718683, 21.282721923857032, 0.0 ], [ 39.708297712357869, 21.282684474812783, 0.0 ], [ 39.707796787779031, 21.282667017509613, 0.0 ], [ 39.707756817146752, 21.282701780814705, 0.0 ], [ 39.707719054331662, 21.283649966444997, 0.0 ], [ 39.707756149268192, 21.283687415606668, 0.0 ], [ 39.708257077310634, 21.283704872915507, 0.0 ], [ 39.708297048085392, 21.283670109493436, 0.0 ] ] ] ] } },
{ "type": "Feature", "properties": { "ID": "437", "BLOCK NAME": "B.1.25.15", "FILL-TOTAL": null, "CUT-TOTAL": null, "FILL-DONE": null, "CUT-DONE": null, "FILL-REMAN": null, "CUT-REMAN": null, "EQUPIMENTS": null, "CONTRACTOR": null, "STATUS": null }, "geometry": { "type": "MultiPolygon", "coordinates": [ [ [ [ 39.70906770657642, 21.283696963778926, 0.0 ], [ 39.709082250945741, 21.283331686605568, 0.0 ], [ 39.708597439061819, 21.282694919617384, 0.0 ], [ 39.708567441007794, 21.282693874276632, 0.0 ], [ 39.708527470555353, 21.282728637759885, 0.0 ], [ 39.70848971269178, 21.283676823398277, 0.0 ], [ 39.708526807825585, 21.283714272382401, 0.0 ], [ 39.7090277359815, 21.283731727379166, 0.0 ], [ 39.70906770657642, 21.283696963778926, 0.0 ] ] ] ] } },
{ "type": "Feature", "properties": { "ID": "375", "BLOCK NAME": "B.1.27.9", "FILL-TOTAL": null, "CUT-TOTAL": null, "FILL-DONE": null, "CUT-DONE": null, "FILL-REMAN": null, "CUT-REMAN": null, "EQUPIMENTS": null, "CONTRACTOR": null, "STATUS": null }, "geometry": { "type": "MultiPolygon", "coordinates": [ [ [ [ 39.719920337476502, 21.286244122965716, 0.0 ], [ 39.719938992503707, 21.285774742111805, 0.0 ], [ 39.719901894017511, 21.285737295784649, 0.0 ], [ 39.718255551254622, 21.285680031458391, 0.0 ], [ 39.718215582367094, 21.285714797184646, 0.0 ], [ 39.718196921857327, 21.286184178032155, 0.0 ], [ 39.718234020038615, 21.28622162474413, 0.0 ], [ 39.719880368844656, 21.286278889077472, 0.0 ], [ 39.719920337476502, 21.286244122965716, 0.0 ] ] ] ] } },
{ "type": "Feature", "properties": { "ID": "277", "BLOCK NAME": "B.1.27.7+8", "FILL-TOTAL": null, "CUT-TOTAL": null, "FILL-DONE": null, "CUT-DONE": null, "FILL-REMAN": null, "CUT-REMAN": null, "EQUPIMENTS": null, "CONTRACTOR": null, "STATUS": null }, "geometry": { "type": "MultiPolygon", "coordinates": [ [ [ [ 39.718004253870873, 21.286177475424708, 0.0 ], [ 39.718109042350555, 21.283541720853584, 0.0 ], [ 39.718071944895705, 21.283504274069369, 0.0 ], [ 39.717571017257562, 21.283486846144903, 0.0 ], [ 39.717531048780543, 21.283521611709805, 0.0 ], [ 39.717426249976292, 21.286157366268267, 0.0 ], [ 39.717463347960361, 21.286194813157902, 0.0 ], [ 39.717964284791591, 21.28621224109364, 0.0 ], [ 39.718004253870873, 21.286177475424708, 0.0 ] ] ] ] } },
{ "type": "Feature", "properties": { "ID": "495", "BLOCK NAME": "B.1.27.13", "FILL-TOTAL": null, "CUT-TOTAL": null, "FILL-DONE": null, "CUT-DONE": null, "FILL-REMAN": null, "CUT-REMAN": null, "EQUPIMENTS": null, "CONTRACTOR": null, "STATUS": null }, "geometry": { "type": "MultiPolygon", "coordinates": [ [ [ [ 39.720025903889287, 21.284801549159475, 0.0 ], [ 39.720044558549723, 21.284332168166465, 0.0 ], [ 39.720007460411949, 21.284294721840162, 0.0 ], [ 39.718312967377891, 21.284235782402462, 0.0 ], [ 39.718272998883982, 21.284270548139844, 0.0 ], [ 39.718254338588217, 21.284739929126289, 0.0 ], [ 39.718291436408819, 21.28477737584852, 0.0 ], [ 39.719985935662294, 21.284836315293468, 0.0 ], [ 39.720025903889287, 21.284801549159475, 0.0 ] ] ] ] } },
{ "type": "Feature", "properties": { "ID": "412", "BLOCK NAME": "B.1.27.3", "FILL-TOTAL": null, "CUT-TOTAL": null, "FILL-DONE": null, "CUT-DONE": null, "FILL-REMAN": null, "CUT-REMAN": null, "EQUPIMENTS": null, "CONTRACTOR": null, "STATUS": null }, "geometry": { "type": "MultiPolygon", "coordinates": [ [ [ [ 39.717291008193207, 21.284706413877103, 0.0 ], [ 39.717309671553238, 21.284237032894435, 0.0 ], [ 39.717272574115221, 21.284199585937721, 0.0 ], [ 39.716337183774229, 21.284167037100044, 0.0 ], [ 39.716297214819036, 21.284201802380842, 0.0 ], [ 39.716278548238463, 21.284671183359396, 0.0 ], [ 39.716315645553443, 21.284708630537025, 0.0 ], [ 39.717251039327614, 21.284741179379083, 0.0 ], [ 39.717291008193207, 21.284706413877103, 0.0 ] ] ] ] } },
{ "type": "Feature", "properties": { "ID": "504", "BLOCK NAME": "B.1.26.14+15", "FILL-TOTAL": null, "CUT-TOTAL": null, "FILL-DONE": null, "CUT-DONE": null, "FILL-REMAN": null, "CUT-REMAN": null, "EQUPIMENTS": null, "CONTRACTOR": null, "STATUS": null }, "geometry": { "type": "MultiPolygon", "coordinates": [ [ [ [ 39.715912843572845, 21.286104704313978, 0.0 ], [ 39.715988950221309, 21.284191074458935, 0.0 ], [ 39.715951853121297, 21.284153627197821, 0.0 ], [ 39.715450923336618, 21.284136192995547, 0.0 ], [ 39.715410954174509, 21.284170958071513, 0.0 ], [ 39.715334840030025, 21.286084587916601, 0.0 ], [ 39.715371937478835, 21.286122035288312, 0.0 ], [ 39.715872874005221, 21.286139469499524, 0.0 ], [ 39.715912843572845, 21.286104704313978, 0.0 ] ] ] ] } },
{ "type": "Feature", "properties": { "ID": "306", "BLOCK NAME": "B.1.26.10", "FILL-TOTAL": null, "CUT-TOTAL": null, "FILL-DONE": null, "CUT-DONE": null, "FILL-REMAN": null, "CUT-REMAN": null, "EQUPIMENTS": null, "CONTRACTOR": null, "STATUS": null }, "geometry": { "type": "MultiPolygon", "coordinates": [ [ [ [ 39.715142172204111, 21.286077882006122, 0.0 ], [ 39.715160842431544, 21.285608501171108, 0.0 ], [ 39.715123745168114, 21.285571053742547, 0.0 ], [ 39.714388720038158, 21.285545468485665, 0.0 ], [ 39.714348750247808, 21.285580233318196, 0.0 ], [ 39.714330077437005, 21.28604961414969, 0.0 ], [ 39.714367174628677, 21.286087061752987, 0.0 ], [ 39.715102202456556, 21.286112647013553, 0.0 ], [ 39.715142172204111, 21.286077882006122, 0.0 ] ] ] ] } },
{ "type": "Feature", "properties": { "ID": "371", "BLOCK NAME": "B.1.26.11", "FILL-TOTAL": null, "CUT-TOTAL": null, "FILL-DONE": null, "CUT-DONE": null, "FILL-REMAN": null, "CUT-REMAN": null, "EQUPIMENTS": null, "CONTRACTOR": null, "STATUS": null }, "geometry": { "type": "MultiPolygon", "coordinates": [ [ [ [ 39.715170895602007, 21.285355757625798, 0.0 ], [ 39.715189565722028, 21.284886376721197, 0.0 ], [ 39.715152468638912, 21.284848929287548, 0.0 ], [ 39.714417447106101, 21.284823344035544, 0.0 ], [ 39.71437747751262, 21.284858108873699, 0.0 ], [ 39.714358804809294, 21.285327489774794, 0.0 ], [ 39.714395901820652, 21.285364937383164, 0.0 ], [ 39.715130926051309, 21.285390522638838, 0.0 ], [ 39.715170895602007, 21.285355757625798, 0.0 ] ] ] ] } },
{ "type": "Feature", "properties": { "ID": "394", "BLOCK NAME": "B.1.26.12", "FILL-TOTAL": null, "CUT-TOTAL": null, "FILL-DONE": null, "CUT-DONE": null, "FILL-REMAN": null, "CUT-REMAN": null, "EQUPIMENTS": null, "CONTRACTOR": null, "STATUS": null }, "geometry": { "type": "MultiPolygon", "coordinates": [ [ [ [ 39.715199618834646, 21.284633633138469, 0.0 ], [ 39.715218288847268, 21.284164252164356, 0.0 ], [ 39.71518119194446, 21.284126804725606, 0.0 ], [ 39.714446174008629, 21.284101219478487, 0.0 ], [ 39.714406204611961, 21.284135984322241, 0.0 ], [ 39.714387532016197, 21.284605365292865, 0.0 ], [ 39.71442462884724, 21.284642812906323, 0.0 ], [ 39.715159649480796, 21.284668398157102, 0.0 ], [ 39.715199618834646, 21.284633633138469, 0.0 ] ] ] ] } },
{ "type": "Feature", "properties": { "ID": "354", "BLOCK NAME": "B.1.27.4", "FILL-TOTAL": null, "CUT-TOTAL": null, "FILL-DONE": null, "CUT-DONE": null, "FILL-REMAN": null, "CUT-REMAN": null, "EQUPIMENTS": null, "CONTRACTOR": null, "STATUS": null }, "geometry": { "type": "MultiPolygon", "coordinates": [ [ [ [ 39.717319721025945, 21.28398428926964, 0.0 ], [ 39.717338384278861, 21.283514908217203, 0.0 ], [ 39.717301287021186, 21.283477461255369, 0.0 ], [ 39.716407324103145, 21.283446353935172, 0.0 ], [ 39.716324388928051, 21.283518491914478, 0.0 ], [ 39.716307266025865, 21.283949058758189, 0.0 ], [ 39.716344363160552, 21.283986505940923, 0.0 ], [ 39.717279752357179, 21.284019054777183, 0.0 ], [ 39.717319721025945, 21.28398428926964, 0.0 ] ] ] ] } },
{ "type": "Feature", "properties": { "ID": "492", "BLOCK NAME": "B.1.26.13", "FILL-TOTAL": null, "CUT-TOTAL": null, "FILL-DONE": null, "CUT-DONE": null, "FILL-REMAN": null, "CUT-REMAN": null, "EQUPIMENTS": null, "CONTRACTOR": null, "STATUS": null }, "geometry": { "type": "MultiPolygon", "coordinates": [ [ [ [ 39.715999001956192, 21.283938330836392, 0.0 ], [ 39.716016233454518, 21.283505056026023, 0.0 ], [ 39.715942039615925, 21.283430161484937, 0.0 ], [ 39.714474900745763, 21.283379094814546, 0.0 ], [ 39.714434931545945, 21.283413859663906, 0.0 ], [ 39.714416259057685, 21.28388324070356, 0.0 ], [ 39.714453355708436, 21.283920688322116, 0.0 ], [ 39.715959032979065, 21.283973096038736, 0.0 ], [ 39.715999001956192, 21.283938330836392, 0.0 ] ] ] ] } },
{ "type": "Feature", "properties": { "ID": "299", "BLOCK NAME": "B.1.26.8+9", "FILL-TOTAL": null, "CUT-TOTAL": null, "FILL-DONE": null, "CUT-DONE": null, "FILL-REMAN": null, "CUT-REMAN": null, "EQUPIMENTS": null, "CONTRACTOR": null, "STATUS": null }, "geometry": { "type": "MultiPolygon", "coordinates": [ [ [ [ 39.714137409667572, 21.286042907079676, 0.0 ], [ 39.714242267217948, 21.283407152598635, 0.0 ], [ 39.714205170752585, 21.283369704923249, 0.0 ], [ 39.71370424367872, 21.283352265397706, 0.0 ], [ 39.71366427429902, 21.283387030068955, 0.0 ], [ 39.713559406424302, 21.286022784535518, 0.0 ], [ 39.7135965034187, 21.286060232316409, 0.0 ], [ 39.714097439685446, 21.286077671854859, 0.0 ], [ 39.714137409667572, 21.286042907079676, 0.0 ] ] ] ] } },
{ "type": "Feature", "properties": { "ID": "387", "BLOCK NAME": "B.1.26.4", "FILL-TOTAL": null, "CUT-TOTAL": null, "FILL-DONE": null, "CUT-DONE": null, "FILL-REMAN": null, "CUT-REMAN": null, "EQUPIMENTS": null, "CONTRACTOR": null, "STATUS": null }, "geometry": { "type": "MultiPolygon", "coordinates": [ [ [ [ 39.713395470785109, 21.285293952207802, 0.0 ], [ 39.713414146552758, 21.28482457131102, 0.0 ], [ 39.713377049924063, 21.284787123468199, 0.0 ], [ 39.712234535241983, 21.284747340282895, 0.0 ], [ 39.71221839586169, 21.284775409425986, 0.0 ], [ 39.712620196915672, 21.285303113986451, 0.0 ], [ 39.713355500819937, 21.285328716810458, 0.0 ], [ 39.713395470785109, 21.285293952207802, 0.0 ] ] ] ] } },
{ "type": "Feature", "properties": { "ID": "465", "BLOCK NAME": "B.1.26.5", "FILL-TOTAL": null, "CUT-TOTAL": null, "FILL-DONE": null, "CUT-DONE": null, "FILL-REMAN": null, "CUT-REMAN": null, "EQUPIMENTS": null, "CONTRACTOR": null, "STATUS": null }, "geometry": { "type": "MultiPolygon", "coordinates": [ [ [ [ 39.713424202706356, 21.284571827732474, 0.0 ], [ 39.713442878366365, 21.284102446766124, 0.0 ], [ 39.713405781917949, 21.284064998918218, 0.0 ], [ 39.711706860292878, 21.284005838128667, 0.0 ], [ 39.711678698246693, 21.284039294698328, 0.0 ], [ 39.711680462220684, 21.28404412945963, 0.0 ], [ 39.711682298989011, 21.284048940354552, 0.0 ], [ 39.711684208184316, 21.284053726420879, 0.0 ], [ 39.711686189424796, 21.284058486701436, 0.0 ], [ 39.711688242314175, 21.284063220244153, 0.0 ], [ 39.711690366441914, 21.284067926102352, 0.0 ], [ 39.711692561383174, 21.284072603334874, 0.0 ], [ 39.711694826699002, 21.284077251006238, 0.0 ], [ 39.711697161936321, 21.284081868186956, 0.0 ], [ 39.711699566628113, 21.284086453953609, 0.0 ], [ 39.711702040293453, 21.284091007389033, 0.0 ], [ 39.711704582437598, 21.284095527582547, 0.0 ], [ 39.711707192552154, 21.284100013630137, 0.0 ], [ 39.711709870115079, 21.284104464634581, 0.0 ], [ 39.711712614590908, 21.284108879705705, 0.0 ], [ 39.711715425430732, 21.284113257960481, 0.0 ], [ 39.711718302072391, 21.284117598523299, 0.0 ], [ 39.711721243940588, 21.284121900526006, 0.0 ], [ 39.711724250446949, 21.284126163108233, 0.0 ], [ 39.711727320990164, 21.284130385417502, 0.0 ], [ 39.711730454956168, 21.284134566609314, 0.0 ], [ 39.711730529369589, 21.284134664375948, 0.0 ], [ 39.712032210692954, 21.284530881858185, 0.0 ], [ 39.712093137617906, 21.284561634842238, 0.0 ], [ 39.713384232938047, 21.28460659234074, 0.0 ], [ 39.713424202706356, 21.284571827732474, 0.0 ] ] ] ] } },
{ "type": "Feature", "properties": { "ID": "385", "BLOCK NAME": "B.1.26.7", "FILL-TOTAL": null, "CUT-TOTAL": null, "FILL-DONE": null, "CUT-DONE": null, "FILL-REMAN": null, "CUT-REMAN": null, "EQUPIMENTS": null, "CONTRACTOR": null, "STATUS": null }, "geometry": { "type": "MultiPolygon", "coordinates": [ [ [ [ 39.713452934462026, 21.283849703149873, 0.0 ], [ 39.713471610014373, 21.283380322114457, 0.0 ], [ 39.713434513746222, 21.283342874261479, 0.0 ], [ 39.711722692491676, 21.283283263928276, 0.0 ], [ 39.711682722649464, 21.283318028141519, 0.0 ], [ 39.711664041407161, 21.283787409168688, 0.0 ], [ 39.711701137353508, 21.283824857421447, 0.0 ], [ 39.713412964890551, 21.283884467763745, 0.0 ], [ 39.713452934462026, 21.283849703149873, 0.0 ] ] ] ] } },
{ "type": "Feature", "properties": { "ID": "305", "BLOCK NAME": "B.1.28.1+2+3", "FILL-TOTAL": null, "CUT-TOTAL": null, "FILL-DONE": null, "CUT-DONE": null, "FILL-REMAN": null, "CUT-REMAN": null, "EQUPIMENTS": null, "CONTRACTOR": null, "STATUS": null }, "geometry": { "type": "MultiPolygon", "coordinates": [ [ [ [ 39.712449918156118, 21.282947027356414, 0.0 ], [ 39.712579639125813, 21.279687207654913, 0.0 ], [ 39.712525164010273, 21.279644072259526, 0.0 ], [ 39.712498842520006, 21.279649312373227, 0.0 ], [ 39.712472537153189, 21.279654623145856, 0.0 ], [ 39.712446248125872, 21.279660004533785, 0.0 ], [ 39.712419975653951, 21.279665456492843, 0.0 ], [ 39.712393719953155, 21.279670978978235, 0.0 ], [ 39.71236748123912, 21.279676571944634, 0.0 ], [ 39.712341259727303, 21.279682235346101, 0.0 ], [ 39.71231505563307, 21.279687969136127, 0.0 ], [ 39.712288869171594, 21.279693773267624, 0.0 ], [ 39.712262700557943, 21.279699647692937, 0.0 ], [ 39.712236550006999, 21.279705592363815, 0.0 ], [ 39.712210417733523, 21.279711607231437, 0.0 ], [ 39.712184303952128, 21.279717692246429, 0.0 ], [ 39.712158208877256, 21.27972384735882, 0.0 ], [ 39.712132132723212, 21.279730072518049, 0.0 ], [ 39.712106075704121, 21.279736367672985, 0.0 ], [ 39.712080038033996, 21.279742732771961, 0.0 ], [ 39.712054019926661, 21.279749167762692, 0.0 ], [ 39.712028021595771, 21.279755672592337, 0.0 ], [ 39.712002043254842, 21.279762247207479, 0.0 ], [ 39.711976085117215, 21.279768891554127, 0.0 ], [ 39.711950147396038, 21.279775605577715, 0.0 ], [ 39.711924230304341, 21.279782389223087, 0.0 ], [ 39.711898334054972, 21.279789242434575, 0.0 ], [ 39.71187245886059, 21.27979616515589, 0.0 ], [ 39.711846604933669, 21.279803157330154, 0.0 ], [ 39.711820772486561, 21.279810218899975, 0.0 ], [ 39.711794961731385, 21.27981734980737, 0.0 ], [ 39.711769172880118, 21.279824549993737, 0.0 ], [ 39.711743406144549, 21.279831819400012, 0.0 ], [ 39.71171766173628, 21.279839157966453, 0.0 ], [ 39.711691939866711, 21.279846565632798, 0.0 ], [ 39.711666240747107, 21.279854042338208, 0.0 ], [ 39.7116405645885, 21.279861588021312, 0.0 ], [ 39.711614911601757, 21.279869202620144, 0.0 ], [ 39.711589281997533, 21.279876886072138, 0.0 ], [ 39.711563675986341, 21.279884638314229, 0.0 ], [ 39.711538093778437, 21.279892459282749, 0.0 ], [ 39.711512535583914, 21.279900348913465, 0.0 ], [ 39.711487001612674, 21.279908307141582, 0.0 ], [ 39.711461492074399, 21.279916333901756, 0.0 ], [ 39.711436007178591, 21.279924429128076, 0.0 ], [ 39.711424316368877, 21.279928168241188, 0.0 ], [ 39.709218547881925, 21.28063514742523, 0.0 ], [ 39.709212990960097, 21.280637709090346, 0.0 ], [ 39.709207468503472, 21.280640335394622, 0.0 ], [ 39.709201981368423, 21.280643025930797, 0.0 ], [ 39.709196530405883, 21.280645780281624, 0.0 ], [ 39.709191116461163, 21.280648598019972, 0.0 ], [ 39.709185740373812, 21.280651478708865, 0.0 ], [ 39.709180402977566, 21.280654421901637, 0.0 ], [ 39.709175105100101, 21.280657427141811, 0.0 ], [ 39.709169847562983, 21.280660493963357, 0.0 ], [ 39.709164631181551, 21.280663621890724, 0.0 ], [ 39.709159456764716, 21.280666810438831, 0.0 ], [ 39.709154325114902, 21.280670059113199, 0.0 ], [ 39.709149237027923, 21.280673367410046, 0.0 ], [ 39.709144193292801, 21.280676734816353, 0.0 ], [ 39.709139194691708, 21.280680160809919, 0.0 ], [ 39.709134241999806, 21.280683644859433, 0.0 ], [ 39.709129335985118, 21.280687186424622, 0.0 ], [ 39.709124477408466, 21.280690784956263, 0.0 ], [ 39.709119667023302, 21.280694439896351, 0.0 ], [ 39.709114905575589, 21.280698150678059, 0.0 ], [ 39.70911019380371, 21.280701916725938, 0.0 ], [ 39.70910553243835, 21.280705737455996, 0.0 ], [ 39.709100922202403, 21.2807096122757, 0.0 ], [ 39.709096363810772, 21.280713540584202, 0.0 ], [ 39.709091857970364, 21.280717521772264, 0.0 ], [ 39.709087405379933, 21.280721555222549, 0.0 ], [ 39.709083006729948, 21.280725640309548, 0.0 ], [ 39.709078662702581, 21.280729776399763, 0.0 ], [ 39.709074373971461, 21.280733962851802, 0.0 ], [ 39.70907014120165, 21.280738199016433, 0.0 ], [ 39.709065965049582, 21.280742484236743, 0.0 ], [ 39.709061846162854, 21.280746817848208, 0.0 ], [ 39.709057785180235, 21.280751199178781, 0.0 ], [ 39.70905378273148, 21.280755627549013, 0.0 ], [ 39.709049839437263, 21.280760102272204, 0.0 ], [ 39.709045955909119, 21.280764622654402, 0.0 ], [ 39.709042132749268, 21.28076918799464, 0.0 ], [ 39.709038370550616, 21.28077379758491, 0.0 ], [ 39.709034669896575, 21.280778450710404, 0.0 ], [ 39.709031031361057, 21.280783146649526, 0.0 ], [ 39.70902745550827, 21.280787884674069, 0.0 ], [ 39.709023942892792, 21.280792664049255, 0.0 ], [ 39.709020494059324, 21.280797484033929, 0.0 ], [ 39.709017109542721, 21.280802343880644, 0.0 ], [ 39.709013789867825, 21.280807242835728, 0.0 ], [ 39.709010535549474, 21.28081218013951, 0.0 ], [ 39.70900734709231, 21.280817155026313, 0.0 ], [ 39.709004224990785, 21.28082216672464, 0.0 ], [ 39.709001169729106, 21.280827214457332, 0.0 ], [ 39.708998181781048, 21.280832297441577, 0.0 ], [ 39.708995261609957, 21.280837414889156, 0.0 ], [ 39.708992409668731, 21.280842566006463, 0.0 ], [ 39.708989626399614, 21.280847749994688, 0.0 ], [ 39.708986912234252, 21.280852966049924, 0.0 ], [ 39.70898426759355, 21.280858213363281, 0.0 ], [ 39.708981692887612, 21.280863491121028, 0.0 ], [ 39.708979188515741, 21.280868798504709, 0.0 ], [ 39.708976754866299, 21.280874134691302, 0.0 ], [ 39.708974392316705, 21.280879498853263, 0.0 ], [ 39.70897210123335, 21.280884890158756, 0.0 ], [ 39.708969881971505, 21.28089030777172, 0.0 ], [ 39.708967734875358, 21.280895750852029, 0.0 ], [ 39.708965660277869, 21.280901218555563, 0.0 ], [ 39.708963658500736, 21.280906710034429, 0.0 ], [ 39.708961729854465, 21.280912224437028, 0.0 ], [ 39.708959874638076, 21.28091776090821, 0.0 ], [ 39.708958093139337, 21.280923318589412, 0.0 ], [ 39.708956385634487, 21.280928896618764, 0.0 ], [ 39.708954752388344, 21.28093449413123, 0.0 ], [ 39.708953193654175, 21.280940110258801, 0.0 ], [ 39.708951709673727, 21.280945744130538, 0.0 ], [ 39.708950300677145, 21.280951394872751, 0.0 ], [ 39.708948966882907, 21.280957061609175, 0.0 ], [ 39.708947708497902, 21.280962743461007, 0.0 ], [ 39.708946525717266, 21.280968439547131, 0.0 ], [ 39.708945418724412, 21.280974148984232, 0.0 ], [ 39.708944387691034, 21.280979870886917, 0.0 ], [ 39.708943432777041, 21.280985604367842, 0.0 ], [ 39.708942554130502, 21.280991348537881, 0.0 ], [ 39.7089417518877, 21.280997102506259, 0.0 ], [ 39.708941026173058, 21.281002865380668, 0.0 ], [ 39.70894037709909, 21.28100863626744, 0.0 ], [ 39.708939804766501, 21.28101441427162, 0.0 ], [ 39.708939309264025, 21.281020198497203, 0.0 ], [ 39.708938890668541, 21.281025988047176, 0.0 ], [ 39.708938549044959, 21.281031782023724, 0.0 ], [ 39.708938284446262, 21.281037579528324, 0.0 ], [ 39.708938096913485, 21.281043379661952, 0.0 ], [ 39.708937986475746, 21.281049181525137, 0.0 ], [ 39.708937953150162, 21.281054984218116, 0.0 ], [ 39.708937996941884, 21.281060786841053, 0.0 ], [ 39.708938117844177, 21.281066588494099, 0.0 ], [ 39.708938315838282, 21.281072388277579, 0.0 ], [ 39.70893859089351, 21.281078185292039, 0.0 ], [ 39.708938942967194, 21.281083978638517, 0.0 ], [ 39.708939372004757, 21.281089767418596, 0.0 ], [ 39.708939877939684, 21.281095550734594, 0.0 ], [ 39.708940460693526, 21.281101327689615, 0.0 ], [ 39.708941120175894, 21.281107097387839, 0.0 ], [ 39.708941856284554, 21.281112858934485, 0.0 ], [ 39.708942668905351, 21.281118611436103, 0.0 ], [ 39.708943557912299, 21.281124354000568, 0.0 ], [ 39.708944523167489, 21.281130085737399, 0.0 ], [ 39.708945564521308, 21.281135805757703, 0.0 ], [ 39.708946681812222, 21.281141513174454, 0.0 ], [ 39.708947874866986, 21.281147207102538, 0.0 ], [ 39.708949143500597, 21.281152886659012, 0.0 ], [ 39.708950487516347, 21.281158550963042, 0.0 ], [ 39.708951906705799, 21.281164199136306, 0.0 ], [ 39.708953400848884, 21.28116983030284, 0.0 ], [ 39.708954969713915, 21.281175443589404, 0.0 ], [ 39.708956613057588, 21.281181038125506, 0.0 ], [ 39.708958330625066, 21.281186613043566, 0.0 ], [ 39.708960122150003, 21.281192167479059, 0.0 ], [ 39.708961987354613, 21.281197700570591, 0.0 ], [ 39.708963925949625, 21.281203211460138, 0.0 ], [ 39.708965937634417, 21.281208699293064, 0.0 ], [ 39.708968022097046, 21.281214163218344, 0.0 ], [ 39.708970179014251, 21.281219602388646, 0.0 ], [ 39.708972408051579, 21.281225015960494, 0.0 ], [ 39.70897470886333, 21.281230403094366, 0.0 ], [ 39.70897708109274, 21.281235762954836, 0.0 ], [ 39.708979524371919, 21.281241094710698, 0.0 ], [ 39.70898203832197, 21.28124639753516, 0.0 ], [ 39.708984622553089, 21.28125167060584, 0.0 ], [ 39.70898727666448, 21.281256913105025, 0.0 ], [ 39.708990000244583, 21.281262124219719, 0.0 ], [ 39.708992792871044, 21.281267303141785, 0.0 ], [ 39.708995654110794, 21.281272449068123, 0.0 ], [ 39.708998583520099, 21.281277561200696, 0.0 ], [ 39.709001580644738, 21.281282638746738, 0.0 ], [ 39.709004645019888, 21.281287680918819, 0.0 ], [ 39.709007776170367, 21.28129268693505, 0.0 ], [ 39.709010973610575, 21.281297656019078, 0.0 ], [ 39.709014236844716, 21.281302587400344, 0.0 ], [ 39.709017565366722, 21.281307480314073, 0.0 ], [ 39.70902095866041, 21.281312334001512, 0.0 ], [ 39.70902441619959, 21.281317147709945, 0.0 ], [ 39.709027937448063, 21.2813219206929, 0.0 ], [ 39.709031521859792, 21.281326652210169, 0.0 ], [ 39.709035168878891, 21.281331341528016, 0.0 ], [ 39.709038594444117, 21.281335637008951, 0.0 ], [ 39.709302503917911, 21.281723382181141, 0.0 ], [ 39.710207954219328, 21.282912620209174, 0.0 ], [ 39.710268880105737, 21.282943373901883, 0.0 ], [ 39.712369978982451, 21.283016556108894, 0.0 ], [ 39.712449918156118, 21.282947027356414, 0.0 ] ] ] ] } },
{ "type": "Feature", "properties": { "ID": "368", "BLOCK NAME": "B.1.29.15+17", "FILL-TOTAL": null, "CUT-TOTAL": null, "FILL-DONE": null, "CUT-DONE": null, "FILL-REMAN": null, "CUT-REMAN": null, "EQUPIMENTS": null, "CONTRACTOR": null, "STATUS": null }, "geometry": { "type": "MultiPolygon", "coordinates": [ [ [ [ 39.717216726127099, 21.282425989339885, 0.0 ], [ 39.717301292412877, 21.280299164583113, 0.0 ], [ 39.717264191715302, 21.280261829996064, 0.0 ], [ 39.716763245853109, 21.280245130276992, 0.0 ], [ 39.716723278032241, 21.280279895650533, 0.0 ], [ 39.716638736956646, 21.282405876963296, 0.0 ], [ 39.71667583377269, 21.282443324094839, 0.0 ], [ 39.717176757842964, 21.282460754821372, 0.0 ], [ 39.717216726127099, 21.282425989339885, 0.0 ] ] ] ] } },
{ "type": "Feature", "properties": { "ID": "340", "BLOCK NAME": "B.1.30.4+6+8", "FILL-TOTAL": null, "CUT-TOTAL": null, "FILL-DONE": null, "CUT-DONE": null, "FILL-REMAN": null, "CUT-REMAN": null, "EQUPIMENTS": null, "CONTRACTOR": null, "STATUS": null }, "geometry": { "type": "MultiPolygon", "coordinates": [ [ [ [ 39.718102976376926, 21.282456824431485, 0.0 ], [ 39.718187632693734, 21.280327413779954, 0.0 ], [ 39.718150531770753, 21.28029007939713, 0.0 ], [ 39.717649556558925, 21.280274112910394, 0.0 ], [ 39.717609584662114, 21.280308990924198, 0.0 ], [ 39.717524987057665, 21.282436715122696, 0.0 ], [ 39.717562084100472, 21.282474162049976, 0.0 ], [ 39.718063008299701, 21.28249159011775, 0.0 ], [ 39.718102976376926, 21.282456824431485, 0.0 ] ] ] ] } },
{ "type": "Feature", "properties": { "ID": "496", "BLOCK NAME": "B.1.30.1+2", "FILL-TOTAL": null, "CUT-TOTAL": null, "FILL-DONE": null, "CUT-DONE": null, "FILL-REMAN": null, "CUT-REMAN": null, "EQUPIMENTS": null, "CONTRACTOR": null, "STATUS": null }, "geometry": { "type": "MultiPolygon", "coordinates": [ [ [ [ 39.720010541831087, 21.283246300890067, 0.0 ], [ 39.720029196507127, 21.282776919748169, 0.0 ], [ 39.719992098776821, 21.282739473393065, 0.0 ], [ 39.71755490621694, 21.282654693268263, 0.0 ], [ 39.717514937954761, 21.282689458828212, 0.0 ], [ 39.717496993077937, 21.283140786841237, 0.0 ], [ 39.717552638912935, 21.283196957221278, 0.0 ], [ 39.719970574009182, 21.283281067018176, 0.0 ], [ 39.720010541831087, 21.283246300890067, 0.0 ] ] ] ] } },
{ "type": "Feature", "properties": { "ID": "476", "BLOCK NAME": "B.1.30.5", "FILL-TOTAL": null, "CUT-TOTAL": null, "FILL-DONE": null, "CUT-DONE": null, "FILL-REMAN": null, "CUT-REMAN": null, "EQUPIMENTS": null, "CONTRACTOR": null, "STATUS": null }, "geometry": { "type": "MultiPolygon", "coordinates": [ [ [ [ 39.720039241303922, 21.282524176037626, 0.0 ], [ 39.720057895873232, 21.282054794826134, 0.0 ], [ 39.720020798323262, 21.282017348465878, 0.0 ], [ 39.718354267505433, 21.28195938014106, 0.0 ], [ 39.718314299619962, 21.28199414588466, 0.0 ], [ 39.71829563950493, 21.282463527089792, 0.0 ], [ 39.718332736744905, 21.282500973839461, 0.0 ], [ 39.719999273678795, 21.282558942171278, 0.0 ], [ 39.720039241303922, 21.282524176037626, 0.0 ] ] ] ] } },
{ "type": "Feature", "properties": { "ID": "373", "BLOCK NAME": "B.1.30.7", "FILL-TOTAL": null, "CUT-TOTAL": null, "FILL-DONE": null, "CUT-DONE": null, "FILL-REMAN": null, "CUT-REMAN": null, "EQUPIMENTS": null, "CONTRACTOR": null, "STATUS": null }, "geometry": { "type": "MultiPolygon", "coordinates": [ [ [ [ 39.720067940612573, 21.28180205107817, 0.0 ], [ 39.720086595075152, 21.281332669797234, 0.0 ], [ 39.720049497705517, 21.281295223431837, 0.0 ], [ 39.718382975042189, 21.281237255116348, 0.0 ], [ 39.718343007353454, 21.281272020865504, 0.0 ], [ 39.718324347345408, 21.281741402140131, 0.0 ], [ 39.718361444405055, 21.281778848894916, 0.0 ], [ 39.720027973184209, 21.281836817217378, 0.0 ], [ 39.720067940612573, 21.28180205107817, 0.0 ] ] ] ] } },
{ "type": "Feature", "properties": { "ID": "498", "BLOCK NAME": "B.1.29.4", "FILL-TOTAL": null, "CUT-TOTAL": null, "FILL-DONE": null, "CUT-DONE": null, "FILL-REMAN": null, "CUT-REMAN": null, "EQUPIMENTS": null, "CONTRACTOR": null, "STATUS": null }, "geometry": { "type": "MultiPolygon", "coordinates": [ [ [ [ 39.714527150681491, 21.282332382740702, 0.0 ], [ 39.714545822782334, 21.281863001551081, 0.0 ], [ 39.714508726642698, 21.281825553920452, 0.0 ], [ 39.713614773873111, 21.281794431330223, 0.0 ], [ 39.713574804881269, 21.281829195978602, 0.0 ], [ 39.713556129692094, 21.282298577163971, 0.0 ], [ 39.713593225719301, 21.282336025005907, 0.0 ], [ 39.714487181769513, 21.282367147600645, 0.0 ], [ 39.714527150681491, 21.282332382740702, 0.0 ] ] ] ] } },
{ "type": "Feature", "properties": { "ID": "421", "BLOCK NAME": "B.1.29.5", "FILL-TOTAL": null, "CUT-TOTAL": null, "FILL-DONE": null, "CUT-DONE": null, "FILL-REMAN": null, "CUT-REMAN": null, "EQUPIMENTS": null, "CONTRACTOR": null, "STATUS": null }, "geometry": { "type": "MultiPolygon", "coordinates": [ [ [ [ 39.714555876961555, 21.281610257814712, 0.0 ], [ 39.714574548954957, 21.281140876555238, 0.0 ], [ 39.714537452995579, 21.281103428919518, 0.0 ], [ 39.713643504600043, 21.281072306335275, 0.0 ], [ 39.713603535805035, 21.281107070989265, 0.0 ], [ 39.713584860723422, 21.281576452244522, 0.0 ], [ 39.713621956570364, 21.281613900091521, 0.0 ], [ 39.714515908246405, 21.281645022680269, 0.0 ], [ 39.714555876961555, 21.281610257814712, 0.0 ] ] ] ] } },
{ "type": "Feature", "properties": { "ID": "376", "BLOCK NAME": "B.1.29.14", "FILL-TOTAL": null, "CUT-TOTAL": null, "FILL-DONE": null, "CUT-DONE": null, "FILL-REMAN": null, "CUT-REMAN": null, "EQUPIMENTS": null, "CONTRACTOR": null, "STATUS": null }, "geometry": { "type": "MultiPolygon", "coordinates": [ [ [ [ 39.716446073921489, 21.282399172393148, 0.0 ], [ 39.716464739919154, 21.281929791195534, 0.0 ], [ 39.716427643288483, 21.281892344007115, 0.0 ], [ 39.715533690018141, 21.281861231690367, 0.0 ], [ 39.715493721474189, 21.281895996782218, 0.0 ], [ 39.715475052388165, 21.282365377975847, 0.0 ], [ 39.715512148906427, 21.282402825375577, 0.0 ], [ 39.716406105457466, 21.282433937696535, 0.0 ], [ 39.716446073921489, 21.282399172393148, 0.0 ] ] ] ] } },
{ "type": "Feature", "properties": { "ID": "503", "BLOCK NAME": "B.1.29.16", "FILL-TOTAL": null, "CUT-TOTAL": null, "FILL-DONE": null, "CUT-DONE": null, "FILL-REMAN": null, "CUT-REMAN": null, "EQUPIMENTS": null, "CONTRACTOR": null, "STATUS": null }, "geometry": { "type": "MultiPolygon", "coordinates": [ [ [ [ 39.716474790812121, 21.28167704745487, 0.0 ], [ 39.716493456702572, 21.281207666187431, 0.0 ], [ 39.716456360252202, 21.281170218993918, 0.0 ], [ 39.71556241135594, 21.281139106682787, 0.0 ], [ 39.715522443008794, 21.281173871780219, 0.0 ], [ 39.715503774030083, 21.281643253043704, 0.0 ], [ 39.715540870368066, 21.281680700448526, 0.0 ], [ 39.716434822544883, 21.281711812763863, 0.0 ], [ 39.716474790812121, 21.28167704745487, 0.0 ] ] ] ] } },
{ "type": "Feature", "properties": { "ID": "485", "BLOCK NAME": "B.1.30.9", "FILL-TOTAL": null, "CUT-TOTAL": null, "FILL-DONE": null, "CUT-DONE": null, "FILL-REMAN": null, "CUT-REMAN": null, "EQUPIMENTS": null, "CONTRACTOR": null, "STATUS": null }, "geometry": { "type": "MultiPolygon", "coordinates": [ [ [ [ 39.720098198483953, 21.281040705360414, 0.0 ], [ 39.719985679020532, 21.280619451329606, 0.0 ], [ 39.719943415164245, 21.280568410640175, 0.0 ], [ 39.71841168241442, 21.280515129984703, 0.0 ], [ 39.718371714922455, 21.280549895739412, 0.0 ], [ 39.718353055021339, 21.281019277083548, 0.0 ], [ 39.718390151900692, 21.281056723843459, 0.0 ], [ 39.720056672525573, 21.281114692156635, 0.0 ], [ 39.720096639757188, 21.281079926011863, 0.0 ], [ 39.720098198483953, 21.281040705360414, 0.0 ] ] ] ] } },
{ "type": "Feature", "properties": { "ID": "453", "BLOCK NAME": "B.1.29.11", "FILL-TOTAL": null, "CUT-TOTAL": null, "FILL-DONE": null, "CUT-DONE": null, "FILL-REMAN": null, "CUT-REMAN": null, "EQUPIMENTS": null, "CONTRACTOR": null, "STATUS": null }, "geometry": { "type": "MultiPolygon", "coordinates": [ [ [ [ 39.716503507537823, 21.280954922409041, 0.0 ], [ 39.71653082417005, 21.280268000860129, 0.0 ], [ 39.716493727954351, 21.280230553660022, 0.0 ], [ 39.71599281147509, 21.280213120630954, 0.0 ], [ 39.715952843475748, 21.28024788582648, 0.0 ], [ 39.715925524153377, 21.280934807371967, 0.0 ], [ 39.715962620411652, 21.280972254691335, 0.0 ], [ 39.716463539467362, 21.280989687723608, 0.0 ], [ 39.716503507537823, 21.280954922409041, 0.0 ] ] ] ] } },
{ "type": "Feature", "properties": { "ID": "471", "BLOCK NAME": "B.1.29.10", "FILL-TOTAL": null, "CUT-TOTAL": null, "FILL-DONE": null, "CUT-DONE": null, "FILL-REMAN": null, "CUT-REMAN": null, "EQUPIMENTS": null, "CONTRACTOR": null, "STATUS": null }, "geometry": { "type": "MultiPolygon", "coordinates": [ [ [ [ 39.715732863046838, 21.280928101914995, 0.0 ], [ 39.715760183265871, 21.280241180370712, 0.0 ], [ 39.715723110102573, 21.280203663468413, 0.0 ], [ 39.715222170880466, 21.280186297652175, 0.0 ], [ 39.715182202701257, 21.280221062669639, 0.0 ], [ 39.715154879792145, 21.280907984210426, 0.0 ], [ 39.715191975853223, 21.280945431707369, 0.0 ], [ 39.715692894796526, 21.280962867051507, 0.0 ], [ 39.715732863046838, 21.280928101914995, 0.0 ] ] ] ] } },
{ "type": "Feature", "properties": { "ID": "452", "BLOCK NAME": "B.1.29.9", "FILL-TOTAL": null, "CUT-TOTAL": null, "FILL-DONE": null, "CUT-DONE": null, "FILL-REMAN": null, "CUT-REMAN": null, "EQUPIMENTS": null, "CONTRACTOR": null, "STATUS": null }, "geometry": { "type": "MultiPolygon", "coordinates": [ [ [ [ 39.714756436115934, 21.280181877377583, 0.0 ], [ 39.714730670207906, 21.280181091861788, 0.0 ], [ 39.714704901898031, 21.280180378569543, 0.0 ], [ 39.714679131416872, 21.280179737507215, 0.0 ], [ 39.714653358994994, 21.280179168680544, 0.0 ], [ 39.714627584862974, 21.280178672094618, 0.0 ], [ 39.714601809251441, 21.280178247753881, 0.0 ], [ 39.714576032390987, 21.280177895662149, 0.0 ], [ 39.714550254512247, 21.280177615822549, 0.0 ], [ 39.71452447584587, 21.280177408237588, 0.0 ], [ 39.714498696622485, 21.280177272909146, 0.0 ], [ 39.71447291707274, 21.28017720983841, 0.0 ], [ 39.714450792512615, 21.28017721332715, 0.0 ], [ 39.714410797631949, 21.280213452869287, 0.0 ], [ 39.71438423560403, 21.280881157492235, 0.0 ], [ 39.714421331467925, 21.280918605166761, 0.0 ], [ 39.71492225029867, 21.28093604282272, 0.0 ], [ 39.714962218728893, 21.280901277864306, 0.0 ], [ 39.71498910130498, 21.280225448886323, 0.0 ], [ 39.714952001195464, 21.280188113766574, 0.0 ], [ 39.714756436115934, 21.280181877377583, 0.0 ] ] ] ] } },
{ "type": "Feature", "properties": { "ID": "278", "BLOCK NAME": "B.1.29.8", "FILL-TOTAL": null, "CUT-TOTAL": null, "FILL-DONE": null, "CUT-DONE": null, "FILL-REMAN": null, "CUT-REMAN": null, "EQUPIMENTS": null, "CONTRACTOR": null, "STATUS": null }, "geometry": { "type": "MultiPolygon", "coordinates": [ [ [ [ 39.714191574584078, 21.280874450257262, 0.0 ], [ 39.714217747383969, 21.280216551493083, 0.0 ], [ 39.714180642853904, 21.280181549464565, 0.0 ], [ 39.714154878258228, 21.280182377851972, 0.0 ], [ 39.714129116412373, 21.280183278451428, 0.0 ], [ 39.714103357546833, 21.280184251254898, 0.0 ], [ 39.714077601892065, 21.280185296253652, 0.0 ], [ 39.714051849678498, 21.280186413438365, 0.0 ], [ 39.714026101136554, 21.280187602799046, 0.0 ], [ 39.714000356496591, 21.28018886432503, 0.0 ], [ 39.713974615988981, 21.28019019800503, 0.0 ], [ 39.713948879843997, 21.28019160382717, 0.0 ], [ 39.713923148291912, 21.280193081778805, 0.0 ], [ 39.71389742156294, 21.280194631846737, 0.0 ], [ 39.713871699887292, 21.280196254017113, 0.0 ], [ 39.713845983495062, 21.280197948275404, 0.0 ], [ 39.713820272616346, 21.280199714606471, 0.0 ], [ 39.713794567481202, 21.28020155299448, 0.0 ], [ 39.713768868319598, 21.280203463423021, 0.0 ], [ 39.713743175361479, 21.280205445874962, 0.0 ], [ 39.713717488836707, 21.280207500332608, 0.0 ], [ 39.713691808975113, 21.280209626777566, 0.0 ], [ 39.71367744966048, 21.280210847444003, 0.0 ], [ 39.713637622476206, 21.280250328744934, 0.0 ], [ 39.713613591589223, 21.280854327217742, 0.0 ], [ 39.7136506872559, 21.280891775069829, 0.0 ], [ 39.714151605973996, 21.280909215037582, 0.0 ], [ 39.714191574584078, 21.280874450257262, 0.0 ] ] ] ] } },
{ "type": "Feature", "properties": { "ID": "315", "BLOCK NAME": "B.1.27.11+12", "FILL-TOTAL": null, "CUT-TOTAL": null, "FILL-DONE": null, "CUT-DONE": null, "FILL-REMAN": null, "CUT-REMAN": null, "EQUPIMENTS": null, "CONTRACTOR": null, "STATUS": null }, "geometry": { "type": "MultiPolygon", "coordinates": [ [ [ [ 39.720140269690567, 21.285564805174502, 0.0 ], [ 39.720477708096048, 21.28557653974741, 0.0 ], [ 39.720499155138192, 21.285034943731979, 0.0 ], [ 39.720209960515803, 21.285024886864356, 0.0 ], [ 39.718284259398551, 21.284957906983824, 0.0 ], [ 39.718244290707837, 21.284992672715674, 0.0 ], [ 39.718225630305085, 21.285462053632649, 0.0 ], [ 39.71826272830603, 21.285499500349761, 0.0 ], [ 39.720140269690567, 21.285564805174502, 0.0 ] ] ] ] } },
{ "type": "Feature", "properties": { "ID": "320", "BLOCK NAME": "B.1.15.14+17", "FILL-TOTAL": null, "CUT-TOTAL": null, "FILL-DONE": null, "CUT-DONE": null, "FILL-REMAN": null, "CUT-REMAN": null, "EQUPIMENTS": null, "CONTRACTOR": null, "STATUS": null }, "geometry": { "type": "MultiPolygon", "coordinates": [ [ [ [ 39.705605065464667, 21.28770341858672, 0.0 ], [ 39.70563188935386, 21.287030145230371, 0.0 ], [ 39.705576246442476, 21.286973970833042, 0.0 ], [ 39.702996867834507, 21.286884026104808, 0.0 ], [ 39.702956894929052, 21.286918788305865, 0.0 ], [ 39.702883864254474, 21.288750998621158, 0.0 ], [ 39.702920922129195, 21.28878918205676, 0.0 ], [ 39.703421503112949, 21.288816191892604, 0.0 ], [ 39.70346143921703, 21.288782162826685, 0.0 ], [ 39.703525727590524, 21.287169124426317, 0.0 ], [ 39.705259750091393, 21.287229589679875, 0.0 ], [ 39.705209111288568, 21.288500527806548, 0.0 ], [ 39.704476962039756, 21.288475000218192, 0.0 ], [ 39.704436989074615, 21.288509762763539, 0.0 ], [ 39.704425345529792, 21.288801953421668, 0.0 ], [ 39.704457749815333, 21.288820737799178, 0.0 ], [ 39.704461878610914, 21.288818259712205, 0.0 ], [ 39.704465965304372, 21.288815721086912, 0.0 ], [ 39.704470008884584, 21.288813122551399, 0.0 ], [ 39.704474008351106, 21.2888104647486, 0.0 ], [ 39.704477962714385, 21.288807748336097, 0.0 ], [ 39.704481870996048, 21.288804973985989, 0.0 ], [ 39.704485732229102, 21.2888021423847, 0.0 ], [ 39.70448954545823, 21.288799254232796, 0.0 ], [ 39.704493309739959, 21.288796310244912, 0.0 ], [ 39.704497024142945, 21.288793311149398, 0.0 ], [ 39.704500687748158, 21.288790257688319, 0.0 ], [ 39.704502810203564, 21.288788443785055, 0.0 ], [ 39.704508091826114, 21.288783874380332, 0.0 ], [ 39.704513425457783, 21.288779358326277, 0.0 ], [ 39.704518810484657, 21.288774896142701, 0.0 ], [ 39.704524246286859, 21.288770488343243, 0.0 ], [ 39.704529732238704, 21.288766135435264, 0.0 ], [ 39.704535267708714, 21.288761837919804, 0.0 ], [ 39.70454085205975, 21.288757596291564, 0.0 ], [ 39.704546484648958, 21.288753411038716, 0.0 ], [ 39.704552164828044, 21.288749282643074, 0.0 ], [ 39.704557891943132, 21.288745211579791, 0.0 ], [ 39.704563665335037, 21.288741198317517, 0.0 ], [ 39.704569484339167, 21.288737243318177, 0.0 ], [ 39.704575348285751, 21.288733347036999, 0.0 ], [ 39.704581256499793, 21.288729509922497, 0.0 ], [ 39.704587208301206, 21.288725732416328, 0.0 ], [ 39.704593203004926, 21.288722014953308, 0.0 ], [ 39.704599239920903, 21.288718357961347, 0.0 ], [ 39.704605318354261, 21.288714761861378, 0.0 ], [ 39.704611437605323, 21.288711227067331, 0.0 ], [ 39.704617596969726, 21.288707753986095, 0.0 ], [ 39.70462379573852, 21.288704343017422, 0.0 ], [ 39.704630033198136, 21.288700994553952, 0.0 ], [ 39.70463630863064, 21.288697708981097, 0.0 ], [ 39.70464262131366, 21.288694486677063, 0.0 ], [ 39.704648970520601, 21.288691328012746, 0.0 ], [ 39.704655355520607, 21.288688233351721, 0.0 ], [ 39.704661775578749, 21.288685203050207, 0.0 ], [ 39.704668229955999, 21.288682237457017, 0.0 ], [ 39.704674717909469, 21.288679336913489, 0.0 ], [ 39.704681238692309, 21.28867650175351, 0.0 ], [ 39.704687791553958, 21.288673732303412, 0.0 ], [ 39.704694375740146, 21.288671028881996, 0.0 ], [ 39.704700990492981, 21.28866839180041, 0.0 ], [ 39.704707635051072, 21.288665821362212, 0.0 ], [ 39.704714308649613, 21.288663317863275, 0.0 ], [ 39.704721010520387, 21.288660881591767, 0.0 ], [ 39.704727739892, 21.2886585128281, 0.0 ], [ 39.704734495989861, 21.288656211844962, 0.0 ], [ 39.704741278036295, 21.288653978907185, 0.0 ], [ 39.704748085250657, 21.288651814271798, 0.0 ], [ 39.70475491684936, 21.28864971818799, 0.0 ], [ 39.704761772046105, 21.288647690896983, 0.0 ], [ 39.704768650051783, 21.288645732632155, 0.0 ], [ 39.704775550074693, 21.288643843618921, 0.0 ], [ 39.704782471320627, 21.288642024074708, 0.0 ], [ 39.704789412992888, 21.288640274208948, 0.0 ], [ 39.704796374292449, 21.288638594223066, 0.0 ], [ 39.70480335441804, 21.288636984310443, 0.0 ], [ 39.704810352566192, 21.288635444656386, 0.0 ], [ 39.70481736793139, 21.28863397543811, 0.0 ], [ 39.704824399706126, 21.28863257682475, 0.0 ], [ 39.704831447080977, 21.288631248977278, 0.0 ], [ 39.704838509244794, 21.288629992048524, 0.0 ], [ 39.704845585384632, 21.288628806183205, 0.0 ], [ 39.704852674686016, 21.288627691517799, 0.0 ], [ 39.704859776332938, 21.288626648180593, 0.0 ], [ 39.704866889507947, 21.288625676291709, 0.0 ], [ 39.704874013392249, 21.28862477596299, 0.0 ], [ 39.704881147165885, 21.288623947298099, 0.0 ], [ 39.704888290007688, 21.288623190392389, 0.0 ], [ 39.704895441095495, 21.288622505333009, 0.0 ], [ 39.704902599606179, 21.288621892198805, 0.0 ], [ 39.70490976471573, 21.288621351060346, 0.0 ], [ 39.704916935599421, 21.28862088197992, 0.0 ], [ 39.704924111431851, 21.288620485011528, 0.0 ], [ 39.704931291387027, 21.288620160200846, 0.0 ], [ 39.704938474638496, 21.288619907585296, 0.0 ], [ 39.704945660359428, 21.288619727193918, 0.0 ], [ 39.704952847722694, 21.288619619047505, 0.0 ], [ 39.70496003590101, 21.288619583158479, 0.0 ], [ 39.704967224066991, 21.288619619530976, 0.0 ], [ 39.704972843714266, 21.288619698303808, 0.0 ], [ 39.705068276585855, 21.288634718903484, 0.0 ], [ 39.70507397386244, 21.288635254827213, 0.0 ], [ 39.705079678335238, 21.28863571880364, 0.0 ], [ 39.705085388969458, 21.288636110748588, 0.0 ], [ 39.705091104729156, 21.288636430590994, 0.0 ], [ 39.705096824577424, 21.288636678272809, 0.0 ], [ 39.705102547476692, 21.28863685374909, 0.0 ], [ 39.70510827238877, 21.288636956988029, 0.0 ], [ 39.70511399827511, 21.288636987970886, 0.0 ], [ 39.705119724097052, 21.288636946692044, 0.0 ], [ 39.70512544881587, 21.288636833158996, 0.0 ], [ 39.705131171393063, 21.28863664739233, 0.0 ], [ 39.70513689079052, 21.288636389425754, 0.0 ], [ 39.705142605970735, 21.288636059306061, 0.0 ], [ 39.705148315896913, 21.288635657093131, 0.0 ], [ 39.705154019533268, 21.288635182859927, 0.0 ], [ 39.705159715845099, 21.288634636692489, 0.0 ], [ 39.705165403799072, 21.288634018689887, 0.0 ], [ 39.705171082363385, 21.288633328964234, 0.0 ], [ 39.705176750507881, 21.288632567640644, 0.0 ], [ 39.70518240720434, 21.288631734857248, 0.0 ], [ 39.705188051426624, 21.288630830765097, 0.0 ], [ 39.705193682150799, 21.2886298555282, 0.0 ], [ 39.70519929835546, 21.288628809323459, 0.0 ], [ 39.705204899021766, 21.288627692340683, 0.0 ], [ 39.70521048313374, 21.288626504782506, 0.0 ], [ 39.705216049678377, 21.288625246864346, 0.0 ], [ 39.705221597645902, 21.28862391881437, 0.0 ], [ 39.705227126029868, 21.288622520873531, 0.0 ], [ 39.705232633827386, 21.288621053295415, 0.0 ], [ 39.705238120039319, 21.288619516346252, 0.0 ], [ 39.705243583670466, 21.288617910304843, 0.0 ], [ 39.705249023729635, 21.288616235462531, 0.0 ], [ 39.705254439230032, 21.288614492123148, 0.0 ], [ 39.705259829189217, 21.288612680602938, 0.0 ], [ 39.705265192629433, 21.288610801230547, 0.0 ], [ 39.705270528577707, 21.288608854346879, 0.0 ], [ 39.7052758360661, 21.288606840305118, 0.0 ], [ 39.705281114131786, 21.288604759470616, 0.0 ], [ 39.705286361817294, 21.288602612220856, 0.0 ], [ 39.70529157817068, 21.288600398945349, 0.0 ], [ 39.705296762245666, 21.288598120045627, 0.0 ], [ 39.70530191310182, 21.288595775935057, 0.0 ], [ 39.705307029804771, 21.288593367038896, 0.0 ], [ 39.705312111426302, 21.288590893794129, 0.0 ], [ 39.70531715704459, 21.288588356649399, 0.0 ], [ 39.705322165744342, 21.288585756064972, 0.0 ], [ 39.705327136616944, 21.28858309251261, 0.0 ], [ 39.705332068760647, 21.288580366475504, 0.0 ], [ 39.70533696128075, 21.288577578448166, 0.0 ], [ 39.705341813289721, 21.288574728936332, 0.0 ], [ 39.705346623907374, 21.288571818456973, 0.0 ], [ 39.705351392261051, 21.288568847538009, 0.0 ], [ 39.705356117485756, 21.288565816718428, 0.0 ], [ 39.705360798724293, 21.288562726548005, 0.0 ], [ 39.705365435127476, 21.288559577587328, 0.0 ], [ 39.705370025854215, 21.28855637040764, 0.0 ], [ 39.705374570071761, 21.288553105590722, 0.0 ], [ 39.70537906695575, 21.28854978372884, 0.0 ], [ 39.70538351569045, 21.288546405424615, 0.0 ], [ 39.705387915468819, 21.288542971290866, 0.0 ], [ 39.705392265492712, 21.288539481950565, 0.0 ], [ 39.705396564973036, 21.288535938036706, 0.0 ], [ 39.705400813129849, 21.28853234019217, 0.0 ], [ 39.705405009192475, 21.288528689069615, 0.0 ], [ 39.705409152399788, 21.288524985331403, 0.0 ], [ 39.705413242000155, 21.288521229649387, 0.0 ], [ 39.705417277251719, 21.288517422704874, 0.0 ], [ 39.705421257422465, 21.288513565188463, 0.0 ], [ 39.705425181790375, 21.288509657799917, 0.0 ], [ 39.705429049643541, 21.288505701248084, 0.0 ], [ 39.705432860280339, 21.28850169625068, 0.0 ], [ 39.705436613009489, 21.288497643534235, 0.0 ], [ 39.705440307150241, 21.288493543833933, 0.0 ], [ 39.705443942032453, 21.288489397893496, 0.0 ], [ 39.705447516996763, 21.288485206465012, 0.0 ], [ 39.705451031394631, 21.288480970308797, 0.0 ], [ 39.705454484588557, 21.28847669019336, 0.0 ], [ 39.705457875952121, 21.28847236689511, 0.0 ], [ 39.705461204870105, 21.2884680011983, 0.0 ], [ 39.705464470738626, 21.288463593894924, 0.0 ], [ 39.705467672965263, 21.288459145784469, 0.0 ], [ 39.705470810969111, 21.288454657673842, 0.0 ], [ 39.705473884180932, 21.288450130377225, 0.0 ], [ 39.705476892043229, 21.288445564715875, 0.0 ], [ 39.705479834010355, 21.288440961518038, 0.0 ], [ 39.705482709548654, 21.28843632161875, 0.0 ], [ 39.705485518136499, 21.28843164585971, 0.0 ], [ 39.705488259264385, 21.288426935089117, 0.0 ], [ 39.705490932435069, 21.28842219016153, 0.0 ], [ 39.705493537163647, 21.288417411937743, 0.0 ], [ 39.705496072977589, 21.288412601284485, 0.0 ], [ 39.705498539416908, 21.28840775907447, 0.0 ], [ 39.705500936034177, 21.288402886186098, 0.0 ], [ 39.705503262394679, 21.288397983503319, 0.0 ], [ 39.705505518076365, 21.288393051915513, 0.0 ], [ 39.705507702670062, 21.288388092317273, 0.0 ], [ 39.705509815779507, 21.288383105608339, 0.0 ], [ 39.705511857021357, 21.288378092693293, 0.0 ], [ 39.705513826025317, 21.28837305448149, 0.0 ], [ 39.705515722434228, 21.288367991886901, 0.0 ], [ 39.70551754590408, 21.288362905827906, 0.0 ], [ 39.705519296104093, 21.288357797227153, 0.0 ], [ 39.705520972716762, 21.288352667011328, 0.0 ], [ 39.705522575437975, 21.288347516111113, 0.0 ], [ 39.70552410397697, 21.288342345460865, 0.0 ], [ 39.705525558056522, 21.288337155998619, 0.0 ], [ 39.705526937412813, 21.288331948665725, 0.0 ], [ 39.705528241795641, 21.288326724406808, 0.0 ], [ 39.705529470968408, 21.288321484169607, 0.0 ], [ 39.705530624708132, 21.288316228904719, 0.0 ], [ 39.705531702805516, 21.288310959565443, 0.0 ], [ 39.705532705065018, 21.288305677107697, 0.0 ], [ 39.705533631304839, 21.288300382489723, 0.0 ], [ 39.705534481356942, 21.288295076671986, 0.0 ], [ 39.705535255067126, 21.288289760616991, 0.0 ], [ 39.705535952295058, 21.288284435289089, 0.0 ], [ 39.705536160660223, 21.288282717393852, 0.0 ], [ 39.705605065464667, 21.28770341858672, 0.0 ] ] ] ] } },
{ "type": "Feature", "properties": { "ID": "439", "BLOCK NAME": "B.1.4.15+16", "FILL-TOTAL": null, "CUT-TOTAL": null, "FILL-DONE": null, "CUT-DONE": null, "FILL-REMAN": null, "CUT-REMAN": null, "EQUPIMENTS": null, "CONTRACTOR": null, "STATUS": null }, "geometry": { "type": "MultiPolygon", "coordinates": [ [ [ [ 39.711908553204196, 21.298041475035628, 0.0 ], [ 39.71199261620157, 21.295929266199938, 0.0 ], [ 39.711936967468645, 21.295873094211302, 0.0 ], [ 39.710728639844056, 21.295831014934691, 0.0 ], [ 39.710062351550626, 21.295851765676606, 0.0 ], [ 39.710056629826397, 21.295851980011765, 0.0 ], [ 39.710050911692534, 21.295852266529288, 0.0 ], [ 39.710045198186329, 21.29585262517724, 0.0 ], [ 39.710039490344215, 21.29585305589055, 0.0 ], [ 39.71003378920161, 21.29585355859107, 0.0 ], [ 39.71002809579273, 21.295854133187628, 0.0 ], [ 39.710022411150355, 21.295854779575972, 0.0 ], [ 39.710016736305704, 21.295855497638879, 0.0 ], [ 39.710011072288204, 21.295856287246057, 0.0 ], [ 39.71000542012532, 21.295857148254289, 0.0 ], [ 39.709999780842367, 21.295858080507376, 0.0 ], [ 39.709994155462333, 21.295859083836206, 0.0 ], [ 39.709988545005665, 21.295860158058776, 0.0 ], [ 39.709982950490122, 21.295861302980235, 0.0 ], [ 39.709977372930567, 21.295862518392855, 0.0 ], [ 39.709971813338761, 21.295863804076188, 0.0 ], [ 39.709966272723264, 21.295865159797017, 0.0 ], [ 39.70996075208911, 21.295866585309376, 0.0 ], [ 39.709955252437808, 21.29586808035468, 0.0 ], [ 39.709949774766962, 21.295869644661746, 0.0 ], [ 39.709944320070271, 21.295871277946784, 0.0 ], [ 39.709938889337216, 21.29587297991355, 0.0 ], [ 39.709933483552938, 21.295874750253262, 0.0 ], [ 39.709928103698076, 21.295876588644781, 0.0 ], [ 39.709922750748547, 21.295878494754636, 0.0 ], [ 39.709917425675393, 21.295880468237044, 0.0 ], [ 39.709912129444589, 21.295882508734003, 0.0 ], [ 39.70990686301689, 21.295884615875384, 0.0 ], [ 39.70990162734762, 21.295886789278921, 0.0 ], [ 39.709896423386589, 21.295889028550384, 0.0 ], [ 39.709891252077774, 21.295891333283524, 0.0 ], [ 39.709886114359271, 21.295893703060297, 0.0 ], [ 39.709881011163091, 21.295896137450789, 0.0 ], [ 39.709875943414964, 21.295898636013415, 0.0 ], [ 39.709870912034177, 21.295901198294917, 0.0 ], [ 39.709865917933456, 21.295903823830489, 0.0 ], [ 39.709860962018723, 21.295906512143869, 0.0 ], [ 39.709856045189028, 21.295909262747383, 0.0 ], [ 39.709851168336286, 21.295912075142052, 0.0 ], [ 39.70984633234518, 21.295914948817707, 0.0 ], [ 39.709841538092945, 21.295917883253061, 0.0 ], [ 39.709836786449301, 21.295920877915787, 0.0 ], [ 39.709832078276193, 21.295923932262664, 0.0 ], [ 39.709827414427714, 21.295927045739639, 0.0 ], [ 39.709822795749915, 21.295930217781859, 0.0 ], [ 39.70981822308061, 21.295933447813969, 0.0 ], [ 39.709813697249309, 21.295936735249999, 0.0 ], [ 39.709809219077016, 21.295940079493615, 0.0 ], [ 39.709804789376086, 21.295943479938146, 0.0 ], [ 39.709800408950073, 21.295946935966761, 0.0 ], [ 39.709796078593619, 21.295950446952514, 0.0 ], [ 39.709791799092251, 21.295954012258512, 0.0 ], [ 39.7097875712223, 21.295957631237982, 0.0 ], [ 39.709783395750712, 21.295961303234439, 0.0 ], [ 39.709779273434904, 21.295965027581794, 0.0 ], [ 39.70977520502273, 21.29596880360441, 0.0 ], [ 39.709771191252173, 21.295972630617328, 0.0 ], [ 39.70976723285137, 21.295976507926291, 0.0 ], [ 39.709763330538408, 21.295980434827964, 0.0 ], [ 39.709759485021145, 21.295984410610014, 0.0 ], [ 39.709755696997192, 21.295988434551163, 0.0 ], [ 39.709751967153714, 21.295992505921504, 0.0 ], [ 39.709748296167312, 21.295996623982489, 0.0 ], [ 39.709744684703928, 21.296000787987047, 0.0 ], [ 39.709741133418682, 21.296004997179846, 0.0 ], [ 39.709737642955808, 21.296009250797315, 0.0 ], [ 39.709734213948494, 21.296013548067844, 0.0 ], [ 39.709730847018761, 21.296017888211871, 0.0 ], [ 39.709727542777401, 21.296022270442116, 0.0 ], [ 39.709724301823819, 21.296026693963608, 0.0 ], [ 39.709721124745926, 21.2960311579739, 0.0 ], [ 39.709718012120085, 21.296035661663215, 0.0 ], [ 39.709714964510901, 21.296040204214588, 0.0 ], [ 39.709711982471269, 21.296044784803964, 0.0 ], [ 39.709709066542111, 21.296049402600413, 0.0 ], [ 39.709706217252418, 21.296054056766245, 0.0 ], [ 39.70970343511906, 21.296058746457195, 0.0 ], [ 39.709700720646723, 21.296063470822531, 0.0 ], [ 39.709698074327825, 21.296068229005257, 0.0 ], [ 39.709695496642453, 21.296073020142178, 0.0 ], [ 39.709692988058173, 21.296077843364209, 0.0 ], [ 39.709690549030086, 21.29608269779639, 0.0 ], [ 39.709688180000633, 21.296087582558105, 0.0 ], [ 39.709685881399572, 21.296092496763247, 0.0 ], [ 39.709683653643907, 21.296097439520349, 0.0 ], [ 39.709681497137737, 21.2961024099328, 0.0 ], [ 39.709679412272259, 21.296107407098948, 0.0 ], [ 39.709677399425722, 21.296112430112274, 0.0 ], [ 39.70967545896324, 21.296117478061603, 0.0 ], [ 39.709673591236843, 21.296122550031214, 0.0 ], [ 39.70967179658534, 21.296127645101027, 0.0 ], [ 39.709670075334287, 21.296132762346772, 0.0 ], [ 39.709668427795954, 21.296137900840197, 0.0 ], [ 39.709666854269202, 21.296143059649129, 0.0 ], [ 39.709665355039498, 21.296148237837766, 0.0 ], [ 39.709663930378795, 21.296153434466746, 0.0 ], [ 39.709662580545555, 21.296158648593387, 0.0 ], [ 39.709662272815258, 21.296159882020554, 0.0 ], [ 39.709656699518838, 21.296299864936628, 0.0 ], [ 39.709693798216769, 21.296337313448802, 0.0 ], [ 39.711604705176761, 21.296403866984111, 0.0 ], [ 39.711631334123069, 21.296583185535646, 0.0 ], [ 39.71146033661185, 21.296577230926804, 0.0 ], [ 39.711420351358356, 21.29661233604757, 0.0 ], [ 39.71136422259184, 21.298022520591555, 0.0 ], [ 39.711908553204196, 21.298041475035628, 0.0 ] ] ] ] } },
{ "type": "Feature", "properties": { "ID": "456", "BLOCK NAME": "B.1.21.12+13", "FILL-TOTAL": null, "CUT-TOTAL": null, "FILL-DONE": null, "CUT-DONE": null, "FILL-REMAN": null, "CUT-REMAN": null, "EQUPIMENTS": null, "CONTRACTOR": null, "STATUS": null }, "geometry": { "type": "MultiPolygon", "coordinates": [ [ [ [ 39.716461688241523, 21.287353114047527, 0.0 ], [ 39.716440150396799, 21.287894707133074, 0.0 ], [ 39.718065630944899, 21.287951261898691, 0.0 ], [ 39.718058453631784, 21.288131792916278, 0.0 ], [ 39.717827905388333, 21.288123772507703, 0.0 ], [ 39.717787935754501, 21.288158538138731, 0.0 ], [ 39.71774056304298, 21.289350042676446, 0.0 ], [ 39.717777661933447, 21.289387489442035, 0.0 ], [ 39.718278609617307, 21.289404916068879, 0.0 ], [ 39.71831857945979, 21.289370150322611, 0.0 ], [ 39.718393937499641, 21.287474574775889, 0.0 ], [ 39.718338289687672, 21.287418404790124, 0.0 ], [ 39.716461688241523, 21.287353114047527, 0.0 ] ] ] ] } }
]
}
