{
"type": "FeatureCollection",
"name": "ROADS",
"crs": { "type": "name", "properties": { "name": "urn:ogc:def:crs:OGC:1.3:CRS84" } },
"features": [
{ "type": "Feature", "properties": { "ID": "505", "ROAD NAME": "R11E8", "FILL-TOTAL": null, "CUT-TOTAL": null, "FILL-DONE": null, "CUT-DONE": null, "FILL-REMAN": null, "CUT-REMAN": null, "EQUPIMENTS": null, "CONTRACTOR": null, "STATUS": null }, "geometry": { "type": "MultiPolygon", "coordinates": [ [ [ [ 39.697526375304953, 21.292735246504623, 0.0 ], [ 39.697364082314515, 21.292522068341643, 0.0 ], [ 39.697363360886655, 21.292580405656434, 0.0 ], [ 39.695973375616219, 21.29431980331081, 0.0 ], [ 39.696639575764884, 21.295194882737647, 0.0 ], [ 39.696630572816069, 21.295245279942815, 0.0 ], [ 39.69685033964614, 21.295098390111971, 0.0 ], [ 39.696796551848323, 21.295089961175314, 0.0 ], [ 39.696234573525672, 21.29435178299293, 0.0 ], [ 39.696235295386046, 21.294293445690549, 0.0 ], [ 39.697480869494008, 21.29273475780316, 0.0 ], [ 39.697526375304953, 21.292735246504623, 0.0 ] ] ] ] } },
{ "type": "Feature", "properties": { "ID": "508", "ROAD NAME": "R8E6", "FILL-TOTAL": null, "CUT-TOTAL": null, "FILL-DONE": null, "CUT-DONE": null, "FILL-REMAN": null, "CUT-REMAN": null, "EQUPIMENTS": null, "CONTRACTOR": null, "STATUS": null }, "geometry": { "type": "MultiPolygon", "coordinates": [ [ [ [ 39.710319954045659, 21.289308658990901, 0.0 ], [ 39.710357051092743, 21.289346107463388, 0.0 ], [ 39.710367112539814, 21.289093364131929, 0.0 ], [ 39.710327140840725, 21.28912812803992, 0.0 ], [ 39.708729892384561, 21.289072482583283, 0.0 ], [ 39.708692795810407, 21.289035033732318, 0.0 ], [ 39.708682731494925, 21.289287777059155, 0.0 ], [ 39.708722703634947, 21.289253013531091, 0.0 ], [ 39.710319954045659, 21.289308658990901, 0.0 ] ] ] ] } },
{ "type": "Feature", "properties": { "ID": "500", "ROAD NAME": "R8E10", "FILL-TOTAL": null, "CUT-TOTAL": null, "FILL-DONE": null, "CUT-DONE": null, "FILL-REMAN": null, "CUT-REMAN": null, "EQUPIMENTS": null, "CONTRACTOR": null, "STATUS": null }, "geometry": { "type": "MultiPolygon", "coordinates": [ [ [ [ 39.711300765521301, 21.289849008541378, 0.0 ], [ 39.711329507856142, 21.289126884764602, 0.0 ], [ 39.711376932345466, 21.287935380298993, 0.0 ], [ 39.711416903476163, 21.28790061614998, 0.0 ], [ 39.711147165261231, 21.287891221602969, 0.0 ], [ 39.711184262144812, 21.287928669908208, 0.0 ], [ 39.711108092821462, 21.289842298146759, 0.0 ], [ 39.7110681211051, 21.289877062227088, 0.0 ], [ 39.711337862950906, 21.289886456779662, 0.0 ], [ 39.711300765521301, 21.289849008541378, 0.0 ] ] ] ] } },
{ "type": "Feature", "properties": { "ID": "502", "ROAD NAME": "R8E32", "FILL-TOTAL": null, "CUT-TOTAL": null, "FILL-DONE": null, "CUT-DONE": null, "FILL-REMAN": null, "CUT-REMAN": null, "EQUPIMENTS": null, "CONTRACTOR": null, "STATUS": null }, "geometry": { "type": "MultiPolygon", "coordinates": [ [ [ [ 39.710624336595458, 21.291380167353502, 0.0 ], [ 39.710643021319896, 21.290910787063289, 0.0 ], [ 39.71067176691264, 21.290188663451669, 0.0 ], [ 39.710711738807127, 21.290153899462513, 0.0 ], [ 39.710441996481784, 21.29014450391594, 0.0 ], [ 39.710479093775945, 21.290181952346863, 0.0 ], [ 39.710431661902525, 21.291373456246262, 0.0 ], [ 39.710391689619236, 21.291408220172332, 0.0 ], [ 39.710661434255428, 21.291417615722626, 0.0 ], [ 39.710624336595458, 21.291380167353502, 0.0 ] ] ] ] } },
{ "type": "Feature", "properties": { "ID": "504", "ROAD NAME": "R7E3", "FILL-TOTAL": null, "CUT-TOTAL": null, "FILL-DONE": null, "CUT-DONE": null, "FILL-REMAN": null, "CUT-REMAN": null, "EQUPIMENTS": null, "CONTRACTOR": null, "STATUS": null }, "geometry": { "type": "MultiPolygon", "coordinates": [ [ [ [ 39.719397543697262, 21.289407679240501, 0.0 ], [ 39.719416200456024, 21.28893829869337, 0.0 ], [ 39.719444903026179, 21.288216174686635, 0.0 ], [ 39.719484872273028, 21.288181408672628, 0.0 ], [ 39.719215133423468, 21.28817202716192, 0.0 ], [ 39.719252232372192, 21.288209473607502, 0.0 ], [ 39.71920487148715, 21.28940097815952, 0.0 ], [ 39.719164901851663, 21.289435744110634, 0.0 ], [ 39.719434643011844, 21.289445125624088, 0.0 ], [ 39.719397543697262, 21.289407679240501, 0.0 ] ] ] ] } },
{ "type": "Feature", "properties": { "ID": "507", "ROAD NAME": "R7E22", "FILL-TOTAL": null, "CUT-TOTAL": null, "FILL-DONE": null, "CUT-DONE": null, "FILL-REMAN": null, "CUT-REMAN": null, "EQUPIMENTS": null, "CONTRACTOR": null, "STATUS": null }, "geometry": { "type": "MultiPolygon", "coordinates": [ [ [ [ 39.716109740655874, 21.291788074430933, 0.0 ], [ 39.716146839776599, 21.291825521532076, 0.0 ], [ 39.716156891331579, 21.291572778303767, 0.0 ], [ 39.716116920385168, 21.291607543553631, 0.0 ], [ 39.715195074078423, 21.291575462845923, 0.0 ], [ 39.715157975257689, 21.291538015521848, 0.0 ], [ 39.715147921991154, 21.291790758747837, 0.0 ], [ 39.715187893220914, 21.291755993721694, 0.0 ], [ 39.716109740655874, 21.291788074430933, 0.0 ] ] ] ] } },
{ "type": "Feature", "properties": { "ID": "506", "ROAD NAME": "R7E28", "FILL-TOTAL": null, "CUT-TOTAL": null, "FILL-DONE": null, "CUT-DONE": null, "FILL-REMAN": null, "CUT-REMAN": null, "EQUPIMENTS": null, "CONTRACTOR": null, "STATUS": null }, "geometry": { "type": "MultiPolygon", "coordinates": [ [ [ [ 39.717134427621595, 21.295132012265718, 0.0 ], [ 39.720006707538097, 21.295231914125559, 0.0 ], [ 39.720062672164666, 21.293823774009205, 0.0 ], [ 39.720102642736208, 21.293789007844083, 0.0 ], [ 39.719832893619945, 21.293779627677978, 0.0 ], [ 39.719869994177309, 21.293817073890501, 0.0 ], [ 39.719822637977273, 21.295008577090442, 0.0 ], [ 39.719782667016986, 21.295043343192653, 0.0 ], [ 39.717141606124656, 21.29495148150863, 0.0 ], [ 39.717104505946551, 21.294914034686897, 0.0 ], [ 39.717094455976216, 21.295166777746708, 0.0 ], [ 39.717134427621595, 21.295132012265718, 0.0 ] ] ] ] } },
{ "type": "Feature", "properties": { "ID": "501", "ROAD NAME": "R6E31", "FILL-TOTAL": null, "CUT-TOTAL": null, "FILL-DONE": null, "CUT-DONE": null, "FILL-REMAN": null, "CUT-REMAN": null, "EQUPIMENTS": null, "CONTRACTOR": null, "STATUS": null }, "geometry": { "type": "MultiPolygon", "coordinates": [ [ [ [ 39.709989163922288, 21.304378792327228, 0.0 ], [ 39.709952063063177, 21.30434134401256, 0.0 ], [ 39.710028248751399, 21.302427721480605, 0.0 ], [ 39.710068224023004, 21.302392957623368, 0.0 ], [ 39.709798459312914, 21.302383561788076, 0.0 ], [ 39.709835559625574, 21.302421010169592, 0.0 ], [ 39.709759371436114, 21.304334632697341, 0.0 ], [ 39.709719395578311, 21.304369396485779, 0.0 ], [ 39.709989163922288, 21.304378792327228, 0.0 ] ] ] ] } },
{ "type": "Feature", "properties": { "ID": "503", "ROAD NAME": "R5E22", "FILL-TOTAL": null, "CUT-TOTAL": null, "FILL-DONE": null, "CUT-DONE": null, "FILL-REMAN": null, "CUT-REMAN": null, "EQUPIMENTS": null, "CONTRACTOR": null, "STATUS": null }, "geometry": { "type": "MultiPolygon", "coordinates": [ [ [ [ 39.719479168182886, 21.303411948345108, 0.0 ], [ 39.719516271155172, 21.303449394482932, 0.0 ], [ 39.719526317070319, 21.303196651840064, 0.0 ], [ 39.719486343883752, 21.303231417885968, 0.0 ], [ 39.718116709290477, 21.303183787112165, 0.0 ], [ 39.718079606733028, 21.303146340647999, 0.0 ], [ 39.718069558337476, 21.303399083287673, 0.0 ], [ 39.718109531912305, 21.30336431756912, 0.0 ], [ 39.719479168182886, 21.303411948345108, 0.0 ] ] ] ] } },
{ "type": "Feature", "properties": { "ID": "509", "ROAD NAME": "R8C1", "FILL-TOTAL": null, "CUT-TOTAL": null, "FILL-DONE": null, "CUT-DONE": null, "FILL-REMAN": null, "CUT-REMAN": null, "EQUPIMENTS": null, "CONTRACTOR": null, "STATUS": null }, "geometry": { "type": "MultiPolygon", "coordinates": [ [ [ [ 39.708556206930055, 21.292465120620516, 0.0 ], [ 39.708648944000799, 21.290136272417687, 0.0 ], [ 39.708664759452226, 21.289739104395952, 0.0 ], [ 39.708682731494925, 21.289287777059155, 0.0 ], [ 39.708692795810407, 21.289035033732318, 0.0 ], [ 39.708768277525813, 21.287139458362571, 0.0 ], [ 39.70882823484996, 21.287087313041749, 0.0 ], [ 39.708404362921947, 21.287072543344166, 0.0 ], [ 39.708460006919566, 21.287128716764133, 0.0 ], [ 39.708395304981806, 21.288753495691726, 0.0 ], [ 39.70838020774157, 21.289132610696793, 0.0 ], [ 39.708362234776601, 21.289583938045361, 0.0 ], [ 39.708352169920552, 21.289836680518928, 0.0 ], [ 39.708333477897185, 21.290306061716091, 0.0 ], [ 39.708323412950001, 21.290558804975529, 0.0 ], [ 39.708304720851032, 21.291028185279739, 0.0 ], [ 39.708294655845492, 21.291280928501742, 0.0 ], [ 39.708247925194968, 21.292454379003544, 0.0 ], [ 39.708187965541647, 21.292506524134058, 0.0 ], [ 39.708611853083035, 21.292521293857646, 0.0 ], [ 39.708556206930055, 21.292465120620516, 0.0 ] ] ] ] } },
{ "type": "Feature", "properties": { "ID": "714", "ROAD NAME": "R7E12", "FILL-TOTAL": null, "CUT-TOTAL": null, "FILL-DONE": null, "CUT-DONE": null, "FILL-REMAN": null, "CUT-REMAN": null, "EQUPIMENTS": null, "CONTRACTOR": null, "STATUS": null }, "geometry": { "type": "MultiPolygon", "coordinates": [ [ [ [ 39.71774056304298, 21.289350042676446, 0.0 ], [ 39.717787935754501, 21.288158538138731, 0.0 ], [ 39.717827905388333, 21.288123772507703, 0.0 ], [ 39.717558166668617, 21.288114388319688, 0.0 ], [ 39.717595265193275, 21.288151835147239, 0.0 ], [ 39.717576602656557, 21.288621215756617, 0.0 ], [ 39.717566553569462, 21.288873959143, 0.0 ], [ 39.717547890925623, 21.289343339682947, 0.0 ], [ 39.717507920903152, 21.289378105251039, 0.0 ], [ 39.717777661933447, 21.289387489442035, 0.0 ], [ 39.71774056304298, 21.289350042676446, 0.0 ] ] ] ] } },
{ "type": "Feature", "properties": { "ID": "512", "ROAD NAME": "R7E10", "FILL-TOTAL": null, "CUT-TOTAL": null, "FILL-DONE": null, "CUT-DONE": null, "FILL-REMAN": null, "CUT-REMAN": null, "EQUPIMENTS": null, "CONTRACTOR": null, "STATUS": null }, "geometry": { "type": "MultiPolygon", "coordinates": [ [ [ [ 39.716605540102776, 21.288587429290569, 0.0 ], [ 39.716624205728984, 21.288118048685124, 0.0 ], [ 39.71666417563457, 21.288083283323083, 0.0 ], [ 39.717558166668617, 21.288114388319688, 0.0 ], [ 39.717827905388333, 21.288123772507703, 0.0 ], [ 39.718058453631784, 21.288131792916278, 0.0 ], [ 39.718065630944899, 21.287951261898691, 0.0 ], [ 39.716440150396799, 21.287894707133074, 0.0 ], [ 39.716398797475044, 21.288934565688756, 0.0 ], [ 39.716388746365986, 21.289187309054213, 0.0 ], [ 39.716355433974165, 21.290024972686247, 0.0 ], [ 39.716315463483042, 21.290059737979753, 0.0 ], [ 39.716585205742405, 21.290069124052984, 0.0 ], [ 39.71654810696942, 21.290031677024214, 0.0 ], [ 39.716566772810168, 21.289562296557641, 0.0 ], [ 39.71657682361861, 21.289309553210806, 0.0 ], [ 39.716595489352088, 21.288840172674828, 0.0 ], [ 39.716605540102776, 21.288587429290569, 0.0 ] ] ] ] } },
{ "type": "Feature", "properties": { "ID": "690", "ROAD NAME": "R0B15-2", "FILL-TOTAL": null, "CUT-TOTAL": null, "FILL-DONE": null, "CUT-DONE": null, "FILL-REMAN": null, "CUT-REMAN": null, "EQUPIMENTS": null, "CONTRACTOR": null, "STATUS": null }, "geometry": { "type": "MultiPolygon", "coordinates": [ [ [ [ 39.722410522945104, 21.30740070635526, 0.0 ], [ 39.720663104993562, 21.30617126706812, 0.0 ], [ 39.719601861910839, 21.305635469445438, 0.0 ], [ 39.719189613734287, 21.305523081204427, 0.0 ], [ 39.718645775039278, 21.305421864442277, 0.0 ], [ 39.718156828108974, 21.305374271179684, 0.0 ], [ 39.717627545901429, 21.305299107805592, 0.0 ], [ 39.717236090920338, 21.30527202065068, 0.0 ], [ 39.716168196887452, 21.305230434476595, 0.0 ], [ 39.715577496557195, 21.305207428345163, 0.0 ], [ 39.714290118314615, 21.305143730224383, 0.0 ], [ 39.713198961333447, 21.305087648076071, 0.0 ], [ 39.712204302805162, 21.305048889976117, 0.0 ], [ 39.711911485464803, 21.305037478853471, 0.0 ], [ 39.711501402968992, 21.305021497029244, 0.0 ], [ 39.711167593649421, 21.305007819539366, 0.0 ], [ 39.710931719491548, 21.304987005249345, 0.0 ], [ 39.710352445600392, 21.304961490920878, 0.0 ], [ 39.708616129353764, 21.304803137824099, 0.0 ], [ 39.708084569497991, 21.30475547748037, 0.0 ], [ 39.70762948392003, 21.304761428706747, 0.0 ], [ 39.707534823350201, 21.30477251201053, 0.0 ], [ 39.707361961253504, 21.304800076963982, 0.0 ], [ 39.707281396467756, 21.304808963505518, 0.0 ], [ 39.707159825245604, 21.30479060047514, 0.0 ], [ 39.707071512666552, 21.304750069589524, 0.0 ], [ 39.706988614038771, 21.304679723299408, 0.0 ], [ 39.706943355338268, 21.304614221592537, 0.0 ], [ 39.706914497790038, 21.304540601872205, 0.0 ], [ 39.706370538599614, 21.302461554596476, 0.0 ], [ 39.706255374318594, 21.30195851301341, 0.0 ], [ 39.706180727461089, 21.301516371005995, 0.0 ], [ 39.706121531160186, 21.300964780934979, 0.0 ], [ 39.706109847347477, 21.300776980352346, 0.0 ], [ 39.705960227341023, 21.297833284979077, 0.0 ], [ 39.705937998832013, 21.296841173123667, 0.0 ], [ 39.705860438679174, 21.295518613670428, 0.0 ], [ 39.705759367880567, 21.293744361341201, 0.0 ], [ 39.705708598379374, 21.292745389276021, 0.0 ], [ 39.705705567188417, 21.292383917689872, 0.0 ], [ 39.705756471209916, 21.291899660768031, 0.0 ], [ 39.705807374948407, 21.291415403791461, 0.0 ], [ 39.705851518028808, 21.290696085778396, 0.0 ], [ 39.705895201625765, 21.289982291640783, 0.0 ], [ 39.705983399811807, 21.289356781684344, 0.0 ], [ 39.70599830295243, 21.289287795539877, 0.0 ], [ 39.706040763325234, 21.289196986112984, 0.0 ], [ 39.706078318060079, 21.289147103664938, 0.0 ], [ 39.706112794553512, 21.289112463658117, 0.0 ], [ 39.706155225211077, 21.289079264289871, 0.0 ], [ 39.706196066926587, 21.289054545993942, 0.0 ], [ 39.706244056725268, 21.289032631592772, 0.0 ], [ 39.706304876298155, 21.289014039564464, 0.0 ], [ 39.706340924329396, 21.289007304535019, 0.0 ], [ 39.70533994087809, 21.28896500852856, 0.0 ], [ 39.705208189125756, 21.289012381454008, 0.0 ], [ 39.7052422958999, 21.289107648237799, 0.0 ], [ 39.705293774091629, 21.289251436472139, 0.0 ], [ 39.705304266838361, 21.289429730492945, 0.0 ], [ 39.705346540533569, 21.2899430440321, 0.0 ], [ 39.705383519662007, 21.290490211623815, 0.0 ], [ 39.705358025116112, 21.290935732850301, 0.0 ], [ 39.705367335415232, 21.291044659988586, 0.0 ], [ 39.705373231268133, 21.291116393778044, 0.0 ], [ 39.705359441261663, 21.291220477696108, 0.0 ], [ 39.705355401719103, 21.291250967244633, 0.0 ], [ 39.705352784635366, 21.291270720391516, 0.0 ], [ 39.705348074197197, 21.291306273684789, 0.0 ], [ 39.705342863663766, 21.291345601562938, 0.0 ], [ 39.705337615557752, 21.291385213011104, 0.0 ], [ 39.705327958181606, 21.291458104524967, 0.0 ], [ 39.705304704580463, 21.291475927681514, 0.0 ], [ 39.705216796956634, 21.291396408175284, 0.0 ], [ 39.705067606220744, 21.29130637574303, 0.0 ], [ 39.704903104301948, 21.291251463202062, 0.0 ], [ 39.704780199173861, 21.291234393660456, 0.0 ], [ 39.704765002710843, 21.29140814163009, 0.0 ], [ 39.704848540262006, 21.291418398921927, 0.0 ], [ 39.704987893713771, 21.291463085717449, 0.0 ], [ 39.705134220510132, 21.29155909257527, 0.0 ], [ 39.705239287911681, 21.29168663698054, 0.0 ], [ 39.705289438855957, 21.291798619457765, 0.0 ], [ 39.705269916967524, 21.291896184054359, 0.0 ], [ 39.705255389609121, 21.292010773674878, 0.0 ], [ 39.705247333268382, 21.292157480576627, 0.0 ], [ 39.70546372795166, 21.296804768298212, 0.0 ], [ 39.705594601678072, 21.299787322344283, 0.0 ], [ 39.70563347074085, 21.300414200876549, 0.0 ], [ 39.705683117381696, 21.301104534146727, 0.0 ], [ 39.705733161412745, 21.301734982245055, 0.0 ], [ 39.705924183371302, 21.30259725480753, 0.0 ], [ 39.706377036604572, 21.304457689108176, 0.0 ], [ 39.706414037634872, 21.304611241951815, 0.0 ], [ 39.706453451675117, 21.304774808301957, 0.0 ], [ 39.706487432862325, 21.304837772477484, 0.0 ], [ 39.706526369871767, 21.304904826712992, 0.0 ], [ 39.706621330825712, 21.305028014858756, 0.0 ], [ 39.706702576951329, 21.305097783858908, 0.0 ], [ 39.706740508853891, 21.305128152388011, 0.0 ], [ 39.706795238588469, 21.305168744903387, 0.0 ], [ 39.706863901513387, 21.305204489946924, 0.0 ], [ 39.706982212303124, 21.305248415782366, 0.0 ], [ 39.707060710546756, 21.305264267598393, 0.0 ], [ 39.707127612510035, 21.305277777647131, 0.0 ], [ 39.707228517651323, 21.305278733386345, 0.0 ], [ 39.707346359371904, 21.305277341113044, 0.0 ], [ 39.7074312675812, 21.305275153518334, 0.0 ], [ 39.707499330210482, 21.3052733999059, 0.0 ], [ 39.707617729898402, 21.305270349308831, 0.0 ], [ 39.707749352466436, 21.305266957922576, 0.0 ], [ 39.707919063559146, 21.305262584994708, 0.0 ], [ 39.708115952565137, 21.305257511560587, 0.0 ], [ 39.708399031162315, 21.305250216787535, 0.0 ], [ 39.708751360628803, 21.305288461665061, 0.0 ], [ 39.70921604389418, 21.305340018536075, 0.0 ], [ 39.709654303461718, 21.305378860155876, 0.0 ], [ 39.710163299881962, 21.305424391899859, 0.0 ], [ 39.710650650382199, 21.305466080417037, 0.0 ], [ 39.711083144400504, 21.305504719569434, 0.0 ], [ 39.711193207630075, 21.305512633203904, 0.0 ], [ 39.711691153212399, 21.305539382552968, 0.0 ], [ 39.712598284025674, 21.305588023393966, 0.0 ], [ 39.713441760349447, 21.30561881663585, 0.0 ], [ 39.714538025486576, 21.305649232017977, 0.0 ], [ 39.715478330094882, 21.305678258011692, 0.0 ], [ 39.717505410578838, 21.305757051677528, 0.0 ], [ 39.717764752156427, 21.305776188940808, 0.0 ], [ 39.718048097228582, 21.30580171794017, 0.0 ], [ 39.718260202754884, 21.305839982568429, 0.0 ], [ 39.718580135348446, 21.30592809400725, 0.0 ], [ 39.718824796982297, 21.305993180787581, 0.0 ], [ 39.719077912929386, 21.306061861084821, 0.0 ], [ 39.719349551997205, 21.306135566928422, 0.0 ], [ 39.719399827271836, 21.306149208434483, 0.0 ], [ 39.719465050725191, 21.306166905897172, 0.0 ], [ 39.719495972662095, 21.306198710717069, 0.0 ], [ 39.719529864606528, 21.306233570320998, 0.0 ], [ 39.719563756567034, 21.306268429917296, 0.0 ], [ 39.71957591074289, 21.306280931096236, 0.0 ], [ 39.719590112589181, 21.306297833543475, 0.0 ], [ 39.71960448984747, 21.306327013741662, 0.0 ], [ 39.71962881612771, 21.306367247560157, 0.0 ], [ 39.719663111433867, 21.306412608921136, 0.0 ], [ 39.719676017235123, 21.306426677071887, 0.0 ], [ 39.719689736247396, 21.306440058081318, 0.0 ], [ 39.719703968670188, 21.306452944386084, 0.0 ], [ 39.719713589761703, 21.306461187586056, 0.0 ], [ 39.719741987233945, 21.306482506695215, 0.0 ], [ 39.719803364149257, 21.306506526314614, 0.0 ], [ 39.719839643493962, 21.306513237977274, 0.0 ], [ 39.719866670551461, 21.306522529774409, 0.0 ], [ 39.71992231664106, 21.306542096918932, 0.0 ], [ 39.719975283516433, 21.306554741186886, 0.0 ], [ 39.720010270418655, 21.306568951061614, 0.0 ], [ 39.720091173276572, 21.306582897252699, 0.0 ], [ 39.720145836987626, 21.306587954442037, 0.0 ], [ 39.720180125136253, 21.30659112658579, 0.0 ], [ 39.720226249658808, 21.306595393751937, 0.0 ], [ 39.720253344055998, 21.306597900358149, 0.0 ], [ 39.720289625113232, 21.306601256850325, 0.0 ], [ 39.720316175125085, 21.306603713083099, 0.0 ], [ 39.72035300057199, 21.306607119924521, 0.0 ], [ 39.720398448935825, 21.306636681175803, 0.0 ], [ 39.720419319669638, 21.306650256243778, 0.0 ], [ 39.720452223952535, 21.306671658349629, 0.0 ], [ 39.720498389457887, 21.306701686000231, 0.0 ], [ 39.72174909809047, 21.30752225293157, 0.0 ], [ 39.721962690435014, 21.307660296826626, 0.0 ], [ 39.722076856248094, 21.307708758962388, 0.0 ], [ 39.722410522945104, 21.30740070635526, 0.0 ] ] ] ] } },
{ "type": "Feature", "properties": { "ID": "511", "ROAD NAME": "R11E12", "FILL-TOTAL": null, "CUT-TOTAL": null, "FILL-DONE": null, "CUT-DONE": null, "FILL-REMAN": null, "CUT-REMAN": null, "EQUPIMENTS": null, "CONTRACTOR": null, "STATUS": null }, "geometry": { "type": "MultiPolygon", "coordinates": [ [ [ [ 39.69774489493107, 21.296232480701079, 0.0 ], [ 39.697738846619366, 21.296218307096176, 0.0 ], [ 39.697732869991114, 21.29620410681558, 0.0 ], [ 39.69772696518023, 21.296189880177511, 0.0 ], [ 39.697721132319046, 21.296175627500769, 0.0 ], [ 39.697715371538202, 21.296161349104779, 0.0 ], [ 39.697709682966796, 21.296147045309493, 0.0 ], [ 39.697704066732307, 21.296132716435448, 0.0 ], [ 39.69769852296055, 21.29611836280375, 0.0 ], [ 39.69769305177573, 21.296103984736053, 0.0 ], [ 39.697687653300449, 21.296089582554579, 0.0 ], [ 39.697682327655656, 21.296075156582052, 0.0 ], [ 39.697677074960666, 21.296060707141756, 0.0 ], [ 39.697671895333187, 21.296046234557515, 0.0 ], [ 39.697666788889244, 21.296031739153619, 0.0 ], [ 39.697661755743276, 21.296017221254925, 0.0 ], [ 39.697656796008033, 21.296002681186749, 0.0 ], [ 39.697651909794651, 21.295988119274956, 0.0 ], [ 39.697647097212588, 21.295973535845842, 0.0 ], [ 39.697642358369698, 21.295958931226224, 0.0 ], [ 39.697637693372123, 21.29594430574339, 0.0 ], [ 39.697633102324389, 21.295929659725061, 0.0 ], [ 39.697628585329362, 21.29591499349948, 0.0 ], [ 39.697624142488252, 21.295900307395286, 0.0 ], [ 39.697619773900577, 21.295885601741602, 0.0 ], [ 39.697615479664243, 21.295870876867951, 0.0 ], [ 39.69761125987543, 21.29585613310433, 0.0 ], [ 39.697607114628681, 21.295841370781112, 0.0 ], [ 39.697603044016894, 21.295826590229129, 0.0 ], [ 39.697599048131231, 21.295811791779592, 0.0 ], [ 39.697595127061234, 21.295796975764134, 0.0 ], [ 39.697591280894748, 21.295782142514774, 0.0 ], [ 39.697587509717941, 21.295767292363919, 0.0 ], [ 39.697583813615282, 21.29575242564432, 0.0 ], [ 39.697580192669612, 21.295737542689167, 0.0 ], [ 39.697576646961998, 21.295722643831944, 0.0 ], [ 39.697573176571943, 21.295707729406569, 0.0 ], [ 39.697569781577137, 21.295692799747222, 0.0 ], [ 39.697566462053651, 21.295677855188469, 0.0 ], [ 39.697563218075864, 21.295662896065224, 0.0 ], [ 39.697560049716444, 21.295647922712707, 0.0 ], [ 39.697556957046352, 21.29563293546645, 0.0 ], [ 39.697553940134888, 21.295617934662303, 0.0 ], [ 39.697550999049625, 21.295602920636444, 0.0 ], [ 39.697548133856451, 21.295587893725312, 0.0 ], [ 39.69754534461957, 21.295572854265647, 0.0 ], [ 39.697542631401426, 21.29555780259448, 0.0 ], [ 39.697539994262812, 21.295542739049093, 0.0 ], [ 39.697537433262816, 21.295527663967064, 0.0 ], [ 39.697534948458788, 21.29551257768621, 0.0 ], [ 39.697532539906383, 21.295497480544579, 0.0 ], [ 39.697530207659575, 21.295482372880532, 0.0 ], [ 39.697527951770574, 21.295467255032566, 0.0 ], [ 39.697525772289936, 21.295452127339498, 0.0 ], [ 39.697523669266474, 21.295436990140328, 0.0 ], [ 39.697521642747269, 21.295421843774228, 0.0 ], [ 39.697519692777739, 21.295406688580673, 0.0 ], [ 39.69751781940154, 21.295391524899241, 0.0 ], [ 39.697516022660622, 21.295376353069713, 0.0 ], [ 39.697514302595259, 21.295361173432148, 0.0 ], [ 39.697512659243927, 21.295345986326645, 0.0 ], [ 39.697511092643452, 21.295330792093573, 0.0 ], [ 39.697509602828937, 21.29531559107339, 0.0 ], [ 39.697508189833705, 21.295300383606758, 0.0 ], [ 39.697506853689426, 21.295285170034461, 0.0 ], [ 39.697505594425998, 21.295269950697406, 0.0 ], [ 39.697504412071609, 21.295254725936658, 0.0 ], [ 39.69750330665277, 21.295239496093401, 0.0 ], [ 39.6975022781942, 21.295224261508899, 0.0 ], [ 39.697501326718935, 21.295209022524567, 0.0 ], [ 39.697500452248256, 21.295193779481881, 0.0 ], [ 39.697499654801724, 21.295178532722424, 0.0 ], [ 39.697498934397224, 21.295163282587858, 0.0 ], [ 39.697498291050849, 21.295148029419934, 0.0 ], [ 39.697497724777016, 21.295132773560461, 0.0 ], [ 39.697497235588365, 21.295117515351286, 0.0 ], [ 39.697496823495833, 21.29510225513437, 0.0 ], [ 39.697496488508648, 21.295086993251651, 0.0 ], [ 39.697496230634272, 21.295071730045141, 0.0 ], [ 39.697496049878509, 21.29505646585687, 0.0 ], [ 39.697495946245326, 21.295041201028884, 0.0 ], [ 39.697495919737051, 21.295025935903276, 0.0 ], [ 39.697495970354254, 21.295010670822112, 0.0 ], [ 39.697496098095762, 21.294995406127462, 0.0 ], [ 39.697496302958697, 21.294980142161389, 0.0 ], [ 39.697496584938463, 21.294964879265944, 0.0 ], [ 39.697496944028693, 21.294949617783185, 0.0 ], [ 39.697497380221314, 21.294934358055041, 0.0 ], [ 39.697497766376976, 21.294922673710268, 0.0 ], [ 39.697530640862048, 21.294865584678565, 0.0 ], [ 39.69727172756533, 21.295038639664472, 0.0 ], [ 39.697303206311545, 21.295053786535689, 0.0 ], [ 39.697303369941373, 21.295069472686073, 0.0 ], [ 39.697303610691137, 21.295085157954766, 0.0 ], [ 39.697303928555776, 21.295100842008917, 0.0 ], [ 39.697304323528563, 21.295116524515709, 0.0 ], [ 39.697304795601113, 21.295132205142359, 0.0 ], [ 39.697305344763478, 21.295147883556115, 0.0 ], [ 39.697305971004013, 21.295163559424289, 0.0 ], [ 39.697306674309431, 21.295179232414224, 0.0 ], [ 39.697307454664859, 21.295194902193348, 0.0 ], [ 39.69730831205375, 21.295210568429116, 0.0 ], [ 39.697309246457955, 21.295226230789122, 0.0 ], [ 39.697310257857644, 21.295241888940978, 0.0 ], [ 39.697311346231388, 21.295257542552445, 0.0 ], [ 39.69731251155612, 21.295273191291312, 0.0 ], [ 39.697313753807116, 21.295288834825545, 0.0 ], [ 39.697315072958084, 21.295304472823158, 0.0 ], [ 39.697316468981001, 21.295320104952307, 0.0 ], [ 39.697317941846322, 21.295335730881302, 0.0 ], [ 39.697319491522755, 21.295351350278519, 0.0 ], [ 39.697321117977502, 21.295366962812537, 0.0 ], [ 39.697322821176037, 21.295382568152029, 0.0 ], [ 39.697324601082236, 21.295398165965871, 0.0 ], [ 39.697326457658384, 21.295413755923068, 0.0 ], [ 39.697328390865081, 21.295429337692774, 0.0 ], [ 39.697330400661343, 21.295444910944358, 0.0 ], [ 39.697332487004545, 21.295460475347351, 0.0 ], [ 39.697334649850418, 21.295476030571454, 0.0 ], [ 39.697336889153121, 21.295491576286587, 0.0 ], [ 39.697339204865145, 21.295507112162877, 0.0 ], [ 39.697341596937356, 21.295522637870615, 0.0 ], [ 39.697344065319037, 21.295538153080397, 0.0 ], [ 39.697346609957833, 21.295553657462921, 0.0 ], [ 39.697349230799759, 21.295569150689218, 0.0 ], [ 39.697351927789242, 21.295584632430494, 0.0 ], [ 39.697354700869056, 21.295600102358232, 0.0 ], [ 39.697356120886433, 21.295607859709612, 0.0 ], [ 39.697416142785741, 21.295871012003531, 0.0 ], [ 39.697420323236898, 21.29588620157217, 0.0 ], [ 39.697424578327471, 21.295901372927826, 0.0 ], [ 39.697428907967172, 21.295916525748556, 0.0 ], [ 39.697433312064192, 21.295931659712799, 0.0 ], [ 39.697437790525022, 21.295946774499438, 0.0 ], [ 39.697442343254707, 21.295961869787689, 0.0 ], [ 39.697446970156633, 21.295976945257248, 0.0 ], [ 39.697451671132647, 21.295992000588189, 0.0 ], [ 39.697456446083017, 21.296007035461034, 0.0 ], [ 39.697461294906425, 21.296022049556726, 0.0 ], [ 39.697466217500022, 21.29603704255668, 0.0 ], [ 39.69747121375935, 21.296052014142717, 0.0 ], [ 39.697476283578396, 21.296066963997131, 0.0 ], [ 39.697481426849635, 21.296081891802675, 0.0 ], [ 39.697486643463911, 21.296096797242594, 0.0 ], [ 39.697491933310559, 21.296111680000557, 0.0 ], [ 39.697497296277355, 21.29612653976076, 0.0 ], [ 39.697502732250491, 21.296141376207864, 0.0 ], [ 39.697508241114654, 21.296156189027037, 0.0 ], [ 39.697513822752974, 21.29617097790393, 0.0 ], [ 39.697519477047003, 21.29618574252471, 0.0 ], [ 39.697525203876793, 21.296200482576083, 0.0 ], [ 39.697531003120808, 21.296215197745234, 0.0 ], [ 39.697536874656052, 21.296229887719903, 0.0 ], [ 39.69754281835791, 21.29624455218838, 0.0 ], [ 39.697548834100289, 21.296259190839436, 0.0 ], [ 39.697554921755554, 21.296273803362471, 0.0 ], [ 39.697561081194543, 21.296288389447355, 0.0 ], [ 39.697567312286559, 21.296302948784607, 0.0 ], [ 39.697573614899397, 21.29631748106523, 0.0 ], [ 39.697579988899342, 21.296331985980853, 0.0 ], [ 39.697583615720838, 21.296340155580822, 0.0 ], [ 39.697567265010591, 21.296394404581285, 0.0 ], [ 39.697790891064137, 21.296244936000889, 0.0 ], [ 39.69774489493107, 21.296232480701079, 0.0 ] ] ] ] } },
{ "type": "Feature", "properties": { "ID": "516", "ROAD NAME": "R11C2", "FILL-TOTAL": null, "CUT-TOTAL": null, "FILL-DONE": null, "CUT-DONE": null, "FILL-REMAN": null, "CUT-REMAN": null, "EQUPIMENTS": null, "CONTRACTOR": null, "STATUS": null }, "geometry": { "type": "MultiPolygon", "coordinates": [ [ [ [ 39.698237416001916, 21.301670431759096, 0.0 ], [ 39.698749182402977, 21.301453878667228, 0.0 ], [ 39.698701266639212, 21.301467481654196, 0.0 ], [ 39.698653237224192, 21.301473848643084, 0.0 ], [ 39.698591137664572, 21.301467799504223, 0.0 ], [ 39.698558850691292, 21.301452163182798, 0.0 ], [ 39.698522012654323, 21.301427999479799, 0.0 ], [ 39.698485602330706, 21.301395049780496, 0.0 ], [ 39.698466572110831, 21.301372499472674, 0.0 ], [ 39.697753226066894, 21.300435557742894, 0.0 ], [ 39.695852977713358, 21.297939607675325, 0.0 ], [ 39.695861981063921, 21.297889210527249, 0.0 ], [ 39.695548019996515, 21.298099049934827, 0.0 ], [ 39.695601808836905, 21.298107479234719, 0.0 ], [ 39.697787771320442, 21.300978707483672, 0.0 ], [ 39.69821208494632, 21.301536020012165, 0.0 ], [ 39.698237575722978, 21.301576006615107, 0.0 ], [ 39.698256349414756, 21.301619133957477, 0.0 ], [ 39.698256024487257, 21.30164774367061, 0.0 ], [ 39.698246712427071, 21.301662759055436, 0.0 ], [ 39.698237416001916, 21.301670431759096, 0.0 ] ] ] ] } },
{ "type": "Feature", "properties": { "ID": "665", "ROAD NAME": "R11E14", "FILL-TOTAL": null, "CUT-TOTAL": null, "FILL-DONE": null, "CUT-DONE": null, "FILL-REMAN": null, "CUT-REMAN": null, "EQUPIMENTS": null, "CONTRACTOR": null, "STATUS": null }, "geometry": { "type": "MultiPolygon", "coordinates": [ [ [ [ 39.693688911413595, 21.297539402744839, 0.0 ], [ 39.693684996187891, 21.297484712252032, 0.0 ], [ 39.694054205422461, 21.297022720348512, 0.0 ], [ 39.694227415226784, 21.29680598147991, 0.0 ], [ 39.69453940877839, 21.296415579326858, 0.0 ], [ 39.694706938361975, 21.296205946001244, 0.0 ], [ 39.695024608180894, 21.295808436946604, 0.0 ], [ 39.695186357778233, 21.295606034151032, 0.0 ], [ 39.695509803630138, 21.295201293207906, 0.0 ], [ 39.695555310210906, 21.29520178242106, 0.0 ], [ 39.695391388695043, 21.294986463347218, 0.0 ], [ 39.69539931325339, 21.295038157499974, 0.0 ], [ 39.693408255291295, 21.297529603825687, 0.0 ], [ 39.694395364991905, 21.298470562533137, 0.0 ], [ 39.694390999190936, 21.29851731280257, 0.0 ], [ 39.694612732732082, 21.298369117527272, 0.0 ], [ 39.694554305770254, 21.298364334726131, 0.0 ], [ 39.694197849193905, 21.298024546347992, 0.0 ], [ 39.694006949560112, 21.297842572347424, 0.0 ], [ 39.693688911413595, 21.297539402744839, 0.0 ] ] ] ] } },
{ "type": "Feature", "properties": { "ID": "519", "ROAD NAME": "R11C5", "FILL-TOTAL": null, "CUT-TOTAL": null, "FILL-DONE": null, "CUT-DONE": null, "FILL-REMAN": null, "CUT-REMAN": null, "EQUPIMENTS": null, "CONTRACTOR": null, "STATUS": null }, "geometry": { "type": "MultiPolygon", "coordinates": [ [ [ [ 39.699539409090654, 21.291501967547145, 0.0 ], [ 39.699531493119785, 21.291514070694092, 0.0 ], [ 39.699506585668011, 21.291538376287487, 0.0 ], [ 39.699478884753781, 21.291553225191237, 0.0 ], [ 39.699434702473006, 21.291561397556027, 0.0 ], [ 39.69941312794257, 21.291559644564533, 0.0 ], [ 39.699376311290948, 21.291547342724176, 0.0 ], [ 39.699356097031206, 21.291534064935021, 0.0 ], [ 39.698472858610415, 21.290373905415077, 0.0 ], [ 39.69847394012011, 21.29028639941578, 0.0 ], [ 39.698209711552593, 21.290617063155995, 0.0 ], [ 39.698278791973259, 21.290616766401698, 0.0 ], [ 39.699086597041166, 21.291677816100588, 0.0 ], [ 39.69915072723655, 21.291762050078901, 0.0 ], [ 39.699167848390431, 21.291787066805036, 0.0 ], [ 39.699187377892102, 21.291824860065994, 0.0 ], [ 39.699201210474463, 21.291865257683146, 0.0 ], [ 39.699207562291058, 21.291896802038824, 0.0 ], [ 39.699210211206278, 21.291926369269778, 0.0 ], [ 39.699210408912471, 21.291960810722756, 0.0 ], [ 39.699212788717205, 21.291986102074819, 0.0 ], [ 39.69921670597752, 21.292006515497082, 0.0 ], [ 39.699222477292572, 21.292040623715284, 0.0 ], [ 39.699223020440357, 21.292088959611046, 0.0 ], [ 39.699215595922574, 21.292133513369674, 0.0 ], [ 39.699195403151442, 21.292187639634886, 0.0 ], [ 39.699539409090654, 21.291501967547145, 0.0 ] ] ] ] } },
{ "type": "Feature", "properties": { "ID": "567", "ROAD NAME": "R11E7", "FILL-TOTAL": null, "CUT-TOTAL": null, "FILL-DONE": null, "CUT-DONE": null, "FILL-REMAN": null, "CUT-REMAN": null, "EQUPIMENTS": null, "CONTRACTOR": null, "STATUS": null }, "geometry": { "type": "MultiPolygon", "coordinates": [ [ [ [ 39.696334394339466, 21.295665136892048, 0.0 ], [ 39.69727172756533, 21.295038639664472, 0.0 ], [ 39.697530640862048, 21.294865584678565, 0.0 ], [ 39.698108276526973, 21.294479496065957, 0.0 ], [ 39.698131736084015, 21.294493870523333, 0.0 ], [ 39.698220276611615, 21.294182734818222, 0.0 ], [ 39.69685033964614, 21.295098390111971, 0.0 ], [ 39.696630572816069, 21.295245279942815, 0.0 ], [ 39.696222431883861, 21.295518072811802, 0.0 ], [ 39.696168643962288, 21.295509643677807, 0.0 ], [ 39.696325390967338, 21.295715535731684, 0.0 ], [ 39.696334394339466, 21.295665136892048, 0.0 ] ] ] ] } },
{ "type": "Feature", "properties": { "ID": "645", "ROAD NAME": "R11E1", "FILL-TOTAL": null, "CUT-TOTAL": null, "FILL-DONE": null, "CUT-DONE": null, "FILL-REMAN": null, "CUT-REMAN": null, "EQUPIMENTS": null, "CONTRACTOR": null, "STATUS": null }, "geometry": { "type": "MultiPolygon", "coordinates": [ [ [ [ 39.701694937374256, 21.288751078844463, 0.0 ], [ 39.702002539704786, 21.288739624990672, 0.0 ], [ 39.701941650215531, 21.288708135103995, 0.0 ], [ 39.701303742120714, 21.287870238144894, 0.0 ], [ 39.701286415835867, 21.287852407491346, 0.0 ], [ 39.701258296023227, 21.287835901301694, 0.0 ], [ 39.701229712683485, 21.287828520473283, 0.0 ], [ 39.701202493363702, 21.287828368656815, 0.0 ], [ 39.701178145957442, 21.287833844147009, 0.0 ], [ 39.701153318188034, 21.287845975360344, 0.0 ], [ 39.701138622878744, 21.287857542436562, 0.0 ], [ 39.701128636204189, 21.287868361262607, 0.0 ], [ 39.698814907878884, 21.290763915761353, 0.0 ], [ 39.698769402681826, 21.290763427390726, 0.0 ], [ 39.698924254271546, 21.29096682980666, 0.0 ], [ 39.698933814679549, 21.290916517172338, 0.0 ], [ 39.699250063748629, 21.29052075014912, 0.0 ], [ 39.701190684149225, 21.288092119752243, 0.0 ], [ 39.701236188511295, 21.288092607490999, 0.0 ], [ 39.701710582504177, 21.288715728200224, 0.0 ], [ 39.701694937374256, 21.288751078844463, 0.0 ] ] ] ] } },
{ "type": "Feature", "properties": { "ID": "591", "ROAD NAME": "R11E6", "FILL-TOTAL": null, "CUT-TOTAL": null, "FILL-DONE": null, "CUT-DONE": null, "FILL-REMAN": null, "CUT-REMAN": null, "EQUPIMENTS": null, "CONTRACTOR": null, "STATUS": null }, "geometry": { "type": "MultiPolygon", "coordinates": [ [ [ [ 39.698375206735463, 21.293539097080544, 0.0 ], [ 39.697177636367272, 21.291966050242809, 0.0 ], [ 39.697178357873319, 21.29190771291892, 0.0 ], [ 39.697010836555435, 21.29211734864354, 0.0 ], [ 39.697056342178186, 21.292117837479026, 0.0 ], [ 39.697364082314515, 21.292522068341643, 0.0 ], [ 39.697526375304953, 21.292735246504623, 0.0 ], [ 39.698020495124069, 21.293384287174906, 0.0 ], [ 39.698177242309555, 21.293590177577144, 0.0 ], [ 39.698218232697727, 21.293644019105933, 0.0 ], [ 39.698221430771468, 21.293648157603442, 0.0 ], [ 39.698224690994657, 21.293652253304941, 0.0 ], [ 39.698228012715269, 21.293656305391277, 0.0 ], [ 39.698231395268948, 21.293660313052051, 0.0 ], [ 39.698234837979207, 21.293664275485742, 0.0 ], [ 39.698238340157538, 21.293668191899862, 0.0 ], [ 39.698241901103479, 21.293672061511138, 0.0 ], [ 39.698245520104869, 21.293675883545649, 0.0 ], [ 39.698249196437907, 21.293679657238972, 0.0 ], [ 39.698252929367335, 21.293683381836431, 0.0 ], [ 39.69825671814661, 21.293687056593072, 0.0 ], [ 39.698260562017943, 21.293690680773953, 0.0 ], [ 39.698264460212577, 21.293694253654245, 0.0 ], [ 39.698268411950913, 21.293697774519384, 0.0 ], [ 39.698272416442585, 21.29370124266519, 0.0 ], [ 39.698276472886711, 21.293704657398056, 0.0 ], [ 39.698280580472002, 21.293708018035026, 0.0 ], [ 39.698284738376962, 21.293711323903974, 0.0 ], [ 39.698288945770017, 21.293714574343745, 0.0 ], [ 39.69829320180969, 21.293717768704266, 0.0 ], [ 39.698297505644796, 21.29372090634665, 0.0 ], [ 39.698301856414552, 21.29372398664335, 0.0 ], [ 39.698306253248838, 21.293727008978347, 0.0 ], [ 39.69831069526829, 21.293729972747176, 0.0 ], [ 39.698315181584512, 21.29373287735708, 0.0 ], [ 39.698319711300229, 21.29373572222713, 0.0 ], [ 39.698324283509535, 21.293738506788383, 0.0 ], [ 39.698328897297962, 21.293741230483892, 0.0 ], [ 39.698333551742799, 21.293743892768976, 0.0 ], [ 39.698338245913142, 21.293746493111115, 0.0 ], [ 39.698342978870173, 21.293749030990284, 0.0 ], [ 39.698347749667313, 21.293751505898925, 0.0 ], [ 39.698352557350383, 21.293753917342013, 0.0 ], [ 39.698357400957882, 21.293756264837306, 0.0 ], [ 39.698362279521071, 21.293758547915282, 0.0 ], [ 39.698366990027587, 21.293760676468768, 0.0 ], [ 39.698385425504028, 21.293808769848166, 0.0 ], [ 39.698499879854005, 21.293579697467777, 0.0 ], [ 39.69844993245006, 21.293597579438327, 0.0 ], [ 39.698446461327279, 21.293596006005011, 0.0 ], [ 39.698443024491432, 21.293594367840821, 0.0 ], [ 39.698439623317256, 21.293592665600979, 0.0 ], [ 39.698436259165135, 21.293590899966414, 0.0 ], [ 39.698432933380751, 21.293589071643311, 0.0 ], [ 39.698429647294361, 21.293587181363016, 0.0 ], [ 39.698426402220363, 21.293585229881622, 0.0 ], [ 39.698423199456769, 21.293583217979684, 0.0 ], [ 39.698420040284653, 21.29358114646196, 0.0 ], [ 39.69841692596767, 21.29357901615705, 0.0 ], [ 39.698413857751476, 21.293576827917036, 0.0 ], [ 39.69841083686336, 21.293574582617207, 0.0 ], [ 39.698407864511637, 21.293572281155662, 0.0 ], [ 39.698404941885236, 21.293569924452957, 0.0 ], [ 39.698402070153172, 21.293567513451741, 0.0 ], [ 39.698399250464092, 21.293565049116449, 0.0 ], [ 39.698396483945864, 21.29356253243273, 0.0 ], [ 39.698393771705057, 21.293559964407248, 0.0 ], [ 39.698391114826542, 21.293557346067239, 0.0 ], [ 39.698388514373065, 21.293554678459948, 0.0 ], [ 39.698385971384745, 21.293551962652423, 0.0 ], [ 39.698383486878775, 21.293549199730972, 0.0 ], [ 39.69838106184892, 21.293546390800717, 0.0 ], [ 39.698378697265198, 21.293543536985226, 0.0 ], [ 39.698376394073364, 21.293540639425988, 0.0 ], [ 39.698375206735463, 21.293539097080544, 0.0 ] ] ] ] } },
{ "type": "Feature", "properties": { "ID": "655", "ROAD NAME": "R11E28", "FILL-TOTAL": null, "CUT-TOTAL": null, "FILL-DONE": null, "CUT-DONE": null, "FILL-REMAN": null, "CUT-REMAN": null, "EQUPIMENTS": null, "CONTRACTOR": null, "STATUS": null }, "geometry": { "type": "MultiPolygon", "coordinates": [ [ [ [ 39.698709221812919, 21.298328215174738, 0.0 ], [ 39.698024929699386, 21.296842845013924, 0.0 ], [ 39.69784789857588, 21.296914454277331, 0.0 ], [ 39.697942903922957, 21.297120681816299, 0.0 ], [ 39.698051626469315, 21.297356684382642, 0.0 ], [ 39.698255542675305, 21.297799320196781, 0.0 ], [ 39.698344726177361, 21.297992907634598, 0.0 ], [ 39.698552464643534, 21.298443835822013, 0.0 ], [ 39.698540379160363, 21.298484452709022, 0.0 ], [ 39.698755899377687, 21.298340402049071, 0.0 ], [ 39.698709221812919, 21.298328215174738, 0.0 ] ] ] ] } },
{ "type": "Feature", "properties": { "ID": "544", "ROAD NAME": "R11C1", "FILL-TOTAL": null, "CUT-TOTAL": null, "FILL-DONE": null, "CUT-DONE": null, "FILL-REMAN": null, "CUT-REMAN": null, "EQUPIMENTS": null, "CONTRACTOR": null, "STATUS": null }, "geometry": { "type": "MultiPolygon", "coordinates": [ [ [ [ 39.695548019996515, 21.298099049934827, 0.0 ], [ 39.695861981063921, 21.297889210527249, 0.0 ], [ 39.698318921303951, 21.296247046437657, 0.0 ], [ 39.698388936614734, 21.296265326948731, 0.0 ], [ 39.69823239814815, 21.295907173455628, 0.0 ], [ 39.698213882377082, 21.295962212795622, 0.0 ], [ 39.697861123853151, 21.296197993247411, 0.0 ], [ 39.697149534784472, 21.296673608130053, 0.0 ], [ 39.696772786714192, 21.296925418146163, 0.0 ], [ 39.694612732732082, 21.298369117527272, 0.0 ], [ 39.694390999190936, 21.29851731280257, 0.0 ], [ 39.693992666651553, 21.298783536281636, 0.0 ], [ 39.693905025983916, 21.298776361754939, 0.0 ], [ 39.694182838649645, 21.299055302958667, 0.0 ], [ 39.694187204527196, 21.299008552697419, 0.0 ], [ 39.695548019996515, 21.298099049934827, 0.0 ] ] ] ] } },
{ "type": "Feature", "properties": { "ID": "601", "ROAD NAME": "R11C4", "FILL-TOTAL": null, "CUT-TOTAL": null, "FILL-DONE": null, "CUT-DONE": null, "FILL-REMAN": null, "CUT-REMAN": null, "EQUPIMENTS": null, "CONTRACTOR": null, "STATUS": null }, "geometry": { "type": "MultiPolygon", "coordinates": [ [ [ [ 39.696616493721287, 21.296097906238305, 0.0 ], [ 39.696325390967338, 21.295715535731684, 0.0 ], [ 39.696168643962288, 21.295509643677807, 0.0 ], [ 39.695290546602735, 21.294356221674064, 0.0 ], [ 39.695291629953168, 21.294268715708572, 0.0 ], [ 39.695028213408236, 21.294598340813298, 0.0 ], [ 39.695096473003808, 21.294599074833879, 0.0 ], [ 39.695391388695064, 21.294986463347222, 0.0 ], [ 39.695555310210906, 21.29520178242106, 0.0 ], [ 39.696365332490501, 21.296265774970546, 0.0 ], [ 39.696522080601227, 21.29647166677259, 0.0 ], [ 39.696790792676985, 21.296824623752386, 0.0 ], [ 39.696772786714192, 21.296925418146163, 0.0 ], [ 39.697149534784472, 21.296673608130053, 0.0 ], [ 39.697041958012107, 21.296656750474995, 0.0 ], [ 39.69677324566598, 21.296303793895319, 0.0 ], [ 39.696616493721287, 21.296097906238305, 0.0 ] ] ] ] } },
{ "type": "Feature", "properties": { "ID": "652", "ROAD NAME": "R11E15", "FILL-TOTAL": null, "CUT-TOTAL": null, "FILL-DONE": null, "CUT-DONE": null, "FILL-REMAN": null, "CUT-REMAN": null, "EQUPIMENTS": null, "CONTRACTOR": null, "STATUS": null }, "geometry": { "type": "MultiPolygon", "coordinates": [ [ [ [ 39.69420221504658, 21.297977796077188, 0.0 ], [ 39.696468292316105, 21.296463237748249, 0.0 ], [ 39.696522080601227, 21.29647166677259, 0.0 ], [ 39.696365332490501, 21.296265774970546, 0.0 ], [ 39.696356329393957, 21.296316172154523, 0.0 ], [ 39.695948185037203, 21.296588964402872, 0.0 ], [ 39.695728414368602, 21.296735852137569, 0.0 ], [ 39.695320267670617, 21.297008642903819, 0.0 ], [ 39.695100495741336, 21.297155529840474, 0.0 ], [ 39.694692346702084, 21.297428319124556, 0.0 ], [ 39.694472573512137, 21.297575205263087, 0.0 ], [ 39.694065376302675, 21.297847355347375, 0.0 ], [ 39.694006949560112, 21.297842572347424, 0.0 ], [ 39.694197849193905, 21.298024546347992, 0.0 ], [ 39.69420221504658, 21.297977796077188, 0.0 ] ] ] ] } },
{ "type": "Feature", "properties": { "ID": "532", "ROAD NAME": "R11E24", "FILL-TOTAL": null, "CUT-TOTAL": null, "FILL-DONE": null, "CUT-DONE": null, "FILL-REMAN": null, "CUT-REMAN": null, "EQUPIMENTS": null, "CONTRACTOR": null, "STATUS": null }, "geometry": { "type": "MultiPolygon", "coordinates": [ [ [ [ 39.699233107361273, 21.301134861957213, 0.0 ], [ 39.698537907285917, 21.30022176200535, 0.0 ], [ 39.698546909829624, 21.300171364762168, 0.0 ], [ 39.698327136626794, 21.300318255885806, 0.0 ], [ 39.698380926412661, 21.300326684257374, 0.0 ], [ 39.699069139806838, 21.301230608941651, 0.0 ], [ 39.699058803787736, 21.301279133848709, 0.0 ], [ 39.699288231092602, 21.301145162372283, 0.0 ], [ 39.699233107361273, 21.301134861957213, 0.0 ] ] ] ] } },
{ "type": "Feature", "properties": { "ID": "666", "ROAD NAME": "R11E25", "FILL-TOTAL": null, "CUT-TOTAL": null, "FILL-DONE": null, "CUT-DONE": null, "FILL-REMAN": null, "CUT-REMAN": null, "EQUPIMENTS": null, "CONTRACTOR": null, "STATUS": null }, "geometry": { "type": "MultiPolygon", "coordinates": [ [ [ [ 39.699888975423768, 21.300751872460999, 0.0 ], [ 39.69916582677606, 21.299802069272324, 0.0 ], [ 39.699174829083304, 21.299751671998507, 0.0 ], [ 39.69895505889253, 21.299898566220101, 0.0 ], [ 39.699008848554598, 21.299906994394284, 0.0 ], [ 39.699725008731427, 21.300847620068822, 0.0 ], [ 39.699714672952013, 21.300896145012601, 0.0 ], [ 39.699944099050583, 21.300762172663905, 0.0 ], [ 39.699888975423768, 21.300751872460999, 0.0 ] ] ] ] } },
{ "type": "Feature", "properties": { "ID": "732", "ROAD NAME": "R11E26", "FILL-TOTAL": null, "CUT-TOTAL": null, "FILL-DONE": null, "CUT-DONE": null, "FILL-REMAN": null, "CUT-REMAN": null, "EQUPIMENTS": null, "CONTRACTOR": null, "STATUS": null }, "geometry": { "type": "MultiPolygon", "coordinates": [ [ [ [ 39.698546909829624, 21.300171364762168, 0.0 ], [ 39.69895505889253, 21.299898566220101, 0.0 ], [ 39.699174829083304, 21.299751671998507, 0.0 ], [ 39.69977057094664, 21.299353485127469, 0.0 ], [ 39.699817248917363, 21.299365671689845, 0.0 ], [ 39.699708521998197, 21.29912967050959, 0.0 ], [ 39.699692408379939, 21.299183826450957, 0.0 ], [ 39.697807015868392, 21.30044398629844, 0.0 ], [ 39.697753226066894, 21.300435557742894, 0.0 ], [ 39.697909982441864, 21.300641450158324, 0.0 ], [ 39.697918985222032, 21.300591052945776, 0.0 ], [ 39.698327136626794, 21.300318255885806, 0.0 ], [ 39.698546909829624, 21.300171364762168, 0.0 ] ] ] ] } },
{ "type": "Feature", "properties": { "ID": "704", "ROAD NAME": "R11E27", "FILL-TOTAL": null, "CUT-TOTAL": null, "FILL-DONE": null, "CUT-DONE": null, "FILL-REMAN": null, "CUT-REMAN": null, "EQUPIMENTS": null, "CONTRACTOR": null, "STATUS": null }, "geometry": { "type": "MultiPolygon", "coordinates": [ [ [ [ 39.69717756547103, 21.299617224734437, 0.0 ], [ 39.699253000903887, 21.298230045782276, 0.0 ], [ 39.699299678477779, 21.298242232504712, 0.0 ], [ 39.699190953261727, 21.298006230878592, 0.0 ], [ 39.699174839561515, 21.298060386785245, 0.0 ], [ 39.698755899377687, 21.298340402049071, 0.0 ], [ 39.698540379160363, 21.298484452709022, 0.0 ], [ 39.697693521823801, 21.29905047480694, 0.0 ], [ 39.697473749372229, 21.299197364818507, 0.0 ], [ 39.697065599362766, 21.299470159813193, 0.0 ], [ 39.697011809953395, 21.299461731004833, 0.0 ], [ 39.69716856248526, 21.299667621923756, 0.0 ], [ 39.69717756547103, 21.299617224734437, 0.0 ] ] ] ] } },
{ "type": "Feature", "properties": { "ID": "693", "ROAD NAME": "R11F2", "FILL-TOTAL": null, "CUT-TOTAL": null, "FILL-DONE": null, "CUT-DONE": null, "FILL-REMAN": null, "CUT-REMAN": null, "EQUPIMENTS": null, "CONTRACTOR": null, "STATUS": null }, "geometry": { "type": "MultiPolygon", "coordinates": [ [ [ [ 39.697357626462974, 21.298609279132947, 0.0 ], [ 39.698298048754019, 21.297980720640059, 0.0 ], [ 39.698344726177361, 21.297992907634598, 0.0 ], [ 39.698255542675305, 21.297799320196781, 0.0 ], [ 39.698239428649352, 21.297853476025985, 0.0 ], [ 39.697273647416289, 21.298498983784523, 0.0 ], [ 39.697219862558796, 21.298490555689469, 0.0 ], [ 39.697348622885464, 21.298659680279687, 0.0 ], [ 39.697357626462974, 21.298609279132947, 0.0 ] ] ] ] } },
{ "type": "Feature", "properties": { "ID": "712", "ROAD NAME": "R11E23", "FILL-TOTAL": null, "CUT-TOTAL": null, "FILL-DONE": null, "CUT-DONE": null, "FILL-REMAN": null, "CUT-REMAN": null, "EQUPIMENTS": null, "CONTRACTOR": null, "STATUS": null }, "geometry": { "type": "MultiPolygon", "coordinates": [ [ [ [ 39.696937757048936, 21.298057785494681, 0.0 ], [ 39.698004949270675, 21.29734449729748, 0.0 ], [ 39.698051626469315, 21.297356684382642, 0.0 ], [ 39.697942903922957, 21.297120681816299, 0.0 ], [ 39.697926789847514, 21.297174837624524, 0.0 ], [ 39.69682578749773, 21.297910723600381, 0.0 ], [ 39.696772002877061, 21.29790229535265, 0.0 ], [ 39.69692875335501, 21.298108186628259, 0.0 ], [ 39.696937757048936, 21.298057785494681, 0.0 ] ] ] ] } },
{ "type": "Feature", "properties": { "ID": "662", "ROAD NAME": "R11E20", "FILL-TOTAL": null, "CUT-TOTAL": null, "FILL-DONE": null, "CUT-DONE": null, "FILL-REMAN": null, "CUT-REMAN": null, "EQUPIMENTS": null, "CONTRACTOR": null, "STATUS": null }, "geometry": { "type": "MultiPolygon", "coordinates": [ [ [ [ 39.695704666161788, 21.299769532080205, 0.0 ], [ 39.695926400174223, 21.299621335085618, 0.0 ], [ 39.696443731534366, 21.299275571907806, 0.0 ], [ 39.696497520848453, 21.299284000902329, 0.0 ], [ 39.696340769659017, 21.299078109295031, 0.0 ], [ 39.696331766413138, 21.299128506453176, 0.0 ], [ 39.695145085516195, 21.299921630402725, 0.0 ], [ 39.695086657926275, 21.2999168478092, 0.0 ], [ 39.695286268931767, 21.300093000852911, 0.0 ], [ 39.695290634479115, 21.300046250583371, 0.0 ], [ 39.695704666161788, 21.299769532080205, 0.0 ] ] ] ] } },
{ "type": "Feature", "properties": { "ID": "718", "ROAD NAME": "R11E19", "FILL-TOTAL": null, "CUT-TOTAL": null, "FILL-DONE": null, "CUT-DONE": null, "FILL-REMAN": null, "CUT-REMAN": null, "EQUPIMENTS": null, "CONTRACTOR": null, "STATUS": null }, "geometry": { "type": "MultiPolygon", "coordinates": [ [ [ [ 39.694734562007305, 21.299530310570795, 0.0 ], [ 39.69599587240328, 21.298687309569313, 0.0 ], [ 39.696049661480515, 21.298695738716532, 0.0 ], [ 39.695892911554651, 21.298489846623948, 0.0 ], [ 39.695883908184605, 21.298540243768045, 0.0 ], [ 39.694597721322303, 21.299399870380313, 0.0 ], [ 39.694539293951664, 21.299395087587953, 0.0 ], [ 39.694730196293406, 21.299577060836093, 0.0 ], [ 39.694734562007305, 21.299530310570795, 0.0 ] ] ] ] } },
{ "type": "Feature", "properties": { "ID": "614", "ROAD NAME": "R11E16", "FILL-TOTAL": null, "CUT-TOTAL": null, "FILL-DONE": null, "CUT-DONE": null, "FILL-REMAN": null, "CUT-REMAN": null, "EQUPIMENTS": null, "CONTRACTOR": null, "STATUS": null }, "geometry": { "type": "MultiPolygon", "coordinates": [ [ [ [ 39.694638558153855, 21.297419889521542, 0.0 ], [ 39.694209018746299, 21.296855668706201, 0.0 ], [ 39.694227415226784, 21.29680598147991, 0.0 ], [ 39.694054205422461, 21.297022720348512, 0.0 ], [ 39.69409971257177, 21.297023209939617, 0.0 ], [ 39.69448157731798, 21.29752480817108, 0.0 ], [ 39.694472573512137, 21.297575205263087, 0.0 ], [ 39.694692346702084, 21.297428319124556, 0.0 ], [ 39.694638558153855, 21.297419889521542, 0.0 ] ] ] ] } },
{ "type": "Feature", "properties": { "ID": "578", "ROAD NAME": "R11E17", "FILL-TOTAL": null, "CUT-TOTAL": null, "FILL-DONE": null, "CUT-DONE": null, "FILL-REMAN": null, "CUT-REMAN": null, "EQUPIMENTS": null, "CONTRACTOR": null, "STATUS": null }, "geometry": { "type": "MultiPolygon", "coordinates": [ [ [ [ 39.695266479246136, 21.297000213498176, 0.0 ], [ 39.69470621591207, 21.296264283292757, 0.0 ], [ 39.694706938361975, 21.296205946001244, 0.0 ], [ 39.69453940877839, 21.296415579326858, 0.0 ], [ 39.694584915738197, 21.296416068791959, 0.0 ], [ 39.695109499310753, 21.2971051327178, 0.0 ], [ 39.695100495741336, 21.297155529840474, 0.0 ], [ 39.695320267670617, 21.297008642903819, 0.0 ], [ 39.695266479246136, 21.297000213498176, 0.0 ] ] ] ] } },
{ "type": "Feature", "properties": { "ID": "684", "ROAD NAME": "R11E18", "FILL-TOTAL": null, "CUT-TOTAL": null, "FILL-DONE": null, "CUT-DONE": null, "FILL-REMAN": null, "CUT-REMAN": null, "EQUPIMENTS": null, "CONTRACTOR": null, "STATUS": null }, "geometry": { "type": "MultiPolygon", "coordinates": [ [ [ [ 39.695894396736477, 21.296580535194579, 0.0 ], [ 39.695185816079487, 21.295649787122283, 0.0 ], [ 39.695186357778233, 21.295606034151032, 0.0 ], [ 39.695024608180894, 21.295808436946604, 0.0 ], [ 39.695070114951179, 21.295808926285726, 0.0 ], [ 39.695737417701558, 21.296685454984239, 0.0 ], [ 39.695728414368602, 21.296735852137569, 0.0 ], [ 39.695948185037203, 21.296588964402872, 0.0 ], [ 39.695894396736477, 21.296580535194579, 0.0 ] ] ] ] } },
{ "type": "Feature", "properties": { "ID": "541", "ROAD NAME": "R11E13", "FILL-TOTAL": null, "CUT-TOTAL": null, "FILL-DONE": null, "CUT-DONE": null, "FILL-REMAN": null, "CUT-REMAN": null, "EQUPIMENTS": null, "CONTRACTOR": null, "STATUS": null }, "geometry": { "type": "MultiPolygon", "coordinates": [ [ [ [ 39.696782248618888, 21.296253396693345, 0.0 ], [ 39.697375402358205, 21.295856943399027, 0.0 ], [ 39.697416142785741, 21.295871012003531, 0.0 ], [ 39.697356120886433, 21.295607859709612, 0.0 ], [ 39.69733148123138, 21.295664399980232, 0.0 ], [ 39.696670285555939, 21.296106331308025, 0.0 ], [ 39.696616489841901, 21.296097901142659, 0.0 ], [ 39.69677324566598, 21.296303793895319, 0.0 ], [ 39.696782248618888, 21.296253396693345, 0.0 ] ] ] ] } },
{ "type": "Feature", "properties": { "ID": "678", "ROAD NAME": "R11E10", "FILL-TOTAL": null, "CUT-TOTAL": null, "FILL-DONE": null, "CUT-DONE": null, "FILL-REMAN": null, "CUT-REMAN": null, "EQUPIMENTS": null, "CONTRACTOR": null, "STATUS": null }, "geometry": { "type": "MultiPolygon", "coordinates": [ [ [ [ 39.697549572033275, 21.293699051844364, 0.0 ], [ 39.697162491274455, 21.293190608668372, 0.0 ], [ 39.697163212777014, 21.293132271359422, 0.0 ], [ 39.69699569010313, 21.293341907059123, 0.0 ], [ 39.697041196103577, 21.293342395886533, 0.0 ], [ 39.697392597219512, 21.293803973115924, 0.0 ], [ 39.697383594598627, 21.293854370365654, 0.0 ], [ 39.697603359357608, 21.2937074805563, 0.0 ], [ 39.697549572033275, 21.293699051844364, 0.0 ] ] ] ] } },
{ "type": "Feature", "properties": { "ID": "729", "ROAD NAME": "R11E11", "FILL-TOTAL": null, "CUT-TOTAL": null, "FILL-DONE": null, "CUT-DONE": null, "FILL-REMAN": null, "CUT-REMAN": null, "EQUPIMENTS": null, "CONTRACTOR": null, "STATUS": null }, "geometry": { "type": "MultiPolygon", "coordinates": [ [ [ [ 39.696921671427674, 21.29411873607577, 0.0 ], [ 39.696677309108694, 21.293797757031861, 0.0 ], [ 39.696678030798353, 21.293739419726332, 0.0 ], [ 39.696510506759708, 21.293949054957206, 0.0 ], [ 39.696556012949635, 21.293949543910575, 0.0 ], [ 39.696764695713561, 21.294223656777444, 0.0 ], [ 39.696755692856279, 21.294274053996546, 0.0 ], [ 39.696975458875762, 21.294127164985031, 0.0 ], [ 39.696921671427674, 21.29411873607577, 0.0 ] ] ] ] } },
{ "type": "Feature", "properties": { "ID": "583", "ROAD NAME": "R11E9", "FILL-TOTAL": null, "CUT-TOTAL": null, "FILL-DONE": null, "CUT-DONE": null, "FILL-REMAN": null, "CUT-REMAN": null, "EQUPIMENTS": null, "CONTRACTOR": null, "STATUS": null }, "geometry": { "type": "MultiPolygon", "coordinates": [ [ [ [ 39.696514453673238, 21.294657193646543, 0.0 ], [ 39.698123455000832, 21.293581749049139, 0.0 ], [ 39.698177242309555, 21.293590177577144, 0.0 ], [ 39.698020495124069, 21.293384287174906, 0.0 ], [ 39.698011492739546, 21.29343468445526, 0.0 ], [ 39.697603359357608, 21.2937074805563, 0.0 ], [ 39.697383594598627, 21.293854370365654, 0.0 ], [ 39.696975458875762, 21.294127164985031, 0.0 ], [ 39.696755692856279, 21.294274053996546, 0.0 ], [ 39.696402491104521, 21.29451012867251, 0.0 ], [ 39.696348705306299, 21.294501699859421, 0.0 ], [ 39.696505450708415, 21.294707590851097, 0.0 ], [ 39.696514453673238, 21.294657193646543, 0.0 ] ] ] ] } },
{ "type": "Feature", "properties": { "ID": "581", "ROAD NAME": "R11E5", "FILL-TOTAL": null, "CUT-TOTAL": null, "FILL-DONE": null, "CUT-DONE": null, "FILL-REMAN": null, "CUT-REMAN": null, "EQUPIMENTS": null, "CONTRACTOR": null, "STATUS": null }, "geometry": { "type": "MultiPolygon", "coordinates": [ [ [ [ 39.699882482113331, 21.290981053799648, 0.0 ], [ 39.699416859448547, 21.290369449596266, 0.0 ], [ 39.699417580081878, 21.2903111122714, 0.0 ], [ 39.699250063748629, 21.29052075014912, 0.0 ], [ 39.699295568868614, 21.290521238391431, 0.0 ], [ 39.69975384616513, 21.291123194670796, 0.0 ], [ 39.699752826339818, 21.291181319874248, 0.0 ], [ 39.699931279511432, 21.290984131667312, 0.0 ], [ 39.699882482113331, 21.290981053799648, 0.0 ] ] ] ] } },
{ "type": "Feature", "properties": { "ID": "533", "ROAD NAME": "R11E3", "FILL-TOTAL": null, "CUT-TOTAL": null, "FILL-DONE": null, "CUT-DONE": null, "FILL-REMAN": null, "CUT-REMAN": null, "EQUPIMENTS": null, "CONTRACTOR": null, "STATUS": null }, "geometry": { "type": "MultiPolygon", "coordinates": [ [ [ [ 39.700772700151504, 21.289661528941444, 0.0 ], [ 39.700387175196937, 21.28915513618146, 0.0 ], [ 39.700387895456245, 21.289096798849791, 0.0 ], [ 39.70022038185175, 21.289306437664649, 0.0 ], [ 39.700265886592781, 21.289306925655172, 0.0 ], [ 39.700849528697823, 21.290073546860398, 0.0 ], [ 39.700853595222739, 21.289644662567156, 0.0 ], [ 39.700772700151504, 21.289661528941444, 0.0 ] ] ] ] } },
{ "type": "Feature", "properties": { "ID": "543", "ROAD NAME": "R11E4", "FILL-TOTAL": null, "CUT-TOTAL": null, "FILL-DONE": null, "CUT-DONE": null, "FILL-REMAN": null, "CUT-REMAN": null, "EQUPIMENTS": null, "CONTRACTOR": null, "STATUS": null }, "geometry": { "type": "MultiPolygon", "coordinates": [ [ [ [ 39.700492863659072, 21.290538376140233, 0.0 ], [ 39.69990201929852, 21.289762293567403, 0.0 ], [ 39.699902739744829, 21.289703956239137, 0.0 ], [ 39.699735224775992, 21.289913594585443, 0.0 ], [ 39.699780729706475, 21.289914082701852, 0.0 ], [ 39.700326281985255, 21.290630674213858, 0.0 ], [ 39.700316497201037, 21.290680002635657, 0.0 ], [ 39.700549281277404, 21.290550782271016, 0.0 ], [ 39.700492863659072, 21.290538376140233, 0.0 ] ] ] ] } },
{ "type": "Feature", "properties": { "ID": "734", "ROAD NAME": "R11E2", "FILL-TOTAL": null, "CUT-TOTAL": null, "FILL-DONE": null, "CUT-DONE": null, "FILL-REMAN": null, "CUT-REMAN": null, "EQUPIMENTS": null, "CONTRACTOR": null, "STATUS": null }, "geometry": { "type": "MultiPolygon", "coordinates": [ [ [ [ 39.701177138554208, 21.288948351322279, 0.0 ], [ 39.700872327143998, 21.288547977438583, 0.0 ], [ 39.700873047216298, 21.288489640103496, 0.0 ], [ 39.700705534976116, 21.288699279386872, 0.0 ], [ 39.700751039527667, 21.288699767251508, 0.0 ], [ 39.701042940205795, 21.289083182966923, 0.0 ], [ 39.701042416168264, 21.289141656849058, 0.0 ], [ 39.701228874459979, 21.288954318619471, 0.0 ], [ 39.701177138554208, 21.288948351322279, 0.0 ] ] ] ] } },
{ "type": "Feature", "properties": { "ID": "735", "ROAD NAME": "R7E2", "FILL-TOTAL": null, "CUT-TOTAL": null, "FILL-DONE": null, "CUT-DONE": null, "FILL-REMAN": null, "CUT-REMAN": null, "EQUPIMENTS": null, "CONTRACTOR": null, "STATUS": null }, "geometry": { "type": "MultiPolygon", "coordinates": [ [ [ [ 39.720166223817017, 21.289651348043815, 0.0 ], [ 39.720053271631294, 21.288020395626749, 0.0 ], [ 39.718721366412424, 21.287974072181328, 0.0 ], [ 39.718684267655881, 21.287936625609824, 0.0 ], [ 39.718674220474888, 21.288189369035837, 0.0 ], [ 39.718714189901732, 21.288154603199956, 0.0 ], [ 39.719215133423468, 21.28817202716192, 0.0 ], [ 39.719484872273028, 21.288181408672628, 0.0 ], [ 39.719833609897094, 21.288193537111695, 0.0 ], [ 39.719874640948113, 21.288230932156118, 0.0 ], [ 39.71995749708163, 21.289427340983778, 0.0 ], [ 39.719921459598631, 21.289462055848105, 0.0 ], [ 39.719434643011844, 21.289445125624088, 0.0 ], [ 39.719164901851663, 21.289435744110634, 0.0 ], [ 39.718663954038803, 21.289418320143536, 0.0 ], [ 39.718626854921482, 21.289380873582271, 0.0 ], [ 39.718616807625594, 21.28963361693356, 0.0 ], [ 39.718656777446135, 21.289598851108806, 0.0 ], [ 39.720166223817017, 21.289651348043815, 0.0 ] ] ] ] } },
{ "type": "Feature", "properties": { "ID": "595", "ROAD NAME": "R7C3", "FILL-TOTAL": null, "CUT-TOTAL": null, "FILL-DONE": null, "CUT-DONE": null, "FILL-REMAN": null, "CUT-REMAN": null, "EQUPIMENTS": null, "CONTRACTOR": null, "STATUS": null }, "geometry": { "type": "MultiPolygon", "coordinates": [ [ [ [ 39.71710423675119, 21.29492080459061, 0.0 ], [ 39.717151884105888, 21.293722531514469, 0.0 ], [ 39.717161933960746, 21.293469788379909, 0.0 ], [ 39.71717988007984, 21.2930184613212, 0.0 ], [ 39.717195672611432, 21.292621293475133, 0.0 ], [ 39.71728181281393, 21.290454922838098, 0.0 ], [ 39.717361753516151, 21.290385391794061, 0.0 ], [ 39.716899337216077, 21.290369303297744, 0.0 ], [ 39.716973535129696, 21.290444197173688, 0.0 ], [ 39.716956306302428, 21.29087747137697, 0.0 ], [ 39.716946256125759, 21.291130214644394, 0.0 ], [ 39.716880929484795, 21.29277304556398, 0.0 ], [ 39.716870879156552, 21.29302578873331, 0.0 ], [ 39.716853649975377, 21.293459062707296, 0.0 ], [ 39.716843599592245, 21.293711805841156, 0.0 ], [ 39.716796218942349, 21.294903309010326, 0.0 ], [ 39.71678616844369, 21.295156052069444, 0.0 ], [ 39.716780607023452, 21.295295906633612, 0.0 ], [ 39.716779277119208, 21.295301125242641, 0.0 ], [ 39.716777872321494, 21.295306326604962, 0.0 ], [ 39.716776392885109, 21.295311509777079, 0.0 ], [ 39.71677483907844, 21.295316673818686, 0.0 ], [ 39.716773211183323, 21.295321817793024, 0.0 ], [ 39.716771509495096, 21.295326940766969, 0.0 ], [ 39.716769734322412, 21.295332041811179, 0.0 ], [ 39.716767885987295, 21.29533712000028, 0.0 ], [ 39.716765964825044, 21.295342174413108, 0.0 ], [ 39.716763971184164, 21.29534720413276, 0.0 ], [ 39.716761905426274, 21.295352208246801, 0.0 ], [ 39.716759767926121, 21.295357185847486, 0.0 ], [ 39.716757559071453, 21.295362136031844, 0.0 ], [ 39.716755279262955, 21.29536705790191, 0.0 ], [ 39.716752928914183, 21.29537195056481, 0.0 ], [ 39.716750508451504, 21.295376813133004, 0.0 ], [ 39.716748018313986, 21.295381644724408, 0.0 ], [ 39.716745458953341, 21.295386444462533, 0.0 ], [ 39.716742830833844, 21.295391211476694, 0.0 ], [ 39.716740134432236, 21.295395944902133, 0.0 ], [ 39.716737370237681, 21.29540064388021, 0.0 ], [ 39.716734538751567, 21.295405307558454, 0.0 ], [ 39.716731640487552, 21.295409935090898, 0.0 ], [ 39.716728675971389, 21.295414525638076, 0.0 ], [ 39.716725645740844, 21.295419078367235, 0.0 ], [ 39.716722550345594, 21.29542359245249, 0.0 ], [ 39.716719390347194, 21.295428067074972, 0.0 ], [ 39.716716166318832, 21.295432501422983, 0.0 ], [ 39.716712878845385, 21.295436894692052, 0.0 ], [ 39.716709528523189, 21.295441246085275, 0.0 ], [ 39.716706115960015, 21.295445554813259, 0.0 ], [ 39.716702641774901, 21.295449820094397, 0.0 ], [ 39.716699106598099, 21.295454041154965, 0.0 ], [ 39.716695511070881, 21.2954582172292, 0.0 ], [ 39.716691855845504, 21.295462347559567, 0.0 ], [ 39.716688141584996, 21.295466431396786, 0.0 ], [ 39.716684368963193, 21.295470468000062, 0.0 ], [ 39.716680538664427, 21.295474456637123, 0.0 ], [ 39.716676651383551, 21.295478396584372, 0.0 ], [ 39.716672707825694, 21.295482287127143, 0.0 ], [ 39.71666870870628, 21.295486127559645, 0.0 ], [ 39.716664654750716, 21.295489917185208, 0.0 ], [ 39.716660546694442, 21.295493655316367, 0.0 ], [ 39.716656385282661, 21.295497341275013, 0.0 ], [ 39.716652171270262, 21.295500974392514, 0.0 ], [ 39.716647905421695, 21.295504554009764, 0.0 ], [ 39.716643588510799, 21.295508079477433, 0.0 ], [ 39.716639221320683, 21.295511550155986, 0.0 ], [ 39.716634804643576, 21.295514965415805, 0.0 ], [ 39.716630339280663, 21.295518324637364, 0.0 ], [ 39.716625826041984, 21.295521627211269, 0.0 ], [ 39.716621265746269, 21.295524872538408, 0.0 ], [ 39.716616659220769, 21.295528060030101, 0.0 ], [ 39.716612007301144, 21.295531189108097, 0.0 ], [ 39.716607310831257, 21.295534259204754, 0.0 ], [ 39.716602570663078, 21.295537269763159, 0.0 ], [ 39.716597787656482, 21.295540220237164, 0.0 ], [ 39.716592962679123, 21.295543110091565, 0.0 ], [ 39.716588096606294, 21.29554593880211, 0.0 ], [ 39.716583190320698, 21.295548705855644, 0.0 ], [ 39.716578244712395, 21.295551410750235, 0.0 ], [ 39.716573260678508, 21.295554052995193, 0.0 ], [ 39.716568239123177, 21.295556632111186, 0.0 ], [ 39.716563180957323, 21.295559147630374, 0.0 ], [ 39.716558087098548, 21.295561599096406, 0.0 ], [ 39.716552958470871, 21.295563986064579, 0.0 ], [ 39.716547796004683, 21.295566308101904, 0.0 ], [ 39.716542600636444, 21.295568564787121, 0.0 ], [ 39.716537373308647, 21.29557075571088, 0.0 ], [ 39.716532114969553, 21.295572880475735, 0.0 ], [ 39.716526826573023, 21.295574938696213, 0.0 ], [ 39.716521509078433, 21.295576929998973, 0.0 ], [ 39.716516163450379, 21.295578854022775, 0.0 ], [ 39.716510790658596, 21.295580710418594, 0.0 ], [ 39.716505391677728, 21.295582498849662, 0.0 ], [ 39.716499967487188, 21.295584218991547, 0.0 ], [ 39.716494519070949, 21.295585870532207, 0.0 ], [ 39.716489047417355, 21.29558745317205, 0.0 ], [ 39.716483553519033, 21.295588966623967, 0.0 ], [ 39.716478038372571, 21.295590410613432, 0.0 ], [ 39.716472502978469, 21.29559178487845, 0.0 ], [ 39.716466948340866, 21.295593089169788, 0.0 ], [ 39.716461375467404, 21.2955943232508, 0.0 ], [ 39.716455785369028, 21.295595486897604, 0.0 ], [ 39.716450179059812, 21.295596579899129, 0.0 ], [ 39.716444557556763, 21.295597602057121, 0.0 ], [ 39.716438921879664, 21.295598553186107, 0.0 ], [ 39.716433273050846, 21.295599433113576, 0.0 ], [ 39.716427612095046, 21.2956002416799, 0.0 ], [ 39.716421940039176, 21.295600978738396, 0.0 ], [ 39.716416257912186, 21.295601644155361, 0.0 ], [ 39.716410566744841, 21.295602237810094, 0.0 ], [ 39.716404867569565, 21.295602759594875, 0.0 ], [ 39.716399161420185, 21.295603209415074, 0.0 ], [ 39.716393449331868, 21.295603587189088, 0.0 ], [ 39.71638773234077, 21.29560389284838, 0.0 ], [ 39.716382011484029, 21.295604126337512, 0.0 ], [ 39.716380407176167, 21.295604178834807, 0.0 ], [ 39.717461928357217, 21.295639441401722, 0.0 ], [ 39.717456241874579, 21.295638810853497, 0.0 ], [ 39.717450564981291, 21.295638108603445, 0.0 ], [ 39.717444898707249, 21.295637334778977, 0.0 ], [ 39.717439244080268, 21.295636489520462, 0.0 ], [ 39.717433602126157, 21.295635572981212, 0.0 ], [ 39.717427973868404, 21.29563458532753, 0.0 ], [ 39.717422360328015, 21.295633526738541, 0.0 ], [ 39.717416762523278, 21.295632397406294, 0.0 ], [ 39.717411181469693, 21.295631197535695, 0.0 ], [ 39.717405618179704, 21.295629927344326, 0.0 ], [ 39.717400073662475, 21.295628587062676, 0.0 ], [ 39.717394548923835, 21.295627176933852, 0.0 ], [ 39.717389044966019, 21.295625697213666, 0.0 ], [ 39.717383562787454, 21.295624148170525, 0.0 ], [ 39.717378103382622, 21.295622530085474, 0.0 ], [ 39.717372667741913, 21.295620843251996, 0.0 ], [ 39.717367256851382, 21.295619087976117, 0.0 ], [ 39.717361871692553, 21.295617264576261, 0.0 ], [ 39.717356513242372, 21.295615373383175, 0.0 ], [ 39.717351182472854, 21.295613414739961, 0.0 ], [ 39.717345880351033, 21.295611389001902, 0.0 ], [ 39.717340607838757, 21.295609296536476, 0.0 ], [ 39.717335365892453, 21.295607137723298, 0.0 ], [ 39.717330155463081, 21.295604912953952, 0.0 ], [ 39.717324977495807, 21.295602622632046, 0.0 ], [ 39.717319832929952, 21.295600267173043, 0.0 ], [ 39.71731472269876, 21.295597847004256, 0.0 ], [ 39.717309647729245, 21.295595362564661, 0.0 ], [ 39.717304608942044, 21.29559281430501, 0.0 ], [ 39.717299607251221, 21.295590202687535, 0.0 ], [ 39.717294643564081, 21.295587528186026, 0.0 ], [ 39.717289718781082, 21.295584791285627, 0.0 ], [ 39.717284833795595, 21.295581992482827, 0.0 ], [ 39.717279989493797, 21.295579132285354, 0.0 ], [ 39.717275186754442, 21.295576211212047, 0.0 ], [ 39.717270426448771, 21.295573229792812, 0.0 ], [ 39.717265709440341, 21.295570188568501, 0.0 ], [ 39.717261036584837, 21.295567088090795, 0.0 ], [ 39.717256408729924, 21.295563928922139, 0.0 ], [ 39.717251826715106, 21.295560711635616, 0.0 ], [ 39.717247291371606, 21.295557436814878, 0.0 ], [ 39.717242803522154, 21.295554105053977, 0.0 ], [ 39.717238363980847, 21.295550716957308, 0.0 ], [ 39.71723397355305, 21.295547273139494, 0.0 ], [ 39.717229633035203, 21.295543774225273, 0.0 ], [ 39.717225343214686, 21.29554022084935, 0.0 ], [ 39.717221104869679, 21.295536613656328, 0.0 ], [ 39.717216918769083, 21.295532953300562, 0.0 ], [ 39.717212785672238, 21.295529240446065, 0.0 ], [ 39.717208706328911, 21.295525475766382, 0.0 ], [ 39.717204681479096, 21.295521659944438, 0.0 ], [ 39.717200711852932, 21.295517793672406, 0.0 ], [ 39.717196798170534, 21.295513877651697, 0.0 ], [ 39.717192941141832, 21.295509912592667, 0.0 ], [ 39.717189141466505, 21.2955058992146, 0.0 ], [ 39.717185399833873, 21.295501838245549, 0.0 ], [ 39.717181716922639, 21.295497730422195, 0.0 ], [ 39.717178093400918, 21.295493576489683, 0.0 ], [ 39.717174529926005, 21.295489377201623, 0.0 ], [ 39.717171027144346, 21.295485133319726, 0.0 ], [ 39.71716758569135, 21.29548084561387, 0.0 ], [ 39.717164206191313, 21.295476514861882, 0.0 ], [ 39.717160889257286, 21.295472141849348, 0.0 ], [ 39.717157635490963, 21.295467727369594, 0.0 ], [ 39.717154445482606, 21.295463272223387, 0.0 ], [ 39.717151319810867, 21.29545877721894, 0.0 ], [ 39.717148259042759, 21.295454243171658, 0.0 ], [ 39.717145263733528, 21.295449670904041, 0.0 ], [ 39.717142334426512, 21.295445061245509, 0.0 ], [ 39.71713947165312, 21.295440415032285, 0.0 ], [ 39.717136675932629, 21.295435733107208, 0.0 ], [ 39.717133947772226, 21.295431016319604, 0.0 ], [ 39.717131287666781, 21.295426265525133, 0.0 ], [ 39.717128696098854, 21.295421481585578, 0.0 ], [ 39.717126173538553, 21.295416665368787, 0.0 ], [ 39.717123720443489, 21.295411817748455, 0.0 ], [ 39.717121337258646, 21.295406939603929, 0.0 ], [ 39.717119024416327, 21.295402031820171, 0.0 ], [ 39.71711678233612, 21.295397095287431, 0.0 ], [ 39.717114611424712, 21.295392130901256, 0.0 ], [ 39.717112512075907, 21.29538713956217, 0.0 ], [ 39.717110484670535, 21.29538212217566, 0.0 ], [ 39.717108529576379, 21.295377079651868, 0.0 ], [ 39.7171066471481, 21.295372012905545, 0.0 ], [ 39.717104837727149, 21.29536692285583, 0.0 ], [ 39.717103101641769, 21.295361810426087, 0.0 ], [ 39.717101439206893, 21.295356676543708, 0.0 ], [ 39.717099850724047, 21.295351522140002, 0.0 ], [ 39.717098336481421, 21.295346348150026, 0.0 ], [ 39.717096896753702, 21.29534115551234, 0.0 ], [ 39.717095531802009, 21.295335945168905, 0.0 ], [ 39.717094241873994, 21.295330718064925, 0.0 ], [ 39.717093027203624, 21.295325475148609, 0.0 ], [ 39.717091888011232, 21.295320217371032, 0.0 ], [ 39.717090824503472, 21.295314945685991, 0.0 ], [ 39.717089836873257, 21.295309661049782, 0.0 ], [ 39.717088973437214, 21.295304655912187, 0.0 ], [ 39.717094455976216, 21.295166777746708, 0.0 ], [ 39.71710423675119, 21.29492080459061, 0.0 ] ] ] ] } },
{ "type": "Feature", "properties": { "ID": "540", "ROAD NAME": "R7E6", "FILL-TOTAL": null, "CUT-TOTAL": null, "FILL-DONE": null, "CUT-DONE": null, "FILL-REMAN": null, "CUT-REMAN": null, "EQUPIMENTS": null, "CONTRACTOR": null, "STATUS": null }, "geometry": { "type": "MultiPolygon", "coordinates": [ [ [ [ 39.720018183474949, 21.290821272893218, 0.0 ], [ 39.719999528591643, 21.291290653264213, 0.0 ], [ 39.71998948362571, 21.29154339652224, 0.0 ], [ 39.719970828635581, 21.292012776823888, 0.0 ], [ 39.71993085849919, 21.29204754295591, 0.0 ], [ 39.720200604448145, 21.292056923071261, 0.0 ], [ 39.720163504266232, 21.292019476906233, 0.0 ], [ 39.720219467188997, 21.290611335864167, 0.0 ], [ 39.720237403891012, 21.290160008520942, 0.0 ], [ 39.718636682929407, 21.290104337775642, 0.0 ], [ 39.718599583640803, 21.290066891219233, 0.0 ], [ 39.718589536291312, 21.290319634535177, 0.0 ], [ 39.718629506298882, 21.290284868715712, 0.0 ], [ 39.719130457054412, 21.290302292686366, 0.0 ], [ 39.719400199799189, 21.29031167420149, 0.0 ], [ 39.719999021094061, 21.290332499340643, 0.0 ], [ 39.720036120797282, 21.290369945570884, 0.0 ], [ 39.720028228383342, 21.290568529597845, 0.0 ], [ 39.720018183474949, 21.290821272893218, 0.0 ] ] ] ] } },
{ "type": "Feature", "properties": { "ID": "530", "ROAD NAME": "R7E18", "FILL-TOTAL": null, "CUT-TOTAL": null, "FILL-DONE": null, "CUT-DONE": null, "FILL-REMAN": null, "CUT-REMAN": null, "EQUPIMENTS": null, "CONTRACTOR": null, "STATUS": null }, "geometry": { "type": "MultiPolygon", "coordinates": [ [ [ [ 39.716840958398414, 21.292807810982943, 0.0 ], [ 39.716339999193899, 21.292790380437779, 0.0 ], [ 39.716070251960815, 21.292780994136862, 0.0 ], [ 39.715148398319776, 21.292748913419146, 0.0 ], [ 39.714878651179895, 21.292739525192413, 0.0 ], [ 39.71437769226219, 21.292722088757564, 0.0 ], [ 39.714340593345625, 21.292684641264056, 0.0 ], [ 39.71440594827952, 21.291041810383085, 0.0 ], [ 39.714416002808669, 21.290789067121558, 0.0 ], [ 39.714434675451919, 21.290319686743981, 0.0 ], [ 39.714474646467835, 21.290284921884812, 0.0 ], [ 39.714204903845399, 21.290275532418867, 0.0 ], [ 39.714242002102999, 21.29031297998252, 0.0 ], [ 39.714139298327716, 21.292894571495818, 0.0 ], [ 39.716833779545361, 21.292988341818123, 0.0 ], [ 39.716870879156552, 21.29302578873331, 0.0 ], [ 39.716880929484795, 21.29277304556398, 0.0 ], [ 39.716840958398414, 21.292807810982943, 0.0 ] ] ] ] } },
{ "type": "Feature", "properties": { "ID": "551", "ROAD NAME": "R7E23", "FILL-TOTAL": null, "CUT-TOTAL": null, "FILL-DONE": null, "CUT-DONE": null, "FILL-REMAN": null, "CUT-REMAN": null, "EQUPIMENTS": null, "CONTRACTOR": null, "STATUS": null }, "geometry": { "type": "MultiPolygon", "coordinates": [ [ [ [ 39.71598552970503, 21.294911257551824, 0.0 ], [ 39.714292945560381, 21.294852352138552, 0.0 ], [ 39.714255846111676, 21.294814904660008, 0.0 ], [ 39.714274519354802, 21.29434552466957, 0.0 ], [ 39.714284574149033, 21.294092781579096, 0.0 ], [ 39.714303247284519, 21.293623401519209, 0.0 ], [ 39.714343219201389, 21.293588636685715, 0.0 ], [ 39.716035788843485, 21.293647542078691, 0.0 ], [ 39.71630553766191, 21.293656928381768, 0.0 ], [ 39.716806499809678, 21.293674358930801, 0.0 ], [ 39.716843599592245, 21.293711805841159, 0.0 ], [ 39.716853649975377, 21.293459062707296, 0.0 ], [ 39.716813678701911, 21.293493828120969, 0.0 ], [ 39.71411918824986, 21.293400057786059, 0.0 ], [ 39.714054548164306, 21.295024834793207, 0.0 ], [ 39.716749068300238, 21.295118605169272, 0.0 ], [ 39.71678616844369, 21.295156052069437, 0.0 ], [ 39.716796218942349, 21.294903309010326, 0.0 ], [ 39.716756247275029, 21.294938074412805, 0.0 ], [ 39.716255280834787, 21.294920643858003, 0.0 ], [ 39.71598552970503, 21.294911257551824, 0.0 ] ] ] ] } },
{ "type": "Feature", "properties": { "ID": "682", "ROAD NAME": "R7E19", "FILL-TOTAL": null, "CUT-TOTAL": null, "FILL-DONE": null, "CUT-DONE": null, "FILL-REMAN": null, "CUT-REMAN": null, "EQUPIMENTS": null, "CONTRACTOR": null, "STATUS": null }, "geometry": { "type": "MultiPolygon", "coordinates": [ [ [ [ 39.716946256125759, 21.291130214644394, 0.0 ], [ 39.716956306302428, 21.29087747137697, 0.0 ], [ 39.716916335732925, 21.290912236810595, 0.0 ], [ 39.714453101251728, 21.290826514628371, 0.0 ], [ 39.714416002808669, 21.290789067121558, 0.0 ], [ 39.71440594827952, 21.291041810383085, 0.0 ], [ 39.714445919492348, 21.291007045529529, 0.0 ], [ 39.71494687258545, 21.291024481956168, 0.0 ], [ 39.715216616588997, 21.291033870178541, 0.0 ], [ 39.716138459511086, 21.291065950881627, 0.0 ], [ 39.716408203608331, 21.291075337178388, 0.0 ], [ 39.716909156988145, 21.291092767715845, 0.0 ], [ 39.716946256125759, 21.291130214644394, 0.0 ] ] ] ] } },
{ "type": "Feature", "properties": { "ID": "606", "ROAD NAME": "R7C2", "FILL-TOTAL": null, "CUT-TOTAL": null, "FILL-DONE": null, "CUT-DONE": null, "FILL-REMAN": null, "CUT-REMAN": null, "EQUPIMENTS": null, "CONTRACTOR": null, "STATUS": null }, "geometry": { "type": "MultiPolygon", "coordinates": [ [ [ [ 39.718274799505878, 21.290471389111893, 0.0 ], [ 39.718290589041722, 21.290074221052617, 0.0 ], [ 39.718230633983012, 21.290126369660406, 0.0 ], [ 39.716585205742405, 21.290069124052984, 0.0 ], [ 39.716315463483042, 21.290059737979753, 0.0 ], [ 39.71581451362907, 21.29004230554445, 0.0 ], [ 39.715544771430302, 21.290032918225833, 0.0 ], [ 39.714480253317319, 21.289995867588942, 0.0 ], [ 39.714210511223555, 21.289986478114226, 0.0 ], [ 39.713214496096484, 21.289951803959088, 0.0 ], [ 39.71315884923844, 21.289895632247028, 0.0 ], [ 39.713143045886333, 21.290292800287617, 0.0 ], [ 39.713203002862684, 21.290240653443313, 0.0 ], [ 39.714204903845399, 21.290275532418867, 0.0 ], [ 39.714474646467828, 21.290284921884812, 0.0 ], [ 39.716899337216077, 21.290369303297744, 0.0 ], [ 39.717361753516151, 21.290385391794061, 0.0 ], [ 39.718219150570981, 21.290415219157925, 0.0 ], [ 39.718274799505878, 21.290471389111893, 0.0 ] ] ] ] } },
{ "type": "Feature", "properties": { "ID": "640", "ROAD NAME": "R7E7", "FILL-TOTAL": null, "CUT-TOTAL": null, "FILL-DONE": null, "CUT-DONE": null, "FILL-REMAN": null, "CUT-REMAN": null, "EQUPIMENTS": null, "CONTRACTOR": null, "STATUS": null }, "geometry": { "type": "MultiPolygon", "coordinates": [ [ [ [ 39.719313587423258, 21.291519891144134, 0.0 ], [ 39.71932363354729, 21.291267147887474, 0.0 ], [ 39.719342290581324, 21.290797767519017, 0.0 ], [ 39.719352336647802, 21.290545024224997, 0.0 ], [ 39.71936022997162, 21.290346440199102, 0.0 ], [ 39.719400199799189, 21.29031167420149, 0.0 ], [ 39.719130457054412, 21.290302292686366, 0.0 ], [ 39.719167556535325, 21.290339739116867, 0.0 ], [ 39.719102254700196, 21.291982570358211, 0.0 ], [ 39.719062284360916, 21.292017336289454, 0.0 ], [ 39.719332030241866, 21.292026717808518, 0.0 ], [ 39.719294930282302, 21.291989271443224, 0.0 ], [ 39.719313587423258, 21.291519891144134, 0.0 ] ] ] ] } },
{ "type": "Feature", "properties": { "ID": "716", "ROAD NAME": "R7C4", "FILL-TOTAL": null, "CUT-TOTAL": null, "FILL-DONE": null, "CUT-DONE": null, "FILL-REMAN": null, "CUT-REMAN": null, "EQUPIMENTS": null, "CONTRACTOR": null, "STATUS": null }, "geometry": { "type": "MultiPolygon", "coordinates": [ [ [ [ 39.717949861121788, 21.292991013576543, 0.0 ], [ 39.720353102818287, 21.29307459568712, 0.0 ], [ 39.720408753579456, 21.293130764840136, 0.0 ], [ 39.720424537416449, 21.292733596983386, 0.0 ], [ 39.720364582085644, 21.29278574633685, 0.0 ], [ 39.718571156066226, 21.292723376110633, 0.0 ], [ 39.718108732403408, 21.292707291208249, 0.0 ], [ 39.717251322026399, 21.292677463728563, 0.0 ], [ 39.717195672611432, 21.292621293475133, 0.0 ], [ 39.71717988007984, 21.2930184613212, 0.0 ], [ 39.717239836662081, 21.292966313071343, 0.0 ], [ 39.717949861121788, 21.292991013576543, 0.0 ] ] ] ] } },
{ "type": "Feature", "properties": { "ID": "554", "ROAD NAME": "R7E24", "FILL-TOTAL": null, "CUT-TOTAL": null, "FILL-DONE": null, "CUT-DONE": null, "FILL-REMAN": null, "CUT-REMAN": null, "EQUPIMENTS": null, "CONTRACTOR": null, "STATUS": null }, "geometry": { "type": "MultiPolygon", "coordinates": [ [ [ [ 39.715119198260773, 21.292512882178599, 0.0 ], [ 39.715129251585225, 21.292260138989977, 0.0 ], [ 39.715147921991154, 21.291790758747837, 0.0 ], [ 39.715157975257689, 21.291538015521848, 0.0 ], [ 39.715176645556127, 21.291068635210301, 0.0 ], [ 39.715216616588997, 21.291033870178541, 0.0 ], [ 39.71494687258545, 21.291024481956168, 0.0 ], [ 39.714983971220725, 21.291061929337065, 0.0 ], [ 39.71491862272461, 21.292704760227167, 0.0 ], [ 39.714878651179895, 21.292739525192413, 0.0 ], [ 39.715148398319776, 21.292748913419146, 0.0 ], [ 39.715111299205915, 21.29271146610332, 0.0 ], [ 39.715119198260773, 21.292512882178599, 0.0 ] ] ] ] } },
{ "type": "Feature", "properties": { "ID": "679", "ROAD NAME": "R7E20", "FILL-TOTAL": null, "CUT-TOTAL": null, "FILL-DONE": null, "CUT-DONE": null, "FILL-REMAN": null, "CUT-REMAN": null, "EQUPIMENTS": null, "CONTRACTOR": null, "STATUS": null }, "geometry": { "type": "MultiPolygon", "coordinates": [ [ [ [ 39.716302899774952, 21.29275293339666, 0.0 ], [ 39.71636823285376, 21.2911101024856, 0.0 ], [ 39.716408203608331, 21.291075337178388, 0.0 ], [ 39.716138459511086, 21.291065950881627, 0.0 ], [ 39.716175558451425, 21.291103397987872, 0.0 ], [ 39.716156891331579, 21.291572778303767, 0.0 ], [ 39.716146839776599, 21.291825521532076, 0.0 ], [ 39.716128172549411, 21.292294901778533, 0.0 ], [ 39.716118120937161, 21.29254764496952, 0.0 ], [ 39.716110223227219, 21.292746228896085, 0.0 ], [ 39.716070251960815, 21.292780994136862, 0.0 ], [ 39.716339999193899, 21.292790380437779, 0.0 ], [ 39.716302899774952, 21.29275293339666, 0.0 ] ] ] ] } },
{ "type": "Feature", "properties": { "ID": "604", "ROAD NAME": "R7E30", "FILL-TOTAL": null, "CUT-TOTAL": null, "FILL-DONE": null, "CUT-DONE": null, "FILL-REMAN": null, "CUT-REMAN": null, "EQUPIMENTS": null, "CONTRACTOR": null, "STATUS": null }, "geometry": { "type": "MultiPolygon", "coordinates": [ [ [ [ 39.717875223578503, 21.294940846386819, 0.0 ], [ 39.717893885302615, 21.294471466380671, 0.0 ], [ 39.717903933894469, 21.294218723281816, 0.0 ], [ 39.717922595511418, 21.293749343206308, 0.0 ], [ 39.717962566582926, 21.293714577535944, 0.0 ], [ 39.71769281763433, 21.293705193911016, 0.0 ], [ 39.71772991764383, 21.293742640617005, 0.0 ], [ 39.717682544154343, 21.294934143795498, 0.0 ], [ 39.717642572694054, 21.294968909402922, 0.0 ], [ 39.717912323953939, 21.294978293030837, 0.0 ], [ 39.717875223578503, 21.294940846386819, 0.0 ] ] ] ] } },
{ "type": "Feature", "properties": { "ID": "698", "ROAD NAME": "R7E29", "FILL-TOTAL": null, "CUT-TOTAL": null, "FILL-DONE": null, "CUT-DONE": null, "FILL-REMAN": null, "CUT-REMAN": null, "EQUPIMENTS": null, "CONTRACTOR": null, "STATUS": null }, "geometry": { "type": "MultiPolygon", "coordinates": [ [ [ [ 39.719070577888083, 21.294512394372887, 0.0 ], [ 39.719051919908971, 21.294981774383711, 0.0 ], [ 39.719011948768618, 21.295016540307749, 0.0 ], [ 39.719281700135909, 21.295025921722317, 0.0 ], [ 39.719244599409897, 21.294988475394074, 0.0 ], [ 39.719291960279826, 21.293796972199768, 0.0 ], [ 39.719331931031412, 21.293762206212815, 0.0 ], [ 39.719062181975481, 21.293752824801054, 0.0 ], [ 39.719099282335556, 21.293790271191323, 0.0 ], [ 39.719080624463416, 21.294259651271464, 0.0 ], [ 39.719070577888083, 21.294512394372887, 0.0 ] ] ] ] } },
{ "type": "Feature", "properties": { "ID": "659", "ROAD NAME": "R7E27", "FILL-TOTAL": null, "CUT-TOTAL": null, "FILL-DONE": null, "CUT-DONE": null, "FILL-REMAN": null, "CUT-REMAN": null, "EQUPIMENTS": null, "CONTRACTOR": null, "STATUS": null }, "geometry": { "type": "MultiPolygon", "coordinates": [ [ [ [ 39.717962566582912, 21.293714577535958, 0.0 ], [ 39.719062181975481, 21.293752824801054, 0.0 ], [ 39.719331931031427, 21.293762206212815, 0.0 ], [ 39.719832893619945, 21.293779627677978, 0.0 ], [ 39.720102642736208, 21.293789007844083, 0.0 ], [ 39.720321772892405, 21.293796627481846, 0.0 ], [ 39.720328947481882, 21.293616096666675, 0.0 ], [ 39.717199033777987, 21.293507235211823, 0.0 ], [ 39.717161933960746, 21.293469788379909, 0.0 ], [ 39.717151884105888, 21.293722531514469, 0.0 ], [ 39.717191855357413, 21.293687766022291, 0.0 ], [ 39.71769281763433, 21.293705193911016, 0.0 ], [ 39.717962566582912, 21.293714577535958, 0.0 ] ] ] ] } },
{ "type": "Feature", "properties": { "ID": "577", "ROAD NAME": "R7E31", "FILL-TOTAL": null, "CUT-TOTAL": null, "FILL-DONE": null, "CUT-DONE": null, "FILL-REMAN": null, "CUT-REMAN": null, "EQUPIMENTS": null, "CONTRACTOR": null, "STATUS": null }, "geometry": { "type": "MultiPolygon", "coordinates": [ [ [ [ 39.71793385657103, 21.294436700715906, 0.0 ], [ 39.719033477347566, 21.294474947987737, 0.0 ], [ 39.719070577888083, 21.294512394372887, 0.0 ], [ 39.719080624463416, 21.294259651271464, 0.0 ], [ 39.719040653519976, 21.294294417201066, 0.0 ], [ 39.717941034089456, 21.294256169930915, 0.0 ], [ 39.717903933894469, 21.294218723281816, 0.0 ], [ 39.717893885302615, 21.294471466380671, 0.0 ], [ 39.71793385657103, 21.294436700715906, 0.0 ] ] ] ] } },
{ "type": "Feature", "properties": { "ID": "572", "ROAD NAME": "R7E25", "FILL-TOTAL": null, "CUT-TOTAL": null, "FILL-DONE": null, "CUT-DONE": null, "FILL-REMAN": null, "CUT-REMAN": null, "EQUPIMENTS": null, "CONTRACTOR": null, "STATUS": null }, "geometry": { "type": "MultiPolygon", "coordinates": [ [ [ [ 39.716044169163425, 21.294407112329214, 0.0 ], [ 39.71602550155238, 21.294876492327532, 0.0 ], [ 39.71598552970503, 21.294911257551824, 0.0 ], [ 39.716255280834787, 21.294920643858003, 0.0 ], [ 39.716218180883608, 21.294883196831901, 0.0 ], [ 39.716265566203347, 21.293691693669007, 0.0 ], [ 39.716305537661903, 21.293656928381768, 0.0 ], [ 39.716035788843485, 21.293647542078691, 0.0 ], [ 39.716072888428727, 21.29368498916676, 0.0 ], [ 39.716054220925088, 21.294154369234491, 0.0 ], [ 39.716044169163425, 21.294407112329214, 0.0 ] ] ] ] } },
{ "type": "Feature", "properties": { "ID": "648", "ROAD NAME": "R7E26", "FILL-TOTAL": null, "CUT-TOTAL": null, "FILL-DONE": null, "CUT-DONE": null, "FILL-REMAN": null, "CUT-REMAN": null, "EQUPIMENTS": null, "CONTRACTOR": null, "STATUS": null }, "geometry": { "type": "MultiPolygon", "coordinates": [ [ [ [ 39.716014249274664, 21.294189134464357, 0.0 ], [ 39.714321673417338, 21.294130229062695, 0.0 ], [ 39.714284574149033, 21.294092781579096, 0.0 ], [ 39.714274519354802, 21.29434552466957, 0.0 ], [ 39.714314491468613, 21.294310759841679, 0.0 ], [ 39.716007069397747, 21.29436966524624, 0.0 ], [ 39.716044169163432, 21.294407112329214, 0.0 ], [ 39.716054220925088, 21.294154369234491, 0.0 ], [ 39.716014249274664, 21.294189134464357, 0.0 ] ] ] ] } },
{ "type": "Feature", "properties": { "ID": "707", "ROAD NAME": "R7E21", "FILL-TOTAL": null, "CUT-TOTAL": null, "FILL-DONE": null, "CUT-DONE": null, "FILL-REMAN": null, "CUT-REMAN": null, "EQUPIMENTS": null, "CONTRACTOR": null, "STATUS": null }, "geometry": { "type": "MultiPolygon", "coordinates": [ [ [ [ 39.716118120937161, 21.29254764496952, 0.0 ], [ 39.716128172549411, 21.292294901778533, 0.0 ], [ 39.716088201406087, 21.292329667022802, 0.0 ], [ 39.71516635058633, 21.292297586308976, 0.0 ], [ 39.715129251585225, 21.292260138989977, 0.0 ], [ 39.715119198260773, 21.292512882178599, 0.0 ], [ 39.715159169687453, 21.292478117158069, 0.0 ], [ 39.716081021636029, 21.292510197873462, 0.0 ], [ 39.716118120937161, 21.29254764496952, 0.0 ] ] ] ] } },
{ "type": "Feature", "properties": { "ID": "701", "ROAD NAME": "R7E5", "FILL-TOTAL": null, "CUT-TOTAL": null, "FILL-DONE": null, "CUT-DONE": null, "FILL-REMAN": null, "CUT-REMAN": null, "EQUPIMENTS": null, "CONTRACTOR": null, "STATUS": null }, "geometry": { "type": "MultiPolygon", "coordinates": [ [ [ [ 39.720380991829764, 21.29224397594237, 0.0 ], [ 39.720388166333976, 21.29206344506985, 0.0 ], [ 39.720200604448145, 21.292056923071261, 0.0 ], [ 39.719930858499175, 21.29204754295591, 0.0 ], [ 39.719332030241866, 21.292026717808518, 0.0 ], [ 39.719062284360916, 21.292017336289454, 0.0 ], [ 39.718561327780897, 21.291999912311713, 0.0 ], [ 39.718524228018616, 21.291962465768709, 0.0 ], [ 39.718514180516387, 21.292215208986381, 0.0 ], [ 39.718554151040763, 21.292180443181529, 0.0 ], [ 39.720380991829764, 21.29224397594237, 0.0 ] ] ] ] } },
{ "type": "Feature", "properties": { "ID": "574", "ROAD NAME": "R7E8", "FILL-TOTAL": null, "CUT-TOTAL": null, "FILL-DONE": null, "CUT-DONE": null, "FILL-REMAN": null, "CUT-REMAN": null, "EQUPIMENTS": null, "CONTRACTOR": null, "STATUS": null }, "geometry": { "type": "MultiPolygon", "coordinates": [ [ [ [ 39.719353557570756, 21.291485125155543, 0.0 ], [ 39.719952383629291, 21.291505950300309, 0.0 ], [ 39.71998948362571, 21.29154339652224, 0.0 ], [ 39.719999528591643, 21.291290653264213, 0.0 ], [ 39.719959558652121, 21.291325419401797, 0.0 ], [ 39.719360733326432, 21.291304594257884, 0.0 ], [ 39.71932363354729, 21.291267147887481, 0.0 ], [ 39.719313587423258, 21.291519891144134, 0.0 ], [ 39.719353557570756, 21.291485125155543, 0.0 ] ] ] ] } },
{ "type": "Feature", "properties": { "ID": "623", "ROAD NAME": "R7E9", "FILL-TOTAL": null, "CUT-TOTAL": null, "FILL-DONE": null, "CUT-DONE": null, "FILL-REMAN": null, "CUT-REMAN": null, "EQUPIMENTS": null, "CONTRACTOR": null, "STATUS": null }, "geometry": { "type": "MultiPolygon", "coordinates": [ [ [ [ 39.720018183474949, 21.290821272893218, 0.0 ], [ 39.720028228383342, 21.290568529597845, 0.0 ], [ 39.719988258640697, 21.290603295740965, 0.0 ], [ 39.719389436246523, 21.290582470600516, 0.0 ], [ 39.719352336647802, 21.290545024224997, 0.0 ], [ 39.719342290581324, 21.290797767519017, 0.0 ], [ 39.71938226053193, 21.290763001524866, 0.0 ], [ 39.719981083658951, 21.290783826666175, 0.0 ], [ 39.720018183474949, 21.290821272893218, 0.0 ] ] ] ] } },
{ "type": "Feature", "properties": { "ID": "634", "ROAD NAME": "R7C1", "FILL-TOTAL": null, "CUT-TOTAL": null, "FILL-DONE": null, "CUT-DONE": null, "FILL-REMAN": null, "CUT-REMAN": null, "EQUPIMENTS": null, "CONTRACTOR": null, "STATUS": null }, "geometry": { "type": "MultiPolygon", "coordinates": [ [ [ [ 39.718524228018616, 21.291962465768709, 0.0 ], [ 39.718589536291312, 21.290319634535177, 0.0 ], [ 39.718599583640803, 21.290066891219222, 0.0 ], [ 39.718616807625594, 21.28963361693356, 0.0 ], [ 39.718626854921482, 21.289380873582271, 0.0 ], [ 39.718674220474888, 21.288189369035837, 0.0 ], [ 39.718684267655881, 21.287936625609824, 0.0 ], [ 39.718702209000384, 21.287485298030838, 0.0 ], [ 39.718762162845735, 21.287433149265382, 0.0 ], [ 39.718338289687672, 21.287418404790124, 0.0 ], [ 39.718393937499641, 21.287474574775889, 0.0 ], [ 39.71831857945979, 21.289370150322611, 0.0 ], [ 39.718308531635415, 21.289622893673251, 0.0 ], [ 39.718290589041722, 21.290074221052617, 0.0 ], [ 39.718274799505878, 21.290471389111893, 0.0 ], [ 39.718188673889003, 21.292637759775353, 0.0 ], [ 39.718108732403394, 21.292707291208245, 0.0 ], [ 39.718571156066226, 21.292723376110633, 0.0 ], [ 39.718496956179948, 21.292648483043454, 0.0 ], [ 39.718514180516387, 21.292215208986381, 0.0 ], [ 39.718524228018616, 21.291962465768709, 0.0 ] ] ] ] } },
{ "type": "Feature", "properties": { "ID": "592", "ROAD NAME": "R7E13", "FILL-TOTAL": null, "CUT-TOTAL": null, "FILL-DONE": null, "CUT-DONE": null, "FILL-REMAN": null, "CUT-REMAN": null, "EQUPIMENTS": null, "CONTRACTOR": null, "STATUS": null }, "geometry": { "type": "MultiPolygon", "coordinates": [ [ [ [ 39.717566553569462, 21.288873959143, 0.0 ], [ 39.717576602656557, 21.288621215756617, 0.0 ], [ 39.717536632830935, 21.288655981330312, 0.0 ], [ 39.716642638515005, 21.28862487632955, 0.0 ], [ 39.716605540102776, 21.288587429290569, 0.0 ], [ 39.716595489352088, 21.288840172674828, 0.0 ], [ 39.716635459454537, 21.28880540731836, 0.0 ], [ 39.71752945486444, 21.288836512320536, 0.0 ], [ 39.717566553569462, 21.288873959143, 0.0 ] ] ] ] } },
{ "type": "Feature", "properties": { "ID": "692", "ROAD NAME": "R7E11", "FILL-TOTAL": null, "CUT-TOTAL": null, "FILL-DONE": null, "CUT-DONE": null, "FILL-REMAN": null, "CUT-REMAN": null, "EQUPIMENTS": null, "CONTRACTOR": null, "STATUS": null }, "geometry": { "type": "MultiPolygon", "coordinates": [ [ [ [ 39.718308531635415, 21.289622893673251, 0.0 ], [ 39.71831857945979, 21.289370150322611, 0.0 ], [ 39.718278609617307, 21.289404916068879, 0.0 ], [ 39.717777661933447, 21.289387489442035, 0.0 ], [ 39.717507920903152, 21.289378105251039, 0.0 ], [ 39.716613922211216, 21.289347000244668, 0.0 ], [ 39.71657682361861, 21.289309553210806, 0.0 ], [ 39.716566772810168, 21.289562296557641, 0.0 ], [ 39.716606743109487, 21.289527531206765, 0.0 ], [ 39.718271432552726, 21.289585447033566, 0.0 ], [ 39.718308531635415, 21.289622893673251, 0.0 ] ] ] ] } },
{ "type": "Feature", "properties": { "ID": "573", "ROAD NAME": "R7E17", "FILL-TOTAL": null, "CUT-TOTAL": null, "FILL-DONE": null, "CUT-DONE": null, "FILL-REMAN": null, "CUT-REMAN": null, "EQUPIMENTS": null, "CONTRACTOR": null, "STATUS": null }, "geometry": { "type": "MultiPolygon", "coordinates": [ [ [ [ 39.716358827281198, 21.2889693309907, 0.0 ], [ 39.715857881129963, 21.288951898560391, 0.0 ], [ 39.715820782826611, 21.288914451346262, 0.0 ], [ 39.715810730727277, 21.289167194710416, 0.0 ], [ 39.715850701106156, 21.289132429534838, 0.0 ], [ 39.716351647870425, 21.289149861965978, 0.0 ], [ 39.716388746365986, 21.289187309054213, 0.0 ], [ 39.716398797475044, 21.288934565688756, 0.0 ], [ 39.716358827281198, 21.2889693309907, 0.0 ] ] ] ] } },
{ "type": "Feature", "properties": { "ID": "723", "ROAD NAME": "R7E16", "FILL-TOTAL": null, "CUT-TOTAL": null, "FILL-DONE": null, "CUT-DONE": null, "FILL-REMAN": null, "CUT-REMAN": null, "EQUPIMENTS": null, "CONTRACTOR": null, "STATUS": null }, "geometry": { "type": "MultiPolygon", "coordinates": [ [ [ [ 39.715632132264872, 21.28880664877148, 0.0 ], [ 39.715642184665974, 21.288553905389396, 0.0 ], [ 39.715602214388639, 21.288588670515946, 0.0 ], [ 39.714537706697186, 21.288551619893415, 0.0 ], [ 39.714500608823755, 21.288514172369247, 0.0 ], [ 39.714490554466934, 21.288766915748653, 0.0 ], [ 39.714530525060866, 21.288732150878808, 0.0 ], [ 39.715595034054964, 21.288769201503083, 0.0 ], [ 39.715632132264872, 21.28880664877148, 0.0 ] ] ] ] } },
{ "type": "Feature", "properties": { "ID": "656", "ROAD NAME": "R7E15", "FILL-TOTAL": null, "CUT-TOTAL": null, "FILL-DONE": null, "CUT-DONE": null, "FILL-REMAN": null, "CUT-REMAN": null, "EQUPIMENTS": null, "CONTRACTOR": null, "STATUS": null }, "geometry": { "type": "MultiPolygon", "coordinates": [ [ [ [ 39.715603411007386, 21.289528772648023, 0.0 ], [ 39.715613463466305, 21.289276029303405, 0.0 ], [ 39.715573492992078, 21.289310794424338, 0.0 ], [ 39.714508980089981, 21.289273743794681, 0.0 ], [ 39.714471882036207, 21.2892362962756, 0.0 ], [ 39.714461827621484, 21.289489039617521, 0.0 ], [ 39.714501798412321, 21.289454274753268, 0.0 ], [ 39.715566312617135, 21.289491325384731, 0.0 ], [ 39.715603411007386, 21.289528772648023, 0.0 ] ] ] ] } },
{ "type": "Feature", "properties": { "ID": "624", "ROAD NAME": "R7E14", "FILL-TOTAL": null, "CUT-TOTAL": null, "FILL-DONE": null, "CUT-DONE": null, "FILL-REMAN": null, "CUT-REMAN": null, "EQUPIMENTS": null, "CONTRACTOR": null, "STATUS": null }, "geometry": { "type": "MultiPolygon", "coordinates": [ [ [ [ 39.714471882036207, 21.2892362962756, 0.0 ], [ 39.714490554466934, 21.288766915748653, 0.0 ], [ 39.714500608823755, 21.288514172369247, 0.0 ], [ 39.714519281146949, 21.288044791772808, 0.0 ], [ 39.714559251544024, 21.288010026897332, 0.0 ], [ 39.715623755327613, 21.288047077514523, 0.0 ], [ 39.715660853357157, 21.288084524788012, 0.0 ], [ 39.715642184665974, 21.288553905389396, 0.0 ], [ 39.715632132264872, 21.28880664877148, 0.0 ], [ 39.715613463466305, 21.289276029303405, 0.0 ], [ 39.715603411007386, 21.289528772648023, 0.0 ], [ 39.715584742101406, 21.289998153110492, 0.0 ], [ 39.715544771430302, 21.290032918225826, 0.0 ], [ 39.71581451362907, 21.29004230554445, 0.0 ], [ 39.715777415053367, 21.290004858338023, 0.0 ], [ 39.715810730727277, 21.289167194710402, 0.0 ], [ 39.715820782826626, 21.288914451346255, 0.0 ], [ 39.71586213982247, 21.287874592795685, 0.0 ], [ 39.714335229023838, 21.287821447795302, 0.0 ], [ 39.714250482206225, 21.289951713307335, 0.0 ], [ 39.714210511223555, 21.289986478114226, 0.0 ], [ 39.714480253317319, 21.289995867588942, 0.0 ], [ 39.714443155083202, 21.289958420074939, 0.0 ], [ 39.714461827621484, 21.289489039617521, 0.0 ], [ 39.714471882036207, 21.2892362962756, 0.0 ] ] ] ] } },
{ "type": "Feature", "properties": { "ID": "524", "ROAD NAME": "R0B10-2", "FILL-TOTAL": null, "CUT-TOTAL": null, "FILL-DONE": null, "CUT-DONE": null, "FILL-REMAN": null, "CUT-REMAN": null, "EQUPIMENTS": null, "CONTRACTOR": null, "STATUS": null }, "geometry": { "type": "MultiPolygon", "coordinates": [ [ [ [ 39.712677933037199, 21.290392137713951, 0.0 ], [ 39.713199573190572, 21.290412418740345, 0.0 ], [ 39.713193019885161, 21.290409466225608, 0.0 ], [ 39.713185569440334, 21.290405368856849, 0.0 ], [ 39.713177436793615, 21.290399839277413, 0.0 ], [ 39.713166006441327, 21.290389620453489, 0.0 ], [ 39.713156449150368, 21.290377696938137, 0.0 ], [ 39.713149896057693, 21.290366160304458, 0.0 ], [ 39.713147107569647, 21.290359569499497, 0.0 ], [ 39.713143389153807, 21.290346692744468, 0.0 ], [ 39.713142133135079, 21.290338651806767, 0.0 ], [ 39.713141649396434, 21.290330016476535, 0.0 ], [ 39.713141715326508, 21.290326239706189, 0.0 ], [ 39.713143045886333, 21.290292800287617, 0.0 ], [ 39.71323619667875, 21.287951726568309, 0.0 ], [ 39.713295231211369, 21.287680288793695, 0.0 ], [ 39.713298465275471, 21.28763942986966, 0.0 ], [ 39.713317882561149, 21.287547356555216, 0.0 ], [ 39.713341136263132, 21.287485427893124, 0.0 ], [ 39.713366176110782, 21.287436361956193, 0.0 ], [ 39.713401817419033, 21.287382135678001, 0.0 ], [ 39.713434657337565, 21.28734203522221, 0.0 ], [ 39.713493107438609, 21.287304751429829, 0.0 ], [ 39.71360807799082, 21.287264634717967, 0.0 ], [ 39.71368736569007, 21.287256880634807, 0.0 ], [ 39.712371026707075, 21.287210718462795, 0.0 ], [ 39.712382079019569, 21.287212161864836, 0.0 ], [ 39.712402157388077, 21.287214349525847, 0.0 ], [ 39.712422211902499, 21.287217185796088, 0.0 ], [ 39.712444553725142, 21.287221124454803, 0.0 ], [ 39.712464205900552, 21.287225281287121, 0.0 ], [ 39.712490987193561, 21.287232017948156, 0.0 ], [ 39.712504050964064, 21.287235765232012, 0.0 ], [ 39.712527074177181, 21.287243130658457, 0.0 ], [ 39.712544878499486, 21.287249514939745, 0.0 ], [ 39.712567838250621, 21.287258674183509, 0.0 ], [ 39.712587710924403, 21.287267485302937, 0.0 ], [ 39.712603127900294, 21.287274914895189, 0.0 ], [ 39.712622158041349, 21.287284840305659, 0.0 ], [ 39.712634711919044, 21.287291867852861, 0.0 ], [ 39.712646842081647, 21.287299039442889, 0.0 ], [ 39.712661692393695, 21.287308355466962, 0.0 ], [ 39.712675465491429, 21.287317553426938, 0.0 ], [ 39.712706497681623, 21.287340431271019, 0.0 ], [ 39.712720498508958, 21.287357432535266, 0.0 ], [ 39.712734591671385, 21.287376837672749, 0.0 ], [ 39.712746875449312, 21.28739619457853, 0.0 ], [ 39.712758493828467, 21.287417366587192, 0.0 ], [ 39.712770104879695, 21.287442618281037, 0.0 ], [ 39.712778843122244, 21.287465952842524, 0.0 ], [ 39.712788807974256, 21.287501687704555, 0.0 ], [ 39.712795459105465, 21.287542433856729, 0.0 ], [ 39.712797989949664, 21.287600664513182, 0.0 ], [ 39.712813905899736, 21.287734108167466, 0.0 ], [ 39.712833238293591, 21.287896195838847, 0.0 ], [ 39.71275423641071, 21.289881544663558, 0.0 ], [ 39.712738431969285, 21.290278712702559, 0.0 ], [ 39.712737766643556, 21.290295432411831, 0.0 ], [ 39.712736386580339, 21.290320266110538, 0.0 ], [ 39.712729697467424, 21.290343652593791, 0.0 ], [ 39.712718318803212, 21.290362442408124, 0.0 ], [ 39.712701157111098, 21.290379197460627, 0.0 ], [ 39.712677933037199, 21.290392137713951, 0.0 ] ] ] ] } },
{ "type": "Feature", "properties": { "ID": "537", "ROAD NAME": "R0B15", "FILL-TOTAL": null, "CUT-TOTAL": null, "FILL-DONE": null, "CUT-DONE": null, "FILL-REMAN": null, "CUT-REMAN": null, "EQUPIMENTS": null, "CONTRACTOR": null, "STATUS": null }, "geometry": { "type": "MultiPolygon", "coordinates": [ [ [ [ 39.706031617657864, 21.288343816970563, 0.0 ], [ 39.706009668392362, 21.287717618011627, 0.0 ], [ 39.706036494193491, 21.287044250315432, 0.0 ], [ 39.706096452473901, 21.286992105942119, 0.0 ], [ 39.705576246442476, 21.286973970833042, 0.0 ], [ 39.70563188935386, 21.287030145230371, 0.0 ], [ 39.705605065464667, 21.28770341858672, 0.0 ], [ 39.705536160660223, 21.288282717393852, 0.0 ], [ 39.705535488106193, 21.288288045504196, 0.0 ], [ 39.705534739027627, 21.288293364652763, 0.0 ], [ 39.705533913560423, 21.288298673874642, 0.0 ], [ 39.705533011854307, 21.288303972206698, 0.0 ], [ 39.705532034072831, 21.288309258687818, 0.0 ], [ 39.705530980393384, 21.288314532358999, 0.0 ], [ 39.705529851007107, 21.288319792263582, 0.0 ], [ 39.705528646118843, 21.288325037447379, 0.0 ], [ 39.705527365947169, 21.288330266958894, 0.0 ], [ 39.705526010724284, 21.288335479849476, 0.0 ], [ 39.70552458069605, 21.288340675173483, 0.0 ], [ 39.705523076121864, 21.288345851988467, 0.0 ], [ 39.70552149727466, 21.288351009355313, 0.0 ], [ 39.705519844440822, 21.288356146338458, 0.0 ], [ 39.705518117920192, 21.288361262006045, 0.0 ], [ 39.705516318025964, 21.288366355430036, 0.0 ], [ 39.705514445084617, 21.288371425686488, 0.0 ], [ 39.705512499435926, 21.288376471855631, 0.0 ], [ 39.705510481432825, 21.288381493022055, 0.0 ], [ 39.705508391441384, 21.288386488274881, 0.0 ], [ 39.705506229840708, 21.288391456707984, 0.0 ], [ 39.705503997022966, 21.288396397420058, 0.0 ], [ 39.705501693393131, 21.288401309514807, 0.0 ], [ 39.705499319369153, 21.288406192101188, 0.0 ], [ 39.70549687538162, 21.288411044293454, 0.0 ], [ 39.705494361873924, 21.288415865211388, 0.0 ], [ 39.705491779301987, 21.288420653980474, 0.0 ], [ 39.705489128134303, 21.28842540973201, 0.0 ], [ 39.705486408851819, 21.288430131603256, 0.0 ], [ 39.705483621947799, 21.288434818737656, 0.0 ], [ 39.70548076792781, 21.288439470284917, 0.0 ], [ 39.70547784730956, 21.288444085401267, 0.0 ], [ 39.705474860622864, 21.288448663249465, 0.0 ], [ 39.705471808409527, 21.288453202999086, 0.0 ], [ 39.70546869122321, 21.288457703826587, 0.0 ], [ 39.705465509629413, 21.288462164915533, 0.0 ], [ 39.705462264205245, 21.288466585456579, 0.0 ], [ 39.705458955539456, 21.288470964647889, 0.0 ], [ 39.705455584232254, 21.28847530169503, 0.0 ], [ 39.705452150895205, 21.288479595811239, 0.0 ], [ 39.70544865615112, 21.288483846217545, 0.0 ], [ 39.705445100633973, 21.288488052142899, 0.0 ], [ 39.705441484988725, 21.288492212824323, 0.0 ], [ 39.705437809871292, 21.288496327507062, 0.0 ], [ 39.705434075948325, 21.288500395444682, 0.0 ], [ 39.705430283897201, 21.288504415899226, 0.0 ], [ 39.705426434405801, 21.288508388141384, 0.0 ], [ 39.70542252817242, 21.288512311450564, 0.0 ], [ 39.705418565905688, 21.288516185115046, 0.0 ], [ 39.705414548324399, 21.288520008432144, 0.0 ], [ 39.705410476157304, 21.288523780708264, 0.0 ], [ 39.705406350143143, 21.288527501259118, 0.0 ], [ 39.705402171030386, 21.288531169409783, 0.0 ], [ 39.705397939577153, 21.288534784494814, 0.0 ], [ 39.705393656551024, 21.288538345858434, 0.0 ], [ 39.705389322728969, 21.288541852854575, 0.0 ], [ 39.705384938897183, 21.288545304847066, 0.0 ], [ 39.705380505850897, 21.288548701209702, 0.0 ], [ 39.705376024394269, 21.288552041326344, 0.0 ], [ 39.705371495340287, 21.288555324591087, 0.0 ], [ 39.705366919510531, 21.288558550408318, 0.0 ], [ 39.705362297735064, 21.288561718192884, 0.0 ], [ 39.705357630852305, 21.288564827370099, 0.0 ], [ 39.705352919708865, 21.288567877375979, 0.0 ], [ 39.705348165159336, 21.288570867657196, 0.0 ], [ 39.705343368066252, 21.288573797671315, 0.0 ], [ 39.705338529299816, 21.288576666886822, 0.0 ], [ 39.705333649737788, 21.288579474783212, 0.0 ], [ 39.705328730265379, 21.288582220851143, 0.0 ], [ 39.705323771774964, 21.288584904592419, 0.0 ], [ 39.705318775166063, 21.288587525520249, 0.0 ], [ 39.705313741345087, 21.288590083159118, 0.0 ], [ 39.70530867122519, 21.288592577045101, 0.0 ], [ 39.705303565726112, 21.288595006725799, 0.0 ], [ 39.705298425774032, 21.288597371760442, 0.0 ], [ 39.705293252301367, 21.288599671719986, 0.0 ], [ 39.705288046246586, 21.288601906187203, 0.0 ], [ 39.705282808554131, 21.288604074756783, 0.0 ], [ 39.705277540174094, 21.288606177035302, 0.0 ], [ 39.705272242062243, 21.288608212641417, 0.0 ], [ 39.705266915179664, 21.288610181205829, 0.0 ], [ 39.705261560492666, 21.288612082371454, 0.0 ], [ 39.705256178972633, 21.288613915793398, 0.0 ], [ 39.705250771595814, 21.288615681139074, 0.0 ], [ 39.705245339343108, 21.288617378088244, 0.0 ], [ 39.705239883199965, 21.288619006333057, 0.0 ], [ 39.705234404156165, 21.28862056557815, 0.0 ], [ 39.705228903205629, 21.288622055540667, 0.0 ], [ 39.705223381346279, 21.288623475950331, 0.0 ], [ 39.705217839579795, 21.288624826549441, 0.0 ], [ 39.705212278911489, 21.288626107092998, 0.0 ], [ 39.705206700350097, 21.28862731734872, 0.0 ], [ 39.705201104907587, 21.288628457097069, 0.0 ], [ 39.705195493599028, 21.288629526131267, 0.0 ], [ 39.705189867442314, 21.288630524257371, 0.0 ], [ 39.705184227458091, 21.288631451294346, 0.0 ], [ 39.705178574669461, 21.288632307074018, 0.0 ], [ 39.705172910101886, 21.288633091441124, 0.0 ], [ 39.705167234782941, 21.288633804253383, 0.0 ], [ 39.705161549742158, 21.288634445381511, 0.0 ], [ 39.705155856010855, 21.288635014709154, 0.0 ], [ 39.705150154621904, 21.288635512133084, 0.0 ], [ 39.705144446609545, 21.288635937563029, 0.0 ], [ 39.705138733009264, 21.288636290921836, 0.0 ], [ 39.705133014857545, 21.2886365721454, 0.0 ], [ 39.705127293191666, 21.288636781182689, 0.0 ], [ 39.705121569049588, 21.288636917995788, 0.0 ], [ 39.70511584346972, 21.28863698255989, 0.0 ], [ 39.705110117490698, 21.288636974863273, 0.0 ], [ 39.705106961155224, 21.288636939723041, 0.0 ], [ 39.706360399499999, 21.288718732775997, 0.0 ], [ 39.706354830633202, 21.288717485181259, 0.0 ], [ 39.706349280213978, 21.288716167420418, 0.0 ], [ 39.7063437492492, 21.288714779732505, 0.0 ], [ 39.706338238742191, 21.288713322369286, 0.0 ], [ 39.706332749692599, 21.288711795595106, 0.0 ], [ 39.706327283096179, 21.288710199686928, 0.0 ], [ 39.706321839944593, 21.288708534934283, 0.0 ], [ 39.706316421225239, 21.288706801639147, 0.0 ], [ 39.706311027921117, 21.28870500011595, 0.0 ], [ 39.706305661010603, 21.288703130691506, 0.0 ], [ 39.706300321467261, 21.28870119370492, 0.0 ], [ 39.706295010259751, 21.288699189507607, 0.0 ], [ 39.706289728351514, 21.288697118463094, 0.0 ], [ 39.706284476700723, 21.288694980947096, 0.0 ], [ 39.706279256260054, 21.288692777347389, 0.0 ], [ 39.706274067976537, 21.288690508063688, 0.0 ], [ 39.706268912791337, 21.288688173507683, 0.0 ], [ 39.706263791639621, 21.288685774102838, 0.0 ], [ 39.706258705450423, 21.288683310284448, 0.0 ], [ 39.706253655146377, 21.288680782499448, 0.0 ], [ 39.706248641643626, 21.288678191206387, 0.0 ], [ 39.706243665851666, 21.288675536875356, 0.0 ], [ 39.706238728673114, 21.288672819987852, 0.0 ], [ 39.706233831003594, 21.28867004103671, 0.0 ], [ 39.706228973731584, 21.288667200526096, 0.0 ], [ 39.706224157738191, 21.288664298971245, 0.0 ], [ 39.706219383897079, 21.288661336898546, 0.0 ], [ 39.706214653074248, 21.288658314845318, 0.0 ], [ 39.706209966127865, 21.288655233359794, 0.0 ], [ 39.7062053239082, 21.288652093000934, 0.0 ], [ 39.706200727257333, 21.288648894338454, 0.0 ], [ 39.706196177009147, 21.288645637952587, 0.0 ], [ 39.706191673989046, 21.288642324434058, 0.0 ], [ 39.706187219013934, 21.288638954383959, 0.0 ], [ 39.706182812891946, 21.288635528413636, 0.0 ], [ 39.706178456422379, 21.288632047144585, 0.0 ], [ 39.706174150395483, 21.288628511208291, 0.0 ], [ 39.706169895592424, 21.288624921246235, 0.0 ], [ 39.706165692785028, 21.28862127790962, 0.0 ], [ 39.7061615427357, 21.288617581859384, 0.0 ], [ 39.706157446197288, 21.288613833766, 0.0 ], [ 39.706153403912907, 21.288610034309407, 0.0 ], [ 39.706149416615837, 21.288606184178814, 0.0 ], [ 39.706145485029403, 21.288602284072674, 0.0 ], [ 39.706141609866798, 21.288598334698491, 0.0 ], [ 39.706137791831019, 21.288594336772682, 0.0 ], [ 39.706134031614624, 21.28859029102049, 0.0 ], [ 39.706130329899779, 21.288586198175857, 0.0 ], [ 39.706126687357958, 21.288582058981223, 0.0 ], [ 39.706123104649926, 21.288577874187457, 0.0 ], [ 39.706119582425615, 21.288573644553718, 0.0 ], [ 39.70611612132398, 21.288569370847274, 0.0 ], [ 39.706112721972843, 21.288565053843385, 0.0 ], [ 39.706109384988878, 21.288560694325191, 0.0 ], [ 39.706106110977437, 21.28855629308352, 0.0 ], [ 39.706102900532407, 21.288551850916775, 0.0 ], [ 39.706099754236149, 21.288547368630812, 0.0 ], [ 39.706096672659477, 21.288542847038691, 0.0 ], [ 39.706093656361389, 21.28853828696068, 0.0 ], [ 39.70609070588899, 21.288533689224003, 0.0 ], [ 39.706087821777558, 21.288529054662682, 0.0 ], [ 39.706085004550246, 21.28852438411748, 0.0 ], [ 39.706082254718133, 21.288519678435655, 0.0 ], [ 39.706079572780027, 21.288514938470811, 0.0 ], [ 39.706076959222429, 21.288510165082823, 0.0 ], [ 39.70607441451947, 21.288505359137574, 0.0 ], [ 39.706071939132748, 21.288500521506936, 0.0 ], [ 39.706069533511304, 21.288495653068441, 0.0 ], [ 39.706067198091525, 21.288490754705258, 0.0 ], [ 39.706064933297043, 21.288485827305951, 0.0 ], [ 39.706062739538723, 21.288480871764389, 0.0 ], [ 39.706060617214497, 21.288475888979523, 0.0 ], [ 39.706058566709352, 21.288470879855289, 0.0 ], [ 39.706056588395278, 21.288465845300298, 0.0 ], [ 39.706054682631112, 21.288460786227894, 0.0 ], [ 39.706052849762571, 21.288455703555783, 0.0 ], [ 39.706051090122152, 21.288450598206005, 0.0 ], [ 39.706049404029024, 21.288445471104669, 0.0 ], [ 39.706047791789075, 21.288440323181895, 0.0 ], [ 39.706046253694758, 21.288435155371488, 0.0 ], [ 39.706044790025061, 21.288429968610927, 0.0 ], [ 39.70604340104552, 21.288424763841149, 0.0 ], [ 39.706042087008072, 21.288419542006263, 0.0 ], [ 39.706040848151098, 21.288414304053564, 0.0 ], [ 39.706039684699306, 21.28840905093325, 0.0 ], [ 39.706038596863756, 21.288403783598234, 0.0 ], [ 39.706037584841781, 21.288398503004043, 0.0 ], [ 39.706036648816955, 21.288393210108598, 0.0 ], [ 39.706035788959056, 21.288387905872064, 0.0 ], [ 39.706035005424063, 21.288382591256624, 0.0 ], [ 39.706034298354112, 21.288377267226391, 0.0 ], [ 39.706033667877463, 21.288371934747158, 0.0 ], [ 39.706033114108457, 21.288366594786268, 0.0 ], [ 39.706032637147572, 21.288361248312395, 0.0 ], [ 39.706032237081288, 21.288355896295421, 0.0 ], [ 39.706031913982208, 21.288350539706222, 0.0 ], [ 39.706031667908917, 21.288345179516512, 0.0 ], [ 39.706031617657864, 21.288343816970563, 0.0 ] ] ] ] } },
{ "type": "Feature", "properties": { "ID": "603", "ROAD NAME": "R8C5", "FILL-TOTAL": null, "CUT-TOTAL": null, "FILL-DONE": null, "CUT-DONE": null, "FILL-REMAN": null, "CUT-REMAN": null, "EQUPIMENTS": null, "CONTRACTOR": null, "STATUS": null }, "geometry": { "type": "MultiPolygon", "coordinates": [ [ [ [ 39.702883864254474, 21.288750998621158, 0.0 ], [ 39.702956894929052, 21.286918788305865, 0.0 ], [ 39.702996867834507, 21.286884026104808, 0.0 ], [ 39.702611530378562, 21.286870585692107, 0.0 ], [ 39.702648624888859, 21.286908035975546, 0.0 ], [ 39.702575824350092, 21.288734376893309, 0.0 ], [ 39.702535888048203, 21.288768405754436, 0.0 ], [ 39.702920922129195, 21.28878918205676, 0.0 ], [ 39.702883864254474, 21.288750998621158, 0.0 ] ] ] ] } },
{ "type": "Feature", "properties": { "ID": "555", "ROAD NAME": "R8E2", "FILL-TOTAL": null, "CUT-TOTAL": null, "FILL-DONE": null, "CUT-DONE": null, "FILL-REMAN": null, "CUT-REMAN": null, "EQUPIMENTS": null, "CONTRACTOR": null, "STATUS": null }, "geometry": { "type": "MultiPolygon", "coordinates": [ [ [ [ 39.704447060655539, 21.288257019416811, 0.0 ], [ 39.704480440605607, 21.287419355659409, 0.0 ], [ 39.704520413273315, 21.28738459310544, 0.0 ], [ 39.704250676109858, 21.287375187398844, 0.0 ], [ 39.704287771156018, 21.287412637297521, 0.0 ], [ 39.70423153945486, 21.288823711987753, 0.0 ], [ 39.704191603522794, 21.288857741231787, 0.0 ], [ 39.704457749815333, 21.288820737799178, 0.0 ], [ 39.704425345529792, 21.288801953421668, 0.0 ], [ 39.704436989074615, 21.288509762763539, 0.0 ], [ 39.704447060655539, 21.288257019416811, 0.0 ] ] ] ] } },
{ "type": "Feature", "properties": { "ID": "694", "ROAD NAME": "R8E1", "FILL-TOTAL": null, "CUT-TOTAL": null, "FILL-DONE": null, "CUT-DONE": null, "FILL-REMAN": null, "CUT-REMAN": null, "EQUPIMENTS": null, "CONTRACTOR": null, "STATUS": null }, "geometry": { "type": "MultiPolygon", "coordinates": [ [ [ [ 39.703653964245667, 21.28879255045047, 0.0 ], [ 39.703709762872776, 21.287392480877191, 0.0 ], [ 39.703749735720287, 21.287357718501458, 0.0 ], [ 39.704250676109858, 21.287375187398844, 0.0 ], [ 39.704520413273315, 21.28738459310544, 0.0 ], [ 39.705021353776921, 21.28740205969034, 0.0 ], [ 39.70505844902042, 21.287439509411474, 0.0 ], [ 39.705025072351951, 21.288277173174738, 0.0 ], [ 39.7049850995718, 21.288311935846579, 0.0 ], [ 39.704484155978975, 21.288294469256147, 0.0 ], [ 39.704447060655539, 21.288257019416811, 0.0 ], [ 39.704436989074615, 21.288509762763539, 0.0 ], [ 39.704476962039756, 21.288475000218192, 0.0 ], [ 39.705209111288568, 21.288500527806548, 0.0 ], [ 39.705259750091393, 21.287229589679875, 0.0 ], [ 39.703525727590524, 21.287169124426317, 0.0 ], [ 39.70346143921703, 21.288782162826685, 0.0 ], [ 39.703421503112949, 21.288816191892604, 0.0 ], [ 39.703691022325259, 21.288830733708462, 0.0 ], [ 39.703653964245667, 21.28879255045047, 0.0 ] ] ] ] } },
{ "type": "Feature", "properties": { "ID": "557", "ROAD NAME": "R8C3", "FILL-TOTAL": null, "CUT-TOTAL": null, "FILL-DONE": null, "CUT-DONE": null, "FILL-REMAN": null, "CUT-REMAN": null, "EQUPIMENTS": null, "CONTRACTOR": null, "STATUS": null }, "geometry": { "type": "MultiPolygon", "coordinates": [ [ [ [ 39.709740794596328, 21.294187655435213, 0.0 ], [ 39.709750857159726, 21.293934912356686, 0.0 ], [ 39.709768107220874, 21.29350163847753, 0.0 ], [ 39.709778169728871, 21.293248895363476, 0.0 ], [ 39.709814825835451, 21.292328188194116, 0.0 ], [ 39.709824888248782, 21.292075445019176, 0.0 ], [ 39.709843575533732, 21.291606064802409, 0.0 ], [ 39.709853637889047, 21.291353321590115, 0.0 ], [ 39.709899636966881, 21.290197923881042, 0.0 ], [ 39.709979581116542, 21.290128396250566, 0.0 ], [ 39.70951716581407, 21.290112287304201, 0.0 ], [ 39.709591359947666, 21.290187184583221, 0.0 ], [ 39.709499356536661, 21.292497979719297, 0.0 ], [ 39.709484262064215, 21.292877094441714, 0.0 ], [ 39.709465573606174, 21.293346474533411, 0.0 ], [ 39.709455510561121, 21.293599217641013, 0.0 ], [ 39.709413820585802, 21.294646296090551, 0.0 ], [ 39.709403757435844, 21.294899039130776, 0.0 ], [ 39.709398183518474, 21.295039031732287, 0.0 ], [ 39.709396851386444, 21.295044249851074, 0.0 ], [ 39.709395444368333, 21.295049450695057, 0.0 ], [ 39.709393962719361, 21.29505463332076, 0.0 ], [ 39.709392406708325, 21.29505979678806, 0.0 ], [ 39.709390776617461, 21.295064940160259, 0.0 ], [ 39.709389072742468, 21.295070062504347, 0.0 ], [ 39.709387295392439, 21.295075162891099, 0.0 ], [ 39.709385444889783, 21.295080240395276, 0.0 ], [ 39.709383521570182, 21.295085294095816, 0.0 ], [ 39.709381525782526, 21.295090323075943, 0.0 ], [ 39.709379457888829, 21.295095326423382, 0.0 ], [ 39.709377318264245, 21.295100303230502, 0.0 ], [ 39.709375107296879, 21.295105252594496, 0.0 ], [ 39.709372825387817, 21.295110173617513, 0.0 ], [ 39.709370472951001, 21.295115065406879, 0.0 ], [ 39.709368050413147, 21.295119927075188, 0.0 ], [ 39.709365558213719, 21.295124757740506, 0.0 ], [ 39.709362996804828, 21.295129556526536, 0.0 ], [ 39.709360366651083, 21.295134322562763, 0.0 ], [ 39.709357668229615, 21.295139054984599, 0.0 ], [ 39.709354902029922, 21.295143752933573, 0.0 ], [ 39.709352068553805, 21.295148415557446, 0.0 ], [ 39.709349168315256, 21.295153042010401, 0.0 ], [ 39.709346201840376, 21.295157631453161, 0.0 ], [ 39.709343169667292, 21.295162183053208, 0.0 ], [ 39.709340072346073, 21.295166695984825, 0.0 ], [ 39.709336910438552, 21.295171169429398, 0.0 ], [ 39.709333684518327, 21.295175602575387, 0.0 ], [ 39.709330395170596, 21.295179994618589, 0.0 ], [ 39.709327042992022, 21.295184344762305, 0.0 ], [ 39.709323628590724, 21.295188652217355, 0.0 ], [ 39.709320152586095, 21.295192916202385, 0.0 ], [ 39.709316615608657, 21.295197135943866, 0.0 ], [ 39.709313018300058, 21.295201310676322, 0.0 ], [ 39.709309361312862, 21.295205439642437, 0.0 ], [ 39.709305645310444, 21.295209522093213, 0.0 ], [ 39.709301870966911, 21.295213557288033, 0.0 ], [ 39.709298038966949, 21.295217544494946, 0.0 ], [ 39.709294150005675, 21.295221482990609, 0.0 ], [ 39.709290204788559, 21.295225372060578, 0.0 ], [ 39.709286204031315, 21.295229210999356, 0.0 ], [ 39.70928214845965, 21.295232999110556, 0.0 ], [ 39.709278038809281, 21.295236735706965, 0.0 ], [ 39.70927387582573, 21.295240420110783, 0.0 ], [ 39.709269660264155, 21.295244051653611, 0.0 ], [ 39.709265392889279, 21.29524762967667, 0.0 ], [ 39.709261074475222, 21.295251153530909, 0.0 ], [ 39.709256705805373, 21.295254622577062, 0.0 ], [ 39.709252287672221, 21.295258036185846, 0.0 ], [ 39.709247820877209, 21.295261393738009, 0.0 ], [ 39.709243306230654, 21.295264694624468, 0.0 ], [ 39.70923874455157, 21.295267938246436, 0.0 ], [ 39.709234136667405, 21.295271124015507, 0.0 ], [ 39.709229483414063, 21.295274251353732, 0.0 ], [ 39.709224785635669, 21.295277319693835, 0.0 ], [ 39.709220044184441, 21.295280328479194, 0.0 ], [ 39.709215259920484, 21.295283277164, 0.0 ], [ 39.709210433711675, 21.295286165213344, 0.0 ], [ 39.709205566433525, 21.295288992103313, 0.0 ], [ 39.70920065896896, 21.295291757321095, 0.0 ], [ 39.709195712208235, 21.295294460365064, 0.0 ], [ 39.709190727048728, 21.2952971007449, 0.0 ], [ 39.709185704394741, 21.295299677981593, 0.0 ], [ 39.70918064515741, 21.295302191607643, 0.0 ], [ 39.709175550254521, 21.29530464116705, 0.0 ], [ 39.70917042061032, 21.295307026215426, 0.0 ], [ 39.709165257155327, 21.295309346320174, 0.0 ], [ 39.709160060826235, 21.295311601060376, 0.0 ], [ 39.709154832565666, 21.295313790026995, 0.0 ], [ 39.709149573322051, 21.295315912822982, 0.0 ], [ 39.709144284049458, 21.29531796906322, 0.0 ], [ 39.709138965707389, 21.295319958374716, 0.0 ], [ 39.709133619260605, 21.295321880396575, 0.0 ], [ 39.709128245678997, 21.295323734780151, 0.0 ], [ 39.709122845937316, 21.295325521189042, 0.0 ], [ 39.709117421015158, 21.295327239299173, 0.0 ], [ 39.709111971896576, 21.295328888798903, 0.0 ], [ 39.709106499570126, 21.295330469388968, 0.0 ], [ 39.709101005028472, 21.295331980782663, 0.0 ], [ 39.709095489268378, 21.295333422705802, 0.0 ], [ 39.709089953290409, 21.295334794896824, 0.0 ], [ 39.709084398098838, 21.295336097106777, 0.0 ], [ 39.709078824701379, 21.295337329099471, 0.0 ], [ 39.70907323410912, 21.295338490651403, 0.0 ], [ 39.709067627336189, 21.295339581551843, 0.0 ], [ 39.70906200539968, 21.295340601602927, 0.0 ], [ 39.709056369319484, 21.295341550619582, 0.0 ], [ 39.709050720117951, 21.295342428429649, 0.0 ], [ 39.709045058819925, 21.295343234873922, 0.0 ], [ 39.709039386452375, 21.295343969806094, 0.0 ], [ 39.709033704044316, 21.295344633092839, 0.0 ], [ 39.70902801262654, 21.295345224613826, 0.0 ], [ 39.709022313231529, 21.295345744261748, 0.0 ], [ 39.709016606893151, 21.295346191942354, 0.0 ], [ 39.709010894646596, 21.295346567574423, 0.0 ], [ 39.70900517752807, 21.295346871089812, 0.0 ], [ 39.708999456574709, 21.295347102433468, 0.0 ], [ 39.70899800232452, 21.295347149715354, 0.0 ], [ 39.710079521288627, 21.295382460118489, 0.0 ], [ 39.710073834839918, 21.295381829318, 0.0 ], [ 39.710068157984182, 21.29538112681599, 0.0 ], [ 39.710062491751223, 21.295380352739908, 0.0 ], [ 39.710056837168928, 21.295379507230155, 0.0 ], [ 39.710051195263063, 21.295378590440144, 0.0 ], [ 39.710045567057122, 21.295377602536149, 0.0 ], [ 39.710039953572057, 21.295376543697415, 0.0 ], [ 39.71003435582621, 21.295375414115988, 0.0 ], [ 39.710028774835038, 21.295374213996805, 0.0 ], [ 39.710023211610938, 21.295372943557553, 0.0 ], [ 39.71001766716315, 21.295371603028713, 0.0 ], [ 39.710012142497426, 21.295370192653461, 0.0 ], [ 39.710006638615987, 21.29536871268763, 0.0 ], [ 39.710001156517265, 21.295367163399721, 0.0 ], [ 39.709995697195744, 21.295365545070766, 0.0 ], [ 39.709990261641757, 21.295363857994328, 0.0 ], [ 39.709984850841373, 21.295362102476467, 0.0 ], [ 39.709979465776101, 21.295360278835645, 0.0 ], [ 39.709974107422838, 21.295358387402676, 0.0 ], [ 39.70996877675362, 21.295356428520662, 0.0 ], [ 39.70996347473546, 21.295354402544962, 0.0 ], [ 39.709958202330135, 21.295352309843114, 0.0 ], [ 39.709952960494135, 21.295350150794718, 0.0 ], [ 39.709947750178337, 21.295347925791472, 0.0 ], [ 39.70994257232789, 21.295345635236963, 0.0 ], [ 39.709937427882117, 21.295343279546742, 0.0 ], [ 39.709932317774225, 21.295340859148098, 0.0 ], [ 39.709927242931251, 21.295338374480167, 0.0 ], [ 39.709922204273752, 21.295335825993636, 0.0 ], [ 39.709917202715779, 21.29533321415083, 0.0 ], [ 39.70991223916463, 21.295330539425525, 0.0 ], [ 39.709907314520734, 21.29532780230296, 0.0 ], [ 39.709902429677427, 21.295325003279661, 0.0 ], [ 39.709897585520864, 21.295322142863366, 0.0 ], [ 39.709892782929778, 21.295319221572985, 0.0 ], [ 39.709888022775388, 21.295316239938444, 0.0 ], [ 39.70988330592121, 21.295313198500644, 0.0 ], [ 39.7098786332229, 21.295310097811296, 0.0 ], [ 39.7098740055281, 21.29530693843288, 0.0 ], [ 39.709869423676309, 21.295303720938545, 0.0 ], [ 39.709864888498686, 21.295300445911927, 0.0 ], [ 39.709860400817924, 21.295297113947175, 0.0 ], [ 39.709855961448135, 21.295293725648698, 0.0 ], [ 39.709851571194605, 21.295290281631139, 0.0 ], [ 39.709847230853754, 21.29528678251928, 0.0 ], [ 39.709842941212962, 21.295283228947881, 0.0 ], [ 39.70983870305038, 21.295279621561551, 0.0 ], [ 39.709834517134802, 21.295275961014706, 0.0 ], [ 39.709830384225583, 21.295272247971397, 0.0 ], [ 39.709826305072454, 21.295268483105158, 0.0 ], [ 39.709822280415395, 21.295264667098994, 0.0 ], [ 39.709818310984495, 21.29526080064511, 0.0 ], [ 39.709814397499798, 21.29525688444491, 0.0 ], [ 39.709810540671256, 21.295252919208817, 0.0 ], [ 39.709806741198491, 21.295248905656152, 0.0 ], [ 39.709802999770758, 21.295244844514983, 0.0 ], [ 39.709799317066754, 21.295240736522008, 0.0 ], [ 39.709795693754536, 21.295236582422465, 0.0 ], [ 39.709792130491401, 21.295232382969896, 0.0 ], [ 39.709788627923707, 21.295228138926127, 0.0 ], [ 39.709785186686837, 21.295223851061031, 0.0 ], [ 39.709781807405065, 21.295219520152468, 0.0 ], [ 39.709778490691399, 21.29521514698606, 0.0 ], [ 39.709775237147475, 21.295210732355137, 0.0 ], [ 39.709772047363515, 21.295206277060526, 0.0 ], [ 39.709768921918169, 21.295201781910439, 0.0 ], [ 39.709765861378379, 21.295197247720306, 0.0 ], [ 39.709762866299343, 21.295192675312684, 0.0 ], [ 39.709759937224383, 21.295188065516989, 0.0 ], [ 39.709757074684823, 21.295183419169479, 0.0 ], [ 39.709754279199949, 21.295178737113019, 0.0 ], [ 39.709751551276867, 21.295174020196981, 0.0 ], [ 39.709748891410413, 21.295169269276997, 0.0 ], [ 39.709746300083111, 21.295164485214912, 0.0 ], [ 39.709743777765034, 21.295159668878586, 0.0 ], [ 39.709741324913736, 21.295154821141729, 0.0 ], [ 39.709738941974138, 21.295149942883722, 0.0 ], [ 39.709736629378554, 21.295145034989527, 0.0 ], [ 39.709734387546455, 21.295140098349449, 0.0 ], [ 39.709732216884532, 21.295135133859006, 0.0 ], [ 39.709730117786535, 21.295130142418795, 0.0 ], [ 39.709728090633263, 21.295125124934266, 0.0 ], [ 39.709726135792422, 21.295120082315627, 0.0 ], [ 39.709724253618617, 21.295115015477641, 0.0 ], [ 39.709722444453305, 21.295109925339442, 0.0 ], [ 39.70972070862463, 21.295104812824388, 0.0 ], [ 39.709719046447525, 21.29509967885993, 0.0 ], [ 39.709717458223444, 21.29509452437739, 0.0 ], [ 39.709715944240536, 21.295089350311816, 0.0 ], [ 39.709714504773409, 21.295084157601771, 0.0 ], [ 39.709713140083181, 21.295078947189293, 0.0 ], [ 39.709711850417456, 21.295073720019534, 0.0 ], [ 39.709710636010115, 21.295068477040736, 0.0 ], [ 39.709709497081469, 21.295063219204003, 0.0 ], [ 39.709708433838124, 21.295057947463096, 0.0 ], [ 39.70970744647294, 21.295052662774378, 0.0 ], [ 39.709706560347897, 21.295047518814414, 0.0 ], [ 39.709712044302854, 21.294909778444588, 0.0 ], [ 39.709722106924517, 21.294657035403475, 0.0 ], [ 39.709740794596328, 21.294187655435213, 0.0 ] ] ] ] } },
{ "type": "Feature", "properties": { "ID": "560", "ROAD NAME": "R8C2", "FILL-TOTAL": null, "CUT-TOTAL": null, "FILL-DONE": null, "CUT-DONE": null, "FILL-REMAN": null, "CUT-REMAN": null, "EQUPIMENTS": null, "CONTRACTOR": null, "STATUS": null }, "geometry": { "type": "MultiPolygon", "coordinates": [ [ [ [ 39.712738431969285, 21.290278712702559, 0.0 ], [ 39.71275423641071, 21.289881544663558, 0.0 ], [ 39.712694279412752, 21.289933691351496, 0.0 ], [ 39.711337862950906, 21.289886456779662, 0.0 ], [ 39.7110681211051, 21.289877062227088, 0.0 ], [ 39.710568135383006, 21.289859647600114, 0.0 ], [ 39.710298393598094, 21.289850251803728, 0.0 ], [ 39.708720404584234, 21.2897952776616, 0.0 ], [ 39.708664759452226, 21.289739104395952, 0.0 ], [ 39.708648944000799, 21.290136272417687, 0.0 ], [ 39.708708902550917, 21.290084127132143, 0.0 ], [ 39.70951716581407, 21.290112287304201, 0.0 ], [ 39.709979581116542, 21.290128396250566, 0.0 ], [ 39.710441996481784, 21.29014450391594, 0.0 ], [ 39.710711738807127, 21.290153899462513, 0.0 ], [ 39.711444860020485, 21.290179433013712, 0.0 ], [ 39.71171460242514, 21.290188826939737, 0.0 ], [ 39.712682785160339, 21.290222540834232, 0.0 ], [ 39.712738431969285, 21.290278712702559, 0.0 ] ] ] ] } },
{ "type": "Feature", "properties": { "ID": "568", "ROAD NAME": "R8E3", "FILL-TOTAL": null, "CUT-TOTAL": null, "FILL-DONE": null, "CUT-DONE": null, "FILL-REMAN": null, "CUT-REMAN": null, "EQUPIMENTS": null, "CONTRACTOR": null, "STATUS": null }, "geometry": { "type": "MultiPolygon", "coordinates": [ [ [ [ 39.706761147088358, 21.288226512814045, 0.0 ], [ 39.706771214683179, 21.287973769441358, 0.0 ], [ 39.706789911590739, 21.287504388857251, 0.0 ], [ 39.706829883720701, 21.287469625769212, 0.0 ], [ 39.706560146365177, 21.287460223794177, 0.0 ], [ 39.706597242003916, 21.287497673160733, 0.0 ], [ 39.70654977892945, 21.288689177629287, 0.0 ], [ 39.706509806410686, 21.288723940654187, 0.0 ], [ 39.706779546076596, 21.288733342633247, 0.0 ], [ 39.706742450072234, 21.288695893328519, 0.0 ], [ 39.706761147088358, 21.288226512814045, 0.0 ] ] ] ] } },
{ "type": "Feature", "properties": { "ID": "598", "ROAD NAME": "R8E5", "FILL-TOTAL": null, "CUT-TOTAL": null, "FILL-DONE": null, "CUT-DONE": null, "FILL-REMAN": null, "CUT-REMAN": null, "EQUPIMENTS": null, "CONTRACTOR": null, "STATUS": null }, "geometry": { "type": "MultiPolygon", "coordinates": [ [ [ [ 39.707643314310751, 21.288257258671816, 0.0 ], [ 39.707653380394362, 21.288004515296535, 0.0 ], [ 39.707613408323411, 21.288039278575681, 0.0 ], [ 39.706808310507299, 21.288011218751119, 0.0 ], [ 39.706771214683179, 21.287973769441358, 0.0 ], [ 39.706761147088358, 21.288226512814045, 0.0 ], [ 39.706801119415303, 21.288191749731695, 0.0 ], [ 39.707606218216533, 21.288219809557948, 0.0 ], [ 39.707643314310751, 21.288257258671816, 0.0 ] ] ] ] } },
{ "type": "Feature", "properties": { "ID": "677", "ROAD NAME": "R8E4", "FILL-TOTAL": null, "CUT-TOTAL": null, "FILL-DONE": null, "CUT-DONE": null, "FILL-REMAN": null, "CUT-REMAN": null, "EQUPIMENTS": null, "CONTRACTOR": null, "STATUS": null }, "geometry": { "type": "MultiPolygon", "coordinates": [ [ [ [ 39.707817291304991, 21.288733353649796, 0.0 ], [ 39.707873371883167, 21.287325211953103, 0.0 ], [ 39.706402285869068, 21.287273939511227, 0.0 ], [ 39.706395094286812, 21.287454470517662, 0.0 ], [ 39.706560146365177, 21.287460223794177, 0.0 ], [ 39.706829883720701, 21.287469625769212, 0.0 ], [ 39.707634978581453, 21.287497685588733, 0.0 ], [ 39.707672074495427, 21.287535134707621, 0.0 ], [ 39.707653380394362, 21.288004515296535, 0.0 ], [ 39.707643314310751, 21.288257258671816, 0.0 ], [ 39.707624620101235, 21.288726639191101, 0.0 ], [ 39.707584647833329, 21.288761402464569, 0.0 ], [ 39.707854387584604, 21.288770802706878, 0.0 ], [ 39.707817291304991, 21.288733353649796, 0.0 ] ] ] ] } },
{ "type": "Feature", "properties": { "ID": "702", "ROAD NAME": "R8E31", "FILL-TOTAL": null, "CUT-TOTAL": null, "FILL-DONE": null, "CUT-DONE": null, "FILL-REMAN": null, "CUT-REMAN": null, "EQUPIMENTS": null, "CONTRACTOR": null, "STATUS": null }, "geometry": { "type": "MultiPolygon", "coordinates": [ [ [ [ 39.712484624523825, 21.289384047958237, 0.0 ], [ 39.71250094431123, 21.288973946392566, 0.0 ], [ 39.712500098516671, 21.288972097649349, 0.0 ], [ 39.712499324135251, 21.288970221627903, 0.0 ], [ 39.71249862216618, 21.288968320748896, 0.0 ], [ 39.712497993515207, 21.288966397465085, 0.0 ], [ 39.712497438993516, 21.288964454258128, 0.0 ], [ 39.712496959316596, 21.288962493635381, 0.0 ], [ 39.712496555103399, 21.2889605181267, 0.0 ], [ 39.712496226875459, 21.288958530281107, 0.0 ], [ 39.712495975056328, 21.288956532663562, 0.0 ], [ 39.712495799970895, 21.288954527851654, 0.0 ], [ 39.712495701845114, 21.288952518432232, 0.0 ], [ 39.712495679434184, 21.288951218832104, 0.0 ], [ 39.712495708223805, 21.288949207476428, 0.0 ], [ 39.712495814091433, 21.288947198378246, 0.0 ], [ 39.712495996900465, 21.288945194129926, 0.0 ], [ 39.712496256414994, 21.288943197317614, 0.0 ], [ 39.712496592300198, 21.288941210517809, 0.0 ], [ 39.712497004122639, 21.288939236294166, 0.0 ], [ 39.712497491350945, 21.288937277194041, 0.0 ], [ 39.712498053356427, 21.288935335745311, 0.0 ], [ 39.712498689413927, 21.288933414453069, 0.0 ], [ 39.712499398702697, 21.288931515796399, 0.0 ], [ 39.712500180307543, 21.288929642225199, 0.0 ], [ 39.712501033219944, 21.288927796156951, 0.0 ], [ 39.712501956339352, 21.288925979973698, 0.0 ], [ 39.71250292230355, 21.288924241132538, 0.0 ], [ 39.712520545150845, 21.288481393116186, 0.0 ], [ 39.711395347093834, 21.288442209129215, 0.0 ], [ 39.711358250024873, 21.288404760880802, 0.0 ], [ 39.711348190284717, 21.288657504252296, 0.0 ], [ 39.711388161612312, 21.288622740108909, 0.0 ], [ 39.712282155652801, 21.28865387321245, 0.0 ], [ 39.71231925301462, 21.288691321244428, 0.0 ], [ 39.712300573675549, 21.289160701761407, 0.0 ], [ 39.712260602427811, 21.289195466116439, 0.0 ], [ 39.711366605105432, 21.28916433300795, 0.0 ], [ 39.711329507856142, 21.289126884764602, 0.0 ], [ 39.711319448057843, 21.289379628098633, 0.0 ], [ 39.711359419582365, 21.289344863960903, 0.0 ], [ 39.712484624523825, 21.289384047958237, 0.0 ] ] ] ] } },
{ "type": "Feature", "properties": { "ID": "638", "ROAD NAME": "R8E7", "FILL-TOTAL": null, "CUT-TOTAL": null, "FILL-DONE": null, "CUT-DONE": null, "FILL-REMAN": null, "CUT-REMAN": null, "EQUPIMENTS": null, "CONTRACTOR": null, "STATUS": null }, "geometry": { "type": "MultiPolygon", "coordinates": [ [ [ [ 39.710531038150506, 21.289822199184435, 0.0 ], [ 39.710607214958813, 21.287908570957516, 0.0 ], [ 39.710647186269171, 21.287873806986454, 0.0 ], [ 39.710377448115104, 21.287864411195766, 0.0 ], [ 39.710414544801601, 21.287901859678385, 0.0 ], [ 39.710395859419187, 21.288371240255461, 0.0 ], [ 39.710385798030323, 21.28862398362439, 0.0 ], [ 39.710367112539814, 21.289093364131929, 0.0 ], [ 39.710357051092743, 21.289346107463388, 0.0 ], [ 39.710338365494138, 21.289815487901386, 0.0 ], [ 39.710298393598094, 21.289850251803728, 0.0 ], [ 39.710568135383006, 21.289859647600114, 0.0 ], [ 39.710531038150506, 21.289822199184435, 0.0 ] ] ] ] } },
{ "type": "Feature", "properties": { "ID": "549", "ROAD NAME": "R8E23", "FILL-TOTAL": null, "CUT-TOTAL": null, "FILL-DONE": null, "CUT-DONE": null, "FILL-REMAN": null, "CUT-REMAN": null, "EQUPIMENTS": null, "CONTRACTOR": null, "STATUS": null }, "geometry": { "type": "MultiPolygon", "coordinates": [ [ [ [ 39.711622174074087, 21.287726983860125, 0.0 ], [ 39.709037869633327, 21.287636961725212, 0.0 ], [ 39.709030645332128, 21.287818395370916, 0.0 ], [ 39.709030648423223, 21.287818395478617, 0.0 ], [ 39.709281155408554, 21.287826219532636, 0.0 ], [ 39.709281547226894, 21.2878266150725, 0.0 ], [ 39.709550893475857, 21.287835617094654, 0.0 ], [ 39.710377448115104, 21.287864411195766, 0.0 ], [ 39.710647186269171, 21.287873806986454, 0.0 ], [ 39.711147165261231, 21.287891221602969, 0.0 ], [ 39.711416903476163, 21.28790061614998, 0.0 ], [ 39.711614988876448, 21.287907514866966, 0.0 ], [ 39.711622174074087, 21.287726983860125, 0.0 ] ] ] ] } },
{ "type": "Feature", "properties": { "ID": "724", "ROAD NAME": "R8E8", "FILL-TOTAL": null, "CUT-TOTAL": null, "FILL-DONE": null, "CUT-DONE": null, "FILL-REMAN": null, "CUT-REMAN": null, "EQUPIMENTS": null, "CONTRACTOR": null, "STATUS": null }, "geometry": { "type": "MultiPolygon", "coordinates": [ [ [ [ 39.709463482350017, 21.289061885254153, 0.0 ], [ 39.709482170715468, 21.288592504751225, 0.0 ], [ 39.709492233652348, 21.288339761384744, 0.0 ], [ 39.709510921909605, 21.287870380812233, 0.0 ], [ 39.709550893475857, 21.287835617094654, 0.0 ], [ 39.709281547226894, 21.2878266150725, 0.0 ], [ 39.709318251814366, 21.287863668267857, 0.0 ], [ 39.709270810698754, 21.289055172707251, 0.0 ], [ 39.709230838743728, 21.289089936361748, 0.0 ], [ 39.709500579121517, 21.289099333927521, 0.0 ], [ 39.709463482350017, 21.289061885254153, 0.0 ] ] ] ] } },
{ "type": "Feature", "properties": { "ID": "528", "ROAD NAME": "R8E9", "FILL-TOTAL": null, "CUT-TOTAL": null, "FILL-DONE": null, "CUT-DONE": null, "FILL-REMAN": null, "CUT-REMAN": null, "EQUPIMENTS": null, "CONTRACTOR": null, "STATUS": null }, "geometry": { "type": "MultiPolygon", "coordinates": [ [ [ [ 39.710355887917025, 21.288406004169111, 0.0 ], [ 39.709529330243555, 21.288377210063164, 0.0 ], [ 39.709492233652348, 21.288339761384744, 0.0 ], [ 39.709482170715468, 21.288592504751225, 0.0 ], [ 39.709522142478654, 21.288557741039291, 0.0 ], [ 39.710348701163525, 21.288586535146841, 0.0 ], [ 39.710385798030323, 21.28862398362439, 0.0 ], [ 39.710395859419187, 21.288371240255461, 0.0 ], [ 39.710355887917025, 21.288406004169111, 0.0 ] ] ] ] } },
{ "type": "Feature", "properties": { "ID": "631", "ROAD NAME": "R8E12", "FILL-TOTAL": null, "CUT-TOTAL": null, "FILL-DONE": null, "CUT-DONE": null, "FILL-REMAN": null, "CUT-REMAN": null, "EQUPIMENTS": null, "CONTRACTOR": null, "STATUS": null }, "geometry": { "type": "MultiPolygon", "coordinates": [ [ [ [ 39.711453215944822, 21.290939004831525, 0.0 ], [ 39.711463275533042, 21.290686261577285, 0.0 ], [ 39.711423303680846, 21.290721025740901, 0.0 ], [ 39.710690179775867, 21.290695492185513, 0.0 ], [ 39.710653082296275, 21.290658043811405, 0.0 ], [ 39.710643021319896, 21.290910787063289, 0.0 ], [ 39.710682993411318, 21.290876023079804, 0.0 ], [ 39.711416118213528, 21.290901556636751, 0.0 ], [ 39.711453215944822, 21.290939004831525, 0.0 ] ] ] ] } },
{ "type": "Feature", "properties": { "ID": "676", "ROAD NAME": "R8E11", "FILL-TOTAL": null, "CUT-TOTAL": null, "FILL-DONE": null, "CUT-DONE": null, "FILL-REMAN": null, "CUT-REMAN": null, "EQUPIMENTS": null, "CONTRACTOR": null, "STATUS": null }, "geometry": { "type": "MultiPolygon", "coordinates": [ [ [ [ 39.711618586278277, 21.291631732119221, 0.0 ], [ 39.711674630764804, 21.290223591160732, 0.0 ], [ 39.71171460242514, 21.290188826939737, 0.0 ], [ 39.711444860020485, 21.290179433013712, 0.0 ], [ 39.711481957571444, 21.290216881213517, 0.0 ], [ 39.711463275533042, 21.290686261577285, 0.0 ], [ 39.711453215944822, 21.290939004831525, 0.0 ], [ 39.711434533798432, 21.291408385125582, 0.0 ], [ 39.711394561749302, 21.291443149283555, 0.0 ], [ 39.710661434255364, 21.291417615722629, 0.0 ], [ 39.710391689619236, 21.291408220172332, 0.0 ], [ 39.7098907353516, 21.291390770136815, 0.0 ], [ 39.709853637889047, 21.291353321590115, 0.0 ], [ 39.709843575533732, 21.291606064802409, 0.0 ], [ 39.709883548002054, 21.29157130100279, 0.0 ], [ 39.711618586278277, 21.291631732119221, 0.0 ] ] ] ] } },
{ "type": "Feature", "properties": { "ID": "565", "ROAD NAME": "R8E13", "FILL-TOTAL": null, "CUT-TOTAL": null, "FILL-DONE": null, "CUT-DONE": null, "FILL-REMAN": null, "CUT-REMAN": null, "EQUPIMENTS": null, "CONTRACTOR": null, "STATUS": null }, "geometry": { "type": "MultiPolygon", "coordinates": [ [ [ [ 39.711543140779362, 21.293527305844698, 0.0 ], [ 39.711597030537895, 21.292173324687305, 0.0 ], [ 39.709861985891671, 21.292112893560823, 0.0 ], [ 39.709824888248782, 21.292075445019176, 0.0 ], [ 39.709814825835451, 21.292328188194116, 0.0 ], [ 39.709854798500729, 21.29229342440015, 0.0 ], [ 39.710355755833888, 21.292310874440588, 0.0 ], [ 39.710625502120692, 21.292320269993461, 0.0 ], [ 39.711358634100876, 21.292345803561467, 0.0 ], [ 39.711395732192855, 21.292383251746127, 0.0 ], [ 39.71137704983051, 21.292852631901354, 0.0 ], [ 39.711366990067837, 21.293105375043485, 0.0 ], [ 39.711359085954349, 21.293303958931425, 0.0 ], [ 39.711319113388171, 21.293338723074591, 0.0 ], [ 39.7105859764727, 21.293313189498665, 0.0 ], [ 39.710316228369969, 21.293303793942805, 0.0 ], [ 39.709815267664503, 21.293286343896938, 0.0 ], [ 39.709778169728871, 21.293248895363476, 0.0 ], [ 39.709768107220874, 21.29350163847753, 0.0 ], [ 39.709808080206258, 21.293466874692754, 0.0 ], [ 39.711543140779362, 21.293527305844698, 0.0 ] ] ] ] } },
{ "type": "Feature", "properties": { "ID": "550", "ROAD NAME": "R8E15", "FILL-TOTAL": null, "CUT-TOTAL": null, "FILL-DONE": null, "CUT-DONE": null, "FILL-REMAN": null, "CUT-REMAN": null, "EQUPIMENTS": null, "CONTRACTOR": null, "STATUS": null }, "geometry": { "type": "MultiPolygon", "coordinates": [ [ [ [ 39.711366990067837, 21.293105375043485, 0.0 ], [ 39.71137704983051, 21.292852631901354, 0.0 ], [ 39.711337077387448, 21.292887396048048, 0.0 ], [ 39.710603942715302, 21.292861862475796, 0.0 ], [ 39.710566844694718, 21.292824414116826, 0.0 ], [ 39.710556783543723, 21.293077157256622, 0.0 ], [ 39.710596756226039, 21.293042393290076, 0.0 ], [ 39.710983465252113, 21.293055861956159, 0.0 ], [ 39.710985404072936, 21.293054997869124, 0.0 ], [ 39.710987374756243, 21.293054199579061, 0.0 ], [ 39.710989374759194, 21.293053468116003, 0.0 ], [ 39.71099140150119, 21.293052804423784, 0.0 ], [ 39.710993452367028, 21.293052209358795, 0.0 ], [ 39.710995524710491, 21.293051683688844, 0.0 ], [ 39.710997615857536, 21.293051228092228, 0.0 ], [ 39.710999723109921, 21.293050843156799, 0.0 ], [ 39.71100184374864, 21.29305052937924, 0.0 ], [ 39.711003975037379, 21.293050287164444, 0.0 ], [ 39.71100611422608, 21.293050116824944, 0.0 ], [ 39.711008258554521, 21.293050018580519, 0.0 ], [ 39.711010405255806, 21.293049992557943, 0.0 ], [ 39.711012551560003, 21.293050038790795, 0.0 ], [ 39.711014694697724, 21.293050157219415, 0.0 ], [ 39.711016831903585, 21.293050347691004, 0.0 ], [ 39.711018960419935, 21.293050609959788, 0.0 ], [ 39.711021077500291, 21.293050943687337, 0.0 ], [ 39.711023180412958, 21.293051348443051, 0.0 ], [ 39.71102526644448, 21.293051823704658, 0.0 ], [ 39.711027332903228, 21.293052368858937, 0.0 ], [ 39.711029377122806, 21.293052983202447, 0.0 ], [ 39.711031396465486, 21.293053665942505, 0.0 ], [ 39.711033388325689, 21.293054416198125, 0.0 ], [ 39.71103535013328, 21.293055233001255, 0.0 ], [ 39.711037279356873, 21.293056115297958, 0.0 ], [ 39.711039173507167, 21.293057061949778, 0.0 ], [ 39.711040641238739, 21.293057853259093, 0.0 ], [ 39.711329891795515, 21.293067926863881, 0.0 ], [ 39.711366990067837, 21.293105375043485, 0.0 ] ] ] ] } },
{ "type": "Feature", "properties": { "ID": "522", "ROAD NAME": "R8E14", "FILL-TOTAL": null, "CUT-TOTAL": null, "FILL-DONE": null, "CUT-DONE": null, "FILL-REMAN": null, "CUT-REMAN": null, "EQUPIMENTS": null, "CONTRACTOR": null, "STATUS": null }, "geometry": { "type": "MultiPolygon", "coordinates": [ [ [ [ 39.710556783543723, 21.293077157256622, 0.0 ], [ 39.710566844694718, 21.292824414116826, 0.0 ], [ 39.710585529635324, 21.292355033965649, 0.0 ], [ 39.710625502120692, 21.292320269993461, 0.0 ], [ 39.710355755833888, 21.292310874440588, 0.0 ], [ 39.710392853669028, 21.292348322856384, 0.0 ], [ 39.710356201170292, 21.293269030031567, 0.0 ], [ 39.710316228369969, 21.293303793942805, 0.0 ], [ 39.7105859764727, 21.293313189498665, 0.0 ], [ 39.710548878339374, 21.293275741142828, 0.0 ], [ 39.710556783543723, 21.293077157256622, 0.0 ] ] ] ] } },
{ "type": "Feature", "properties": { "ID": "700", "ROAD NAME": "R8E17", "FILL-TOTAL": null, "CUT-TOTAL": null, "FILL-DONE": null, "CUT-DONE": null, "FILL-REMAN": null, "CUT-REMAN": null, "EQUPIMENTS": null, "CONTRACTOR": null, "STATUS": null }, "geometry": { "type": "MultiPolygon", "coordinates": [ [ [ [ 39.711461917060298, 21.29471968015595, 0.0 ], [ 39.711489303106305, 21.294031617820487, 0.0 ], [ 39.709787955266968, 21.293972360885355, 0.0 ], [ 39.709750857159726, 21.293934912356686, 0.0 ], [ 39.709740794596328, 21.294187655435213, 0.0 ], [ 39.709780767768869, 21.294152891655816, 0.0 ], [ 39.711250903608452, 21.294204096574511, 0.0 ], [ 39.711288002156209, 21.294241544753945, 0.0 ], [ 39.71126931940843, 21.29471092473009, 0.0 ], [ 39.711229346450267, 21.294745688854469, 0.0 ], [ 39.71149900050851, 21.294757469108653, 0.0 ], [ 39.711461917060298, 21.29471968015595, 0.0 ] ] ] ] } },
{ "type": "Feature", "properties": { "ID": "728", "ROAD NAME": "R8E16", "FILL-TOTAL": null, "CUT-TOTAL": null, "FILL-DONE": null, "CUT-DONE": null, "FILL-REMAN": null, "CUT-REMAN": null, "EQUPIMENTS": null, "CONTRACTOR": null, "STATUS": null }, "geometry": { "type": "MultiPolygon", "coordinates": [ [ [ [ 39.711701732173921, 21.294942920220116, 0.0 ], [ 39.711708822351255, 21.294764775792732, 0.0 ], [ 39.71149900050851, 21.294757469108653, 0.0 ], [ 39.711229346450267, 21.294745688854469, 0.0 ], [ 39.70975920521213, 21.294694483927117, 0.0 ], [ 39.709722106924517, 21.294657035403475, 0.0 ], [ 39.709712044302854, 21.294909778444588, 0.0 ], [ 39.7097520176724, 21.294875014670854, 0.0 ], [ 39.711701732173921, 21.294942920220116, 0.0 ] ] ] ] } },
{ "type": "Feature", "properties": { "ID": "685", "ROAD NAME": "R8E25", "FILL-TOTAL": null, "CUT-TOTAL": null, "FILL-DONE": null, "CUT-DONE": null, "FILL-REMAN": null, "CUT-REMAN": null, "EQUPIMENTS": null, "CONTRACTOR": null, "STATUS": null }, "geometry": { "type": "MultiPolygon", "coordinates": [ [ [ [ 39.708352169926194, 21.289836680524683, 0.0 ], [ 39.708362234776601, 21.289583938045361, 0.0 ], [ 39.708322262462069, 21.289618701490536, 0.0 ], [ 39.706279332948768, 21.289547502474498, 0.0 ], [ 39.706272141195328, 21.289728033396607, 0.0 ], [ 39.706469534078657, 21.289734913905981, 0.0 ], [ 39.706739275593023, 21.289744315888242, 0.0 ], [ 39.708315332575587, 21.289799241454563, 0.0 ], [ 39.708352169926194, 21.289836680524683, 0.0 ] ] ] ] } },
{ "type": "Feature", "properties": { "ID": "542", "ROAD NAME": "R8E30", "FILL-TOTAL": null, "CUT-TOTAL": null, "FILL-DONE": null, "CUT-DONE": null, "FILL-REMAN": null, "CUT-REMAN": null, "EQUPIMENTS": null, "CONTRACTOR": null, "STATUS": null }, "geometry": { "type": "MultiPolygon", "coordinates": [ [ [ [ 39.708323412950001, 21.290558804975518, 0.0 ], [ 39.708333477897185, 21.290306061716091, 0.0 ], [ 39.708293505385683, 21.290340825155582, 0.0 ], [ 39.706717701984964, 21.290285908617101, 0.0 ], [ 39.706680605593007, 21.29024845932318, 0.0 ], [ 39.706670537814006, 21.290501202577758, 0.0 ], [ 39.706710510761383, 21.290466439513313, 0.0 ], [ 39.708286316090543, 21.290521356055102, 0.0 ], [ 39.708323412950001, 21.290558804975518, 0.0 ] ] ] ] } },
{ "type": "Feature", "properties": { "ID": "612", "ROAD NAME": "R8E27", "FILL-TOTAL": null, "CUT-TOTAL": null, "FILL-DONE": null, "CUT-DONE": null, "FILL-REMAN": null, "CUT-REMAN": null, "EQUPIMENTS": null, "CONTRACTOR": null, "STATUS": null }, "geometry": { "type": "MultiPolygon", "coordinates": [ [ [ [ 39.708294655845492, 21.291280928501742, 0.0 ], [ 39.708304720851032, 21.291028185279739, 0.0 ], [ 39.708264748142561, 21.291062948713574, 0.0 ], [ 39.706688937028041, 21.291008032161848, 0.0 ], [ 39.706651840455827, 21.290970582872951, 0.0 ], [ 39.706641772618326, 21.291223326090073, 0.0 ], [ 39.706681745762701, 21.291188563031312, 0.0 ], [ 39.707486860918742, 21.291216622885791, 0.0 ], [ 39.707756605159318, 21.291226023135753, 0.0 ], [ 39.708257558805734, 21.291243479586353, 0.0 ], [ 39.708294655845492, 21.291280928501742, 0.0 ] ] ] ] } },
{ "type": "Feature", "properties": { "ID": "525", "ROAD NAME": "R8E26", "FILL-TOTAL": null, "CUT-TOTAL": null, "FILL-DONE": null, "CUT-DONE": null, "FILL-REMAN": null, "CUT-REMAN": null, "EQUPIMENTS": null, "CONTRACTOR": null, "STATUS": null }, "geometry": { "type": "MultiPolygon", "coordinates": [ [ [ [ 39.706623075151533, 21.291692706315686, 0.0 ], [ 39.706641772618326, 21.291223326090073, 0.0 ], [ 39.706651840455827, 21.290970582872951, 0.0 ], [ 39.706670537814006, 21.290501202577758, 0.0 ], [ 39.706680605593007, 21.29024845932318, 0.0 ], [ 39.706699302842601, 21.289779078958386, 0.0 ], [ 39.706739275593009, 21.289744315888242, 0.0 ], [ 39.706469534078657, 21.289734913905981, 0.0 ], [ 39.706506630285197, 21.289772363256684, 0.0 ], [ 39.706430400094732, 21.291685990609576, 0.0 ], [ 39.706390426758482, 21.2917207536109, 0.0 ], [ 39.706660171904019, 21.291730155599549, 0.0 ], [ 39.706623075151533, 21.291692706315686, 0.0 ] ] ] ] } },
{ "type": "Feature", "properties": { "ID": "695", "ROAD NAME": "R8E28", "FILL-TOTAL": null, "CUT-TOTAL": null, "FILL-DONE": null, "CUT-DONE": null, "FILL-REMAN": null, "CUT-REMAN": null, "EQUPIMENTS": null, "CONTRACTOR": null, "STATUS": null }, "geometry": { "type": "MultiPolygon", "coordinates": [ [ [ [ 39.707678525096178, 21.292217599944131, 0.0 ], [ 39.707716632265829, 21.291260786443107, 0.0 ], [ 39.707756605159318, 21.291226023135753, 0.0 ], [ 39.707486860918742, 21.291216622885791, 0.0 ], [ 39.707523957761111, 21.291254071978781, 0.0 ], [ 39.707505263101403, 21.291723452209258, 0.0 ], [ 39.707495196716913, 21.291976195391541, 0.0 ], [ 39.70748584934158, 21.292210885477623, 0.0 ], [ 39.707678525096178, 21.292217599944131, 0.0 ] ] ] ] } },
{ "type": "Feature", "properties": { "ID": "688", "ROAD NAME": "R8E29", "FILL-TOTAL": null, "CUT-TOTAL": null, "FILL-DONE": null, "CUT-DONE": null, "FILL-REMAN": null, "CUT-REMAN": null, "EQUPIMENTS": null, "CONTRACTOR": null, "STATUS": null }, "geometry": { "type": "MultiPolygon", "coordinates": [ [ [ [ 39.707495196716913, 21.291976195391541, 0.0 ], [ 39.707505263101403, 21.291723452209258, 0.0 ], [ 39.70746529001606, 21.291758215459168, 0.0 ], [ 39.706660171904019, 21.291730155599549, 0.0 ], [ 39.706390426758482, 21.2917207536109, 0.0 ], [ 39.706162806202421, 21.291712819538482, 0.0 ], [ 39.706155614286608, 21.291893350380111, 0.0 ], [ 39.707458099694264, 21.291938746303575, 0.0 ], [ 39.707495196716913, 21.291976195391541, 0.0 ] ] ] ] } },
{ "type": "Feature", "properties": { "ID": "586", "ROAD NAME": "R8C4", "FILL-TOTAL": null, "CUT-TOTAL": null, "FILL-DONE": null, "CUT-DONE": null, "FILL-REMAN": null, "CUT-REMAN": null, "EQUPIMENTS": null, "CONTRACTOR": null, "STATUS": null }, "geometry": { "type": "MultiPolygon", "coordinates": [ [ [ [ 39.709484262064215, 21.292877094441714, 0.0 ], [ 39.709499356536661, 21.292497979719297, 0.0 ], [ 39.70943939732156, 21.292550125283942, 0.0 ], [ 39.708611853083035, 21.292521293857646, 0.0 ], [ 39.708187965541647, 21.292506524134058, 0.0 ], [ 39.705740322593996, 21.292421218608322, 0.0 ], [ 39.705705567188417, 21.292383917689872, 0.0 ], [ 39.705708598379374, 21.292745389276021, 0.0 ], [ 39.705745299514355, 21.292710642557743, 0.0 ], [ 39.707168764374607, 21.292760257455786, 0.0 ], [ 39.707438511433985, 21.292769658124765, 0.0 ], [ 39.707905751926894, 21.292785940394882, 0.0 ], [ 39.708175499044749, 21.292795339872818, 0.0 ], [ 39.709447164316295, 21.292839645825552, 0.0 ], [ 39.709484262064215, 21.292877094441714, 0.0 ] ] ] ] } },
{ "type": "Feature", "properties": { "ID": "617", "ROAD NAME": "R8E19", "FILL-TOTAL": null, "CUT-TOTAL": null, "FILL-DONE": null, "CUT-DONE": null, "FILL-REMAN": null, "CUT-REMAN": null, "EQUPIMENTS": null, "CONTRACTOR": null, "STATUS": null }, "geometry": { "type": "MultiPolygon", "coordinates": [ [ [ [ 39.709455510561121, 21.293599217641013, 0.0 ], [ 39.709465573606174, 21.293346474533411, 0.0 ], [ 39.709425600569354, 21.293381238238808, 0.0 ], [ 39.708153930628505, 21.29333693227823, 0.0 ], [ 39.708116833089889, 21.293299483363633, 0.0 ], [ 39.708106767733746, 21.293552226467384, 0.0 ], [ 39.708146741135543, 21.293517463066706, 0.0 ], [ 39.708647702578112, 21.293534918087602, 0.0 ], [ 39.708917451077802, 21.293544316322215, 0.0 ], [ 39.709418412632871, 21.293561769029896, 0.0 ], [ 39.709455510561121, 21.293599217641013, 0.0 ] ] ] ] } },
{ "type": "Feature", "properties": { "ID": "654", "ROAD NAME": "R8E33", "FILL-TOTAL": null, "CUT-TOTAL": null, "FILL-DONE": null, "CUT-DONE": null, "FILL-REMAN": null, "CUT-REMAN": null, "EQUPIMENTS": null, "CONTRACTOR": null, "STATUS": null }, "geometry": { "type": "MultiPolygon", "coordinates": [ [ [ [ 39.708065068183373, 21.2945993049008, 0.0 ], [ 39.708106767733746, 21.293552226467384, 0.0 ], [ 39.708116833089889, 21.293299483363633, 0.0 ], [ 39.70813552583995, 21.292830103279154, 0.0 ], [ 39.708175499044756, 21.2927953398728, 0.0 ], [ 39.707905751926894, 21.292785940394882, 0.0 ], [ 39.707942849280037, 21.292823389366276, 0.0 ], [ 39.707872389312278, 21.29459259098396, 0.0 ], [ 39.707832415560986, 21.294627354322667, 0.0 ], [ 39.708102166046551, 21.294636753806348, 0.0 ], [ 39.708065068183373, 21.2945993049008, 0.0 ] ] ] ] } },
{ "type": "Feature", "properties": { "ID": "553", "ROAD NAME": "R8E21", "FILL-TOTAL": null, "CUT-TOTAL": null, "FILL-DONE": null, "CUT-DONE": null, "FILL-REMAN": null, "CUT-REMAN": null, "EQUPIMENTS": null, "CONTRACTOR": null, "STATUS": null }, "geometry": { "type": "MultiPolygon", "coordinates": [ [ [ [ 39.707328071560354, 21.29457362296705, 0.0 ], [ 39.707398538057134, 21.29280442136066, 0.0 ], [ 39.707438511433985, 21.292769658124765, 0.0 ], [ 39.707168764374607, 21.292760257455786, 0.0 ], [ 39.707205861538988, 21.292797706597028, 0.0 ], [ 39.707187165830518, 21.293267086676376, 0.0 ], [ 39.707177098881346, 21.29351982977737, 0.0 ], [ 39.707135392731054, 21.294566908199393, 0.0 ], [ 39.707095418807697, 21.294601671367598, 0.0 ], [ 39.707365169234755, 21.294611072042457, 0.0 ], [ 39.707328071560354, 21.29457362296705, 0.0 ] ] ] ] } },
{ "type": "Feature", "properties": { "ID": "706", "ROAD NAME": "R8E22", "FILL-TOTAL": null, "CUT-TOTAL": null, "FILL-DONE": null, "CUT-DONE": null, "FILL-REMAN": null, "CUT-REMAN": null, "EQUPIMENTS": null, "CONTRACTOR": null, "STATUS": null }, "geometry": { "type": "MultiPolygon", "coordinates": [ [ [ [ 39.707177098881346, 21.29351982977737, 0.0 ], [ 39.707187165830518, 21.293267086676376, 0.0 ], [ 39.7071471922618, 21.293301849854821, 0.0 ], [ 39.706214634883295, 21.293269347034691, 0.0 ], [ 39.706207443016737, 21.293449877819068, 0.0 ], [ 39.706369291997689, 21.293455519178199, 0.0 ], [ 39.706639040316404, 21.29346492109504, 0.0 ], [ 39.707140001536644, 21.293482380641159, 0.0 ], [ 39.707177098881346, 21.29351982977737, 0.0 ] ] ] ] } },
{ "type": "Feature", "properties": { "ID": "600", "ROAD NAME": "R8E18", "FILL-TOTAL": null, "CUT-TOTAL": null, "FILL-DONE": null, "CUT-DONE": null, "FILL-REMAN": null, "CUT-REMAN": null, "EQUPIMENTS": null, "CONTRACTOR": null, "STATUS": null }, "geometry": { "type": "MultiPolygon", "coordinates": [ [ [ [ 39.709403757435844, 21.294899039130776, 0.0 ], [ 39.709413820585802, 21.294646296090551, 0.0 ], [ 39.709373847194378, 21.294681059785777, 0.0 ], [ 39.708872881837593, 21.29466360707179, 0.0 ], [ 39.708603131290864, 21.294654208833723, 0.0 ], [ 39.708102166046551, 21.294636753806348, 0.0 ], [ 39.707832415560986, 21.294627354322667, 0.0 ], [ 39.707365169234755, 21.294611072042457, 0.0 ], [ 39.707095418807697, 21.294601671367598, 0.0 ], [ 39.706594453785783, 21.294584211814776, 0.0 ], [ 39.706324703420002, 21.2945748098943, 0.0 ], [ 39.706162853211097, 21.294569168532831, 0.0 ], [ 39.706155661269385, 21.294749699268881, 0.0 ], [ 39.709366659182955, 21.294861590528708, 0.0 ], [ 39.709403757435844, 21.294899039130776, 0.0 ] ] ] ] } },
{ "type": "Feature", "properties": { "ID": "562", "ROAD NAME": "R8E20", "FILL-TOTAL": null, "CUT-TOTAL": null, "FILL-DONE": null, "CUT-DONE": null, "FILL-REMAN": null, "CUT-REMAN": null, "EQUPIMENTS": null, "CONTRACTOR": null, "STATUS": null }, "geometry": { "type": "MultiPolygon", "coordinates": [ [ [ [ 39.708835783776969, 21.294626158343846, 0.0 ], [ 39.708877477855935, 21.293579079901175, 0.0 ], [ 39.708917451077802, 21.293544316322215, 0.0 ], [ 39.708647702578112, 21.293534918087602, 0.0 ], [ 39.708684800308987, 21.293572366876361, 0.0 ], [ 39.708643104862226, 21.294619445316759, 0.0 ], [ 39.708603131290864, 21.294654208833723, 0.0 ], [ 39.708872881837593, 21.29466360707179, 0.0 ], [ 39.708835783776969, 21.294626158343846, 0.0 ] ] ] ] } },
{ "type": "Feature", "properties": { "ID": "602", "ROAD NAME": "R8E24", "FILL-TOTAL": null, "CUT-TOTAL": null, "FILL-DONE": null, "CUT-DONE": null, "FILL-REMAN": null, "CUT-REMAN": null, "EQUPIMENTS": null, "CONTRACTOR": null, "STATUS": null }, "geometry": { "type": "MultiPolygon", "coordinates": [ [ [ [ 39.706557356308814, 21.294546762561765, 0.0 ], [ 39.706599066562646, 21.293499684146987, 0.0 ], [ 39.706639040316404, 21.29346492109504, 0.0 ], [ 39.706369291997689, 21.293455519178199, 0.0 ], [ 39.706406389144966, 21.293492968492028, 0.0 ], [ 39.706364677523283, 21.294540046904363, 0.0 ], [ 39.706324703420002, 21.2945748098943, 0.0 ], [ 39.706594453785783, 21.294584211814776, 0.0 ], [ 39.706557356308814, 21.294546762561765, 0.0 ] ] ] ] } },
{ "type": "Feature", "properties": { "ID": "582", "ROAD NAME": "R0B12", "FILL-TOTAL": null, "CUT-TOTAL": null, "FILL-DONE": null, "CUT-DONE": null, "FILL-REMAN": null, "CUT-REMAN": null, "EQUPIMENTS": null, "CONTRACTOR": null, "STATUS": null }, "geometry": { "type": "MultiPolygon", "coordinates": [ [ [ [ 39.713478412488818, 21.295926761378745, 0.0 ], [ 39.715696884490576, 21.296003974980501, 0.0 ], [ 39.716363246817096, 21.296073437997155, 0.0 ], [ 39.717445037722577, 21.296115969132288, 0.0 ], [ 39.718113326765895, 21.296095126562832, 0.0 ], [ 39.718197894024222, 21.296098218052304, 0.0 ], [ 39.719064509918539, 21.296151862080897, 0.0 ], [ 39.719353379468814, 21.296159747962793, 0.0 ], [ 39.719640534364743, 21.296167584536171, 0.0 ], [ 39.719647463583904, 21.29616792122965, 0.0 ], [ 39.719654388371062, 21.296168330065417, 0.0 ], [ 39.719661307870702, 21.296168810992924, 0.0 ], [ 39.719668221227842, 21.296169363952778, 0.0 ], [ 39.719675127588381, 21.296169988876638, 0.0 ], [ 39.719682026099015, 21.296170685687308, 0.0 ], [ 39.719688915907405, 21.296171454298708, 0.0 ], [ 39.719695796162327, 21.296172294615847, 0.0 ], [ 39.71970266601371, 21.296173206534924, 0.0 ], [ 39.719709524612753, 21.296174189943258, 0.0 ], [ 39.719716371112142, 21.296175244719354, 0.0 ], [ 39.71972320466589, 21.296176370732883, 0.0 ], [ 39.719730024429758, 21.29617756784474, 0.0 ], [ 39.719736829561114, 21.296178835907007, 0.0 ], [ 39.719743619219223, 21.29618017476302, 0.0 ], [ 39.719750392565189, 21.296181584247346, 0.0 ], [ 39.719757148762149, 21.296183064185858, 0.0 ], [ 39.719763886975379, 21.296184614395699, 0.0 ], [ 39.719770606372364, 21.296186234685351, 0.0 ], [ 39.719777306122893, 21.296187924854614, 0.0 ], [ 39.719783985399225, 21.296189684694667, 0.0 ], [ 39.719790643376115, 21.296191513988077, 0.0 ], [ 39.719797279230967, 21.296193412508824, 0.0 ], [ 39.719803892143894, 21.296195380022361, 0.0 ], [ 39.719810481297877, 21.296197416285583, 0.0 ], [ 39.71981704587882, 21.296199521046905, 0.0 ], [ 39.719823585075638, 21.296201694046314, 0.0 ], [ 39.719830098080436, 21.296203935015289, 0.0 ], [ 39.719836584088483, 21.296206243676977, 0.0 ], [ 39.719843042298471, 21.296208619746139, 0.0 ], [ 39.719849471912426, 21.296211062929189, 0.0 ], [ 39.719855872135987, 21.296213572924298, 0.0 ], [ 39.719862242178394, 21.296216149421323, 0.0 ], [ 39.719868581252605, 21.296218792101968, 0.0 ], [ 39.71987488857544, 21.296221500639703, 0.0 ], [ 39.719881163367603, 21.296224274699888, 0.0 ], [ 39.719887404853843, 21.296227113939768, 0.0 ], [ 39.719893612263007, 21.296230018008576, 0.0 ], [ 39.719899784828158, 21.296232986547491, 0.0 ], [ 39.719905921786641, 21.296236019189767, 0.0 ], [ 39.719912022380278, 21.296239115560692, 0.0 ], [ 39.719918085855291, 21.296242275277717, 0.0 ], [ 39.719924111462525, 21.296245497950437, 0.0 ], [ 39.719930098457532, 21.296248783180729, 0.0 ], [ 39.719936046100592, 21.296252130562646, 0.0 ], [ 39.719941953656843, 21.296255539682655, 0.0 ], [ 39.719947820396413, 21.296259010119524, 0.0 ], [ 39.719953645594472, 21.296262541444491, 0.0 ], [ 39.719959428531276, 21.296266133221266, 0.0 ], [ 39.719965168492358, 21.296269785006039, 0.0 ], [ 39.719970864768506, 21.296273496347663, 0.0 ], [ 39.719976516655954, 21.296277266787584, 0.0 ], [ 39.719982123456397, 21.296281095859946, 0.0 ], [ 39.71998768447709, 21.296284983091713, 0.0 ], [ 39.719993199030959, 21.296288928002536, 0.0 ], [ 39.71999866643668, 21.296292930105057, 0.0 ], [ 39.720004086018733, 21.296296988904786, 0.0 ], [ 39.72000945710753, 21.296301103900287, 0.0 ], [ 39.720014779039445, 21.296305274583126, 0.0 ], [ 39.720020051156943, 21.296309500438021, 0.0 ], [ 39.720025272808648, 21.296313780942832, 0.0 ], [ 39.720030443349401, 21.29631811556871, 0.0 ], [ 39.720035562140382, 21.296322503780111, 0.0 ], [ 39.720040628549135, 21.296326945034867, 0.0 ], [ 39.720045641949731, 21.296331438784236, 0.0 ], [ 39.720050601722704, 21.296335984473018, 0.0 ], [ 39.720055507255282, 21.296340581539578, 0.0 ], [ 39.720060357941371, 21.296345229415945, 0.0 ], [ 39.720065153181658, 21.296349927527878, 0.0 ], [ 39.720069892383684, 21.296354675294904, 0.0 ], [ 39.720074574961885, 21.29635947213043, 0.0 ], [ 39.720079200337722, 21.296364317441782, 0.0 ], [ 39.720083767939741, 21.296369210630353, 0.0 ], [ 39.720088277203573, 21.296374151091545, 0.0 ], [ 39.720092727572101, 21.296379138214977, 0.0 ], [ 39.720097118495445, 21.296384171384453, 0.0 ], [ 39.720101449431141, 21.296389249978152, 0.0 ], [ 39.720105719844035, 21.296394373368578, 0.0 ], [ 39.720109929206515, 21.296399540922749, 0.0 ], [ 39.720114076998527, 21.296404752002172, 0.0 ], [ 39.720118162707578, 21.296410005963025, 0.0 ], [ 39.720122185828856, 21.296415302156188, 0.0 ], [ 39.720126145865329, 21.296420639927273, 0.0 ], [ 39.720130042327661, 21.29642601861681, 0.0 ], [ 39.720133874734465, 21.296431437560258, 0.0 ], [ 39.720137642612229, 21.296436896088068, 0.0 ], [ 39.720141345495428, 21.296442393525847, 0.0 ], [ 39.720144982926548, 21.296447929194375, 0.0 ], [ 39.720148554456159, 21.296453502409708, 0.0 ], [ 39.720152059643006, 21.29645911248328, 0.0 ], [ 39.720155498053977, 21.296464758721914, 0.0 ], [ 39.720158869264267, 21.296470440428049, 0.0 ], [ 39.72016217285735, 21.296476156899676, 0.0 ], [ 39.720165408425039, 21.296481907430518, 0.0 ], [ 39.720168575567563, 21.296487691310084, 0.0 ], [ 39.720171673893631, 21.296493507823762, 0.0 ], [ 39.720174703020412, 21.296499356252916, 0.0 ], [ 39.72017766257364, 21.29650523587495, 0.0 ], [ 39.720180552187649, 21.296511145963432, 0.0 ], [ 39.720183371505421, 21.296517085788157, 0.0 ], [ 39.720186120178603, 21.296523054615253, 0.0 ], [ 39.720188797867607, 21.296529051707239, 0.0 ], [ 39.720191404241561, 21.296535076323181, 0.0 ], [ 39.720193938978447, 21.296541127718729, 0.0 ], [ 39.720196401765079, 21.296547205146197, 0.0 ], [ 39.720198792297182, 21.296553307854719, 0.0 ], [ 39.720201110279369, 21.296559435090288, 0.0 ], [ 39.720203355425255, 21.29656558609587, 0.0 ], [ 39.720205527457409, 21.296571760111501, 0.0 ], [ 39.720207626107516, 21.296577956374367, 0.0 ], [ 39.720209651116221, 21.296584174118891, 0.0 ], [ 39.720211602233348, 21.296590412576872, 0.0 ], [ 39.720213479217826, 21.296596670977529, 0.0 ], [ 39.720215281837724, 21.296602948547608, 0.0 ], [ 39.720217009870311, 21.296609244511547, 0.0 ], [ 39.720218663102109, 21.2966155580914, 0.0 ], [ 39.720220241328796, 21.296621888507154, 0.0 ], [ 39.72022174435542, 21.296628234976662, 0.0 ], [ 39.720223171996224, 21.296634596715791, 0.0 ], [ 39.720224524074851, 21.296640972938548, 0.0 ], [ 39.720225800424224, 21.296647362857126, 0.0 ], [ 39.720227000886624, 21.296653765682034, 0.0 ], [ 39.720228125313717, 21.29666018062219, 0.0 ], [ 39.720229173566587, 21.296666606885005, 0.0 ], [ 39.720230145515714, 21.296673043676503, 0.0 ], [ 39.720231041040975, 21.29667949020142, 0.0 ], [ 39.720231860031731, 21.296685945663253, 0.0 ], [ 39.720232602386794, 21.296692409264409, 0.0 ], [ 39.720233268014425, 21.296698880206311, 0.0 ], [ 39.720233856832365, 21.29670535768944, 0.0 ], [ 39.720234368767855, 21.296711840913495, 0.0 ], [ 39.720234803757648, 21.296718329077446, 0.0 ], [ 39.720235161747972, 21.29672482137968, 0.0 ], [ 39.720235442694609, 21.296731317018047, 0.0 ], [ 39.720235646562827, 21.296737815189999, 0.0 ], [ 39.72023577332741, 21.296744315092671, 0.0 ], [ 39.720235818710194, 21.296749395491492, 0.0 ], [ 39.720297540180724, 21.29519634751507, 0.0 ], [ 39.720297116662934, 21.295202804665507, 0.0 ], [ 39.720296616193231, 21.295209256989835, 0.0 ], [ 39.720296038834064, 21.295215703682992, 0.0 ], [ 39.720295384657412, 21.295222143940659, 0.0 ], [ 39.720294653744915, 21.295228576959314, 0.0 ], [ 39.720293846187758, 21.295235001936295, 0.0 ], [ 39.720292962086674, 21.295241418069999, 0.0 ], [ 39.720292001551968, 21.295247824559887, 0.0 ], [ 39.720290964703466, 21.295254220606648, 0.0 ], [ 39.720289851670543, 21.295260605412246, 0.0 ], [ 39.720288662592033, 21.295266978180059, 0.0 ], [ 39.720287397616296, 21.295273338114999, 0.0 ], [ 39.720286056901159, 21.295279684423527, 0.0 ], [ 39.720284640613905, 21.295286016313852, 0.0 ], [ 39.720283148931188, 21.295292332995949, 0.0 ], [ 39.720281582039135, 21.295298633681703, 0.0 ], [ 39.720279940133224, 21.295304917584989, 0.0 ], [ 39.720278223418305, 21.295311183921761, 0.0 ], [ 39.720276432108591, 21.29531743191022, 0.0 ], [ 39.720274566427513, 21.295323660770784, 0.0 ], [ 39.720272626607887, 21.295329869726316, 0.0 ], [ 39.72027061289171, 21.295336058002121, 0.0 ], [ 39.72026852553023, 21.295342224826108, 0.0 ], [ 39.720266364783853, 21.295348369428861, 0.0 ], [ 39.720264130922182, 21.295354491043732, 0.0 ], [ 39.720261824223911, 21.295360588906934, 0.0 ], [ 39.720259444976833, 21.295366662257649, 0.0 ], [ 39.720256993477776, 21.295372710338125, 0.0 ], [ 39.720254470032636, 21.295378732393747, 0.0 ], [ 39.720251874956254, 21.295384727673166, 0.0 ], [ 39.720249208572334, 21.295390695428349, 0.0 ], [ 39.720246471213621, 21.295396634914731, 0.0 ], [ 39.720243663221609, 21.295402545391244, 0.0 ], [ 39.72024078494664, 21.295408426120442, 0.0 ], [ 39.720237836747827, 21.295414276368593, 0.0 ], [ 39.720234818992985, 21.295420095405827, 0.0 ], [ 39.72023173205865, 21.295425882506041, 0.0 ], [ 39.720228576329951, 21.295431636947246, 0.0 ], [ 39.720225352200615, 21.29543735801143, 0.0 ], [ 39.720222060072899, 21.295443044984808, 0.0 ], [ 39.720218700357549, 21.295448697157845, 0.0 ], [ 39.720215273473762, 21.295454313825292, 0.0 ], [ 39.720211779849052, 21.295459894286388, 0.0 ], [ 39.720208219919364, 21.295465437844872, 0.0 ], [ 39.720204594128802, 21.295470943809079, 0.0 ], [ 39.720200902929768, 21.295476411492047, 0.0 ], [ 39.720197146782795, 21.295481840211586, 0.0 ], [ 39.720193326156519, 21.295487229290334, 0.0 ], [ 39.72018944152763, 21.295492578055949, 0.0 ], [ 39.720185493380797, 21.295497885841048, 0.0 ], [ 39.720181482208623, 21.29550315198339, 0.0 ], [ 39.720177408511553, 21.295508375825946, 0.0 ], [ 39.720173272797858, 21.295513556716934, 0.0 ], [ 39.720169075583527, 21.295518694009921, 0.0 ], [ 39.720164817392273, 21.295523787063974, 0.0 ], [ 39.72016049875532, 21.295528835243605, 0.0 ], [ 39.720156120211513, 21.29553383791901, 0.0 ], [ 39.720151682307169, 21.295538794465969, 0.0 ], [ 39.720147185595962, 21.295543704266084, 0.0 ], [ 39.720142630638954, 21.295548566706753, 0.0 ], [ 39.720138018004434, 21.2955533811813, 0.0 ], [ 39.720133348267929, 21.295558147089057, 0.0 ], [ 39.720128622012055, 21.295562863835364, 0.0 ], [ 39.720123839826499, 21.295567530831732, 0.0 ], [ 39.720119002307918, 21.29557214749585, 0.0 ], [ 39.720114110059875, 21.295576713251709, 0.0 ], [ 39.720109163692776, 21.295581227529663, 0.0 ], [ 39.720104163823748, 21.295585689766451, 0.0 ], [ 39.720099111076628, 21.295590099405338, 0.0 ], [ 39.720094006081816, 21.295594455896151, 0.0 ], [ 39.720088849476269, 21.29559875869532, 0.0 ], [ 39.720083641903337, 21.295603007265999, 0.0 ], [ 39.720078384012801, 21.295607201078106, 0.0 ], [ 39.720073076460636, 21.295611339608374, 0.0 ], [ 39.720067719909061, 21.295615422340433, 0.0 ], [ 39.720062315026425, 21.295619448764928, 0.0 ], [ 39.720056862487048, 21.295623418379453, 0.0 ], [ 39.720051362971255, 21.295627330688735, 0.0 ], [ 39.720045817165186, 21.295631185204613, 0.0 ], [ 39.720040225760812, 21.295634981446231, 0.0 ], [ 39.720034589455743, 21.295638718939877, 0.0 ], [ 39.720028908953203, 21.295642397219257, 0.0 ], [ 39.720023184961939, 21.295646015825419, 0.0 ], [ 39.720017418196136, 21.2956495743069, 0.0 ], [ 39.720011609375291, 21.2956530722197, 0.0 ], [ 39.720005759224165, 21.295656509127376, 0.0 ], [ 39.719999868472662, 21.295659884601125, 0.0 ], [ 39.719993937855776, 21.295663198219799, 0.0 ], [ 39.719987968113436, 21.295666449569932, 0.0 ], [ 39.719981959990491, 21.295669638245911, 0.0 ], [ 39.719975914236578, 21.295672763849829, 0.0 ], [ 39.719969831605979, 21.295675825991733, 0.0 ], [ 39.719963712857648, 21.295678824289595, 0.0 ], [ 39.71995755875497, 21.29568175836927, 0.0 ], [ 39.719951370065829, 21.295684627864695, 0.0 ], [ 39.719945147562349, 21.295687432417871, 0.0 ], [ 39.71993889202092, 21.295690171678846, 0.0 ], [ 39.719932604222016, 21.295692845305854, 0.0 ], [ 39.719926284950162, 21.29569545296533, 0.0 ], [ 39.719919934993811, 21.295697994331885, 0.0 ], [ 39.719913555145233, 21.295700469088448, 0.0 ], [ 39.719907146200441, 21.295702876926267, 0.0 ], [ 39.719900708959067, 21.295705217544892, 0.0 ], [ 39.719894244224243, 21.295707490652291, 0.0 ], [ 39.719887752802606, 21.295709695964884, 0.0 ], [ 39.719881235504076, 21.295711833207474, 0.0 ], [ 39.719874693141797, 21.295713902113416, 0.0 ], [ 39.719868126532027, 21.295715902424575, 0.0 ], [ 39.719861536494129, 21.295717833891377, 0.0 ], [ 39.719854923850271, 21.295719696272837, 0.0 ], [ 39.719848289425556, 21.295721489336579, 0.0 ], [ 39.719841634047739, 21.295723212858888, 0.0 ], [ 39.719834958547168, 21.29572486662472, 0.0 ], [ 39.719828263756789, 21.29572645042774, 0.0 ], [ 39.719821550511874, 21.295727964070341, 0.0 ], [ 39.719814819650011, 21.295729407363659, 0.0 ], [ 39.719808072011034, 21.295730780127627, 0.0 ], [ 39.719801308436807, 21.295732082190952, 0.0 ], [ 39.719794529771249, 21.295733313391192, 0.0 ], [ 39.719787736860098, 21.295734473574718, 0.0 ], [ 39.719780930550904, 21.295735562596775, 0.0 ], [ 39.719774111692878, 21.295736580321506, 0.0 ], [ 39.719767281136811, 21.295737526621913, 0.0 ], [ 39.719760439734934, 21.295738401379943, 0.0 ], [ 39.719753588340843, 21.295739204486427, 0.0 ], [ 39.719746727809387, 21.29573993584118, 0.0 ], [ 39.719739858996533, 21.295740595352932, 0.0 ], [ 39.719732982759297, 21.295741182939437, 0.0 ], [ 39.719726099955636, 21.295741698527348, 0.0 ], [ 39.719719211444271, 21.295742142052326, 0.0 ], [ 39.719712318084717, 21.295742513459068, 0.0 ], [ 39.719705420737043, 21.295742812701224, 0.0 ], [ 39.719698520261801, 21.295743039741438, 0.0 ], [ 39.71969161751997, 21.295743194551385, 0.0 ], [ 39.719684713372807, 21.295743277111768, 0.0 ], [ 39.719677808681702, 21.295743287412289, 0.0 ], [ 39.719670904308188, 21.295743225451638, 0.0 ], [ 39.719664001113685, 21.295743091237561, 0.0 ], [ 39.719660368984641, 21.29574299159346, 0.0 ], [ 39.719080708212033, 21.295718576308563, 0.0 ], [ 39.718501984584101, 21.295721925064505, 0.0 ], [ 39.718126243519222, 21.295708855788106, 0.0 ], [ 39.717461928357245, 21.295639441401722, 0.0 ], [ 39.716380407176153, 21.295604178834807, 0.0 ], [ 39.715712063730372, 21.295624863962903, 0.0 ], [ 39.71351276476598, 21.295548317615125, 0.0 ], [ 39.713457115618063, 21.295492146141612, 0.0 ], [ 39.713438439746916, 21.29596152601561, 0.0 ], [ 39.713478412488818, 21.295926761378745, 0.0 ] ] ] ] } },
{ "type": "Feature", "properties": { "ID": "531", "ROAD NAME": "R5C1", "FILL-TOTAL": null, "CUT-TOTAL": null, "FILL-DONE": null, "CUT-DONE": null, "FILL-REMAN": null, "CUT-REMAN": null, "EQUPIMENTS": null, "CONTRACTOR": null, "STATUS": null }, "geometry": { "type": "MultiPolygon", "coordinates": [ [ [ [ 39.716812151227352, 21.30226614442768, 0.0 ], [ 39.716881786684908, 21.300514998359422, 0.0 ], [ 39.716897580158751, 21.300117831122591, 0.0 ], [ 39.716915527227457, 21.29966650467783, 0.0 ], [ 39.716925577557767, 21.29941376185068, 0.0 ], [ 39.716972957413937, 21.298222259775173, 0.0 ], [ 39.716983007629011, 21.297969516873241, 0.0 ], [ 39.717000415988807, 21.297531730030279, 0.0 ], [ 39.717010466148047, 21.297278987092628, 0.0 ], [ 39.717041749572275, 21.296492263450162, 0.0 ], [ 39.717042000038269, 21.296486952674563, 0.0 ], [ 39.717042327529313, 21.296481645570491, 0.0 ], [ 39.717042731984868, 21.296476343118581, 0.0 ], [ 39.717043213330186, 21.296471046298599, 0.0 ], [ 39.717043771476327, 21.296465756089304, 0.0 ], [ 39.717044406320156, 21.296460473468208, 0.0 ], [ 39.717045117744341, 21.296455199411433, 0.0 ], [ 39.717045905617432, 21.296449934893491, 0.0 ], [ 39.717046769793832, 21.296444680887177, 0.0 ], [ 39.717047710113867, 21.296439438363315, 0.0 ], [ 39.717048726403753, 21.296434208290584, 0.0 ], [ 39.717049818475701, 21.296428991635437, 0.0 ], [ 39.717050986127916, 21.296423789361754, 0.0 ], [ 39.717052229144635, 21.29641860243084, 0.0 ], [ 39.717053547296175, 21.29641343180111, 0.0 ], [ 39.71705494033894, 21.296408278427986, 0.0 ], [ 39.717056408015537, 21.296403143263703, 0.0 ], [ 39.717057950054745, 21.296398027257119, 0.0 ], [ 39.717059566171642, 21.296392931353594, 0.0 ], [ 39.717061256067574, 21.296387856494707, 0.0 ], [ 39.717063019430292, 21.296382803618197, 0.0 ], [ 39.717064855933963, 21.296377773657724, 0.0 ], [ 39.717066765239203, 21.296372767542714, 0.0 ], [ 39.717068746993242, 21.296367786198189, 0.0 ], [ 39.717070800829873, 21.296362830544602, 0.0 ], [ 39.717072926369575, 21.296357901497643, 0.0 ], [ 39.717075123219594, 21.296352999968086, 0.0 ], [ 39.717077390974019, 21.296348126861652, 0.0 ], [ 39.717079729213765, 21.296343283078755, 0.0 ], [ 39.717082137506793, 21.296338469514442, 0.0 ], [ 39.717084615408105, 21.296333687058141, 0.0 ], [ 39.717087162459805, 21.296328936593557, 0.0 ], [ 39.717089778191273, 21.296324218998478, 0.0 ], [ 39.717092462119155, 21.296319535144598, 0.0 ], [ 39.71709521374752, 21.296314885897377, 0.0 ], [ 39.717098032567925, 21.296310272115935, 0.0 ], [ 39.717100918059494, 21.296305694652755, 0.0 ], [ 39.717103869689055, 21.296301154353692, 0.0 ], [ 39.71710688691121, 21.296296652057666, 0.0 ], [ 39.717109969168426, 21.29629218859662, 0.0 ], [ 39.717113115891166, 21.296287764795292, 0.0 ], [ 39.717116326497987, 21.296283381471099, 0.0 ], [ 39.717119600395634, 21.29627903943399, 0.0 ], [ 39.717122936979152, 21.296274739486293, 0.0 ], [ 39.717126335631974, 21.296270482422518, 0.0 ], [ 39.717129795726166, 21.296266269029303, 0.0 ], [ 39.717133316622316, 21.296262100085144, 0.0 ], [ 39.717136897669874, 21.296257976360423, 0.0 ], [ 39.717140538207104, 21.296253898617088, 0.0 ], [ 39.717144237561328, 21.296249867608633, 0.0 ], [ 39.717147995048997, 21.296245884079852, 0.0 ], [ 39.717151809975768, 21.29624194876688, 0.0 ], [ 39.717155681636761, 21.296238062396831, 0.0 ], [ 39.717159609316539, 21.296234225687833, 0.0 ], [ 39.717163592289374, 21.296230439348825, 0.0 ], [ 39.717167629819293, 21.296226704079427, 0.0 ], [ 39.717171721160234, 21.296223020569851, 0.0 ], [ 39.717175865556221, 21.29621938950071, 0.0 ], [ 39.717180062241447, 21.296215811542975, 0.0 ], [ 39.717184310440437, 21.29621228735774, 0.0 ], [ 39.71718860936825, 21.296208817596209, 0.0 ], [ 39.71719295823052, 21.296205402899531, 0.0 ], [ 39.717197356223657, 21.296202043898639, 0.0 ], [ 39.717201802535023, 21.296198741214205, 0.0 ], [ 39.717206296343036, 21.296195495456516, 0.0 ], [ 39.71721083681733, 21.296192307225301, 0.0 ], [ 39.71721542311893, 21.296189177109667, 0.0 ], [ 39.717220054400386, 21.296186105688001, 0.0 ], [ 39.717224729805928, 21.296183093527819, 0.0 ], [ 39.717229448471656, 21.296180141185722, 0.0 ], [ 39.717234209525664, 21.296177249207215, 0.0 ], [ 39.717239012088193, 21.296174418126679, 0.0 ], [ 39.717243855271867, 21.296171648467222, 0.0 ], [ 39.717248738181738, 21.296168940740657, 0.0 ], [ 39.717253659915542, 21.296166295447264, 0.0 ], [ 39.717258619563921, 21.296163713075863, 0.0 ], [ 39.717263616210374, 21.296161194103593, 0.0 ], [ 39.71726864893165, 21.296158738995924, 0.0 ], [ 39.71727371679782, 21.296156348206505, 0.0 ], [ 39.717278818872451, 21.296154022177074, 0.0 ], [ 39.717283954212796, 21.296151761337466, 0.0 ], [ 39.717289121869946, 21.296149566105399, 0.0 ], [ 39.717294320889046, 21.296147436886525, 0.0 ], [ 39.717299550309427, 21.296145374074271, 0.0 ], [ 39.717304809164801, 21.296143378049795, 0.0 ], [ 39.717310096483466, 21.296141449181928, 0.0 ], [ 39.717315411288432, 21.296139587827046, 0.0 ], [ 39.717320752597644, 21.296137794329137, 0.0 ], [ 39.71732611942415, 21.29613606901956, 0.0 ], [ 39.717331510776269, 21.296134412217128, 0.0 ], [ 39.717336925657818, 21.296132824227971, 0.0 ], [ 39.717342363068234, 21.296131305345533, 0.0 ], [ 39.717347822002807, 21.296129855850445, 0.0 ], [ 39.717353301452853, 21.296128476010558, 0.0 ], [ 39.717358800405904, 21.296127166080833, 0.0 ], [ 39.717364317845849, 21.296125926303308, 0.0 ], [ 39.717369852753222, 21.296124756907069, 0.0 ], [ 39.717375404105269, 21.296123658108193, 0.0 ], [ 39.717380970876228, 21.296122630109718, 0.0 ], [ 39.71738655203751, 21.296121673101585, 0.0 ], [ 39.717392146557827, 21.29612078726063, 0.0 ], [ 39.717397753403404, 21.296119972750535, 0.0 ], [ 39.717403371538289, 21.296119229721828, 0.0 ], [ 39.717408999924345, 21.296118558311765, 0.0 ], [ 39.717414637521564, 21.296117958644423, 0.0 ], [ 39.717420283288256, 21.29611743083062, 0.0 ], [ 39.717425936181201, 21.29611697496787, 0.0 ], [ 39.717431595155887, 21.296116591140404, 0.0 ], [ 39.717437259166651, 21.296116279419142, 0.0 ], [ 39.717442927166914, 21.296116039861698, 0.0 ], [ 39.717445037722577, 21.296115969132288, 0.0 ], [ 39.716363246817075, 21.296073437997162, 0.0 ], [ 39.716368847473063, 21.296073987051255, 0.0 ], [ 39.71637443956859, 21.29607460792085, 0.0 ], [ 39.716380022054736, 21.29607530048952, 0.0 ], [ 39.716385593884397, 21.296076064627332, 0.0 ], [ 39.716391154012435, 21.296076900190986, 0.0 ], [ 39.716396701395936, 21.296077807023714, 0.0 ], [ 39.716402234994355, 21.296078784955462, 0.0 ], [ 39.716407753769751, 21.296079833802775, 0.0 ], [ 39.71641325668697, 21.296080953368907, 0.0 ], [ 39.716418742713778, 21.296082143443876, 0.0 ], [ 39.716424210821181, 21.296083403804456, 0.0 ], [ 39.716429659983497, 21.296084734214229, 0.0 ], [ 39.716435089178624, 21.296086134423643, 0.0 ], [ 39.716440497388177, 21.296087604170086, 0.0 ], [ 39.716445883597757, 21.296089143177827, 0.0 ], [ 39.716451246797043, 21.296090751158232, 0.0 ], [ 39.71645658598004, 21.296092427809675, 0.0 ], [ 39.716461900145276, 21.296094172817657, 0.0 ], [ 39.71646718829593, 21.296095985854873, 0.0 ], [ 39.716472449440147, 21.296097866581231, 0.0 ], [ 39.716477682591034, 21.296099814643974, 0.0 ], [ 39.716482886767018, 21.296101829677688, 0.0 ], [ 39.716488060991921, 21.296103911304417, 0.0 ], [ 39.716493204295233, 21.296106059133692, 0.0 ], [ 39.716498315712165, 21.296108272762662, 0.0 ], [ 39.716503394284004, 21.296110551776099, 0.0 ], [ 39.716508439058117, 21.296112895746521, 0.0 ], [ 39.716513449088254, 21.296115304234259, 0.0 ], [ 39.716518423434671, 21.296117776787561, 0.0 ], [ 39.716523361164313, 21.29612031294263, 0.0 ], [ 39.71652826135098, 21.296122912223751, 0.0 ], [ 39.716533123075571, 21.296125574143396, 0.0 ], [ 39.716537945426118, 21.296128298202234, 0.0 ], [ 39.716542727498108, 21.296131083889314, 0.0 ], [ 39.716547468394523, 21.296133930682135, 0.0 ], [ 39.716552167226141, 21.296136838046692, 0.0 ], [ 39.716556823111567, 21.296139805437658, 0.0 ], [ 39.716561435177468, 21.296142832298422, 0.0 ], [ 39.716566002558764, 21.296145918061249, 0.0 ], [ 39.716570524398733, 21.296149062147311, 0.0 ], [ 39.716574999849207, 21.296152263966885, 0.0 ], [ 39.716579428070688, 21.296155522919367, 0.0 ], [ 39.716583808232599, 21.296158838393488, 0.0 ], [ 39.716588139513313, 21.296162209767353, 0.0 ], [ 39.716592421100387, 21.296165636408592, 0.0 ], [ 39.716596652190724, 21.296169117674449, 0.0 ], [ 39.716600831990689, 21.296172652911949, 0.0 ], [ 39.716604959716264, 21.29617624145796, 0.0 ], [ 39.716609034593191, 21.296179882639379, 0.0 ], [ 39.71661305585711, 21.296183575773213, 0.0 ], [ 39.716617022753773, 21.296187320166748, 0.0 ], [ 39.71662093453908, 21.296191115117626, 0.0 ], [ 39.716624790479301, 21.296194959914015, 0.0 ], [ 39.716628589851133, 21.296198853834735, 0.0 ], [ 39.716632331941931, 21.296202796149394, 0.0 ], [ 39.716636016049762, 21.296206786118553, 0.0 ], [ 39.716639641483589, 21.29621082299375, 0.0 ], [ 39.716643207563401, 21.29621490601782, 0.0 ], [ 39.716646713620257, 21.296219034424865, 0.0 ], [ 39.716650158996536, 21.296223207440526, 0.0 ], [ 39.716653543045958, 21.296227424282073, 0.0 ], [ 39.716656865133764, 21.296231684158517, 0.0 ], [ 39.716660124636846, 21.296235986270815, 0.0 ], [ 39.716663320943773, 21.296240329812044, 0.0 ], [ 39.716666453454984, 21.296244713967436, 0.0 ], [ 39.716669521582929, 21.296249137914678, 0.0 ], [ 39.716672524752113, 21.296253600823928, 0.0 ], [ 39.716675462399188, 21.296258101858065, 0.0 ], [ 39.716678333973142, 21.296262640172841, 0.0 ], [ 39.71668113893535, 21.296267214916973, 0.0 ], [ 39.716683876759639, 21.296271825232377, 0.0 ], [ 39.716686546932493, 21.296276470254259, 0.0 ], [ 39.716689148953037, 21.296281149111362, 0.0 ], [ 39.716691682333199, 21.296285860926055, 0.0 ], [ 39.716694146597774, 21.296290604814516, 0.0 ], [ 39.716696541284534, 21.296295379886924, 0.0 ], [ 39.716698865944295, 21.296300185247617, 0.0 ], [ 39.716701120141003, 21.296305019995231, 0.0 ], [ 39.716703303451808, 21.296309883222886, 0.0 ], [ 39.716705415467196, 21.296314774018391, 0.0 ], [ 39.716707455791017, 21.296319691464348, 0.0 ], [ 39.716709424040523, 21.296324634638392, 0.0 ], [ 39.716711319846517, 21.296329602613309, 0.0 ], [ 39.716713142853401, 21.296334594457221, 0.0 ], [ 39.716714892719217, 21.296339609233826, 0.0 ], [ 39.716716569115732, 21.296344646002474, 0.0 ], [ 39.716718171728495, 21.296349703818379, 0.0 ], [ 39.716719700256895, 21.29635478173288, 0.0 ], [ 39.716721154414188, 21.296359878793439, 0.0 ], [ 39.716722533927637, 21.296364994044037, 0.0 ], [ 39.716723838538449, 21.296370126525144, 0.0 ], [ 39.716725068001921, 21.29637527527407, 0.0 ], [ 39.716726222087424, 21.296380439325041, 0.0 ], [ 39.716727300578484, 21.296385617709419, 0.0 ], [ 39.716728303272788, 21.29639080945589, 0.0 ], [ 39.716729229982242, 21.296396013590591, 0.0 ], [ 39.71673008053304, 21.296401229137388, 0.0 ], [ 39.716730854765601, 21.296406455117978, 0.0 ], [ 39.716731552534718, 21.296411690552102, 0.0 ], [ 39.716732173709467, 21.296416934457739, 0.0 ], [ 39.716732718173354, 21.296422185851263, 0.0 ], [ 39.716733185824239, 21.29642744374766, 0.0 ], [ 39.716733576574384, 21.296432707160672, 0.0 ], [ 39.71673389035049, 21.296437975103061, 0.0 ], [ 39.716734127093702, 21.296443246586652, 0.0 ], [ 39.716734286759603, 21.296448520622679, 0.0 ], [ 39.716734369318218, 21.296453796221872, 0.0 ], [ 39.716734374754083, 21.296459072394665, 0.0 ], [ 39.716734303066133, 21.296464348151382, 0.0 ], [ 39.716734154267819, 21.296469622502428, 0.0 ], [ 39.716733928387072, 21.296474894458502, 0.0 ], [ 39.716733625466226, 21.296480163030697, 0.0 ], [ 39.716733367119105, 21.296483855058721, 0.0 ], [ 39.716730890339505, 21.296546138660883, 0.0 ], [ 39.716720839709488, 21.29679888163481, 0.0 ], [ 39.716644741425085, 21.298712506586831, 0.0 ], [ 39.716634690621618, 21.298965249448976, 0.0 ], [ 39.71661728114622, 21.299403036161323, 0.0 ], [ 39.716607230287472, 21.299655778987788, 0.0 ], [ 39.716531130271605, 21.301569402821496, 0.0 ], [ 39.716521079239421, 21.301822145535873, 0.0 ], [ 39.716503848851318, 21.302255418730347, 0.0 ], [ 39.716423901486721, 21.302324949412295, 0.0 ], [ 39.716886355277367, 21.302341037958612, 0.0 ], [ 39.716812151227352, 21.30226614442768, 0.0 ] ] ] ] } },
{ "type": "Feature", "properties": { "ID": "713", "ROAD NAME": "R5E1", "FILL-TOTAL": null, "CUT-TOTAL": null, "FILL-DONE": null, "CUT-DONE": null, "FILL-REMAN": null, "CUT-REMAN": null, "EQUPIMENTS": null, "CONTRACTOR": null, "STATUS": null }, "geometry": { "type": "MultiPolygon", "coordinates": [ [ [ [ 39.719912734952452, 21.297596867205183, 0.0 ], [ 39.719948610457969, 21.296694213767537, 0.0 ], [ 39.717847007781373, 21.29662112268565, 0.0 ], [ 39.717809906995399, 21.296583676053224, 0.0 ], [ 39.717799858214647, 21.296836419029916, 0.0 ], [ 39.717839830128028, 21.296801653383376, 0.0 ], [ 39.719710217010473, 21.296866704293592, 0.0 ], [ 39.719747318339373, 21.296904150484284, 0.0 ], [ 39.719728662463169, 21.297373530271056, 0.0 ], [ 39.719688690857936, 21.29740829635508, 0.0 ], [ 39.717818297106092, 21.297343245436171, 0.0 ], [ 39.717548541520209, 21.297333861802588, 0.0 ], [ 39.717047566917138, 21.297316433897709, 0.0 ], [ 39.717010466148047, 21.297278987092628, 0.0 ], [ 39.717000415988807, 21.297531730030279, 0.0 ], [ 39.717040388279202, 21.297496964567571, 0.0 ], [ 39.718205630667576, 21.297537498649785, 0.0 ], [ 39.71847538663588, 21.297546881209971, 0.0 ], [ 39.719912734952452, 21.297596867205183, 0.0 ] ] ] ] } },
{ "type": "Feature", "properties": { "ID": "710", "ROAD NAME": "R5E5", "FILL-TOTAL": null, "CUT-TOTAL": null, "FILL-DONE": null, "CUT-DONE": null, "FILL-REMAN": null, "CUT-REMAN": null, "EQUPIMENTS": null, "CONTRACTOR": null, "STATUS": null }, "geometry": { "type": "MultiPolygon", "coordinates": [ [ [ [ 39.719865562928817, 21.299516015822071, 0.0 ], [ 39.719921529179544, 21.298107876937806, 0.0 ], [ 39.718455111890265, 21.298056880322399, 0.0 ], [ 39.718185354989004, 21.298047497761008, 0.0 ], [ 39.717020108570679, 21.298006963673483, 0.0 ], [ 39.716983007629011, 21.297969516873241, 0.0 ], [ 39.716972957413937, 21.298222259775173, 0.0 ], [ 39.717012929892689, 21.298187494317794, 0.0 ], [ 39.717513907455057, 21.298204922226546, 0.0 ], [ 39.717783664634631, 21.298214305862189, 0.0 ], [ 39.718912398302351, 21.298253564677996, 0.0 ], [ 39.719182155591454, 21.298262946052883, 0.0 ], [ 39.719683133470163, 21.298280367449344, 0.0 ], [ 39.719720235159585, 21.298317813623363, 0.0 ], [ 39.719672877503534, 21.299509315727462, 0.0 ], [ 39.719632905322854, 21.299544081801759, 0.0 ], [ 39.719902664984289, 21.299553461934092, 0.0 ], [ 39.719865562928817, 21.299516015822071, 0.0 ] ] ] ] } },
{ "type": "Feature", "properties": { "ID": "725", "ROAD NAME": "R5E3", "FILL-TOTAL": null, "CUT-TOTAL": null, "FILL-DONE": null, "CUT-DONE": null, "FILL-REMAN": null, "CUT-REMAN": null, "EQUPIMENTS": null, "CONTRACTOR": null, "STATUS": null }, "geometry": { "type": "MultiPolygon", "coordinates": [ [ [ [ 39.718418010581146, 21.298019433853092, 0.0 ], [ 39.718435414680719, 21.297581647004513, 0.0 ], [ 39.71847538663588, 21.297546881209971, 0.0 ], [ 39.718205630667576, 21.297537498649785, 0.0 ], [ 39.718242731799052, 21.297574945175754, 0.0 ], [ 39.718225327127413, 21.298012732023587, 0.0 ], [ 39.718185354989004, 21.298047497761008, 0.0 ], [ 39.718455111890265, 21.298056880322399, 0.0 ], [ 39.718418010581146, 21.298019433853092, 0.0 ] ] ] ] } },
{ "type": "Feature", "properties": { "ID": "587", "ROAD NAME": "R5E2", "FILL-TOTAL": null, "CUT-TOTAL": null, "FILL-DONE": null, "CUT-DONE": null, "FILL-REMAN": null, "CUT-REMAN": null, "EQUPIMENTS": null, "CONTRACTOR": null, "STATUS": null }, "geometry": { "type": "MultiPolygon", "coordinates": [ [ [ [ 39.717781196139647, 21.297305798808821, 0.0 ], [ 39.717799858214647, 21.296836419029916, 0.0 ], [ 39.717809906995399, 21.296583676053224, 0.0 ], [ 39.717821032407699, 21.296303853456742, 0.0 ], [ 39.717628351202656, 21.296297150863143, 0.0 ], [ 39.717588513625465, 21.297299096213425, 0.0 ], [ 39.717548541520209, 21.297333861802588, 0.0 ], [ 39.717818297106092, 21.297343245436171, 0.0 ], [ 39.717781196139647, 21.297305798808821, 0.0 ] ] ] ] } },
{ "type": "Feature", "properties": { "ID": "674", "ROAD NAME": "R5E9", "FILL-TOTAL": null, "CUT-TOTAL": null, "FILL-DONE": null, "CUT-DONE": null, "FILL-REMAN": null, "CUT-REMAN": null, "EQUPIMENTS": null, "CONTRACTOR": null, "STATUS": null }, "geometry": { "type": "MultiPolygon", "coordinates": [ [ [ [ 39.714104302973688, 21.29862410214465, 0.0 ], [ 39.714180434225639, 21.296710477239309, 0.0 ], [ 39.714220406984531, 21.296675712429785, 0.0 ], [ 39.714721379331756, 21.296693148883776, 0.0 ], [ 39.714991133702959, 21.296702537120726, 0.0 ], [ 39.715913012056724, 21.296734617872595, 0.0 ], [ 39.716182766521754, 21.296744004183363, 0.0 ], [ 39.716683739155485, 21.296761434746511, 0.0 ], [ 39.716720839709488, 21.29679888163481, 0.0 ], [ 39.716730890339505, 21.296546138660883, 0.0 ], [ 39.716690918224124, 21.296580904050661, 0.0 ], [ 39.713996371370257, 21.296487133637239, 0.0 ], [ 39.713902999787038, 21.298834032101631, 0.0 ], [ 39.716597589526266, 21.298927802575594, 0.0 ], [ 39.716634690621618, 21.298965249448976, 0.0 ], [ 39.716644741425085, 21.298712506586831, 0.0 ], [ 39.716604768718788, 21.298747271959829, 0.0 ], [ 39.716103789338099, 21.298729841387487, 0.0 ], [ 39.715834031240455, 21.298720455071702, 0.0 ], [ 39.714912140471839, 21.298688374302355, 0.0 ], [ 39.7146423824679, 21.298678986060224, 0.0 ], [ 39.714141403374121, 21.298661549596474, 0.0 ], [ 39.714104302973688, 21.29862410214465, 0.0 ] ] ] ] } },
{ "type": "Feature", "properties": { "ID": "520", "ROAD NAME": "R5E6", "FILL-TOTAL": null, "CUT-TOTAL": null, "FILL-DONE": null, "CUT-DONE": null, "FILL-REMAN": null, "CUT-REMAN": null, "EQUPIMENTS": null, "CONTRACTOR": null, "STATUS": null }, "geometry": { "type": "MultiPolygon", "coordinates": [ [ [ [ 39.717696318707901, 21.299440573581577, 0.0 ], [ 39.717714981099789, 21.298971194007468, 0.0 ], [ 39.717725030051263, 21.298718451141209, 0.0 ], [ 39.717743692335944, 21.2982490714978, 0.0 ], [ 39.717783664634631, 21.298214305862189, 0.0 ], [ 39.717513907455057, 21.298204922226546, 0.0 ], [ 39.717551008588991, 21.29824236890083, 0.0 ], [ 39.717503633404199, 21.299433870982611, 0.0 ], [ 39.717463660716618, 21.299468636555261, 0.0 ], [ 39.7177334202079, 21.29947802019392, 0.0 ], [ 39.717696318707901, 21.299440573581577, 0.0 ] ] ] ] } },
{ "type": "Feature", "properties": { "ID": "673", "ROAD NAME": "R5E4", "FILL-TOTAL": null, "CUT-TOTAL": null, "FILL-DONE": null, "CUT-DONE": null, "FILL-REMAN": null, "CUT-REMAN": null, "EQUPIMENTS": null, "CONTRACTOR": null, "STATUS": null }, "geometry": { "type": "MultiPolygon", "coordinates": [ [ [ [ 39.720082345928816, 21.299740489659484, 0.0 ], [ 39.720089520860448, 21.299559959064347, 0.0 ], [ 39.719902664984289, 21.299553461934092, 0.0 ], [ 39.719632905322854, 21.299544081801759, 0.0 ], [ 39.719131923150478, 21.299526660399977, 0.0 ], [ 39.718862163549403, 21.299517279022179, 0.0 ], [ 39.7177334202079, 21.29947802019392, 0.0 ], [ 39.717463660716618, 21.299468636555261, 0.0 ], [ 39.716962678860369, 21.29945120864075, 0.0 ], [ 39.716925577557767, 21.29941376185068, 0.0 ], [ 39.716915527227457, 21.29966650467783, 0.0 ], [ 39.716955500100191, 21.299631739231636, 0.0 ], [ 39.720082345928816, 21.299740489659484, 0.0 ] ] ] ] } },
{ "type": "Feature", "properties": { "ID": "526", "ROAD NAME": "R5E7", "FILL-TOTAL": null, "CUT-TOTAL": null, "FILL-DONE": null, "CUT-DONE": null, "FILL-REMAN": null, "CUT-REMAN": null, "EQUPIMENTS": null, "CONTRACTOR": null, "STATUS": null }, "geometry": { "type": "MultiPolygon", "coordinates": [ [ [ [ 39.719094821292344, 21.299489214110189, 0.0 ], [ 39.719142183619546, 21.298297712011898, 0.0 ], [ 39.719182155591454, 21.298262946052883, 0.0 ], [ 39.718912398302351, 21.298253564677996, 0.0 ], [ 39.718949499794427, 21.298291011029775, 0.0 ], [ 39.718930841348097, 21.298760390678105, 0.0 ], [ 39.718920794463571, 21.299013133547032, 0.0 ], [ 39.718902135910191, 21.299482513126101, 0.0 ], [ 39.718862163549403, 21.299517279022179, 0.0 ], [ 39.719131923150478, 21.299526660399977, 0.0 ], [ 39.719094821292344, 21.299489214110189, 0.0 ] ] ] ] } },
{ "type": "Feature", "properties": { "ID": "628", "ROAD NAME": "R5E8", "FILL-TOTAL": null, "CUT-TOTAL": null, "FILL-DONE": null, "CUT-DONE": null, "FILL-REMAN": null, "CUT-REMAN": null, "EQUPIMENTS": null, "CONTRACTOR": null, "STATUS": null }, "geometry": { "type": "MultiPolygon", "coordinates": [ [ [ [ 39.718920794463571, 21.299013133547032, 0.0 ], [ 39.718930841348097, 21.298760390678105, 0.0 ], [ 39.718890869184278, 21.29879515657974, 0.0 ], [ 39.717762131370783, 21.29875589775861, 0.0 ], [ 39.717725030051263, 21.298718451141209, 0.0 ], [ 39.717714981099789, 21.298971194007468, 0.0 ], [ 39.717754953595453, 21.298936428377448, 0.0 ], [ 39.718883692790989, 21.298975687200354, 0.0 ], [ 39.718920794463571, 21.299013133547032, 0.0 ] ] ] ] } },
{ "type": "Feature", "properties": { "ID": "529", "ROAD NAME": "R5E10", "FILL-TOTAL": null, "CUT-TOTAL": null, "FILL-DONE": null, "CUT-DONE": null, "FILL-REMAN": null, "CUT-REMAN": null, "EQUPIMENTS": null, "CONTRACTOR": null, "STATUS": null }, "geometry": { "type": "MultiPolygon", "coordinates": [ [ [ [ 39.716066688435056, 21.298692394388166, 0.0 ], [ 39.716142794221319, 21.296778769446671, 0.0 ], [ 39.716182766521754, 21.296744004183363, 0.0 ], [ 39.715913012056724, 21.296734617872595, 0.0 ], [ 39.715950112413388, 21.29677206493901, 0.0 ], [ 39.71593144445054, 21.297241444710078, 0.0 ], [ 39.715921392441615, 21.297494187645096, 0.0 ], [ 39.71590272437134, 21.297963567346873, 0.0 ], [ 39.715892672304548, 21.298216310244534, 0.0 ], [ 39.715874004126825, 21.298685689876969, 0.0 ], [ 39.715834031240455, 21.298720455071702, 0.0 ], [ 39.716103789338099, 21.298729841387487, 0.0 ], [ 39.716066688435056, 21.298692394388166, 0.0 ] ] ] ] } },
{ "type": "Feature", "properties": { "ID": "636", "ROAD NAME": "R5E12", "FILL-TOTAL": null, "CUT-TOTAL": null, "FILL-DONE": null, "CUT-DONE": null, "FILL-REMAN": null, "CUT-REMAN": null, "EQUPIMENTS": null, "CONTRACTOR": null, "STATUS": null }, "geometry": { "type": "MultiPolygon", "coordinates": [ [ [ [ 39.715921392441615, 21.297494187645096, 0.0 ], [ 39.71593144445054, 21.297241444710078, 0.0 ], [ 39.71589147195813, 21.297276209916021, 0.0 ], [ 39.714969590218594, 21.297244129159402, 0.0 ], [ 39.714932489981642, 21.29720668187516, 0.0 ], [ 39.714922436260601, 21.297459424807773, 0.0 ], [ 39.714962409036453, 21.297424659825634, 0.0 ], [ 39.715884291904587, 21.297456740583812, 0.0 ], [ 39.715921392441615, 21.297494187645096, 0.0 ] ] ] ] } },
{ "type": "Feature", "properties": { "ID": "719", "ROAD NAME": "R5E13", "FILL-TOTAL": null, "CUT-TOTAL": null, "FILL-DONE": null, "CUT-DONE": null, "FILL-REMAN": null, "CUT-REMAN": null, "EQUPIMENTS": null, "CONTRACTOR": null, "STATUS": null }, "geometry": { "type": "MultiPolygon", "coordinates": [ [ [ [ 39.715892672304548, 21.298216310244534, 0.0 ], [ 39.71590272437134, 21.297963567346873, 0.0 ], [ 39.715862751681939, 21.29799833254722, 0.0 ], [ 39.714940865427955, 21.297966251784263, 0.0 ], [ 39.714903765010568, 21.297928804505091, 0.0 ], [ 39.714893711231596, 21.298181547400322, 0.0 ], [ 39.71493368420446, 21.298146782423796, 0.0 ], [ 39.715855571587078, 21.298178863188348, 0.0 ], [ 39.715892672304548, 21.298216310244534, 0.0 ] ] ] ] } },
{ "type": "Feature", "properties": { "ID": "538", "ROAD NAME": "R5E11", "FILL-TOTAL": null, "CUT-TOTAL": null, "FILL-DONE": null, "CUT-DONE": null, "FILL-REMAN": null, "CUT-REMAN": null, "EQUPIMENTS": null, "CONTRACTOR": null, "STATUS": null }, "geometry": { "type": "MultiPolygon", "coordinates": [ [ [ [ 39.714875039874009, 21.298650927028245, 0.0 ], [ 39.714893711231596, 21.298181547400322, 0.0 ], [ 39.714903765010568, 21.297928804505091, 0.0 ], [ 39.714922436260601, 21.297459424807773, 0.0 ], [ 39.714932489981642, 21.29720668187516, 0.0 ], [ 39.714951161124112, 21.296737302108397, 0.0 ], [ 39.714991133702959, 21.296702537120726, 0.0 ], [ 39.714721379331756, 21.296693148883776, 0.0 ], [ 39.714758479383242, 21.296730596224933, 0.0 ], [ 39.714682355632661, 21.298644221141082, 0.0 ], [ 39.7146423824679, 21.298678986060224, 0.0 ], [ 39.714912140471839, 21.298688374302355, 0.0 ], [ 39.714875039874009, 21.298650927028245, 0.0 ] ] ] ] } },
{ "type": "Feature", "properties": { "ID": "579", "ROAD NAME": "R5C2", "FILL-TOTAL": null, "CUT-TOTAL": null, "FILL-DONE": null, "CUT-DONE": null, "FILL-REMAN": null, "CUT-REMAN": null, "EQUPIMENTS": null, "CONTRACTOR": null, "STATUS": null }, "geometry": { "type": "MultiPolygon", "coordinates": [ [ [ [ 39.718022187057947, 21.304590584127428, 0.0 ], [ 39.718069558337476, 21.303399083287673, 0.0 ], [ 39.718079606733028, 21.303146340647999, 0.0 ], [ 39.718097011941737, 21.302708554259429, 0.0 ], [ 39.718182422190615, 21.300560241103405, 0.0 ], [ 39.71824238138398, 21.300508092489288, 0.0 ], [ 39.717837739315762, 21.300494018195575, 0.0 ], [ 39.717874841124335, 21.300531464758318, 0.0 ], [ 39.717803781913979, 21.302318716947266, 0.0 ], [ 39.717787273063756, 21.30273393705939, 0.0 ], [ 39.717770046379414, 21.303167210182327, 0.0 ], [ 39.717759997452802, 21.303419952819667, 0.0 ], [ 39.717716063790284, 21.304524931353761, 0.0 ], [ 39.717706014755095, 21.304777673920984, 0.0 ], [ 39.717687200579228, 21.305250866513131, 0.0 ], [ 39.717627545901429, 21.305299107805592, 0.0 ], [ 39.718049141725871, 21.30535519752106, 0.0 ], [ 39.717994311760336, 21.305291709035824, 0.0 ], [ 39.718012138546975, 21.304843326692527, 0.0 ], [ 39.718022187057947, 21.304590584127428, 0.0 ] ] ] ] } },
{ "type": "Feature", "properties": { "ID": "629", "ROAD NAME": "R5E24", "FILL-TOTAL": null, "CUT-TOTAL": null, "FILL-DONE": null, "CUT-DONE": null, "FILL-REMAN": null, "CUT-REMAN": null, "EQUPIMENTS": null, "CONTRACTOR": null, "STATUS": null }, "geometry": { "type": "MultiPolygon", "coordinates": [ [ [ [ 39.71879295532846, 21.304617389885667, 0.0 ], [ 39.7188116143409, 21.304148010798354, 0.0 ], [ 39.718821661472617, 21.303895268194253, 0.0 ], [ 39.718840320377929, 21.30342588903769, 0.0 ], [ 39.718880293772571, 21.303391123140894, 0.0 ], [ 39.718610527101852, 21.303381741595789, 0.0 ], [ 39.718647629851645, 21.303419187934004, 0.0 ], [ 39.718600263244667, 21.30461068877996, 0.0 ], [ 39.718560289461031, 21.304645454613819, 0.0 ], [ 39.718830058444418, 21.304654836161912, 0.0 ], [ 39.71879295532846, 21.304617389885667, 0.0 ] ] ] ] } },
{ "type": "Feature", "properties": { "ID": "539", "ROAD NAME": "R5E23", "FILL-TOTAL": null, "CUT-TOTAL": null, "FILL-DONE": null, "CUT-DONE": null, "FILL-REMAN": null, "CUT-REMAN": null, "EQUPIMENTS": null, "CONTRACTOR": null, "STATUS": null }, "geometry": { "type": "MultiPolygon", "coordinates": [ [ [ [ 39.719487568429393, 21.304171516247838, 0.0 ], [ 39.71949761440213, 21.303918773642245, 0.0 ], [ 39.719457641018558, 21.303953539682581, 0.0 ], [ 39.718858764408019, 21.303932714475561, 0.0 ], [ 39.718821661472617, 21.303895268194253, 0.0 ], [ 39.7188116143409, 21.304148010798354, 0.0 ], [ 39.718851587932548, 21.304113244907121, 0.0 ], [ 39.719450465276552, 21.304134070115094, 0.0 ], [ 39.719487568429393, 21.304171516247838, 0.0 ] ] ] ] } },
{ "type": "Feature", "properties": { "ID": "667", "ROAD NAME": "R5E18", "FILL-TOTAL": null, "CUT-TOTAL": null, "FILL-DONE": null, "CUT-DONE": null, "FILL-REMAN": null, "CUT-REMAN": null, "EQUPIMENTS": null, "CONTRACTOR": null, "STATUS": null }, "geometry": { "type": "MultiPolygon", "coordinates": [ [ [ [ 39.719652993103011, 21.304864231928676, 0.0 ], [ 39.719726691534163, 21.303010019897531, 0.0 ], [ 39.719793810410295, 21.301321321489951, 0.0 ], [ 39.719833783019531, 21.301286555375782, 0.0 ], [ 39.719564020187072, 21.301277175240074, 0.0 ], [ 39.71960112262564, 21.301314621392951, 0.0 ], [ 39.719582466188911, 21.301784000756914, 0.0 ], [ 39.719572420386484, 21.302036743472708, 0.0 ], [ 39.719553763842754, 21.302506122767433, 0.0 ], [ 39.719543717982717, 21.30275886544608, 0.0 ], [ 39.719526317070319, 21.303196651840064, 0.0 ], [ 39.719516271155172, 21.303449394482932, 0.0 ], [ 39.71949761440213, 21.303918773642245, 0.0 ], [ 39.719487568429393, 21.304171516247838, 0.0 ], [ 39.719468911569322, 21.304640895337936, 0.0 ], [ 39.719428937988724, 21.304675661372723, 0.0 ], [ 39.718830058444418, 21.304654836161912, 0.0 ], [ 39.718560289461031, 21.304645454613819, 0.0 ], [ 39.718059289976452, 21.304628030581451, 0.0 ], [ 39.718022187057947, 21.304590584127428, 0.0 ], [ 39.718012138546975, 21.304843326692527, 0.0 ], [ 39.718052112515807, 21.304808560985165, 0.0 ], [ 39.719652993103011, 21.304864231928676, 0.0 ] ] ] ] } },
{ "type": "Feature", "properties": { "ID": "569", "ROAD NAME": "R5E19", "FILL-TOTAL": null, "CUT-TOTAL": null, "FILL-DONE": null, "CUT-DONE": null, "FILL-REMAN": null, "CUT-REMAN": null, "EQUPIMENTS": null, "CONTRACTOR": null, "STATUS": null }, "geometry": { "type": "MultiPolygon", "coordinates": [ [ [ [ 39.719543717982717, 21.30275886544608, 0.0 ], [ 39.719553763842754, 21.302506122767433, 0.0 ], [ 39.719513790844594, 21.302540888818662, 0.0 ], [ 39.718914919972846, 21.30252006361895, 0.0 ], [ 39.71887781739062, 21.302482617327705, 0.0 ], [ 39.718896476086442, 21.302013238035695, 0.0 ], [ 39.718906523047686, 21.301760495321361, 0.0 ], [ 39.71892518163645, 21.301291115960108, 0.0 ], [ 39.718935228540026, 21.301038373208495, 0.0 ], [ 39.718953887021691, 21.300568993778384, 0.0 ], [ 39.718993859636946, 21.300534227859544, 0.0 ], [ 39.718724098193832, 21.300524846321146, 0.0 ], [ 39.718761200229444, 21.300562292679452, 0.0 ], [ 39.718676516084869, 21.302692552806416, 0.0 ], [ 39.719506615183079, 21.302721419303381, 0.0 ], [ 39.719543717982717, 21.30275886544608, 0.0 ] ] ] ] } },
{ "type": "Feature", "properties": { "ID": "621", "ROAD NAME": "R5E21", "FILL-TOTAL": null, "CUT-TOTAL": null, "FILL-DONE": null, "CUT-DONE": null, "FILL-REMAN": null, "CUT-REMAN": null, "EQUPIMENTS": null, "CONTRACTOR": null, "STATUS": null }, "geometry": { "type": "MultiPolygon", "coordinates": [ [ [ [ 39.719572420386484, 21.302036743472708, 0.0 ], [ 39.719582466188911, 21.301784000756914, 0.0 ], [ 39.719542493387735, 21.301818766813689, 0.0 ], [ 39.71894362544937, 21.301797941617703, 0.0 ], [ 39.718906523047686, 21.301760495321361, 0.0 ], [ 39.718896476086442, 21.302013238035695, 0.0 ], [ 39.718936449095686, 21.301978472127992, 0.0 ], [ 39.719535317767381, 21.301999297324929, 0.0 ], [ 39.719572420386484, 21.302036743472708, 0.0 ] ] ] ] } },
{ "type": "Feature", "properties": { "ID": "534", "ROAD NAME": "R5E20", "FILL-TOTAL": null, "CUT-TOTAL": null, "FILL-DONE": null, "CUT-DONE": null, "FILL-REMAN": null, "CUT-REMAN": null, "EQUPIMENTS": null, "CONTRACTOR": null, "STATUS": null }, "geometry": { "type": "MultiPolygon", "coordinates": [ [ [ [ 39.720020641092148, 21.301293052508758, 0.0 ], [ 39.720027816112221, 21.301112521970239, 0.0 ], [ 39.718972330761183, 21.301075819509915, 0.0 ], [ 39.718935228540026, 21.301038373208495, 0.0 ], [ 39.71892518163645, 21.301291115960108, 0.0 ], [ 39.718965154448675, 21.301256350046842, 0.0 ], [ 39.719564020187072, 21.301277175240074, 0.0 ], [ 39.719833783019531, 21.301286555375782, 0.0 ], [ 39.720020641092148, 21.301293052508758, 0.0 ] ] ] ] } },
{ "type": "Feature", "properties": { "ID": "575", "ROAD NAME": "R5C4", "FILL-TOTAL": null, "CUT-TOTAL": null, "FILL-DONE": null, "CUT-DONE": null, "FILL-REMAN": null, "CUT-REMAN": null, "EQUPIMENTS": null, "CONTRACTOR": null, "STATUS": null }, "geometry": { "type": "MultiPolygon", "coordinates": [ [ [ [ 39.720111541822341, 21.300609249029417, 0.0 ], [ 39.72012589161826, 21.300248187894599, 0.0 ], [ 39.720085919353181, 21.300282954074749, 0.0 ], [ 39.716953232383695, 21.300174001296845, 0.0 ], [ 39.716897580158751, 21.300117831122591, 0.0 ], [ 39.716881786684908, 21.300514998359422, 0.0 ], [ 39.716941746334157, 21.300462850196514, 0.0 ], [ 39.717837739315762, 21.300494018195575, 0.0 ], [ 39.71824238138398, 21.300508092489288, 0.0 ], [ 39.718724098193832, 21.300524846321146, 0.0 ], [ 39.718993859636946, 21.300534227859544, 0.0 ], [ 39.72007443944095, 21.300571802982571, 0.0 ], [ 39.720111541822341, 21.300609249029417, 0.0 ] ] ] ] } },
{ "type": "Feature", "properties": { "ID": "605", "ROAD NAME": "R5E15", "FILL-TOTAL": null, "CUT-TOTAL": null, "FILL-DONE": null, "CUT-DONE": null, "FILL-REMAN": null, "CUT-REMAN": null, "EQUPIMENTS": null, "CONTRACTOR": null, "STATUS": null }, "geometry": { "type": "MultiPolygon", "coordinates": [ [ [ [ 39.715953066080473, 21.301549290607298, 0.0 ], [ 39.716029173599331, 21.29963566678402, 0.0 ], [ 39.716069146679175, 21.299600901542821, 0.0 ], [ 39.715799386987733, 21.299591515224854, 0.0 ], [ 39.715836488058258, 21.299628962271115, 0.0 ], [ 39.715817819670356, 21.3000983417679, 0.0 ], [ 39.715807767432665, 21.300351084555185, 0.0 ], [ 39.715789098937243, 21.300820463982653, 0.0 ], [ 39.715779046641444, 21.301073206732692, 0.0 ], [ 39.715760378038716, 21.301542586090822, 0.0 ], [ 39.715720404372952, 21.301577351263433, 0.0 ], [ 39.715990167697527, 21.301586737586586, 0.0 ], [ 39.715953066080473, 21.301549290607298, 0.0 ] ] ] ] } },
{ "type": "Feature", "properties": { "ID": "609", "ROAD NAME": "R5E16", "FILL-TOTAL": null, "CUT-TOTAL": null, "FILL-DONE": null, "CUT-DONE": null, "FILL-REMAN": null, "CUT-REMAN": null, "EQUPIMENTS": null, "CONTRACTOR": null, "STATUS": null }, "geometry": { "type": "MultiPolygon", "coordinates": [ [ [ [ 39.715807767432665, 21.300351084555185, 0.0 ], [ 39.715817819670356, 21.3000983417679, 0.0 ], [ 39.715777846398602, 21.300133106951712, 0.0 ], [ 39.714079318019266, 21.300073996644457, 0.0 ], [ 39.714042217267341, 21.300036549201174, 0.0 ], [ 39.714032161985806, 21.300289291984061, 0.0 ], [ 39.714072135722496, 21.300254527203737, 0.0 ], [ 39.715770666181662, 21.300313637513977, 0.0 ], [ 39.715807767432665, 21.300351084555185, 0.0 ] ] ] ] } },
{ "type": "Feature", "properties": { "ID": "566", "ROAD NAME": "R5E17", "FILL-TOTAL": null, "CUT-TOTAL": null, "FILL-DONE": null, "CUT-DONE": null, "FILL-REMAN": null, "CUT-REMAN": null, "EQUPIMENTS": null, "CONTRACTOR": null, "STATUS": null }, "geometry": { "type": "MultiPolygon", "coordinates": [ [ [ [ 39.715779046641444, 21.301073206732692, 0.0 ], [ 39.715789098937243, 21.300820463982653, 0.0 ], [ 39.715749125468477, 21.300855229160849, 0.0 ], [ 39.714050588770071, 21.300796118841596, 0.0 ], [ 39.714013487837683, 21.300758671403358, 0.0 ], [ 39.714003432498167, 21.301011414148647, 0.0 ], [ 39.714043406431891, 21.300976649373947, 0.0 ], [ 39.715741945209942, 21.301035759696553, 0.0 ], [ 39.715779046641444, 21.301073206732692, 0.0 ] ] ] ] } },
{ "type": "Feature", "properties": { "ID": "589", "ROAD NAME": "R5E14", "FILL-TOTAL": null, "CUT-TOTAL": null, "FILL-DONE": null, "CUT-DONE": null, "FILL-REMAN": null, "CUT-REMAN": null, "EQUPIMENTS": null, "CONTRACTOR": null, "STATUS": null }, "geometry": { "type": "MultiPolygon", "coordinates": [ [ [ [ 39.716491156785914, 21.3016041681724, 0.0 ], [ 39.715990167697527, 21.301586737586586, 0.0 ], [ 39.715720404372952, 21.301577351263433, 0.0 ], [ 39.714021859355171, 21.30151824093187, 0.0 ], [ 39.713984758242312, 21.301480793498683, 0.0 ], [ 39.714003432498167, 21.301011414148647, 0.0 ], [ 39.714013487837683, 21.300758671403358, 0.0 ], [ 39.714032161985806, 21.300289291984061, 0.0 ], [ 39.714042217267341, 21.300036549201174, 0.0 ], [ 39.714060891307753, 21.299567169712549, 0.0 ], [ 39.714100864847403, 21.299532404926598, 0.0 ], [ 39.715799386987733, 21.299591515224854, 0.0 ], [ 39.716069146679175, 21.299600901542821, 0.0 ], [ 39.716570129019544, 21.299618332119252, 0.0 ], [ 39.716607230287472, 21.299655778987788, 0.0 ], [ 39.71661728114622, 21.299403036161323, 0.0 ], [ 39.716577308251523, 21.299437801528995, 0.0 ], [ 39.713876824924817, 21.299343826224963, 0.0 ], [ 39.713783451117088, 21.301690723316753, 0.0 ], [ 39.71648397743003, 21.301784698682553, 0.0 ], [ 39.716521079239421, 21.301822145535873, 0.0 ], [ 39.716531130271605, 21.301569402821496, 0.0 ], [ 39.716491156785914, 21.3016041681724, 0.0 ] ] ] ] } },
{ "type": "Feature", "properties": { "ID": "671", "ROAD NAME": "R5E26", "FILL-TOTAL": null, "CUT-TOTAL": null, "FILL-DONE": null, "CUT-DONE": null, "FILL-REMAN": null, "CUT-REMAN": null, "EQUPIMENTS": null, "CONTRACTOR": null, "STATUS": null }, "geometry": { "type": "MultiPolygon", "coordinates": [ [ [ [ 39.717137987968293, 21.304504823630207, 0.0 ], [ 39.71718192596397, 21.303399845102032, 0.0 ], [ 39.717221899754527, 21.30336507958879, 0.0 ], [ 39.716952133156113, 21.303355695364186, 0.0 ], [ 39.716989235489336, 21.303393142084406, 0.0 ], [ 39.716945296049268, 21.304498120610596, 0.0 ], [ 39.716905321893307, 21.304532886061526, 0.0 ], [ 39.717175090646016, 21.304542270289083, 0.0 ], [ 39.717137987968293, 21.304504823630207, 0.0 ] ] ] ] } },
{ "type": "Feature", "properties": { "ID": "561", "ROAD NAME": "R5E25", "FILL-TOTAL": null, "CUT-TOTAL": null, "FILL-DONE": null, "CUT-DONE": null, "FILL-REMAN": null, "CUT-REMAN": null, "EQUPIMENTS": null, "CONTRACTOR": null, "STATUS": null }, "geometry": { "type": "MultiPolygon", "coordinates": [ [ [ [ 39.717706014755095, 21.304777673920984, 0.0 ], [ 39.717716063790284, 21.304524931353761, 0.0 ], [ 39.717676089814475, 21.304559696982984, 0.0 ], [ 39.717175090646016, 21.304542270289083, 0.0 ], [ 39.716905321893307, 21.304532886061526, 0.0 ], [ 39.71640432283742, 21.304515457053057, 0.0 ], [ 39.716367220357142, 21.304478010216403, 0.0 ], [ 39.716411164130356, 21.303373031696253, 0.0 ], [ 39.716451138101029, 21.303338266361301, 0.0 ], [ 39.716952133156113, 21.303355695364186, 0.0 ], [ 39.717221899754541, 21.303365079588794, 0.0 ], [ 39.717722894922154, 21.303382506277238, 0.0 ], [ 39.717759997452802, 21.303419952819667, 0.0 ], [ 39.717770046379414, 21.303167210182327, 0.0 ], [ 39.717730072774074, 21.303201975822056, 0.0 ], [ 39.716227089331312, 21.30314969124608, 0.0 ], [ 39.716165912758427, 21.304687942790427, 0.0 ], [ 39.717668911884992, 21.304740227388077, 0.0 ], [ 39.717706014755095, 21.304777673920984, 0.0 ] ] ] ] } },
{ "type": "Feature", "properties": { "ID": "515", "ROAD NAME": "R5C3", "FILL-TOTAL": null, "CUT-TOTAL": null, "FILL-DONE": null, "CUT-DONE": null, "FILL-REMAN": null, "CUT-REMAN": null, "EQUPIMENTS": null, "CONTRACTOR": null, "STATUS": null }, "geometry": { "type": "MultiPolygon", "coordinates": [ [ [ [ 39.713140125822264, 21.302210671499676, 0.0 ], [ 39.713134457031586, 21.302210438009741, 0.0 ], [ 39.713128792161648, 21.302210132351394, 0.0 ], [ 39.713123132259049, 21.302209754581124, 0.0 ], [ 39.713117478369533, 21.302209304768695, 0.0 ], [ 39.713111831537688, 21.302208782997226, 0.0 ], [ 39.713106192806841, 21.302208189363146, 0.0 ], [ 39.713100563218788, 21.302207523976094, 0.0 ], [ 39.713094943813637, 21.302206786959008, 0.0 ], [ 39.713089335629633, 21.302205978448089, 0.0 ], [ 39.713083739702931, 21.302205098592705, 0.0 ], [ 39.713078157067436, 21.302204147555397, 0.0 ], [ 39.713072588754592, 21.302203125511916, 0.0 ], [ 39.713067035793188, 21.302202032651046, 0.0 ], [ 39.713061499209175, 21.30220086917474, 0.0 ], [ 39.713055980025516, 21.302199635297931, 0.0 ], [ 39.713050479261902, 21.302198331248615, 0.0 ], [ 39.713044997934674, 21.302196957267721, 0.0 ], [ 39.713039537056524, 21.302195513609089, 0.0 ], [ 39.71303409763641, 21.302194000539462, 0.0 ], [ 39.713028680679322, 21.302192418338386, 0.0 ], [ 39.713023287186097, 21.302190767298192, 0.0 ], [ 39.713017918153206, 21.302189047723928, 0.0 ], [ 39.713012574572637, 21.302187259933291, 0.0 ], [ 39.713007257431663, 21.302185404256587, 0.0 ], [ 39.713001967712692, 21.302183481036671, 0.0 ], [ 39.712996706393021, 21.30218149062889, 0.0 ], [ 39.712991474444721, 21.30217943340098, 0.0 ], [ 39.71298627283447, 21.302177309733011, 0.0 ], [ 39.712981102523273, 21.302175120017402, 0.0 ], [ 39.712975964466416, 21.302172864658665, 0.0 ], [ 39.712970859613193, 21.302170544073526, 0.0 ], [ 39.712965788906772, 21.30216815869073, 0.0 ], [ 39.712960753284015, 21.302165708950984, 0.0 ], [ 39.712955753675267, 21.302163195306939, 0.0 ], [ 39.712950791004289, 21.30216061822296, 0.0 ], [ 39.712945866187944, 21.302157978175227, 0.0 ], [ 39.712940980136153, 21.302155275651497, 0.0 ], [ 39.712936133751654, 21.302152511151068, 0.0 ], [ 39.712931327929844, 21.302149685184734, 0.0 ], [ 39.712926563558661, 21.30214679827461, 0.0 ], [ 39.71292184151833, 21.302143850954064, 0.0 ], [ 39.712917162681329, 21.302140843767642, 0.0 ], [ 39.712912527912074, 21.302137777270968, 0.0 ], [ 39.712907938066891, 21.302134652030581, 0.0 ], [ 39.712903393993798, 21.302131468623912, 0.0 ], [ 39.71289889653233, 21.302128227639091, 0.0 ], [ 39.712894446513459, 21.302124929674971, 0.0 ], [ 39.712890044759327, 21.302121575340848, 0.0 ], [ 39.712885692083233, 21.302118165256452, 0.0 ], [ 39.712881389289343, 21.302114700051867, 0.0 ], [ 39.712877137172626, 21.302111180367273, 0.0 ], [ 39.712872936518735, 21.302107606852989, 0.0 ], [ 39.712868788103705, 21.30210398016925, 0.0 ], [ 39.712864692694055, 21.302100300986119, 0.0 ], [ 39.712860651046412, 21.302096569983348, 0.0 ], [ 39.712856663907495, 21.302092787850263, 0.0 ], [ 39.712852732013964, 21.302088955285676, 0.0 ], [ 39.712848856092279, 21.302085072997645, 0.0 ], [ 39.712845036858532, 21.3020811417035, 0.0 ], [ 39.712841275018356, 21.302077162129557, 0.0 ], [ 39.712837571266796, 21.302073135011078, 0.0 ], [ 39.712833926288127, 21.302069061092109, 0.0 ], [ 39.712830340755794, 21.302064941125344, 0.0 ], [ 39.712826815332242, 21.302060775871965, 0.0 ], [ 39.712823350668828, 21.302056566101562, 0.0 ], [ 39.71281994740567, 21.302052312591925, 0.0 ], [ 39.712816606171536, 21.302048016128918, 0.0 ], [ 39.712813327583753, 21.30204367750633, 0.0 ], [ 39.712810112248064, 21.302039297525791, 0.0 ], [ 39.712806960758506, 21.302034876996505, 0.0 ], [ 39.712803873697361, 21.302030416735231, 0.0 ], [ 39.71280085163496, 21.302025917566031, 0.0 ], [ 39.712797895129668, 21.302021380320163, 0.0 ], [ 39.71279500472771, 21.30201680583593, 0.0 ], [ 39.71279218096312, 21.302012194958486, 0.0 ], [ 39.712789424357581, 21.302007548539734, 0.0 ], [ 39.712786735420408, 21.302002867438151, 0.0 ], [ 39.712784114648393, 21.3019981525186, 0.0 ], [ 39.712781562525734, 21.301993404652208, 0.0 ], [ 39.712779079523955, 21.301988624716163, 0.0 ], [ 39.712776666101824, 21.301983813593637, 0.0 ], [ 39.712774322705222, 21.301978972173483, 0.0 ], [ 39.712772049767082, 21.301974101350215, 0.0 ], [ 39.712769847707364, 21.301969202023749, 0.0 ], [ 39.712767716932902, 21.301964275099287, 0.0 ], [ 39.712765657837366, 21.301959321487114, 0.0 ], [ 39.712763670801181, 21.301954342102434, 0.0 ], [ 39.712761756191469, 21.301949337865238, 0.0 ], [ 39.712759914361961, 21.30194430970014, 0.0 ], [ 39.71275814565292, 21.301939258536066, 0.0 ], [ 39.712756450391169, 21.30193418530629, 0.0 ], [ 39.712754828889871, 21.301929090948146, 0.0 ], [ 39.712753281448627, 21.301923976402819, 0.0 ], [ 39.712751808353332, 21.301918842615322, 0.0 ], [ 39.712750409876122, 21.301913690534107, 0.0 ], [ 39.712749086275402, 21.301908521111081, 0.0 ], [ 39.712747837795661, 21.301903335301361, 0.0 ], [ 39.712746664667613, 21.301898134063027, 0.0 ], [ 39.712745567107959, 21.301892918357073, 0.0 ], [ 39.712744545319502, 21.301887689147112, 0.0 ], [ 39.712743599490985, 21.301882447399333, 0.0 ], [ 39.712742729797164, 21.301877194082145, 0.0 ], [ 39.712741936398714, 21.301871930166172, 0.0 ], [ 39.712741219442222, 21.301866656623933, 0.0 ], [ 39.712740579060117, 21.301861374429787, 0.0 ], [ 39.712740015370748, 21.301856084559645, 0.0 ], [ 39.71273952847821, 21.301850787990844, 0.0 ], [ 39.712739118472477, 21.301845485701978, 0.0 ], [ 39.712738785429302, 21.301840178672666, 0.0 ], [ 39.712738529410174, 21.301834867883468, 0.0 ], [ 39.712738448090256, 21.301832728776883, 0.0 ], [ 39.712692939367102, 21.302846290716214, 0.0 ], [ 39.712693527423127, 21.302841043673325, 0.0 ], [ 39.712694192128986, 21.302835804659576, 0.0 ], [ 39.712694933359941, 21.302830574657783, 0.0 ], [ 39.712695750976977, 21.302825354649091, 0.0 ], [ 39.712696644826657, 21.302820145612781, 0.0 ], [ 39.712697614741302, 21.302814948526038, 0.0 ], [ 39.712698660538948, 21.30280976436385, 0.0 ], [ 39.712699782023428, 21.302804594098749, 0.0 ], [ 39.712700978984294, 21.302799438700667, 0.0 ], [ 39.71270225119703, 21.30279429913675, 0.0 ], [ 39.712703598422927, 21.302789176371153, 0.0 ], [ 39.712705020409288, 21.30278407136494, 0.0 ], [ 39.712706516889298, 21.302778985075769, 0.0 ], [ 39.712708087582222, 21.302773918457842, 0.0 ], [ 39.712709732193424, 21.30276887246163, 0.0 ], [ 39.712711450414311, 21.302763848033774, 0.0 ], [ 39.712713241922614, 21.302758846116831, 0.0 ], [ 39.712715106382177, 21.302753867649148, 0.0 ], [ 39.712717043443241, 21.302748913564702, 0.0 ], [ 39.712719052742429, 21.302743984792848, 0.0 ], [ 39.712721133902797, 21.302739082258231, 0.0 ], [ 39.71272328653388, 21.302734206880547, 0.0 ], [ 39.712725510231856, 21.302729359574407, 0.0 ], [ 39.712727804579565, 21.302724541249177, 0.0 ], [ 39.712730169146582, 21.302719752808748, 0.0 ], [ 39.7127326034893, 21.302714995151415, 0.0 ], [ 39.712735107151055, 21.302710269169726, 0.0 ], [ 39.712737679662126, 21.302705575750263, 0.0 ], [ 39.71274032053995, 21.302700915773485, 0.0 ], [ 39.712743029289058, 21.302696290113609, 0.0 ], [ 39.712745805401312, 21.302691699638409, 0.0 ], [ 39.712748648355898, 21.302687145209038, 0.0 ], [ 39.712751557619491, 21.302682627679889, 0.0 ], [ 39.712754532646308, 21.302678147898472, 0.0 ], [ 39.712757572878225, 21.302673706705157, 0.0 ], [ 39.712760677744882, 21.302669304933104, 0.0 ], [ 39.712763846663862, 21.3026649434081, 0.0 ], [ 39.712767079040603, 21.302660622948327, 0.0 ], [ 39.712770374268757, 21.302656344364316, 0.0 ], [ 39.712773731730145, 21.302652108458723, 0.0 ], [ 39.712777150794871, 21.302647916026189, 0.0 ], [ 39.712780630821577, 21.302643767853187, 0.0 ], [ 39.712784171157352, 21.302639664717937, 0.0 ], [ 39.712787771138068, 21.302635607390155, 0.0 ], [ 39.712791430088345, 21.302631596630999, 0.0 ], [ 39.712795147321813, 21.302627633192873, 0.0 ], [ 39.712798922141083, 21.30262371781933, 0.0 ], [ 39.712802753837998, 21.302619851244852, 0.0 ], [ 39.712806641693746, 21.302616034194809, 0.0 ], [ 39.712810584978996, 21.302612267385289, 0.0 ], [ 39.712814582953953, 21.302608551522933, 0.0 ], [ 39.712818634868633, 21.302604887304824, 0.0 ], [ 39.712822739962867, 21.302601275418336, 0.0 ], [ 39.712826897466577, 21.302597716541083, 0.0 ], [ 39.712831106599801, 21.302594211340711, 0.0 ], [ 39.712835366572925, 21.302590760474754, 0.0 ], [ 39.712839676586775, 21.3025873645906, 0.0 ], [ 39.712844035832809, 21.302584024325313, 0.0 ], [ 39.712848443493208, 21.302580740305505, 0.0 ], [ 39.712852898741147, 21.302577513147288, 0.0 ], [ 39.712857400740802, 21.302574343456019, 0.0 ], [ 39.712861948647607, 21.302571231826366, 0.0 ], [ 39.712866541608392, 21.30256817884203, 0.0 ], [ 39.712871178761525, 21.302565185075775, 0.0 ], [ 39.712875859237073, 21.302562251089196, 0.0 ], [ 39.71288058215697, 21.302559377432715, 0.0 ], [ 39.712885346635268, 21.302556564645432, 0.0 ], [ 39.71289015177809, 21.302553813255013, 0.0 ], [ 39.712894996684049, 21.302551123777601, 0.0 ], [ 39.712899880444233, 21.302548496717744, 0.0 ], [ 39.712904802142461, 21.302545932568268, 0.0 ], [ 39.71290976085541, 21.302543431810193, 0.0 ], [ 39.712914755652882, 21.302540994912672, 0.0 ], [ 39.712919785597826, 21.302538622332872, 0.0 ], [ 39.712924849746649, 21.302536314515852, 0.0 ], [ 39.71292994714932, 21.302534071894559, 0.0 ], [ 39.712935076849597, 21.302531894889718, 0.0 ], [ 39.712940237885114, 21.302529783909709, 0.0 ], [ 39.712945429287728, 21.302527739350566, 0.0 ], [ 39.712950650083513, 21.302525761595835, 0.0 ], [ 39.712955899293085, 21.302523851016534, 0.0 ], [ 39.712961175931667, 21.302522007971096, 0.0 ], [ 39.712966479009417, 21.302520232805254, 0.0 ], [ 39.712971807531446, 21.302518525852022, 0.0 ], [ 39.712977160498156, 21.302516887431644, 0.0 ], [ 39.712982536905351, 21.302515317851455, 0.0 ], [ 39.71298793574443, 21.302513817405952, 0.0 ], [ 39.712993356002556, 21.302512386376552, 0.0 ], [ 39.712998796662944, 21.302511025031745, 0.0 ], [ 39.71300425670492, 21.302509733626909, 0.0 ], [ 39.713009735104208, 21.302508512404312, 0.0 ], [ 39.71301523083303, 21.302507361593051, 0.0 ], [ 39.713020742860444, 21.302506281409013, 0.0 ], [ 39.713026270152405, 21.302505272054837, 0.0 ], [ 39.713031811671982, 21.302504333719881, 0.0 ], [ 39.713037366379631, 21.30250346658017, 0.0 ], [ 39.713042933233289, 21.302502670798358, 0.0 ], [ 39.71304851118861, 21.302501946523765, 0.0 ], [ 39.713054099199219, 21.302501293892245, 0.0 ], [ 39.713059696216796, 21.302500713026241, 0.0 ], [ 39.713065301191378, 21.30250020403469, 0.0 ], [ 39.713070913071448, 21.302499767013121, 0.0 ], [ 39.71307653080428, 21.302499402043487, 0.0 ], [ 39.713082153335961, 21.302499109194262, 0.0 ], [ 39.713087779611747, 21.3024988885204, 0.0 ], [ 39.71309340857615, 21.302498740063264, 0.0 ], [ 39.713099039173187, 21.302498663850734, 0.0 ], [ 39.713103798498246, 21.302498655781314, 0.0 ], [ 39.713721507340921, 21.302520157518256, 0.0 ], [ 39.713991272361248, 21.302529547010817, 0.0 ], [ 39.715263022029283, 21.302573805886674, 0.0 ], [ 39.715532787171121, 21.302583192886889, 0.0 ], [ 39.717713068364333, 21.302659043955732, 0.0 ], [ 39.717787273063756, 21.30273393705939, 0.0 ], [ 39.717803781913979, 21.302318716947266, 0.0 ], [ 39.717743821846135, 21.302370865413245, 0.0 ], [ 39.716886355277367, 21.302341037958612, 0.0 ], [ 39.716423901486721, 21.302324949412295, 0.0 ], [ 39.713140125822264, 21.302210671499676, 0.0 ] ] ] ] } },
{ "type": "Feature", "properties": { "ID": "523", "ROAD NAME": "R5E29", "FILL-TOTAL": null, "CUT-TOTAL": null, "FILL-DONE": null, "CUT-DONE": null, "FILL-REMAN": null, "CUT-REMAN": null, "EQUPIMENTS": null, "CONTRACTOR": null, "STATUS": null }, "geometry": { "type": "MultiPolygon", "coordinates": [ [ [ [ 39.71464978449724, 21.304407884512745, 0.0 ], [ 39.714693329317299, 21.303313258506751, 0.0 ], [ 39.714733303689378, 21.303278493569195, 0.0 ], [ 39.714463537286868, 21.303269105320869, 0.0 ], [ 39.714500638982585, 21.30330655261502, 0.0 ], [ 39.714457092731699, 21.304401178618868, 0.0 ], [ 39.714417117997016, 21.304435943494159, 0.0 ], [ 39.714686886534835, 21.304445331745661, 0.0 ], [ 39.71464978449724, 21.304407884512745, 0.0 ] ] ] ] } },
{ "type": "Feature", "properties": { "ID": "513", "ROAD NAME": "R5E28", "FILL-TOTAL": null, "CUT-TOTAL": null, "FILL-DONE": null, "CUT-DONE": null, "FILL-REMAN": null, "CUT-REMAN": null, "EQUPIMENTS": null, "CONTRACTOR": null, "STATUS": null }, "geometry": { "type": "MultiPolygon", "coordinates": [ [ [ [ 39.715271400386499, 21.303333374846748, 0.0 ], [ 39.715281453579742, 21.303080632215366, 0.0 ], [ 39.71524147939283, 21.303115397279406, 0.0 ], [ 39.713969725052678, 21.303071138396671, 0.0 ], [ 39.713932623549326, 21.303033690976573, 0.0 ], [ 39.713922568043593, 21.303286433604551, 0.0 ], [ 39.713962542595766, 21.303251668845306, 0.0 ], [ 39.714463537286868, 21.303269105320869, 0.0 ], [ 39.714733303689378, 21.303278493569195, 0.0 ], [ 39.715234298493321, 21.30329592773035, 0.0 ], [ 39.715271400386499, 21.303333374846748, 0.0 ] ] ] ] } },
{ "type": "Feature", "properties": { "ID": "594", "ROAD NAME": "R5E27", "FILL-TOTAL": null, "CUT-TOTAL": null, "FILL-DONE": null, "CUT-DONE": null, "FILL-REMAN": null, "CUT-REMAN": null, "EQUPIMENTS": null, "CONTRACTOR": null, "STATUS": null }, "geometry": { "type": "MultiPolygon", "coordinates": [ [ [ [ 39.715411934836887, 21.304651342345416, 0.0 ], [ 39.715492813176176, 21.302617958008359, 0.0 ], [ 39.715532787171121, 21.302583192886889, 0.0 ], [ 39.715263022029283, 21.302573805886674, 0.0 ], [ 39.715300123741962, 21.302611253008156, 0.0 ], [ 39.715281453579742, 21.303080632215366, 0.0 ], [ 39.715271400386499, 21.303333374846748, 0.0 ], [ 39.71522785985897, 21.30442800085903, 0.0 ], [ 39.715187885304374, 21.304462765912618, 0.0 ], [ 39.714686886534835, 21.304445331745661, 0.0 ], [ 39.714417117997016, 21.304435943494159, 0.0 ], [ 39.713916119340333, 21.304418507012656, 0.0 ], [ 39.713879017500226, 21.304381059601969, 0.0 ], [ 39.713922568043593, 21.303286433604551, 0.0 ], [ 39.713932623549326, 21.303033690976573, 0.0 ], [ 39.71395129800613, 21.302564311775676, 0.0 ], [ 39.713991272361248, 21.302529547010817, 0.0 ], [ 39.713721507340921, 21.302520157518256, 0.0 ], [ 39.713758608658708, 21.302557604995211, 0.0 ], [ 39.713677706398428, 21.30459098929683, 0.0 ], [ 39.715411934836887, 21.304651342345416, 0.0 ] ] ] ] } },
{ "type": "Feature", "properties": { "ID": "639", "ROAD NAME": "R0B11", "FILL-TOTAL": null, "CUT-TOTAL": null, "FILL-DONE": null, "CUT-DONE": null, "FILL-REMAN": null, "CUT-REMAN": null, "EQUPIMENTS": null, "CONTRACTOR": null, "STATUS": null }, "geometry": { "type": "MultiPolygon", "coordinates": [ [ [ [ 39.712606884994763, 21.304494097588979, 0.0 ], [ 39.712628503691029, 21.30395083924429, 0.0 ], [ 39.712615243753355, 21.303553364847563, 0.0 ], [ 39.712618512126141, 21.303470679502013, 0.0 ], [ 39.712692939367102, 21.302846290716214, 0.0 ], [ 39.712738448090256, 21.301832728776883, 0.0 ], [ 39.712728342191475, 21.30154483999361, 0.0 ], [ 39.712256473978208, 21.301528004798705, 0.0 ], [ 39.71222221276966, 21.30181613738327, 0.0 ], [ 39.712192025300041, 21.302830270096202, 0.0 ], [ 39.712214099395254, 21.303454537407383, 0.0 ], [ 39.71221065434198, 21.303541102596217, 0.0 ], [ 39.712166044959183, 21.303934739078169, 0.0 ], [ 39.712144436965218, 21.304477685679487, 0.0 ], [ 39.712143981025086, 21.30448414141291, 0.0 ], [ 39.712143448153178, 21.304490591981747, 0.0 ], [ 39.712142838415922, 21.304497036581285, 0.0 ], [ 39.712142151889417, 21.30450347440761, 0.0 ], [ 39.712141388659241, 21.304509904657589, 0.0 ], [ 39.712140548820635, 21.30451632652909, 0.0 ], [ 39.71213963247834, 21.304522739220975, 0.0 ], [ 39.712138639746655, 21.304529141933283, 0.0 ], [ 39.712137570749412, 21.304535533867298, 0.0 ], [ 39.71213642561996, 21.304541914225634, 0.0 ], [ 39.712135204501138, 21.304548282212359, 0.0 ], [ 39.712133907545272, 21.304554637033082, 0.0 ], [ 39.71213253491414, 21.304560977895072, 0.0 ], [ 39.712131086778996, 21.304567304007271, 0.0 ], [ 39.712129563320438, 21.304573614580562, 0.0 ], [ 39.712127964728509, 21.304579908827666, 0.0 ], [ 39.712126291202637, 21.304586185963444, 0.0 ], [ 39.712124542951585, 21.304592445204808, 0.0 ], [ 39.712122720193427, 21.30459868577093, 0.0 ], [ 39.712120823155509, 21.304604906883309, 0.0 ], [ 39.712118852074511, 21.304611107765894, 0.0 ], [ 39.712116807196324, 21.304617287645129, 0.0 ], [ 39.712114688776005, 21.304623445750074, 0.0 ], [ 39.712112497077797, 21.304629581312522, 0.0 ], [ 39.712110232375139, 21.304635693567089, 0.0 ], [ 39.712107894950513, 21.304641781751283, 0.0 ], [ 39.712105485095513, 21.304647845105599, 0.0 ], [ 39.712103003110741, 21.304653882873684, 0.0 ], [ 39.712100449305822, 21.304659894302265, 0.0 ], [ 39.712097823999329, 21.30466587864149, 0.0 ], [ 39.712095127518758, 21.304671835144809, 0.0 ], [ 39.712092360200458, 21.304677763069169, 0.0 ], [ 39.712089522389668, 21.304683661675057, 0.0 ], [ 39.712086614440381, 21.304689530226632, 0.0 ], [ 39.712083636715334, 21.30469536799183, 0.0 ], [ 39.712080589586016, 21.304701174242354, 0.0 ], [ 39.712077473432508, 21.304706948253926, 0.0 ], [ 39.712074288643556, 21.304712689306246, 0.0 ], [ 39.712071035616432, 21.304718396683107, 0.0 ], [ 39.712067714756962, 21.304724069672524, 0.0 ], [ 39.712064326479407, 21.304729707566839, 0.0 ], [ 39.712060871206397, 21.304735309662689, 0.0 ], [ 39.712057349369019, 21.304740875261263, 0.0 ], [ 39.712053761406587, 21.304746403668226, 0.0 ], [ 39.712050107766672, 21.304751894193949, 0.0 ], [ 39.712046388905073, 21.304757346153469, 0.0 ], [ 39.712042605285674, 21.304762758866694, 0.0 ], [ 39.712038757380512, 21.304768131658378, 0.0 ], [ 39.712034845669564, 21.304773463858272, 0.0 ], [ 39.712030870640824, 21.304778754801212, 0.0 ], [ 39.712026832790158, 21.304784003827152, 0.0 ], [ 39.71202273262125, 21.304789210281275, 0.0 ], [ 39.712018570645611, 21.304794373514095, 0.0 ], [ 39.712014347382429, 21.304799492881525, 0.0 ], [ 39.712010063358548, 21.304804567744878, 0.0 ], [ 39.71200571910834, 21.304809597471124, 0.0 ], [ 39.712001315173822, 21.304814581432804, 0.0 ], [ 39.711996852104299, 21.304819519008159, 0.0 ], [ 39.71199233045656, 21.304824409581244, 0.0 ], [ 39.711987750794655, 21.304829252541957, 0.0 ], [ 39.71198311368989, 21.304834047286189, 0.0 ], [ 39.711978419720715, 21.304838793215751, 0.0 ], [ 39.711973669472719, 21.304843489738612, 0.0 ], [ 39.711968863538459, 21.304848136268902, 0.0 ], [ 39.711964002517476, 21.304852732226959, 0.0 ], [ 39.711959087016169, 21.304857277039442, 0.0 ], [ 39.711954117647707, 21.304861770139397, 0.0 ], [ 39.711949095032061, 21.304866210966328, 0.0 ], [ 39.711944019795752, 21.304870598966232, 0.0 ], [ 39.711938892571901, 21.304874933591726, 0.0 ], [ 39.711933714000125, 21.304879214302048, 0.0 ], [ 39.711928484726442, 21.304883440563216, 0.0 ], [ 39.711923205403195, 21.304887611847988, 0.0 ], [ 39.711917876688958, 21.304891727636011, 0.0 ], [ 39.711912499248491, 21.304895787413841, 0.0 ], [ 39.711907073752592, 21.304899790675034, 0.0 ], [ 39.711901600878114, 21.304903736920185, 0.0 ], [ 39.711896081307749, 21.304907625657012, 0.0 ], [ 39.71189051573009, 21.304911456400369, 0.0 ], [ 39.711884904839415, 21.304915228672407, 0.0 ], [ 39.711879249335674, 21.304918942002551, 0.0 ], [ 39.71187354992437, 21.304922595927529, 0.0 ], [ 39.711867807316487, 21.304926189991544, 0.0 ], [ 39.711862022228431, 21.304929723746227, 0.0 ], [ 39.711856195381877, 21.304933196750778, 0.0 ], [ 39.711850327503704, 21.304936608571904, 0.0 ], [ 39.711844419325928, 21.304939958783997, 0.0 ], [ 39.711838471585565, 21.304943246969131, 0.0 ], [ 39.711832485024601, 21.304946472717113, 0.0 ], [ 39.711826460389837, 21.304949635625533, 0.0 ], [ 39.711820398432842, 21.304952735299786, 0.0 ], [ 39.711814299909847, 21.304955771353253, 0.0 ], [ 39.71180816558163, 21.304958743407138, 0.0 ], [ 39.711801996213424, 21.304961651090707, 0.0 ], [ 39.711795792574868, 21.304964494041229, 0.0 ], [ 39.711789555439843, 21.304967271904026, 0.0 ], [ 39.711783285586414, 21.30496998433258, 0.0 ], [ 39.71177698379676, 21.304972630988551, 0.0 ], [ 39.711770650856991, 21.304975211541706, 0.0 ], [ 39.711764287557159, 21.304977725670167, 0.0 ], [ 39.711757894691061, 21.30498017306029, 0.0 ], [ 39.711751473056211, 21.304982553406759, 0.0 ], [ 39.711745023453695, 21.304984866412646, 0.0 ], [ 39.711738546688061, 21.304987111789391, 0.0 ], [ 39.711732043567324, 21.304989289256891, 0.0 ], [ 39.711725514902724, 21.304991398543496, 0.0 ], [ 39.711718961508687, 21.304993439386095, 0.0 ], [ 39.711712384202762, 21.304995411530083, 0.0 ], [ 39.711705783805442, 21.304997314729444, 0.0 ], [ 39.711699161140132, 21.304999148746738, 0.0 ], [ 39.711692517032994, 21.305000913353194, 0.0 ], [ 39.711685852312868, 21.305002608328664, 0.0 ], [ 39.711679167811191, 21.305004233461723, 0.0 ], [ 39.711672464361818, 21.305005788549618, 0.0 ], [ 39.71166574280101, 21.305007273398353, 0.0 ], [ 39.711659003967299, 21.305008687822703, 0.0 ], [ 39.711652248701292, 21.305010031646209, 0.0 ], [ 39.711645477845749, 21.30501130470126, 0.0 ], [ 39.711638692245302, 21.305012506828994, 0.0 ], [ 39.711631892746453, 21.305013637879494, 0.0 ], [ 39.711625080197429, 21.305014697711631, 0.0 ], [ 39.711618255448087, 21.305015686193197, 0.0 ], [ 39.711611419349822, 21.305016603200908, 0.0 ], [ 39.711604572755419, 21.30501744862033, 0.0 ], [ 39.711597716518988, 21.305018222346018, 0.0 ], [ 39.711590851495828, 21.305018924281427, 0.0 ], [ 39.711583978542343, 21.305019554339037, 0.0 ], [ 39.711577098515932, 21.305020112440204, 0.0 ], [ 39.711570212274871, 21.305020598515334, 0.0 ], [ 39.711563320678231, 21.305021012503765, 0.0 ], [ 39.71155642458568, 21.305021354353865, 0.0 ], [ 39.711549524857546, 21.305021624022995, 0.0 ], [ 39.71154262235455, 21.305021821477499, 0.0 ], [ 39.711535717937764, 21.305021946692751, 0.0 ], [ 39.711528812468515, 21.305021999653139, 0.0 ], [ 39.711521906808258, 21.305021980352048, 0.0 ], [ 39.711515001818448, 21.305021888791881, 0.0 ], [ 39.711508098360483, 21.305021724984069, 0.0 ], [ 39.71150160962506, 21.305021505083346, 0.0 ], [ 39.713198962222471, 21.305087648110721, 0.0 ], [ 39.713192065447053, 21.30508734294088, 0.0 ], [ 39.713185172750286, 21.30508696560997, 0.0 ], [ 39.713178284992289, 21.305086516165062, 0.0 ], [ 39.713171403032653, 21.305085994662271, 0.0 ], [ 39.713164527730157, 21.305085401166657, 0.0 ], [ 39.713157659942816, 21.305084735752299, 0.0 ], [ 39.713150800527622, 21.305083998502223, 0.0 ], [ 39.713143950340623, 21.305083189508409, 0.0 ], [ 39.713137110236659, 21.305082308871853, 0.0 ], [ 39.713130281069304, 21.305081356702445, 0.0 ], [ 39.713123463690785, 21.305080333118998, 0.0 ], [ 39.713116658951861, 21.305079238249224, 0.0 ], [ 39.713109867701718, 21.305078072229794, 0.0 ], [ 39.71310309078784, 21.305076835206183, 0.0 ], [ 39.713096329055936, 21.305075527332811, 0.0 ], [ 39.713089583349799, 21.305074148772839, 0.0 ], [ 39.713082854511264, 21.305072699698304, 0.0 ], [ 39.713076143380029, 21.30507118029006, 0.0 ], [ 39.713069450793562, 21.305069590737713, 0.0 ], [ 39.713062777587076, 21.305067931239623, 0.0 ], [ 39.713056124593322, 21.305066202002873, 0.0 ], [ 39.713049492642554, 21.305064403243257, 0.0 ], [ 39.713042882562348, 21.305062535185268, 0.0 ], [ 39.713036295177609, 21.30506059806201, 0.0 ], [ 39.713029731310407, 21.305058592115206, 0.0 ], [ 39.713023191779833, 21.305056517595208, 0.0 ], [ 39.713016677402003, 21.305054374760886, 0.0 ], [ 39.713010188989784, 21.305052163879637, 0.0 ], [ 39.713003727352955, 21.305049885227376, 0.0 ], [ 39.712997293297846, 21.305047539088459, 0.0 ], [ 39.712990887627342, 21.305045125755662, 0.0 ], [ 39.712984511140881, 21.30504264553014, 0.0 ], [ 39.712978164634144, 21.305040098721427, 0.0 ], [ 39.712971848899151, 21.305037485647318, 0.0 ], [ 39.71296556472403, 21.305034806633927, 0.0 ], [ 39.712959312892998, 21.305032062015567, 0.0 ], [ 39.712953094186254, 21.305029252134709, 0.0 ], [ 39.712946909379809, 21.305026377342063, 0.0 ], [ 39.712940759245498, 21.30502343799634, 0.0 ], [ 39.712934644550806, 21.305020434464335, 0.0 ], [ 39.712928566058793, 21.305017367120897, 0.0 ], [ 39.712922524527983, 21.305014236348807, 0.0 ], [ 39.712916520712319, 21.305011042538716, 0.0 ], [ 39.712910555361034, 21.305007786089227, 0.0 ], [ 39.712904629218549, 21.305004467406707, 0.0 ], [ 39.712898743024397, 21.305001086905285, 0.0 ], [ 39.712892897513122, 21.304997645006843, 0.0 ], [ 39.712887093414174, 21.304994142140885, 0.0 ], [ 39.712881331451889, 21.304990578744533, 0.0 ], [ 39.7128756123453, 21.304986955262514, 0.0 ], [ 39.712869936808076, 21.304983272146956, 0.0 ], [ 39.7128643055485, 21.304979529857501, 0.0 ], [ 39.712858719269299, 21.304975728861152, 0.0 ], [ 39.712853178667586, 21.304971869632258, 0.0 ], [ 39.712847684434777, 21.304967952652376, 0.0 ], [ 39.71284223725651, 21.304963978410367, 0.0 ], [ 39.712836837812553, 21.304959947402139, 0.0 ], [ 39.712831486776679, 21.304955860130764, 0.0 ], [ 39.71282618481667, 21.30495171710627, 0.0 ], [ 39.712820932594184, 21.304947518845701, 0.0 ], [ 39.712815730764603, 21.304943265872954, 0.0 ], [ 39.712810579977095, 21.304938958718729, 0.0 ], [ 39.712805480874415, 21.304934597920575, 0.0 ], [ 39.712800434092905, 21.304930184022648, 0.0 ], [ 39.712795440262354, 21.30492571757577, 0.0 ], [ 39.712790500005944, 21.304921199137333, 0.0 ], [ 39.712785613940142, 21.30491662927119, 0.0 ], [ 39.712780782674727, 21.304912008547632, 0.0 ], [ 39.712776006812568, 21.304907337543259, 0.0 ], [ 39.712771286949653, 21.304902616840998, 0.0 ], [ 39.712766623674995, 21.304897847029938, 0.0 ], [ 39.712762017570519, 21.304893028705315, 0.0 ], [ 39.712757469210985, 21.304888162468423, 0.0 ], [ 39.712752979164023, 21.304883248926522, 0.0 ], [ 39.712748547989925, 21.30487828869278, 0.0 ], [ 39.712744176241699, 21.30487328238619, 0.0 ], [ 39.712739864464844, 21.304868230631495, 0.0 ], [ 39.712735613197459, 21.304863134059115, 0.0 ], [ 39.712731422970052, 21.304857993305056, 0.0 ], [ 39.712727294305523, 21.304852809010843, 0.0 ], [ 39.712723227719074, 21.304847581823431, 0.0 ], [ 39.712719223718189, 21.304842312395117, 0.0 ], [ 39.71271528280252, 21.304837001383497, 0.0 ], [ 39.712711405463857, 21.304831649451323, 0.0 ], [ 39.71270759218605, 21.304826257266487, 0.0 ], [ 39.712703843444956, 21.304820825501874, 0.0 ], [ 39.712700159708376, 21.304815354835341, 0.0 ], [ 39.712696541435996, 21.304809845949556, 0.0 ], [ 39.712692989079365, 21.30480429953198, 0.0 ], [ 39.712689503081741, 21.304798716274775, 0.0 ], [ 39.712686083878168, 21.304793096874675, 0.0 ], [ 39.71268273189532, 21.304787442032918, 0.0 ], [ 39.712679447551466, 21.30478175245522, 0.0 ], [ 39.712676231256474, 21.304776028851546, 0.0 ], [ 39.712673083411701, 21.304770271936164, 0.0 ], [ 39.712670004409958, 21.304764482427498, 0.0 ], [ 39.712666994635498, 21.30475866104802, 0.0 ], [ 39.712664054463858, 21.304752808524196, 0.0 ], [ 39.712661184261961, 21.304746925586343, 0.0 ], [ 39.712658384387986, 21.304741012968627, 0.0 ], [ 39.712655655191291, 21.304735071408871, 0.0 ], [ 39.712652997012484, 21.304729101648558, 0.0 ], [ 39.712650410183258, 21.304723104432632, 0.0 ], [ 39.712647895026407, 21.304717080509501, 0.0 ], [ 39.712645451855813, 21.304711030630905, 0.0 ], [ 39.712643080976342, 21.304704955551802, 0.0 ], [ 39.712640782683849, 21.304698856030313, 0.0 ], [ 39.712638557265123, 21.304692732827615, 0.0 ], [ 39.712636404997887, 21.304686586707795, 0.0 ], [ 39.712634326150706, 21.304680418437886, 0.0 ], [ 39.712632320982983, 21.304674228787608, 0.0 ], [ 39.712630389744945, 21.304668018529348, 0.0 ], [ 39.712628532677591, 21.304661788438104, 0.0 ], [ 39.712626750012653, 21.30465553929135, 0.0 ], [ 39.712625041972565, 21.304649271868943, 0.0 ], [ 39.712623408770483, 21.304642986952945, 0.0 ], [ 39.712621850610212, 21.304636685327687, 0.0 ], [ 39.712620367686156, 21.30463036777957, 0.0 ], [ 39.712618960183406, 21.304624035096939, 0.0 ], [ 39.712617628277549, 21.304617688070056, 0.0 ], [ 39.712616372134818, 21.304611327490999, 0.0 ], [ 39.712615191911951, 21.304604954153469, 0.0 ], [ 39.712614087756222, 21.304598568852846, 0.0 ], [ 39.712613059805392, 21.304592172385917, 0.0 ], [ 39.712612108187749, 21.304585765550932, 0.0 ], [ 39.712611233022017, 21.304579349147382, 0.0 ], [ 39.712610434417414, 21.304572923975996, 0.0 ], [ 39.712609712473601, 21.304566490838543, 0.0 ], [ 39.712609067280617, 21.304560050537859, 0.0 ], [ 39.712608498919018, 21.304553603877611, 0.0 ], [ 39.712608007459671, 21.304547151662298, 0.0 ], [ 39.712607592963934, 21.304540694697067, 0.0 ], [ 39.712607255483505, 21.304534233787717, 0.0 ], [ 39.71260699506049, 21.304527769740506, 0.0 ], [ 39.71260681172739, 21.304521303362066, 0.0 ], [ 39.712606705507049, 21.304514835459347, 0.0 ], [ 39.712606676412726, 21.304508366839503, 0.0 ], [ 39.712606724448051, 21.304501898309745, 0.0 ], [ 39.712606849606992, 21.30449543067726, 0.0 ], [ 39.712606884994763, 21.304494097588979, 0.0 ] ] ] ] } },
{ "type": "Feature", "properties": { "ID": "633", "ROAD NAME": "R6E24", "FILL-TOTAL": null, "CUT-TOTAL": null, "FILL-DONE": null, "CUT-DONE": null, "FILL-REMAN": null, "CUT-REMAN": null, "EQUPIMENTS": null, "CONTRACTOR": null, "STATUS": null }, "geometry": { "type": "MultiPolygon", "coordinates": [ [ [ [ 39.707644956358422, 21.304297130630328, 0.0 ], [ 39.707328341950543, 21.303087039770734, 0.0 ], [ 39.707262244174721, 21.302834413248284, 0.0 ], [ 39.707137402004498, 21.302357262292233, 0.0 ], [ 39.707073713322792, 21.302104517664198, 0.0 ], [ 39.707068184260159, 21.302080854691802, 0.0 ], [ 39.707062730568815, 21.30205717636268, 0.0 ], [ 39.707057352297255, 21.302033482887591, 0.0 ], [ 39.707052049493335, 21.302009774477327, 0.0 ], [ 39.707046822204141, 21.301986051342912, 0.0 ], [ 39.707041670476222, 21.301962313695437, 0.0 ], [ 39.707036594355358, 21.301938561746173, 0.0 ], [ 39.707031593886683, 21.301914795706466, 0.0 ], [ 39.707026669114661, 21.301891015787827, 0.0 ], [ 39.707021820083085, 21.301867222201878, 0.0 ], [ 39.707017046835098, 21.301843415160352, 0.0 ], [ 39.707012349413084, 21.301819594875088, 0.0 ], [ 39.707007727858873, 21.301795761558108, 0.0 ], [ 39.707003182213498, 21.301771915421504, 0.0 ], [ 39.706998712517397, 21.301748056677443, 0.0 ], [ 39.706994318810324, 21.301724185538276, 0.0 ], [ 39.706990001131331, 21.301700302216432, 0.0 ], [ 39.706985759518808, 21.301676406924436, 0.0 ], [ 39.706981594010458, 21.30165249987494, 0.0 ], [ 39.706977624259189, 21.301629287454734, 0.0 ], [ 39.706939066518601, 21.30137601186253, 0.0 ], [ 39.706935857704103, 21.301351975534928, 0.0 ], [ 39.706932725437348, 21.301327930336971, 0.0 ], [ 39.706929669746181, 21.301303876482599, 0.0 ], [ 39.70692669065776, 21.301279814185897, 0.0 ], [ 39.706923788198566, 21.301255743660999, 0.0 ], [ 39.706920962394371, 21.30123166512206, 0.0 ], [ 39.706918213270299, 21.301207578783419, 0.0 ], [ 39.706915540850758, 21.301183484859369, 0.0 ], [ 39.70691294515953, 21.301159383564343, 0.0 ], [ 39.706910426219643, 21.301135275112813, 0.0 ], [ 39.706907984053473, 21.301111159719326, 0.0 ], [ 39.706905618682747, 21.301087037598478, 0.0 ], [ 39.706903330128448, 21.301062908964933, 0.0 ], [ 39.706901118410912, 21.301038774033412, 0.0 ], [ 39.706898983549777, 21.301014633018688, 0.0 ], [ 39.706896925564031, 21.300990486135575, 0.0 ], [ 39.706894944471912, 21.300966333598986, 0.0 ], [ 39.706893040291042, 21.300942175623824, 0.0 ], [ 39.706891213038304, 21.300918012425079, 0.0 ], [ 39.706890159457551, 21.300903593058745, 0.0 ], [ 39.706926182910948, 21.300868882109462, 0.0 ], [ 39.706655468821801, 21.300859447923091, 0.0 ], [ 39.706696433987972, 21.300896850069851, 0.0 ], [ 39.706698174932924, 21.300921287448489, 0.0 ], [ 39.706699992828185, 21.300945719899143, 0.0 ], [ 39.706701887657943, 21.300970147209121, 0.0 ], [ 39.706703859405742, 21.300994569165784, 0.0 ], [ 39.706705908054481, 21.301018985556524, 0.0 ], [ 39.706708033586345, 21.301043396168783, 0.0 ], [ 39.706710235982868, 21.30106780079009, 0.0 ], [ 39.706712515224915, 21.301092199207954, 0.0 ], [ 39.706714871292697, 21.301116591210029, 0.0 ], [ 39.706717304165728, 21.301140976583937, 0.0 ], [ 39.706719813822865, 21.301165355117405, 0.0 ], [ 39.70672240024232, 21.301189726598214, 0.0 ], [ 39.706725063401578, 21.301214090814184, 0.0 ], [ 39.706727803277523, 21.301238447553267, 0.0 ], [ 39.706730619846347, 21.301262796603393, 0.0 ], [ 39.706733513083542, 21.301287137752603, 0.0 ], [ 39.706736482963983, 21.301311470788988, 0.0 ], [ 39.706739529461849, 21.301335795500723, 0.0 ], [ 39.706742652550638, 21.301360111676079, 0.0 ], [ 39.70674585220322, 21.301384419103361, 0.0 ], [ 39.706749128391763, 21.30140871757094, 0.0 ], [ 39.706752481087804, 21.301433006867331, 0.0 ], [ 39.706755910262196, 21.301457286781062, 0.0 ], [ 39.706759415885095, 21.301481557100775, 0.0 ], [ 39.706762997926035, 21.30150581761518, 0.0 ], [ 39.706766656353899, 21.301530068113099, 0.0 ], [ 39.706770391136835, 21.301554308383405, 0.0 ], [ 39.706774202242379, 21.301578538215093, 0.0 ], [ 39.706778089637403, 21.301602757397216, 0.0 ], [ 39.706782053288116, 21.301626965718949, 0.0 ], [ 39.706786093160005, 21.301651162969552, 0.0 ], [ 39.706790209217985, 21.301675348938371, 0.0 ], [ 39.706794401426222, 21.30169952341485, 0.0 ], [ 39.706798669748295, 21.301723686188552, 0.0 ], [ 39.706803014147056, 21.301747837049128, 0.0 ], [ 39.706807434584746, 21.301771975786348, 0.0 ], [ 39.706811931022891, 21.301796102190057, 0.0 ], [ 39.706816503422409, 21.301820216050228, 0.0 ], [ 39.706821151743526, 21.301844317156959, 0.0 ], [ 39.706825875945817, 21.301868405300414, 0.0 ], [ 39.706830675988186, 21.301892480270894, 0.0 ], [ 39.706835551828881, 21.301916541858841, 0.0 ], [ 39.706840503425497, 21.30194058985477, 0.0 ], [ 39.706845530734981, 21.301964624049347, 0.0 ], [ 39.706850633713564, 21.301988644233326, 0.0 ], [ 39.706855812316917, 21.302012650197618, 0.0 ], [ 39.706861066499933, 21.302036641733235, 0.0 ], [ 39.706866396216945, 21.302060618631291, 0.0 ], [ 39.706871801421592, 21.302084580683111, 0.0 ], [ 39.706877282066856, 21.302108527680065, 0.0 ], [ 39.706882838105024, 21.302132459413684, 0.0 ], [ 39.706888469487815, 21.302156375675629, 0.0 ], [ 39.706894176166237, 21.302180276257697, 0.0 ], [ 39.706899958090609, 21.302204160951831, 0.0 ], [ 39.706905815210668, 21.302228029550097, 0.0 ], [ 39.706911747475445, 21.302251881844711, 0.0 ], [ 39.706917754833334, 21.302275717628021, 0.0 ], [ 39.706923837232083, 21.302299536692534, 0.0 ], [ 39.706929994618754, 21.302323338830892, 0.0 ], [ 39.706932375912501, 21.302332462623252, 0.0 ], [ 39.707435407940203, 21.304255058140338, 0.0 ], [ 39.707406051071757, 21.304288806387191, 0.0 ], [ 39.707644956358422, 21.304297130630328, 0.0 ] ] ] ] } },
{ "type": "Feature", "properties": { "ID": "687", "ROAD NAME": "R6E25", "FILL-TOTAL": null, "CUT-TOTAL": null, "FILL-DONE": null, "CUT-DONE": null, "FILL-REMAN": null, "CUT-REMAN": null, "EQUPIMENTS": null, "CONTRACTOR": null, "STATUS": null }, "geometry": { "type": "MultiPolygon", "coordinates": [ [ [ [ 39.711878065578041, 21.304625349754321, 0.0 ], [ 39.711942730404459, 21.30300057599154, 0.0 ], [ 39.710817421566155, 21.302961391831413, 0.0 ], [ 39.710780320870455, 21.302923943684412, 0.0 ], [ 39.710770259960292, 21.303176686303861, 0.0 ], [ 39.71081023524895, 21.303141922273952, 0.0 ], [ 39.711704317308339, 21.303173055515625, 0.0 ], [ 39.71174141829713, 21.303210503446071, 0.0 ], [ 39.71172273678777, 21.303679882566797, 0.0 ], [ 39.711712677484414, 21.303932625151539, 0.0 ], [ 39.711693995866995, 21.304402004202913, 0.0 ], [ 39.71165402046114, 21.304436768439025, 0.0 ], [ 39.710759930737268, 21.304405635184903, 0.0 ], [ 39.710490162332199, 21.304396240589806, 0.0 ], [ 39.709989163922288, 21.304378792327228, 0.0 ], [ 39.709719395578311, 21.304369396485779, 0.0 ], [ 39.70882530636252, 21.304338252864209, 0.0 ], [ 39.708555538110836, 21.304328855140941, 0.0 ], [ 39.708054539986001, 21.304311401069029, 0.0 ], [ 39.708017439622665, 21.304273952308321, 0.0 ], [ 39.708007373957528, 21.304526694845045, 0.0 ], [ 39.708047350272381, 21.304491931452485, 0.0 ], [ 39.710521513990855, 21.304578113090233, 0.0 ], [ 39.711878065578041, 21.304625349754321, 0.0 ] ] ] ] } },
{ "type": "Feature", "properties": { "ID": "588", "ROAD NAME": "R6E22", "FILL-TOTAL": null, "CUT-TOTAL": null, "FILL-DONE": null, "CUT-DONE": null, "FILL-REMAN": null, "CUT-REMAN": null, "EQUPIMENTS": null, "CONTRACTOR": null, "STATUS": null }, "geometry": { "type": "MultiPolygon", "coordinates": [ [ [ [ 39.707699067006274, 21.30451595305793, 0.0 ], [ 39.707709133200019, 21.304263210522155, 0.0 ], [ 39.707669156863282, 21.304297973836135, 0.0 ], [ 39.707644956358422, 21.304297130630328, 0.0 ], [ 39.707406051071757, 21.304288806387191, 0.0 ], [ 39.707082303976996, 21.304277525430425, 0.0 ], [ 39.707075113072698, 21.30445805581175, 0.0 ], [ 39.707661966677705, 21.304478504218757, 0.0 ], [ 39.707699067006274, 21.30451595305793, 0.0 ] ] ] ] } },
{ "type": "Feature", "properties": { "ID": "558", "ROAD NAME": "R6C4", "FILL-TOTAL": null, "CUT-TOTAL": null, "FILL-DONE": null, "CUT-DONE": null, "FILL-REMAN": null, "CUT-REMAN": null, "EQUPIMENTS": null, "CONTRACTOR": null, "STATUS": null }, "geometry": { "type": "MultiPolygon", "coordinates": [ [ [ [ 39.712192025300041, 21.302830270096202, 0.0 ], [ 39.71222221276966, 21.30181613738327, 0.0 ], [ 39.712221546188815, 21.301821416917132, 0.0 ], [ 39.712220803077287, 21.301826687483658, 0.0 ], [ 39.712219983572361, 21.301831948109086, 0.0 ], [ 39.71221908782546, 21.301837197821506, 0.0 ], [ 39.712218116002042, 21.301842435650983, 0.0 ], [ 39.712217068281653, 21.30184766062979, 0.0 ], [ 39.712215944857874, 21.301852871792605, 0.0 ], [ 39.712214745938226, 21.301858068176625, 0.0 ], [ 39.712213471744235, 21.301863248821792, 0.0 ], [ 39.712212122511303, 21.301868412770961, 0.0 ], [ 39.712210698488683, 21.30187355907006, 0.0 ], [ 39.712209199939487, 21.301878686768266, 0.0 ], [ 39.712207627140558, 21.301883794918208, 0.0 ], [ 39.712205980382478, 21.301888882576154, 0.0 ], [ 39.712204259969475, 21.301893948802103, 0.0 ], [ 39.712202466219416, 21.301898992660043, 0.0 ], [ 39.712200599463692, 21.301904013218113, 0.0 ], [ 39.712198660047186, 21.301909009548719, 0.0 ], [ 39.712196648328202, 21.301913980728756, 0.0 ], [ 39.712194564678441, 21.301918925839768, 0.0 ], [ 39.712192409482839, 21.301923843968137, 0.0 ], [ 39.712190183139555, 21.301928734205198, 0.0 ], [ 39.712187886059951, 21.30193359564743, 0.0 ], [ 39.712185518668385, 21.301938427396699, 0.0 ], [ 39.712183081402259, 21.301943228560276, 0.0 ], [ 39.712180574711859, 21.301947998251116, 0.0 ], [ 39.712177999060323, 21.301952735588017, 0.0 ], [ 39.712175354923481, 21.301957439695691, 0.0 ], [ 39.712172642789866, 21.301962109705059, 0.0 ], [ 39.71216986316054, 21.301966744753283, 0.0 ], [ 39.712167016549067, 21.301971343984022, 0.0 ], [ 39.712164103481356, 21.301975906547561, 0.0 ], [ 39.712161124495616, 21.301980431600899, 0.0 ], [ 39.712158080142224, 21.301984918308037, 0.0 ], [ 39.712154970983633, 21.301989365839994, 0.0 ], [ 39.712151797594288, 21.301993773375099, 0.0 ], [ 39.712148560560465, 21.30199814009902, 0.0 ], [ 39.712145260480227, 21.302002465204971, 0.0 ], [ 39.712141897963292, 21.302006747893845, 0.0 ], [ 39.71213847363088, 21.302010987374441, 0.0 ], [ 39.712134988115665, 21.302015182863435, 0.0 ], [ 39.712131442061619, 21.302019333585694, 0.0 ], [ 39.712127836123869, 21.302023438774381, 0.0 ], [ 39.712124170968671, 21.302027497671009, 0.0 ], [ 39.712120447273122, 21.302031509525673, 0.0 ], [ 39.712116665725247, 21.302035473597158, 0.0 ], [ 39.712112827023674, 21.30203938915308, 0.0 ], [ 39.712108931877623, 21.302043255470007, 0.0 ], [ 39.712104981006775, 21.302047071833634, 0.0 ], [ 39.712100975141034, 21.302050837538843, 0.0 ], [ 39.712096915020538, 21.302054551889885, 0.0 ], [ 39.712092801395386, 21.302058214200553, 0.0 ], [ 39.712088635025594, 21.302061823794176, 0.0 ], [ 39.712084416680959, 21.302065380003864, 0.0 ], [ 39.712080147140824, 21.302068882172581, 0.0 ], [ 39.712075827193999, 21.302072329653303, 0.0 ], [ 39.712071457638601, 21.30207572180905, 0.0 ], [ 39.712067039281976, 21.302079058013131, 0.0 ], [ 39.712062572940418, 21.302082337649146, 0.0 ], [ 39.712058059439109, 21.302085560111163, 0.0 ], [ 39.712053499611926, 21.302088724803809, 0.0 ], [ 39.712048894301375, 21.302091831142388, 0.0 ], [ 39.71204424435826, 21.302094878552975, 0.0 ], [ 39.712039550641713, 21.302097866472554, 0.0 ], [ 39.712034814018935, 21.30210079434908, 0.0 ], [ 39.712030035365004, 21.30210366164161, 0.0 ], [ 39.712025215562861, 21.302106467820405, 0.0 ], [ 39.712020355502958, 21.302109212366982, 0.0 ], [ 39.712015456083215, 21.302111894774292, 0.0 ], [ 39.712010518208857, 21.302114514546723, 0.0 ], [ 39.71200554279217, 21.302117071200247, 0.0 ], [ 39.712000530752405, 21.302119564262529, 0.0 ], [ 39.711995483015549, 21.302121993272955, 0.0 ], [ 39.711990400514225, 21.302124357782727, 0.0 ], [ 39.711985284187435, 21.302126657355029, 0.0 ], [ 39.711980134980458, 21.302128891564944, 0.0 ], [ 39.711974953844667, 21.302131059999727, 0.0 ], [ 39.711969741737285, 21.302133162258745, 0.0 ], [ 39.711964499621274, 21.302135197953572, 0.0 ], [ 39.71195922846519, 21.302137166708096, 0.0 ], [ 39.711953929242881, 21.302139068158596, 0.0 ], [ 39.711948602933404, 21.302140901953756, 0.0 ], [ 39.711943250520854, 21.302142667754779, 0.0 ], [ 39.711937872994106, 21.302144365235392, 0.0 ], [ 39.711932471346721, 21.302145994082025, 0.0 ], [ 39.711927046576655, 21.302147553993688, 0.0 ], [ 39.7119215996862, 21.30214904468221, 0.0 ], [ 39.711916131681676, 21.302150465872145, 0.0 ], [ 39.711910643573347, 21.30215181730096, 0.0 ], [ 39.711905136375194, 21.302153098718922, 0.0 ], [ 39.71189961110467, 21.302154309889325, 0.0 ], [ 39.711894068782641, 21.302155450588355, 0.0 ], [ 39.711888510433091, 21.30215652060528, 0.0 ], [ 39.71188293708294, 21.302157519742412, 0.0 ], [ 39.711877349761913, 21.302158447815152, 0.0 ], [ 39.711871749502286, 21.302159304652022, 0.0 ], [ 39.711866137338781, 21.302160090094716, 0.0 ], [ 39.711860514308249, 21.302160803998142, 0.0 ], [ 39.711854881449597, 21.302161446230375, 0.0 ], [ 39.711849239803534, 21.302162016672753, 0.0 ], [ 39.711843590412407, 21.302162515219901, 0.0 ], [ 39.711837934319952, 21.302162941779713, 0.0 ], [ 39.711832272571193, 21.302163296273363, 0.0 ], [ 39.711826606212163, 21.302163578635362, 0.0 ], [ 39.711820936289762, 21.302163788813537, 0.0 ], [ 39.711815263851548, 21.302163926769062, 0.0 ], [ 39.711809589945545, 21.302163992476459, 0.0 ], [ 39.711803915620067, 21.302163985923549, 0.0 ], [ 39.711798241923439, 21.302163907111574, 0.0 ], [ 39.711792569903956, 21.302163756055101, 0.0 ], [ 39.711791763721138, 21.30216372871563, 0.0 ], [ 39.711238746349316, 21.302144472441007, 0.0 ], [ 39.710968982075919, 21.302135078480458, 0.0 ], [ 39.709503584378538, 21.302084041525195, 0.0 ], [ 39.709041131587263, 21.302067932516632, 0.0 ], [ 39.708164398343278, 21.302037389002944, 0.0 ], [ 39.708108748650467, 21.301981215841451, 0.0 ], [ 39.708093650423464, 21.302360329819731, 0.0 ], [ 39.708133626146946, 21.302325566410136, 0.0 ], [ 39.70863461752316, 21.30234302047019, 0.0 ], [ 39.708904382141093, 21.302352418187048, 0.0 ], [ 39.709798459312914, 21.302383561788076, 0.0 ], [ 39.710068224023004, 21.302392957623368, 0.0 ], [ 39.710569215684195, 21.302410405874667, 0.0 ], [ 39.710838980455357, 21.302419800463845, 0.0 ], [ 39.711863198341497, 21.302455464991212, 0.0 ], [ 39.711868767783386, 21.30245671238109, 0.0 ], [ 39.711874318779095, 21.302458029937096, 0.0 ], [ 39.711879850321608, 21.302459417420192, 0.0 ], [ 39.711885361407518, 21.302460874578703, 0.0 ], [ 39.711890851037111, 21.302462401148301, 0.0 ], [ 39.711896318214521, 21.302463996852048, 0.0 ], [ 39.711901761948042, 21.302465661400486, 0.0 ], [ 39.711907181250133, 21.302467394491689, 0.0 ], [ 39.711912575137752, 21.30246919581122, 0.0 ], [ 39.711917942632397, 21.302471065032357, 0.0 ], [ 39.711923282760438, 21.302473001816008, 0.0 ], [ 39.71192859455315, 21.302475005810841, 0.0 ], [ 39.711933877046953, 21.302477076653311, 0.0 ], [ 39.711939129283586, 21.302479213967779, 0.0 ], [ 39.711944350310326, 21.302481417366526, 0.0 ], [ 39.711949539180026, 21.302483686449857, 0.0 ], [ 39.711954694951416, 21.302486020806146, 0.0 ], [ 39.711959816689244, 21.302488420011947, 0.0 ], [ 39.711964903464427, 21.302490883632039, 0.0 ], [ 39.711969954354196, 21.302493411219519, 0.0 ], [ 39.711974968442298, 21.302496002315859, 0.0 ], [ 39.711979944819198, 21.302498656451046, 0.0 ], [ 39.711984882582144, 21.302501373143599, 0.0 ], [ 39.71198978083541, 21.302504151900724, 0.0 ], [ 39.711994638690477, 21.302506992218337, 0.0 ], [ 39.711999455266096, 21.302509893581224, 0.0 ], [ 39.71200422968851, 21.302512855463046, 0.0 ], [ 39.712008961091662, 21.302515877326499, 0.0 ], [ 39.712013648617258, 21.302518958623445, 0.0 ], [ 39.71201829141495, 21.302522098794906, 0.0 ], [ 39.712022888642529, 21.302525297271266, 0.0 ], [ 39.712027439466056, 21.30252855347231, 0.0 ], [ 39.712031943060005, 21.302531866807342, 0.0 ], [ 39.712036398607388, 21.302535236675336, 0.0 ], [ 39.712040805299978, 21.302538662464986, 0.0 ], [ 39.712045162338391, 21.302542143554842, 0.0 ], [ 39.712049468932229, 21.302545679313422, 0.0 ], [ 39.712053724300269, 21.302549269099341, 0.0 ], [ 39.7120579276706, 21.302552912261401, 0.0 ], [ 39.712062078280695, 21.302556608138744, 0.0 ], [ 39.712066175377601, 21.302560356060905, 0.0 ], [ 39.712070218218138, 21.302564155348009, 0.0 ], [ 39.712074206068898, 21.302568005310846, 0.0 ], [ 39.712078138206486, 21.302571905251064, 0.0 ], [ 39.712082013917581, 21.302575854461164, 0.0 ], [ 39.712085832499127, 21.302579852224778, 0.0 ], [ 39.712089593258419, 21.302583897816675, 0.0 ], [ 39.712093295513249, 21.302587990503007, 0.0 ], [ 39.712096938591998, 21.302592129541331, 0.0 ], [ 39.712100521833818, 21.302596314180825, 0.0 ], [ 39.712104044588685, 21.302600543662393, 0.0 ], [ 39.712107506217549, 21.302604817218782, 0.0 ], [ 39.712110906092491, 21.302609134074753, 0.0 ], [ 39.712114243596723, 21.302613493447257, 0.0 ], [ 39.712117518124849, 21.302617894545467, 0.0 ], [ 39.712120729082827, 21.302622336570998, 0.0 ], [ 39.71212387588816, 21.302626818718085, 0.0 ], [ 39.71212695797005, 21.302631340173644, 0.0 ], [ 39.712129974769368, 21.302635900117483, 0.0 ], [ 39.712132925738864, 21.302640497722397, 0.0 ], [ 39.712135810343206, 21.302645132154385, 0.0 ], [ 39.71213862805913, 21.302649802572741, 0.0 ], [ 39.712141378375478, 21.302654508130264, 0.0 ], [ 39.712144060793328, 21.302659247973324, 0.0 ], [ 39.71214667482608, 21.302664021242116, 0.0 ], [ 39.712149219999539, 21.302668827070768, 0.0 ], [ 39.712151695852008, 21.302673664587456, 0.0 ], [ 39.712154101934324, 21.30267853291468, 0.0 ], [ 39.712156437810059, 21.302683431169299, 0.0 ], [ 39.712158703055408, 21.302688358462763, 0.0 ], [ 39.712160897259501, 21.302693313901234, 0.0 ], [ 39.712163020024249, 21.302698296585792, 0.0 ], [ 39.71216507096463, 21.302703305612571, 0.0 ], [ 39.71216704970854, 21.302708340072918, 0.0 ], [ 39.712168955897027, 21.302713399053559, 0.0 ], [ 39.712170789184313, 21.302718481636791, 0.0 ], [ 39.712172549237827, 21.302723586900626, 0.0 ], [ 39.712174235738281, 21.302728713918956, 0.0 ], [ 39.712175848379715, 21.302733861761709, 0.0 ], [ 39.712177386869591, 21.302739029495061, 0.0 ], [ 39.712178850928844, 21.302744216181569, 0.0 ], [ 39.712180240291843, 21.30274942088036, 0.0 ], [ 39.712181554706575, 21.302754642647301, 0.0 ], [ 39.712182793934574, 21.302759880535113, 0.0 ], [ 39.712183957751044, 21.30276513359366, 0.0 ], [ 39.71218504594485, 21.302770400870003, 0.0 ], [ 39.712186058318586, 21.302775681408669, 0.0 ], [ 39.712186994688579, 21.302780974251732, 0.0 ], [ 39.712187854885002, 21.302786278439065, 0.0 ], [ 39.712188638751783, 21.30279159300844, 0.0 ], [ 39.712189346146722, 21.302796916995849, 0.0 ], [ 39.712189976941453, 21.302802249435441, 0.0 ], [ 39.712190531021584, 21.302807589359922, 0.0 ], [ 39.712191008286574, 21.302812935800606, 0.0 ], [ 39.712191408649844, 21.302818287787645, 0.0 ], [ 39.712191732038754, 21.302823644350177, 0.0 ], [ 39.712191978394635, 21.302829004516486, 0.0 ], [ 39.712192025300041, 21.302830270096202, 0.0 ] ] ] ] } },
{ "type": "Feature", "properties": { "ID": "556", "ROAD NAME": "R6C3", "FILL-TOTAL": null, "CUT-TOTAL": null, "FILL-DONE": null, "CUT-DONE": null, "FILL-REMAN": null, "CUT-REMAN": null, "EQUPIMENTS": null, "CONTRACTOR": null, "STATUS": null }, "geometry": { "type": "MultiPolygon", "coordinates": [ [ [ [ 39.708017439622665, 21.304273952308321, 0.0 ], [ 39.708093650423464, 21.302360329819731, 0.0 ], [ 39.708108748650467, 21.301981215841451, 0.0 ], [ 39.708177948268904, 21.300243609730806, 0.0 ], [ 39.708237910980436, 21.300191464588028, 0.0 ], [ 39.707814001393757, 21.300176694652809, 0.0 ], [ 39.707869650274432, 21.30023286795954, 0.0 ], [ 39.707851675496791, 21.300684194279885, 0.0 ], [ 39.707841609592833, 21.300936937001016, 0.0 ], [ 39.707822915716861, 21.30140631630557, 0.0 ], [ 39.707812849754447, 21.301659058989308, 0.0 ], [ 39.707794155769946, 21.302128438224415, 0.0 ], [ 39.707765395655983, 21.302850560036401, 0.0 ], [ 39.707755329576628, 21.303103302645351, 0.0 ], [ 39.707709133200019, 21.304263210522155, 0.0 ], [ 39.707699067006274, 21.30451595305793, 0.0 ], [ 39.707691049152523, 21.304717265385843, 0.0 ], [ 39.707689860473927, 21.304719433302839, 0.0 ], [ 39.707688603722332, 21.304721567259797, 0.0 ], [ 39.707687280002538, 21.30472366538082, 0.0 ], [ 39.707685890478189, 21.304725725821502, 0.0 ], [ 39.707684436370755, 21.304727746770581, 0.0 ], [ 39.707682918958497, 21.304729726451466, 0.0 ], [ 39.707681339575345, 21.304731663123903, 0.0 ], [ 39.707679699609677, 21.304733555085392, 0.0 ], [ 39.707678000503158, 21.304735400672772, 0.0 ], [ 39.707676243749418, 21.304737198263641, 0.0 ], [ 39.707674430892773, 21.304738946277769, 0.0 ], [ 39.707672563526842, 21.30474064317853, 0.0 ], [ 39.707670643293191, 21.304742287474213, 0.0 ], [ 39.707668671879844, 21.304743877719371, 0.0 ], [ 39.707666651019807, 21.304745412516073, 0.0 ], [ 39.707664582489549, 21.304746890515112, 0.0 ], [ 39.707662468107486, 21.304748310417217, 0.0 ], [ 39.707660309732326, 21.304749670974179, 0.0 ], [ 39.707658109261388, 21.304750970989964, 0.0 ], [ 39.707655868629104, 21.304752209321794, 0.0 ], [ 39.707653589805119, 21.30475338488105, 0.0 ], [ 39.707651274792703, 21.304754496634345, 0.0 ], [ 39.70764892562692, 21.304755543604358, 0.0 ], [ 39.707646544372835, 21.304756524870736, 0.0 ], [ 39.707644133123779, 21.304757439570874, 0.0 ], [ 39.707641693999406, 21.304758286900654, 0.0 ], [ 39.707639229143872, 21.30475906611526, 0.0 ], [ 39.707636740723984, 21.30475977652965, 0.0 ], [ 39.707634230927248, 21.304760417519361, 0.0 ], [ 39.707631701959947, 21.304760988520883, 0.0 ], [ 39.707629483920044, 21.304761428706747, 0.0 ], [ 39.708056187792344, 21.304753452997772, 0.0 ], [ 39.708000663506454, 21.304695189768939, 0.0 ], [ 39.708007373957528, 21.304526694845045, 0.0 ], [ 39.708017439622665, 21.304273952308321, 0.0 ] ] ] ] } },
{ "type": "Feature", "properties": { "ID": "585", "ROAD NAME": "R6E19", "FILL-TOTAL": null, "CUT-TOTAL": null, "FILL-DONE": null, "CUT-DONE": null, "FILL-REMAN": null, "CUT-REMAN": null, "EQUPIMENTS": null, "CONTRACTOR": null, "STATUS": null }, "geometry": { "type": "MultiPolygon", "coordinates": [ [ [ [ 39.707841609592833, 21.300936937001016, 0.0 ], [ 39.707851675496791, 21.300684194279885, 0.0 ], [ 39.707811700137022, 21.300718957622024, 0.0 ], [ 39.706396415352813, 21.300669638533879, 0.0 ], [ 39.706389223641317, 21.300850169045887, 0.0 ], [ 39.706655468821801, 21.300859447923091, 0.0 ], [ 39.706926182910948, 21.300868882109462, 0.0 ], [ 39.707804510158425, 21.300899488137038, 0.0 ], [ 39.707841609592833, 21.300936937001016, 0.0 ] ] ] ] } },
{ "type": "Feature", "properties": { "ID": "625", "ROAD NAME": "R6E29", "FILL-TOTAL": null, "CUT-TOTAL": null, "FILL-DONE": null, "CUT-DONE": null, "FILL-REMAN": null, "CUT-REMAN": null, "EQUPIMENTS": null, "CONTRACTOR": null, "STATUS": null }, "geometry": { "type": "MultiPolygon", "coordinates": [ [ [ [ 39.710722829680662, 21.304368187047952, 0.0 ], [ 39.710741514390364, 21.30389880800163, 0.0 ], [ 39.710751575358778, 21.303646065419546, 0.0 ], [ 39.710770259960292, 21.303176686303861, 0.0 ], [ 39.710780320870455, 21.302923943684412, 0.0 ], [ 39.710799005363782, 21.302454564499435, 0.0 ], [ 39.710838980455357, 21.302419800463845, 0.0 ], [ 39.710569215684195, 21.302410405874667, 0.0 ], [ 39.710606316194337, 21.302447854078498, 0.0 ], [ 39.710530138009943, 21.304361476622994, 0.0 ], [ 39.710490162332199, 21.304396240589806, 0.0 ], [ 39.710759930737268, 21.304405635184903, 0.0 ], [ 39.710722829680662, 21.304368187047952, 0.0 ] ] ] ] } },
{ "type": "Feature", "properties": { "ID": "669", "ROAD NAME": "R6E26", "FILL-TOTAL": null, "CUT-TOTAL": null, "FILL-DONE": null, "CUT-DONE": null, "FILL-REMAN": null, "CUT-REMAN": null, "EQUPIMENTS": null, "CONTRACTOR": null, "STATUS": null }, "geometry": { "type": "MultiPolygon", "coordinates": [ [ [ [ 39.708806896671362, 21.303831425245342, 0.0 ], [ 39.708816960956604, 21.303578682668892, 0.0 ], [ 39.708835651717848, 21.303109303563641, 0.0 ], [ 39.708845715944697, 21.302856560949795, 0.0 ], [ 39.708864406597499, 21.302387181775082, 0.0 ], [ 39.708904382141093, 21.302352418187048, 0.0 ], [ 39.70863461752316, 21.30234302047019, 0.0 ], [ 39.708671717537598, 21.302380469120031, 0.0 ], [ 39.708595514240521, 21.304294091621813, 0.0 ], [ 39.708555538110836, 21.304328855140941, 0.0 ], [ 39.708825306362506, 21.304338252864213, 0.0 ], [ 39.708788205801667, 21.304300804281215, 0.0 ], [ 39.708806896671362, 21.303831425245342, 0.0 ] ] ] ] } },
{ "type": "Feature", "properties": { "ID": "590", "ROAD NAME": "R6E21", "FILL-TOTAL": null, "CUT-TOTAL": null, "FILL-DONE": null, "CUT-DONE": null, "FILL-REMAN": null, "CUT-REMAN": null, "EQUPIMENTS": null, "CONTRACTOR": null, "STATUS": null }, "geometry": { "type": "MultiPolygon", "coordinates": [ [ [ [ 39.707812849754447, 21.301659058989308, 0.0 ], [ 39.707822915716861, 21.30140631630557, 0.0 ], [ 39.707782940160001, 21.301441079642025, 0.0 ], [ 39.706982532326997, 21.301413189064263, 0.0 ], [ 39.706939066518601, 21.30137601186253, 0.0 ], [ 39.706977624259196, 21.301629287454716, 0.0 ], [ 39.707010200601083, 21.30159493431692, 0.0 ], [ 39.707775750139646, 21.301621610130343, 0.0 ], [ 39.707812849754447, 21.301659058989308, 0.0 ] ] ] ] } },
{ "type": "Feature", "properties": { "ID": "689", "ROAD NAME": "R6E20", "FILL-TOTAL": null, "CUT-TOTAL": null, "FILL-DONE": null, "CUT-DONE": null, "FILL-REMAN": null, "CUT-REMAN": null, "EQUPIMENTS": null, "CONTRACTOR": null, "STATUS": null }, "geometry": { "type": "MultiPolygon", "coordinates": [ [ [ [ 39.707731175817322, 21.302343181006425, 0.0 ], [ 39.707738365898791, 21.302162650544869, 0.0 ], [ 39.707120637838571, 21.302141125907596, 0.0 ], [ 39.707073713322792, 21.302104517664198, 0.0 ], [ 39.707137402004498, 21.302357262292233, 0.0 ], [ 39.707166758565762, 21.302323514089075, 0.0 ], [ 39.707731175817322, 21.302343181006425, 0.0 ] ] ] ] } },
{ "type": "Feature", "properties": { "ID": "626", "ROAD NAME": "R6E23", "FILL-TOTAL": null, "CUT-TOTAL": null, "FILL-DONE": null, "CUT-DONE": null, "FILL-REMAN": null, "CUT-REMAN": null, "EQUPIMENTS": null, "CONTRACTOR": null, "STATUS": null }, "geometry": { "type": "MultiPolygon", "coordinates": [ [ [ [ 39.707755329576628, 21.303103302645351, 0.0 ], [ 39.707765395655983, 21.302850560036401, 0.0 ], [ 39.707725419704879, 21.302885323361515, 0.0 ], [ 39.707309963409195, 21.302870847211093, 0.0 ], [ 39.707262244174721, 21.302834413248284, 0.0 ], [ 39.707328341950543, 21.303087039770734, 0.0 ], [ 39.707357698606934, 21.303053291536045, 0.0 ], [ 39.707718229601006, 21.303065853796401, 0.0 ], [ 39.707755329576628, 21.303103302645351, 0.0 ] ] ] ] } },
{ "type": "Feature", "properties": { "ID": "619", "ROAD NAME": "R6E28", "FILL-TOTAL": null, "CUT-TOTAL": null, "FILL-DONE": null, "CUT-DONE": null, "FILL-REMAN": null, "CUT-REMAN": null, "EQUPIMENTS": null, "CONTRACTOR": null, "STATUS": null }, "geometry": { "type": "MultiPolygon", "coordinates": [ [ [ [ 39.709806809502858, 21.303143131966266, 0.0 ], [ 39.709816872064764, 21.302890389349582, 0.0 ], [ 39.709776896601177, 21.302925153149353, 0.0 ], [ 39.708882816144673, 21.302894009542815, 0.0 ], [ 39.708845715944697, 21.302856560949795, 0.0 ], [ 39.708835651717848, 21.303109303563623, 0.0 ], [ 39.708875627458404, 21.303074539981349, 0.0 ], [ 39.709769709009755, 21.30310568358977, 0.0 ], [ 39.709806809502858, 21.303143131966266, 0.0 ] ] ] ] } },
{ "type": "Feature", "properties": { "ID": "635", "ROAD NAME": "R6E27", "FILL-TOTAL": null, "CUT-TOTAL": null, "FILL-DONE": null, "CUT-DONE": null, "FILL-REMAN": null, "CUT-REMAN": null, "EQUPIMENTS": null, "CONTRACTOR": null, "STATUS": null }, "geometry": { "type": "MultiPolygon", "coordinates": [ [ [ [ 39.709778059213534, 21.303865253656149, 0.0 ], [ 39.709788121833746, 21.303612511076842, 0.0 ], [ 39.709748146173055, 21.303647274870965, 0.0 ], [ 39.708854061337, 21.303616131256909, 0.0 ], [ 39.708816960956604, 21.303578682668892, 0.0 ], [ 39.708806896671341, 21.303831425245352, 0.0 ], [ 39.708846872609044, 21.303796661668745, 0.0 ], [ 39.709740958539982, 21.303827805284662, 0.0 ], [ 39.709778059213534, 21.303865253656149, 0.0 ] ] ] ] } },
{ "type": "Feature", "properties": { "ID": "597", "ROAD NAME": "R6E30", "FILL-TOTAL": null, "CUT-TOTAL": null, "FILL-DONE": null, "CUT-DONE": null, "FILL-REMAN": null, "CUT-REMAN": null, "EQUPIMENTS": null, "CONTRACTOR": null, "STATUS": null }, "geometry": { "type": "MultiPolygon", "coordinates": [ [ [ [ 39.711712677484414, 21.303932625151539, 0.0 ], [ 39.71172273678777, 21.303679882566797, 0.0 ], [ 39.711682761579027, 21.303714646808537, 0.0 ], [ 39.710788676234927, 21.303683513561516, 0.0 ], [ 39.710751575358778, 21.303646065419546, 0.0 ], [ 39.710741514390364, 21.30389880800163, 0.0 ], [ 39.710781489876119, 21.30386404397737, 0.0 ], [ 39.711675576315152, 21.303895177226135, 0.0 ], [ 39.711712677484414, 21.303932625151539, 0.0 ] ] ] ] } },
{ "type": "Feature", "properties": { "ID": "608", "ROAD NAME": "R6E14", "FILL-TOTAL": null, "CUT-TOTAL": null, "FILL-DONE": null, "CUT-DONE": null, "FILL-REMAN": null, "CUT-REMAN": null, "EQUPIMENTS": null, "CONTRACTOR": null, "STATUS": null }, "geometry": { "type": "MultiPolygon", "coordinates": [ [ [ [ 39.711027640788387, 21.301630935140043, 0.0 ], [ 39.711037701238048, 21.301378192439707, 0.0 ], [ 39.710997726468918, 21.301412956519776, 0.0 ], [ 39.710264549410745, 21.301387422879344, 0.0 ], [ 39.709994786538118, 21.301378027299453, 0.0 ], [ 39.709493798402804, 21.301360577208332, 0.0 ], [ 39.709456698450012, 21.301323128731113, 0.0 ], [ 39.709446635290078, 21.301575871426955, 0.0 ], [ 39.709486610478613, 21.301541107705432, 0.0 ], [ 39.710990540386263, 21.301593487019961, 0.0 ], [ 39.711027640788387, 21.301630935140043, 0.0 ] ] ] ] } },
{ "type": "Feature", "properties": { "ID": "650", "ROAD NAME": "R6E17", "FILL-TOTAL": null, "CUT-TOTAL": null, "FILL-DONE": null, "CUT-DONE": null, "FILL-REMAN": null, "CUT-REMAN": null, "EQUPIMENTS": null, "CONTRACTOR": null, "STATUS": null }, "geometry": { "type": "MultiPolygon", "coordinates": [ [ [ [ 39.711056384876173, 21.30090881310441, 0.0 ], [ 39.711066445267605, 21.30065607036672, 0.0 ], [ 39.71102647069555, 21.300690834452453, 0.0 ], [ 39.710293297228397, 21.300665300817879, 0.0 ], [ 39.710256197258538, 21.300627852513347, 0.0 ], [ 39.710246135478158, 21.30088059524876, 0.0 ], [ 39.710286110289587, 21.300845831343256, 0.0 ], [ 39.71101928465449, 21.300871364979294, 0.0 ], [ 39.711056384876173, 21.30090881310441, 0.0 ] ] ] ] } },
{ "type": "Feature", "properties": { "ID": "703", "ROAD NAME": "R6E15", "FILL-TOTAL": null, "CUT-TOTAL": null, "FILL-DONE": null, "CUT-DONE": null, "FILL-REMAN": null, "CUT-REMAN": null, "EQUPIMENTS": null, "CONTRACTOR": null, "STATUS": null }, "geometry": { "type": "MultiPolygon", "coordinates": [ [ [ [ 39.711085128797627, 21.300186690962178, 0.0 ], [ 39.711095189130852, 21.299933948187146, 0.0 ], [ 39.711055214755852, 21.299968712278528, 0.0 ], [ 39.710322044879518, 21.299943178650008, 0.0 ], [ 39.710284945090095, 21.299905730340448, 0.0 ], [ 39.710274883367994, 21.300158473112845, 0.0 ], [ 39.710314857982361, 21.300123709201703, 0.0 ], [ 39.711048028756203, 21.300149242831854, 0.0 ], [ 39.711085128797627, 21.300186690962178, 0.0 ] ] ] ] } },
{ "type": "Feature", "properties": { "ID": "535", "ROAD NAME": "R6E32", "FILL-TOTAL": null, "CUT-TOTAL": null, "FILL-DONE": null, "CUT-DONE": null, "FILL-REMAN": null, "CUT-REMAN": null, "EQUPIMENTS": null, "CONTRACTOR": null, "STATUS": null }, "geometry": { "type": "MultiPolygon", "coordinates": [ [ [ [ 39.710096571560484, 21.299790700879953, 0.0 ], [ 39.71010634609766, 21.299545179311838, 0.0 ], [ 39.710066371584986, 21.299579943173963, 0.0 ], [ 39.709565389559266, 21.299562493093045, 0.0 ], [ 39.709528290055687, 21.299525044603325, 0.0 ], [ 39.709518514555967, 21.299770566169862, 0.0 ], [ 39.709558201738794, 21.299743023656493, 0.0 ], [ 39.710059184377918, 21.299760473738441, 0.0 ], [ 39.710096571560484, 21.299790700879953, 0.0 ] ] ] ] } },
{ "type": "Feature", "properties": { "ID": "564", "ROAD NAME": "R6E18", "FILL-TOTAL": null, "CUT-TOTAL": null, "FILL-DONE": null, "CUT-DONE": null, "FILL-REMAN": null, "CUT-REMAN": null, "EQUPIMENTS": null, "CONTRACTOR": null, "STATUS": null }, "geometry": { "type": "MultiPolygon", "coordinates": [ [ [ [ 39.711113872552765, 21.299464568713077, 0.0 ], [ 39.711123932827782, 21.299211825900628, 0.0 ], [ 39.711083958649837, 21.299246589997644, 0.0 ], [ 39.710350792364189, 21.299221056374776, 0.0 ], [ 39.710313692755172, 21.299183608060165, 0.0 ], [ 39.710303631091335, 21.299436350870366, 0.0 ], [ 39.710343605508633, 21.299401586953572, 0.0 ], [ 39.711076772691925, 21.299427120577896, 0.0 ], [ 39.711113872552765, 21.299464568713077, 0.0 ] ] ] ] } },
{ "type": "Feature", "properties": { "ID": "632", "ROAD NAME": "R6E16", "FILL-TOTAL": null, "CUT-TOTAL": null, "FILL-DONE": null, "CUT-DONE": null, "FILL-REMAN": null, "CUT-REMAN": null, "EQUPIMENTS": null, "CONTRACTOR": null, "STATUS": null }, "geometry": { "type": "MultiPolygon", "coordinates": [ [ [ [ 39.710246135478158, 21.30088059524876, 0.0 ], [ 39.710256197258538, 21.300627852513347, 0.0 ], [ 39.710274883367994, 21.300158473112845, 0.0 ], [ 39.710284945090095, 21.299905730340448, 0.0 ], [ 39.710303631091335, 21.299436350870366, 0.0 ], [ 39.710313692755172, 21.299183608060165, 0.0 ], [ 39.710332378648204, 21.298714228520808, 0.0 ], [ 39.710372352868461, 21.298679464598372, 0.0 ], [ 39.71010259495025, 21.298670069026649, 0.0 ], [ 39.710139694373765, 21.298707517398093, 0.0 ], [ 39.71010634609766, 21.299545179311838, 0.0 ], [ 39.710096571560484, 21.299790700879953, 0.0 ], [ 39.7100347615415, 21.301343263451411, 0.0 ], [ 39.709994786538118, 21.301378027299453, 0.0 ], [ 39.710264549410745, 21.301387422879344, 0.0 ], [ 39.710227449260493, 21.301349974579821, 0.0 ], [ 39.710246135478158, 21.30088059524876, 0.0 ] ] ] ] } },
{ "type": "Feature", "properties": { "ID": "611", "ROAD NAME": "R6E13", "FILL-TOTAL": null, "CUT-TOTAL": null, "FILL-DONE": null, "CUT-DONE": null, "FILL-REMAN": null, "CUT-REMAN": null, "EQUPIMENTS": null, "CONTRACTOR": null, "STATUS": null }, "geometry": { "type": "MultiPolygon", "coordinates": [ [ [ [ 39.711201645761641, 21.302107024377765, 0.0 ], [ 39.711343923234047, 21.298532519593685, 0.0 ], [ 39.709608803773129, 21.298472088347015, 0.0 ], [ 39.709571704541943, 21.298434639849702, 0.0 ], [ 39.709561641615636, 21.298687382695029, 0.0 ], [ 39.709601616015881, 21.298652618950872, 0.0 ], [ 39.71010259495025, 21.298670069026649, 0.0 ], [ 39.710372352868461, 21.298679464598372, 0.0 ], [ 39.71110551646116, 21.298704998216863, 0.0 ], [ 39.711142616141593, 21.298742446357082, 0.0 ], [ 39.711123932827782, 21.299211825900628, 0.0 ], [ 39.711113872552765, 21.299464568713077, 0.0 ], [ 39.711095189130852, 21.299933948187146, 0.0 ], [ 39.711085128797627, 21.300186690962178, 0.0 ], [ 39.711066445267605, 21.30065607036672, 0.0 ], [ 39.711056384876173, 21.30090881310441, 0.0 ], [ 39.711037701238048, 21.301378192439707, 0.0 ], [ 39.711027640788387, 21.301630935140043, 0.0 ], [ 39.711008957042125, 21.302100314406005, 0.0 ], [ 39.710968982075919, 21.302135078480458, 0.0 ], [ 39.711238746349316, 21.302144472441007, 0.0 ], [ 39.711201645761641, 21.302107024377765, 0.0 ] ] ] ] } },
{ "type": "Feature", "properties": { "ID": "681", "ROAD NAME": "R6C2", "FILL-TOTAL": null, "CUT-TOTAL": null, "FILL-DONE": null, "CUT-DONE": null, "FILL-REMAN": null, "CUT-REMAN": null, "EQUPIMENTS": null, "CONTRACTOR": null, "STATUS": null }, "geometry": { "type": "MultiPolygon", "coordinates": [ [ [ [ 39.709189551259534, 21.300278852166961, 0.0 ], [ 39.709205365454572, 21.299881684964401, 0.0 ], [ 39.709145403217583, 21.299933830442228, 0.0 ], [ 39.706119335419508, 21.299828388080762, 0.0 ], [ 39.706058778156383, 21.299772238367414, 0.0 ], [ 39.706079009341373, 21.300170271549639, 0.0 ], [ 39.706134063587662, 21.300118151344776, 0.0 ], [ 39.707814001393757, 21.300176694652809, 0.0 ], [ 39.708237910980436, 21.300191464588028, 0.0 ], [ 39.709133901871589, 21.300222679316622, 0.0 ], [ 39.709189551259534, 21.300278852166961, 0.0 ] ] ] ] } },
{ "type": "Feature", "properties": { "ID": "722", "ROAD NAME": "R6E5", "FILL-TOTAL": null, "CUT-TOTAL": null, "FILL-DONE": null, "CUT-DONE": null, "FILL-REMAN": null, "CUT-REMAN": null, "EQUPIMENTS": null, "CONTRACTOR": null, "STATUS": null }, "geometry": { "type": "MultiPolygon", "coordinates": [ [ [ [ 39.709223336069527, 21.299430358558663, 0.0 ], [ 39.709233399585621, 21.29917761575307, 0.0 ], [ 39.709193424957682, 21.2992123794129, 0.0 ], [ 39.70869244420647, 21.299194926672968, 0.0 ], [ 39.708422685370948, 21.2991855284208, 0.0 ], [ 39.706836771578473, 21.299130267207691, 0.0 ], [ 39.706566316473257, 21.299120841684676, 0.0 ], [ 39.706372037253423, 21.299114070665993, 0.0 ], [ 39.706364845526252, 21.299294601234983, 0.0 ], [ 39.709186236684815, 21.299392909988146, 0.0 ], [ 39.709223336069527, 21.299430358558663, 0.0 ] ] ] ] } },
{ "type": "Feature", "properties": { "ID": "670", "ROAD NAME": "R6E7A", "FILL-TOTAL": null, "CUT-TOTAL": null, "FILL-DONE": null, "CUT-DONE": null, "FILL-REMAN": null, "CUT-REMAN": null, "EQUPIMENTS": null, "CONTRACTOR": null, "STATUS": null }, "geometry": { "type": "MultiPolygon", "coordinates": [ [ [ [ 39.706796400084471, 21.299092834235406, 0.0 ], [ 39.706772451750659, 21.298621708096622, 0.0 ], [ 39.70675957697884, 21.298368426120163, 0.0 ], [ 39.706735628954888, 21.297897299895968, 0.0 ], [ 39.706772331083172, 21.297862552957017, 0.0 ], [ 39.706501878304906, 21.297853127252147, 0.0 ], [ 39.706542249376987, 21.297890560318741, 0.0 ], [ 39.706603018937507, 21.299086094780829, 0.0 ], [ 39.706566316473257, 21.299120841684676, 0.0 ], [ 39.706836771578473, 21.299130267207691, 0.0 ], [ 39.706796400084471, 21.299092834235406, 0.0 ] ] ] ] } },
{ "type": "Feature", "properties": { "ID": "715", "ROAD NAME": "R6E8", "FILL-TOTAL": null, "CUT-TOTAL": null, "FILL-DONE": null, "CUT-DONE": null, "FILL-REMAN": null, "CUT-REMAN": null, "EQUPIMENTS": null, "CONTRACTOR": null, "STATUS": null }, "geometry": { "type": "MultiPolygon", "coordinates": [ [ [ [ 39.708481351964743, 21.298681385412987, 0.0 ], [ 39.708491416743392, 21.298428642572354, 0.0 ], [ 39.708451442132649, 21.298463406059426, 0.0 ], [ 39.706799948259629, 21.298405859113796, 0.0 ], [ 39.70675957697884, 21.298368426120163, 0.0 ], [ 39.706772451750659, 21.298621708096622, 0.0 ], [ 39.706809154044663, 21.298586961149422, 0.0 ], [ 39.708444252957854, 21.298643936659797, 0.0 ], [ 39.708481351964743, 21.298681385412987, 0.0 ] ] ] ] } },
{ "type": "Feature", "properties": { "ID": "658", "ROAD NAME": "R6E7", "FILL-TOTAL": null, "CUT-TOTAL": null, "FILL-DONE": null, "CUT-DONE": null, "FILL-REMAN": null, "CUT-REMAN": null, "EQUPIMENTS": null, "CONTRACTOR": null, "STATUS": null }, "geometry": { "type": "MultiPolygon", "coordinates": [ [ [ [ 39.708655345014066, 21.299157477976578, 0.0 ], [ 39.708702791699316, 21.297965976010982, 0.0 ], [ 39.708742766118114, 21.297931212466448, 0.0 ], [ 39.708473009594442, 21.297921814218238, 0.0 ], [ 39.708510108420924, 21.297959262976455, 0.0 ], [ 39.708491416743392, 21.298428642572354, 0.0 ], [ 39.708481351964743, 21.298681385412987, 0.0 ], [ 39.70846266017876, 21.299150764939419, 0.0 ], [ 39.708422685370948, 21.2991855284208, 0.0 ], [ 39.70869244420647, 21.299194926672968, 0.0 ], [ 39.708655345014066, 21.299157477976578, 0.0 ] ] ] ] } },
{ "type": "Feature", "properties": { "ID": "668", "ROAD NAME": "R6E6", "FILL-TOTAL": null, "CUT-TOTAL": null, "FILL-DONE": null, "CUT-DONE": null, "FILL-REMAN": null, "CUT-REMAN": null, "EQUPIMENTS": null, "CONTRACTOR": null, "STATUS": null }, "geometry": { "type": "MultiPolygon", "coordinates": [ [ [ [ 39.709280841600041, 21.297986113779661, 0.0 ], [ 39.709290904999179, 21.297733370899419, 0.0 ], [ 39.709250930765464, 21.297768134570433, 0.0 ], [ 39.706294675205015, 21.297665124317909, 0.0 ], [ 39.706285859695306, 21.29766481706444, 0.0 ], [ 39.706278667875893, 21.297845347686732, 0.0 ], [ 39.706501878304906, 21.297853127252147, 0.0 ], [ 39.706772331083194, 21.297862552957021, 0.0 ], [ 39.708473009594442, 21.297921814218238, 0.0 ], [ 39.708742766118114, 21.297931212466448, 0.0 ], [ 39.709243742576099, 21.297948665199094, 0.0 ], [ 39.709280841600041, 21.297986113779661, 0.0 ] ] ] ] } },
{ "type": "Feature", "properties": { "ID": "657", "ROAD NAME": "R0C4", "FILL-TOTAL": null, "CUT-TOTAL": null, "FILL-DONE": null, "CUT-DONE": null, "FILL-REMAN": null, "CUT-REMAN": null, "EQUPIMENTS": null, "CONTRACTOR": null, "STATUS": null }, "geometry": { "type": "MultiPolygon", "coordinates": [ [ [ [ 39.713226493790849, 21.293529512557495, 0.0 ], [ 39.713238346313922, 21.293231633546682, 0.0 ], [ 39.713198374222856, 21.293266398124231, 0.0 ], [ 39.712446933259635, 21.293240235443776, 0.0 ], [ 39.712409834685516, 21.29320278751468, 0.0 ], [ 39.712397980489179, 21.293500666523009, 0.0 ], [ 39.712437952836147, 21.293465902130166, 0.0 ], [ 39.713189394949048, 21.293492064812348, 0.0 ], [ 39.713226493790849, 21.293529512557495, 0.0 ] ] ] ] } },
{ "type": "Feature", "properties": { "ID": "545", "ROAD NAME": "R0C5", "FILL-TOTAL": null, "CUT-TOTAL": null, "FILL-DONE": null, "CUT-DONE": null, "FILL-REMAN": null, "CUT-REMAN": null, "EQUPIMENTS": null, "CONTRACTOR": null, "STATUS": null }, "geometry": { "type": "MultiPolygon", "coordinates": [ [ [ [ 39.713055060275977, 21.297837918578672, 0.0 ], [ 39.713066913207207, 21.297540039830746, 0.0 ], [ 39.713026939940846, 21.297574804374758, 0.0 ], [ 39.712275477025059, 21.297548641661098, 0.0 ], [ 39.712238377374689, 21.297511193762162, 0.0 ], [ 39.712226522769811, 21.297809072507519, 0.0 ], [ 39.712266496292067, 21.29777430814827, 0.0 ], [ 39.712716678529333, 21.297789981945844, 0.0 ], [ 39.712838252390945, 21.297794214521062, 0.0 ], [ 39.713017960357867, 21.297800470863688, 0.0 ], [ 39.713055060275977, 21.297837918578672, 0.0 ] ] ] ] } },
{ "type": "Feature", "properties": { "ID": "552", "ROAD NAME": "R6E12", "FILL-TOTAL": null, "CUT-TOTAL": null, "FILL-DONE": null, "CUT-DONE": null, "FILL-REMAN": null, "CUT-REMAN": null, "EQUPIMENTS": null, "CONTRACTOR": null, "STATUS": null }, "geometry": { "type": "MultiPolygon", "coordinates": [ [ [ [ 39.711198845306811, 21.297329794189153, 0.0 ], [ 39.711208905409784, 21.297077051266132, 0.0 ], [ 39.711168931814328, 21.297111815379843, 0.0 ], [ 39.710435776142347, 21.297086281774149, 0.0 ], [ 39.710398677066614, 21.297048833444673, 0.0 ], [ 39.710388615574956, 21.297301576365452, 0.0 ], [ 39.710428589409744, 21.297266812431975, 0.0 ], [ 39.711161745979304, 21.297292346039068, 0.0 ], [ 39.711198845306811, 21.297329794189153, 0.0 ] ] ] ] } },
{ "type": "Feature", "properties": { "ID": "644", "ROAD NAME": "R6E10", "FILL-TOTAL": null, "CUT-TOTAL": null, "FILL-DONE": null, "CUT-DONE": null, "FILL-REMAN": null, "CUT-REMAN": null, "EQUPIMENTS": null, "CONTRACTOR": null, "STATUS": null }, "geometry": { "type": "MultiPolygon", "coordinates": [ [ [ [ 39.71136422259184, 21.298022520591555, 0.0 ], [ 39.711420351358356, 21.29661233604757, 0.0 ], [ 39.71146033661185, 21.296577230926804, 0.0 ], [ 39.711190489257071, 21.296570223362171, 0.0 ], [ 39.711227588404199, 21.29660767151729, 0.0 ], [ 39.711208905409784, 21.297077051266132, 0.0 ], [ 39.711198845306811, 21.297329794189153, 0.0 ], [ 39.711180162204343, 21.297799173868544, 0.0 ], [ 39.711140188411854, 21.297833937976598, 0.0 ], [ 39.710407029149664, 21.297808404365135, 0.0 ], [ 39.710137272824923, 21.29779900879603, 0.0 ], [ 39.709636296849723, 21.297781558725163, 0.0 ], [ 39.709599197791043, 21.297744110223039, 0.0 ], [ 39.709589134920151, 21.297996853104205, 0.0 ], [ 39.709629109131974, 21.297962089354659, 0.0 ], [ 39.71136422259184, 21.298022520591555, 0.0 ] ] ] ] } },
{ "type": "Feature", "properties": { "ID": "643", "ROAD NAME": "R6E11", "FILL-TOTAL": null, "CUT-TOTAL": null, "FILL-DONE": null, "CUT-DONE": null, "FILL-REMAN": null, "CUT-REMAN": null, "EQUPIMENTS": null, "CONTRACTOR": null, "STATUS": null }, "geometry": { "type": "MultiPolygon", "coordinates": [ [ [ [ 39.71036992989356, 21.297770956040679, 0.0 ], [ 39.710388615574956, 21.297301576365452, 0.0 ], [ 39.710398677066614, 21.297048833444673, 0.0 ], [ 39.710417362639838, 21.296579453699973, 0.0 ], [ 39.710457336277599, 21.296544689760825, 0.0 ], [ 39.710187582264481, 21.296535294195511, 0.0 ], [ 39.710224681154735, 21.296572742581837, 0.0 ], [ 39.710177246851629, 21.297764244919971, 0.0 ], [ 39.710137272824923, 21.29779900879603, 0.0 ], [ 39.710407029149664, 21.297808404365135, 0.0 ], [ 39.71036992989356, 21.297770956040679, 0.0 ] ] ] ] } },
{ "type": "Feature", "properties": { "ID": "709", "ROAD NAME": "R6E9", "FILL-TOTAL": null, "CUT-TOTAL": null, "FILL-DONE": null, "CUT-DONE": null, "FILL-REMAN": null, "CUT-REMAN": null, "EQUPIMENTS": null, "CONTRACTOR": null, "STATUS": null }, "geometry": { "type": "MultiPolygon", "coordinates": [ [ [ [ 39.711631334123069, 21.296583185535646, 0.0 ], [ 39.711604705176761, 21.296403866984111, 0.0 ], [ 39.709693798216769, 21.296337313448802, 0.0 ], [ 39.709656699518838, 21.296299864936628, 0.0 ], [ 39.709646636764596, 21.296552607892615, 0.0 ], [ 39.709686610582352, 21.296517844131731, 0.0 ], [ 39.710187582264481, 21.296535294195511, 0.0 ], [ 39.710457336277599, 21.296544689760825, 0.0 ], [ 39.711190489257071, 21.296570223362171, 0.0 ], [ 39.71146033661185, 21.296577230926804, 0.0 ], [ 39.711631334123069, 21.296583185535646, 0.0 ] ] ] ] } },
{ "type": "Feature", "properties": { "ID": "664", "ROAD NAME": "R6E1", "FILL-TOTAL": null, "CUT-TOTAL": null, "FILL-DONE": null, "CUT-DONE": null, "FILL-REMAN": null, "CUT-REMAN": null, "EQUPIMENTS": null, "CONTRACTOR": null, "STATUS": null }, "geometry": { "type": "MultiPolygon", "coordinates": [ [ [ [ 39.709279683419496, 21.297046011988847, 0.0 ], [ 39.706466526101963, 21.296947988723158, 0.0 ], [ 39.706429428043066, 21.296910539478791, 0.0 ], [ 39.706448126249732, 21.296441159756302, 0.0 ], [ 39.70648810081439, 21.296406396735257, 0.0 ], [ 39.709301247800632, 21.296504419982536, 0.0 ], [ 39.709338346463767, 21.296541868573087, 0.0 ], [ 39.709348409746248, 21.296289125618031, 0.0 ], [ 39.709308435906607, 21.296323889300385, 0.0 ], [ 39.706264075190383, 21.296217807245444, 0.0 ], [ 39.70622811592122, 21.297120460556997, 0.0 ], [ 39.709272495271513, 21.297226542644278, 0.0 ], [ 39.709309594115076, 21.297263991229862, 0.0 ], [ 39.709319657456156, 21.297011248312163, 0.0 ], [ 39.709279683419496, 21.297046011988847, 0.0 ] ] ] ] } },
{ "type": "Feature", "properties": { "ID": "607", "ROAD NAME": "R6C1", "FILL-TOTAL": null, "CUT-TOTAL": null, "FILL-DONE": null, "CUT-DONE": null, "FILL-REMAN": null, "CUT-REMAN": null, "EQUPIMENTS": null, "CONTRACTOR": null, "STATUS": null }, "geometry": { "type": "MultiPolygon", "coordinates": [ [ [ [ 39.709189551259534, 21.300278852166961, 0.0 ], [ 39.709121082401403, 21.301998405250668, 0.0 ], [ 39.709041131587263, 21.302067932516632, 0.0 ], [ 39.709503584378538, 21.302084041525195, 0.0 ], [ 39.709429384111274, 21.302009144589451, 0.0 ], [ 39.709446635290078, 21.301575871426955, 0.0 ], [ 39.709456698450012, 21.301323128731113, 0.0 ], [ 39.709518514555967, 21.299770566169862, 0.0 ], [ 39.709528290055687, 21.299525044603325, 0.0 ], [ 39.709561641615636, 21.298687382695029, 0.0 ], [ 39.709571704541943, 21.298434639849702, 0.0 ], [ 39.709589134920151, 21.297996853104202, 0.0 ], [ 39.709599197791043, 21.297744110223039, 0.0 ], [ 39.709646636764596, 21.296552607892615, 0.0 ], [ 39.709656699518838, 21.296299864936628, 0.0 ], [ 39.709662272815258, 21.296159882020554, 0.0 ], [ 39.709663604946627, 21.296154663900882, 0.0 ], [ 39.709665011964482, 21.296149463055833, 0.0 ], [ 39.709666493613604, 21.296144280428887, 0.0 ], [ 39.709668049625179, 21.296139116960177, 0.0 ], [ 39.709669679716946, 21.296133973586379, 0.0 ], [ 39.709671383593175, 21.296128851240503, 0.0 ], [ 39.709673160944824, 21.296123750851788, 0.0 ], [ 39.709675011449377, 21.296118673345454, 0.0 ], [ 39.709676934771231, 21.296113619642561, 0.0 ], [ 39.709678930561424, 21.296108590659877, 0.0 ], [ 39.70968099845792, 21.296103587309684, 0.0 ], [ 39.709683138085602, 21.296098610499598, 0.0 ], [ 39.709685349056294, 21.296093661132442, 0.0 ], [ 39.709687630968951, 21.296088740106029, 0.0 ], [ 39.709689983409596, 21.296083848313053, 0.0 ], [ 39.709692405951493, 21.296078986640918, 0.0 ], [ 39.709694898155163, 21.296074155971528, 0.0 ], [ 39.70969745956851, 21.296069357181189, 0.0 ], [ 39.709700089726908, 21.296064591140425, 0.0 ], [ 39.709702788153173, 21.296059858713807, 0.0 ], [ 39.709705554357846, 21.296055160759796, 0.0 ], [ 39.709708387839086, 21.296050498130644, 0.0 ], [ 39.709711288082914, 21.296045871672135, 0.0 ], [ 39.709714254563202, 21.296041282223563, 0.0 ], [ 39.709717286741792, 21.29603673061742, 0.0 ], [ 39.709720384068675, 21.296032217679414, 0.0 ], [ 39.709723545981952, 21.296027744228216, 0.0 ], [ 39.709726771908024, 21.296023311075288, 0.0 ], [ 39.70973006126173, 21.296018919024849, 0.0 ], [ 39.709733413446322, 21.296014568873616, 0.0 ], [ 39.709736827853732, 21.296010261410704, 0.0 ], [ 39.70974030386455, 21.296005997417524, 0.0 ], [ 39.70974384084824, 21.296001777667577, 0.0 ], [ 39.709747438163141, 21.295997602926334, 0.0 ], [ 39.70975109515669, 21.295993473951089, 0.0 ], [ 39.709754811165531, 21.295989391490881, 0.0 ], [ 39.709758585515516, 21.295985356286252, 0.0 ], [ 39.709762417522001, 21.295981369069214, 0.0 ], [ 39.709766306489804, 21.295977430563052, 0.0 ], [ 39.7097702517135, 21.295973541482212, 0.0 ], [ 39.709774252477359, 21.295969702532229, 0.0 ], [ 39.709778308055668, 21.295965914409461, 0.0 ], [ 39.709782417712674, 21.295962177801076, 0.0 ], [ 39.709786580702939, 21.295958493384948, 0.0 ], [ 39.709790796271264, 21.29595486182939, 0.0 ], [ 39.709795063652884, 21.295951283793205, 0.0 ], [ 39.709799382073712, 21.295947759925472, 0.0 ], [ 39.709803750750361, 21.295944290865396, 0.0 ], [ 39.709808168890362, 21.295940877242305, 0.0 ], [ 39.709812635692238, 21.295937519675405, 0.0 ], [ 39.709817150345678, 21.295934218773802, 0.0 ], [ 39.709821712031705, 21.295930975136255, 0.0 ], [ 39.709826319922847, 21.295927789351207, 0.0 ], [ 39.709830973183202, 21.295924661996548, 0.0 ], [ 39.70983567096863, 21.295921593639584, 0.0 ], [ 39.709840412426971, 21.295918584836929, 0.0 ], [ 39.70984519669809, 21.295915636134382, 0.0 ], [ 39.709850022914118, 21.295912748066854, 0.0 ], [ 39.709854890199537, 21.295909921158252, 0.0 ], [ 39.709859797671456, 21.295907155921363, 0.0 ], [ 39.709864744439592, 21.29590445285783, 0.0 ], [ 39.709869729606609, 21.295901812457981, 0.0 ], [ 39.709874752268192, 21.295899235200803, 0.0 ], [ 39.70987981151319, 21.29589672155382, 0.0 ], [ 39.709884906423873, 21.295894271972994, 0.0 ], [ 39.709890036075976, 21.295891886902695, 0.0 ], [ 39.709895199539005, 21.295889566775585, 0.0 ], [ 39.709900395876247, 21.295887312012535, 0.0 ], [ 39.709905624145101, 21.295885123022575, 0.0 ], [ 39.709910883397136, 21.295883000202782, 0.0 ], [ 39.709916172678319, 21.29588094393824, 0.0 ], [ 39.709921491029142, 21.295878954601971, 0.0 ], [ 39.709926837484858, 21.295877032554831, 0.0 ], [ 39.709932211075596, 21.295875178145497, 0.0 ], [ 39.709937610826579, 21.295873391710369, 0.0 ], [ 39.709943035758272, 21.295871673573483, 0.0 ], [ 39.709948484886588, 21.295870024046529, 0.0 ], [ 39.709953957223014, 21.295868443428734, 0.0 ], [ 39.709959451774886, 21.295866932006845, 0.0 ], [ 39.70996496754546, 21.295865490055014, 0.0 ], [ 39.709970503534187, 21.295864117834832, 0.0 ], [ 39.709976058736792, 21.2958628155952, 0.0 ], [ 39.709981632145542, 21.295861583572353, 0.0 ], [ 39.70998722274944, 21.295860421989786, 0.0 ], [ 39.709992829534329, 21.295859331058224, 0.0 ], [ 39.709998451483095, 21.295858310975561, 0.0 ], [ 39.710004087575925, 21.295857361926814, 0.0 ], [ 39.710009736790433, 21.295856484084194, 0.0 ], [ 39.710015398101817, 21.295855677606909, 0.0 ], [ 39.710021070483073, 21.295854942641242, 0.0 ], [ 39.710026752905286, 21.295854279320547, 0.0 ], [ 39.710032444337607, 21.295853687765156, 0.0 ], [ 39.710038143747603, 21.295853168082338, 0.0 ], [ 39.710043850101385, 21.295852720366412, 0.0 ], [ 39.710049562363807, 21.295852344698567, 0.0 ], [ 39.710055279498661, 21.295852041146951, 0.0 ], [ 39.710061000468833, 21.295851809766631, 0.0 ], [ 39.710062351550441, 21.295851765676602, 0.0 ], [ 39.708980818474473, 21.295816408908355, 0.0 ], [ 39.708986526980816, 21.295817220979018, 0.0 ], [ 39.708992223391689, 21.295818104418103, 0.0 ], [ 39.708997906690762, 21.295819059067949, 0.0 ], [ 39.709003575864095, 21.295820084758272, 0.0 ], [ 39.70900922990019, 21.295821181306046, 0.0 ], [ 39.709014867790323, 21.295822348515639, 0.0 ], [ 39.709020488528616, 21.295823586178813, 0.0 ], [ 39.709026091112236, 21.295824894074748, 0.0 ], [ 39.70903167454162, 21.295826271970093, 0.0 ], [ 39.70903723782061, 21.295827719619037, 0.0 ], [ 39.709042779956647, 21.295829236763254, 0.0 ], [ 39.709048299960919, 21.295830823132096, 0.0 ], [ 39.709053796848593, 21.295832478442534, 0.0 ], [ 39.709059269638963, 21.295834202399231, 0.0 ], [ 39.709064717355595, 21.29583599469462, 0.0 ], [ 39.709070139026537, 21.295837855008902, 0.0 ], [ 39.709075533684519, 21.295839783010202, 0.0 ], [ 39.70908090036702, 21.295841778354529, 0.0 ], [ 39.709086238116591, 21.295843840685876, 0.0 ], [ 39.709091545980868, 21.295845969636336, 0.0 ], [ 39.709096823012892, 21.295848164826026, 0.0 ], [ 39.709102068271129, 21.295850425863307, 0.0 ], [ 39.709107280819786, 21.295852752344782, 0.0 ], [ 39.709112459728857, 21.295855143855391, 0.0 ], [ 39.709117604074365, 21.295857599968439, 0.0 ], [ 39.709122712938466, 21.295860120245734, 0.0 ], [ 39.709127785409692, 21.295862704237614, 0.0 ], [ 39.709132820583037, 21.295865351483044, 0.0 ], [ 39.709137817560155, 21.295868061509768, 0.0 ], [ 39.709142775449514, 21.295870833834229, 0.0 ], [ 39.709147693366553, 21.295873667961846, 0.0 ], [ 39.709152570433851, 21.295876563386951, 0.0 ], [ 39.709157405781291, 21.295879519592948, 0.0 ], [ 39.709162198546132, 21.295882536052442, 0.0 ], [ 39.709166947873321, 21.295885612227238, 0.0 ], [ 39.709171652915501, 21.295888747568508, 0.0 ], [ 39.709176312833215, 21.29589194151686, 0.0 ], [ 39.709180926795085, 21.295895193502453, 0.0 ], [ 39.709185493977891, 21.295898502945086, 0.0 ], [ 39.709190013566811, 21.295901869254305, 0.0 ], [ 39.709194484755457, 21.29590529182952, 0.0 ], [ 39.709198906746117, 21.295908770060127, 0.0 ], [ 39.709203278749854, 21.295912303325498, 0.0 ], [ 39.709207599986634, 21.295915890995307, 0.0 ], [ 39.709211869685468, 21.295919532429437, 0.0 ], [ 39.709216087084606, 21.2959232269782, 0.0 ], [ 39.709220251431582, 21.295926973982464, 0.0 ], [ 39.709224361983431, 21.29593077277368, 0.0 ], [ 39.709228418006774, 21.295934622674135, 0.0 ], [ 39.709232418777944, 21.295938522996916, 0.0 ], [ 39.709236363583123, 21.29594247304615, 0.0 ], [ 39.709240251718548, 21.295946472117123, 0.0 ], [ 39.709244082490478, 21.295950519496316, 0.0 ], [ 39.709247855215473, 21.295954614461635, 0.0 ], [ 39.709251569220413, 21.295958756282499, 0.0 ], [ 39.709255223842646, 21.295962944219919, 0.0 ], [ 39.70925881843015, 21.295967177526723, 0.0 ], [ 39.70926235234159, 21.295971455447635, 0.0 ], [ 39.709265824946471, 21.2959757772194, 0.0 ], [ 39.709269235625207, 21.29598014207097, 0.0 ], [ 39.709272583769319, 21.295984549223583, 0.0 ], [ 39.709275868781397, 21.295988997890941, 0.0 ], [ 39.709279090075377, 21.295993487279361, 0.0 ], [ 39.709282247076523, 21.295998016587845, 0.0 ], [ 39.709285339221573, 21.296002585008317, 0.0 ], [ 39.709288365958827, 21.296007191725693, 0.0 ], [ 39.709291326748293, 21.296011835918094, 0.0 ], [ 39.709294221061704, 21.296016516756918, 0.0 ], [ 39.709297048382659, 21.296021233407025, 0.0 ], [ 39.709299808206737, 21.296025985026915, 0.0 ], [ 39.709302500041517, 21.296030770768823, 0.0 ], [ 39.709305123406764, 21.296035589778935, 0.0 ], [ 39.709307677834403, 21.29604044119743, 0.0 ], [ 39.709310162868675, 21.296045324158772, 0.0 ], [ 39.709312578066232, 21.296050237791764, 0.0 ], [ 39.709314922996136, 21.296055181219735, 0.0 ], [ 39.70931719724004, 21.29606015356071, 0.0 ], [ 39.709319400392147, 21.296065153927579, 0.0 ], [ 39.709321532059406, 21.296070181428163, 0.0 ], [ 39.70932359186147, 21.296075235165532, 0.0 ], [ 39.709325579430839, 21.296080314237983, 0.0 ], [ 39.709327494412896, 21.296085417739366, 0.0 ], [ 39.709329336465984, 21.296090544759139, 0.0 ], [ 39.709331105261427, 21.296095694382558, 0.0 ], [ 39.709332800483658, 21.296100865690875, 0.0 ], [ 39.709334421830206, 21.296106057761431, 0.0 ], [ 39.709335969011789, 21.2961112696679, 0.0 ], [ 39.709337441752368, 21.296116500480405, 0.0 ], [ 39.709338839789176, 21.296121749265687, 0.0 ], [ 39.709340162872778, 21.296127015087293, 0.0 ], [ 39.709341410767095, 21.29613229700573, 0.0 ], [ 39.709342583249494, 21.296137594078598, 0.0 ], [ 39.709343680110777, 21.296142905360863, 0.0 ], [ 39.709344701155217, 21.296148229904894, 0.0 ], [ 39.70934564620066, 21.296153566760715, 0.0 ], [ 39.709346515078479, 21.296158914976168, 0.0 ], [ 39.709347307633664, 21.296164273597025, 0.0 ], [ 39.709348023724779, 21.296169641667255, 0.0 ], [ 39.709348663224056, 21.296175018229114, 0.0 ], [ 39.709349226017402, 21.296180402323333, 0.0 ], [ 39.709349712004396, 21.296185792989323, 0.0 ], [ 39.709350121098325, 21.296191189265308, 0.0 ], [ 39.709350453226179, 21.296196590188519, 0.0 ], [ 39.709350708328714, 21.296201994795336, 0.0 ], [ 39.709350886360383, 21.296207402121507, 0.0 ], [ 39.709350987289433, 21.296212811202285, 0.0 ], [ 39.709351011097837, 21.296218221072618, 0.0 ], [ 39.709350957781353, 21.296223630767283, 0.0 ], [ 39.70935088964378, 21.296226842020261, 0.0 ], [ 39.709348409746248, 21.296289125618031, 0.0 ], [ 39.709338346463767, 21.296541868573087, 0.0 ], [ 39.709319657456156, 21.297011248312163, 0.0 ], [ 39.709309594115076, 21.297263991229862, 0.0 ], [ 39.709290904999179, 21.297733370899419, 0.0 ], [ 39.709280841600041, 21.297986113779661, 0.0 ], [ 39.709233399585614, 21.299177615753205, 0.0 ], [ 39.709223336069527, 21.299430358558663, 0.0 ], [ 39.709189551259534, 21.300278852166961, 0.0 ] ] ] ] } },
{ "type": "Feature", "properties": { "ID": "680", "ROAD NAME": "R0B13", "FILL-TOTAL": null, "CUT-TOTAL": null, "FILL-DONE": null, "CUT-DONE": null, "FILL-REMAN": null, "CUT-REMAN": null, "EQUPIMENTS": null, "CONTRACTOR": null, "STATUS": null }, "geometry": { "type": "MultiPolygon", "coordinates": [ [ [ [ 39.708329658124867, 21.295367805353774, 0.0 ], [ 39.708063703743406, 21.295358538600901, 0.0 ], [ 39.707005043267372, 21.295294529871878, 0.0 ], [ 39.706424525982598, 21.295274297509781, 0.0 ], [ 39.706417394083878, 21.295273841908571, 0.0 ], [ 39.706410267856043, 21.295273314240269, 0.0 ], [ 39.706403148128636, 21.29527271456633, 0.0 ], [ 39.706396035730386, 21.295272042956544, 0.0 ], [ 39.706388931489215, 21.295271299489077, 0.0 ], [ 39.706381836232069, 21.295270484250505, 0.0 ], [ 39.706374750784867, 21.295269597335668, 0.0 ], [ 39.706367675972366, 21.29526863884788, 0.0 ], [ 39.706360612618084, 21.29526760889863, 0.0 ], [ 39.706353561544226, 21.29526650760787, 0.0 ], [ 39.706346523571575, 21.295265335103792, 0.0 ], [ 39.706339499519345, 21.29526409152281, 0.0 ], [ 39.706332490205178, 21.295262777009754, 0.0 ], [ 39.706325496444954, 21.295261391717609, 0.0 ], [ 39.706318519052786, 21.295259935807621, 0.0 ], [ 39.706311558840866, 21.295258409449279, 0.0 ], [ 39.706304616619363, 21.29525681282022, 0.0 ], [ 39.706297693196369, 21.295255146106346, 0.0 ], [ 39.70629078937781, 21.295253409501633, 0.0 ], [ 39.706283905967304, 21.295251603208229, 0.0 ], [ 39.706277043766093, 21.295249727436396, 0.0 ], [ 39.706270203572977, 21.295247782404481, 0.0 ], [ 39.706263386184141, 21.295245768338891, 0.0 ], [ 39.706256592393167, 21.29524368547407, 0.0 ], [ 39.706249822990856, 21.295241534052451, 0.0 ], [ 39.706243078765205, 21.295239314324501, 0.0 ], [ 39.706236360501251, 21.29523702654857, 0.0 ], [ 39.706229668981024, 21.295234670990983, 0.0 ], [ 39.706223004983421, 21.295232247925917, 0.0 ], [ 39.706216369284157, 21.295229757635429, 0.0 ], [ 39.706209762655639, 21.295227200409386, 0.0 ], [ 39.706203185866912, 21.295224576545483, 0.0 ], [ 39.706196639683505, 21.295221886349118, 0.0 ], [ 39.706190124867462, 21.295219130133454, 0.0 ], [ 39.706183642177059, 21.295216308219324, 0.0 ], [ 39.706177192366937, 21.29521342093518, 0.0 ], [ 39.706170776187854, 21.295210468617135, 0.0 ], [ 39.706164394386676, 21.295207451608828, 0.0 ], [ 39.706158047706261, 21.29520437026147, 0.0 ], [ 39.706151736885388, 21.295201224933727, 0.0 ], [ 39.706145462658633, 21.295198015991719, 0.0 ], [ 39.706139225756338, 21.29519474380897, 0.0 ], [ 39.706133026904489, 21.295191408766389, 0.0 ], [ 39.70612686682469, 21.295188011252172, 0.0 ], [ 39.706120746233907, 21.295184551661798, 0.0 ], [ 39.706114665844652, 21.29518103039797, 0.0 ], [ 39.706108626364696, 21.295177447870589, 0.0 ], [ 39.706102628497014, 21.295173804496663, 0.0 ], [ 39.706096672939786, 21.295170100700272, 0.0 ], [ 39.706090760386274, 21.295166336912569, 0.0 ], [ 39.706084891524675, 21.295162513571661, 0.0 ], [ 39.706079067038161, 21.295158631122611, 0.0 ], [ 39.706073287604717, 21.295154690017306, 0.0 ], [ 39.706067553897078, 21.295150690714546, 0.0 ], [ 39.706061866582623, 21.295146633679828, 0.0 ], [ 39.706056226323412, 21.295142519385411, 0.0 ], [ 39.706050633775988, 21.295138348310218, 0.0 ], [ 39.706045089591292, 21.295134120939764, 0.0 ], [ 39.706039594414705, 21.295129837766137, 0.0 ], [ 39.70603414888587, 21.295125499287899, 0.0 ], [ 39.70602875363867, 21.29512110601005, 0.0 ], [ 39.706023409301096, 21.295116658443995, 0.0 ], [ 39.706018116495258, 21.295112157107443, 0.0 ], [ 39.706012875837231, 21.295107602524357, 0.0 ], [ 39.706007687937053, 21.295102995224887, 0.0 ], [ 39.706002553398591, 21.295098335745347, 0.0 ], [ 39.70599747281954, 21.29509362462813, 0.0 ], [ 39.705992446791242, 21.295088862421583, 0.0 ], [ 39.70598747589878, 21.295084049680074, 0.0 ], [ 39.705982560720749, 21.295079186963797, 0.0 ], [ 39.705977701829276, 21.2950742748388, 0.0 ], [ 39.705972899789948, 21.295069313876855, 0.0 ], [ 39.705968155161742, 21.295064304655426, 0.0 ], [ 39.705963468496925, 21.2950592477576, 0.0 ], [ 39.70595884034104, 21.295054143772031, 0.0 ], [ 39.70595427123282, 21.295048993292816, 0.0 ], [ 39.705949761704069, 21.295043796919476, 0.0 ], [ 39.705945312279752, 21.295038555256909, 0.0 ], [ 39.705940923477762, 21.29503326891523, 0.0 ], [ 39.705936595808957, 21.295027938509808, 0.0 ], [ 39.705932329777106, 21.295022564661075, 0.0 ], [ 39.705928125878742, 21.295017147994585, 0.0 ], [ 39.705923984603224, 21.295011689140864, 0.0 ], [ 39.705919906432598, 21.295006188735318, 0.0 ], [ 39.705915891841578, 21.29500064741821, 0.0 ], [ 39.705911941297423, 21.294995065834559, 0.0 ], [ 39.705908055260032, 21.294989444634091, 0.0 ], [ 39.705904234181702, 21.294983784471096, 0.0 ], [ 39.705900478507218, 21.294978086004445, 0.0 ], [ 39.705896788673762, 21.294972349897446, 0.0 ], [ 39.705893165110801, 21.294966576817828, 0.0 ], [ 39.70588960824012, 21.294960767437544, 0.0 ], [ 39.705886118475767, 21.294954922432851, 0.0 ], [ 39.705882696223924, 21.294949042484095, 0.0 ], [ 39.705879341882955, 21.294943128275726, 0.0 ], [ 39.705876055843305, 21.294937180496195, 0.0 ], [ 39.705872838487458, 21.294931199837798, 0.0 ], [ 39.705869690189907, 21.294925186996714, 0.0 ], [ 39.705866611317141, 21.294919142672843, 0.0 ], [ 39.705863602227517, 21.294913067569777, 0.0 ], [ 39.705860663271288, 21.294906962394634, 0.0 ], [ 39.705857794790553, 21.294900827858122, 0.0 ], [ 39.705854997119211, 21.294894664674267, 0.0 ], [ 39.705852270582881, 21.294888473560501, 0.0 ], [ 39.705849615498956, 21.294882255237461, 0.0 ], [ 39.705847032176479, 21.294876010429, 0.0 ], [ 39.705844520916131, 21.294869739862001, 0.0 ], [ 39.705842082010228, 21.294863444266397, 0.0 ], [ 39.705839715742648, 21.294857124374975, 0.0 ], [ 39.705837422388839, 21.294850780923408, 0.0 ], [ 39.70583520221571, 21.294844414650079, 0.0 ], [ 39.705833055481726, 21.294838026296034, 0.0 ], [ 39.705830982436723, 21.294831616604888, 0.0 ], [ 39.705828983322014, 21.294825186322747, 0.0 ], [ 39.705827058370303, 21.294818736198106, 0.0 ], [ 39.705825207805624, 21.294812266981772, 0.0 ], [ 39.705823431843392, 21.294805779426767, 0.0 ], [ 39.70582173069031, 21.294799274288277, 0.0 ], [ 39.705820104544394, 21.294792752323467, 0.0 ], [ 39.705818553594931, 21.294786214291531, 0.0 ], [ 39.70581707802242, 21.294779660953552, 0.0 ], [ 39.705815677998643, 21.294773093072273, 0.0 ], [ 39.70581435368652, 21.294766511412252, 0.0 ], [ 39.70581310524021, 21.294759916739601, 0.0 ], [ 39.705811932805034, 21.294753309821939, 0.0 ], [ 39.705810836517443, 21.294746691428337, 0.0 ], [ 39.705810052255678, 21.294741640391898, 0.0 ], [ 39.705810138287234, 21.294743333156042, 0.0 ], [ 39.705910739730882, 21.296293894024519, 0.0 ], [ 39.705910747154881, 21.296287425657415, 0.0 ], [ 39.705910831702688, 21.296280957762676, 0.0 ], [ 39.705910993363716, 21.296274491147472, 0.0 ], [ 39.705911232117778, 21.296268026618893, 0.0 ], [ 39.705911547935081, 21.296261564983702, 0.0 ], [ 39.70591194077619, 21.296255107048346, 0.0 ], [ 39.705912410592092, 21.296248653618811, 0.0 ], [ 39.705912957324102, 21.296242205500487, 0.0 ], [ 39.705913580903982, 21.296235763498135, 0.0 ], [ 39.705914281253939, 21.29622932841573, 0.0 ], [ 39.705915058286514, 21.296222901056389, 0.0 ], [ 39.705915911904732, 21.296216482222263, 0.0 ], [ 39.705916842002061, 21.296210072714448, 0.0 ], [ 39.705917848462413, 21.296203673332872, 0.0 ], [ 39.705918931160141, 21.296197284876211, 0.0 ], [ 39.705920089960138, 21.296190908141753, 0.0 ], [ 39.705921324717742, 21.296184543925325, 0.0 ], [ 39.705922635278874, 21.296178193021213, 0.0 ], [ 39.705924021479973, 21.29617185622201, 0.0 ], [ 39.705925483147979, 21.296165534318607, 0.0 ], [ 39.705927020100496, 21.296159228099967, 0.0 ], [ 39.705928632145692, 21.296152938353128, 0.0 ], [ 39.705930319082356, 21.296146665863084, 0.0 ], [ 39.705932080699966, 21.296140411412644, 0.0 ], [ 39.705933916778633, 21.296134175782395, 0.0 ], [ 39.70593582708922, 21.296127959750546, 0.0 ], [ 39.705937811393291, 21.296121764092899, 0.0 ], [ 39.705939869443206, 21.296115589582666, 0.0 ], [ 39.705942000982084, 21.296109436990463, 0.0 ], [ 39.705944205743918, 21.296103307084145, 0.0 ], [ 39.705946483453502, 21.296097200628751, 0.0 ], [ 39.705948833826589, 21.296091118386357, 0.0 ], [ 39.70595125656984, 21.296085061116059, 0.0 ], [ 39.705953751380868, 21.29607902957386, 0.0 ], [ 39.705956317948321, 21.296073024512449, 0.0 ], [ 39.70595895595185, 21.296067046681312, 0.0 ], [ 39.70596166506224, 21.296061096826499, 0.0 ], [ 39.705964444941365, 21.296055175690551, 0.0 ], [ 39.70596729524226, 21.296049284012462, 0.0 ], [ 39.705970215609234, 21.296043422527507, 0.0 ], [ 39.705973205677786, 21.296037591967245, 0.0 ], [ 39.705976265074739, 21.296031793059324, 0.0 ], [ 39.705979393418261, 21.296026026527478, 0.0 ], [ 39.705982590317916, 21.29602029309136, 0.0 ], [ 39.705985855374735, 21.296014593466545, 0.0 ], [ 39.705989188181213, 21.296008928364362, 0.0 ], [ 39.705992588321379, 21.296003298491815, 0.0 ], [ 39.70599605537091, 21.295997704551525, 0.0 ], [ 39.705999588897065, 21.295992147241652, 0.0 ], [ 39.706003188458865, 21.295986627255747, 0.0 ], [ 39.706006853607072, 21.295981145282703, 0.0 ], [ 39.70601058388425, 21.295975702006718, 0.0 ], [ 39.706014378824854, 21.295970298107118, 0.0 ], [ 39.706018237955234, 21.295964934258301, 0.0 ], [ 39.706022160793786, 21.295959611129721, 0.0 ], [ 39.706026146850903, 21.295954329385697, 0.0 ], [ 39.706030195629111, 21.295949089685401, 0.0 ], [ 39.70603430662311, 21.295943892682782, 0.0 ], [ 39.706038479319815, 21.295938739026418, 0.0 ], [ 39.706042713198485, 21.29593362935951, 0.0 ], [ 39.706047007730689, 21.295928564319741, 0.0 ], [ 39.706051362380471, 21.295923544539267, 0.0 ], [ 39.70605577660433, 21.295918570644549, 0.0 ], [ 39.706060249851383, 21.295913643256341, 0.0 ], [ 39.706064781563335, 21.295908762989619, 0.0 ], [ 39.706069371174628, 21.295903930453417, 0.0 ], [ 39.706074018112417, 21.295899146250846, 0.0 ], [ 39.7060787217968, 21.295894410979024, 0.0 ], [ 39.706083481640718, 21.2958897252289, 0.0 ], [ 39.706088297050123, 21.295885089585251, 0.0 ], [ 39.706093167424051, 21.295880504626648, 0.0 ], [ 39.70609809215464, 21.295875970925284, 0.0 ], [ 39.706103070627272, 21.295871489046988, 0.0 ], [ 39.706108102220661, 21.295867059551099, 0.0 ], [ 39.706113186306773, 21.295862682990425, 0.0 ], [ 39.706118322251136, 21.295858359911183, 0.0 ], [ 39.706123509412791, 21.295854090852892, 0.0 ], [ 39.706128747144319, 21.295849876348353, 0.0 ], [ 39.706134034792065, 21.295845716923523, 0.0 ], [ 39.706139371696104, 21.295841613097533, 0.0 ], [ 39.706144757190387, 21.295837565382534, 0.0 ], [ 39.706150190602749, 21.295833574283705, 0.0 ], [ 39.706155671255139, 21.295829640299104, 0.0 ], [ 39.706161198463512, 21.295825763919773, 0.0 ], [ 39.706166771538072, 21.29582194562942, 0.0 ], [ 39.706172389783298, 21.295818185904604, 0.0 ], [ 39.706178052498004, 21.295814485214564, 0.0 ], [ 39.706183758975456, 21.295810844021119, 0.0 ], [ 39.706189508503492, 21.29580726277873, 0.0 ], [ 39.706195300364541, 21.295803741934318, 0.0 ], [ 39.706201133835776, 21.29580028192732, 0.0 ], [ 39.706207008189146, 21.295796883189535, 0.0 ], [ 39.706212922691535, 21.29579354614512, 0.0 ], [ 39.706218876604773, 21.295790271210556, 0.0 ], [ 39.706224869185831, 21.295787058794581, 0.0 ], [ 39.706230899686787, 21.295783909298088, 0.0 ], [ 39.706236967355039, 21.295780823114143, 0.0 ], [ 39.706243071433327, 21.295777800627913, 0.0 ], [ 39.706249211159836, 21.295774842216616, 0.0 ], [ 39.706255385768316, 21.295771948249453, 0.0 ], [ 39.706261594488176, 21.295769119087609, 0.0 ], [ 39.706267836544541, 21.295766355084147, 0.0 ], [ 39.706274111158393, 21.295763656584068, 0.0 ], [ 39.70628041754663, 21.29576102392409, 0.0 ], [ 39.706286754922218, 21.295758457432811, 0.0 ], [ 39.706293122494223, 21.295755957430536, 0.0 ], [ 39.706299519467969, 21.295753524229255, 0.0 ], [ 39.706305945045109, 21.295751158132642, 0.0 ], [ 39.706312398423691, 21.295748859436006, 0.0 ], [ 39.706318878798349, 21.295746628426194, 0.0 ], [ 39.70632538536028, 21.295744465381649, 0.0 ], [ 39.706331917297504, 21.295742370572356, 0.0 ], [ 39.706338473794766, 21.295740344259727, 0.0 ], [ 39.706345054033825, 21.295738386696634, 0.0 ], [ 39.706351657193466, 21.295736498127422, 0.0 ], [ 39.706358282449592, 21.295734678787749, 0.0 ], [ 39.70636492897534, 21.295732928904705, 0.0 ], [ 39.706371595941228, 21.295731248696647, 0.0 ], [ 39.70637828251521, 21.295729638373299, 0.0 ], [ 39.706384987862776, 21.295728098135609, 0.0 ], [ 39.706391711147084, 21.29572662817581, 0.0 ], [ 39.706398451529068, 21.295725228677352, 0.0 ], [ 39.706405208167503, 21.295723899814909, 0.0 ], [ 39.706411980219144, 21.295722641754306, 0.0 ], [ 39.706418766838851, 21.295721454652575, 0.0 ], [ 39.7064255671796, 21.295720338657834, 0.0 ], [ 39.706432380392727, 21.295719293909389, 0.0 ], [ 39.706439205627923, 21.295718320537624, 0.0 ], [ 39.706446042033384, 21.295717418663997, 0.0 ], [ 39.706452888755898, 21.295716588401092, 0.0 ], [ 39.706459744941007, 21.29571582985249, 0.0 ], [ 39.706466609733035, 21.295715143112893, 0.0 ], [ 39.706473482275236, 21.295714528268, 0.0 ], [ 39.706480361709914, 21.295713985394539, 0.0 ], [ 39.706487247178501, 21.295713514560255, 0.0 ], [ 39.706494137821672, 21.295713115823922, 0.0 ], [ 39.706501032779464, 21.295712789235292, 0.0 ], [ 39.706507931191375, 21.295712534835133, 0.0 ], [ 39.706514832196476, 21.29571235265518, 0.0 ], [ 39.706521734933489, 21.295712242718185, 0.0 ], [ 39.706528638540966, 21.295712205037869, 0.0 ], [ 39.706535542157283, 21.295712239618911, 0.0 ], [ 39.706542444920913, 21.295712346457023, 0.0 ], [ 39.706549345970345, 21.295712525538836, 0.0 ], [ 39.706553409932944, 21.295712664831346, 0.0 ], [ 39.707129493782375, 21.295732742124397, 0.0 ], [ 39.707708613382074, 21.295725806022602, 0.0 ], [ 39.708314459905594, 21.295746916337492, 0.0 ], [ 39.708980818474522, 21.295816408908355, 0.0 ], [ 39.710062351550441, 21.295851765676606, 0.0 ], [ 39.710728639844028, 21.295831014934691, 0.0 ], [ 39.71193696746866, 21.295873094211302, 0.0 ], [ 39.71199261620157, 21.295929266199938, 0.0 ], [ 39.712012015153, 21.29544183326194, 0.0 ], [ 39.711952055690581, 21.295493979704169, 0.0 ], [ 39.710743832699215, 21.295451903968505, 0.0 ], [ 39.71007952128857, 21.295382460118489, 0.0 ], [ 39.70899800232452, 21.295347149715354, 0.0 ], [ 39.708329658124867, 21.295367805353774, 0.0 ] ] ] ] } },
{ "type": "Feature", "properties": { "ID": "546", "ROAD NAME": "R10E4", "FILL-TOTAL": null, "CUT-TOTAL": null, "FILL-DONE": null, "CUT-DONE": null, "FILL-REMAN": null, "CUT-REMAN": null, "EQUPIMENTS": null, "CONTRACTOR": null, "STATUS": null }, "geometry": { "type": "MultiPolygon", "coordinates": [ [ [ [ 39.710680367573367, 21.285430651788172, 0.0 ], [ 39.710505380821076, 21.285200828122115, 0.0 ], [ 39.710489241060372, 21.28522889710807, 0.0 ], [ 39.708392229314619, 21.285155835836981, 0.0 ], [ 39.708355133840101, 21.285118386845209, 0.0 ], [ 39.7083450689952, 21.285371130373058, 0.0 ], [ 39.708385040186855, 21.28533636692837, 0.0 ], [ 39.710649904064958, 21.285415275045839, 0.0 ], [ 39.710680367573367, 21.285430651788172, 0.0 ] ] ] ] } },
{ "type": "Feature", "properties": { "ID": "726", "ROAD NAME": "R10E3", "FILL-TOTAL": null, "CUT-TOTAL": null, "FILL-DONE": null, "CUT-DONE": null, "FILL-REMAN": null, "CUT-REMAN": null, "EQUPIMENTS": null, "CONTRACTOR": null, "STATUS": null }, "geometry": { "type": "MultiPolygon", "coordinates": [ [ [ [ 39.710978934858844, 21.285969080092812, 0.0 ], [ 39.708363472740992, 21.28587796016236, 0.0 ], [ 39.708326377086202, 21.285840511175639, 0.0 ], [ 39.7083450689952, 21.285371130373058, 0.0 ], [ 39.708355133840101, 21.285118386845209, 0.0 ], [ 39.708373825640749, 21.28464900597303, 0.0 ], [ 39.708413796635512, 21.284614242522697, 0.0 ], [ 39.708144064476748, 21.284604842928662, 0.0 ], [ 39.708181159765935, 21.284642291977249, 0.0 ], [ 39.708125082314162, 21.286050434454982, 0.0 ], [ 39.710971748889428, 21.286149611162372, 0.0 ], [ 39.711008845277732, 21.286187059536065, 0.0 ], [ 39.711018905568928, 21.285934316038524, 0.0 ], [ 39.710978934858844, 21.285969080092812, 0.0 ] ] ] ] } },
{ "type": "Feature", "properties": { "ID": "699", "ROAD NAME": "R10E2", "FILL-TOTAL": null, "CUT-TOTAL": null, "FILL-DONE": null, "CUT-DONE": null, "FILL-REMAN": null, "CUT-REMAN": null, "EQUPIMENTS": null, "CONTRACTOR": null, "STATUS": null }, "geometry": { "type": "MultiPolygon", "coordinates": [ [ [ [ 39.710043295869916, 21.284593931640618, 0.0 ], [ 39.709886542423369, 21.284388052181551, 0.0 ], [ 39.709877544557294, 21.284438450048508, 0.0 ], [ 39.709832189182642, 21.284468772256886, 0.0 ], [ 39.709830244800237, 21.284470027788334, 0.0 ], [ 39.709828257708033, 21.284471223161805, 0.0 ], [ 39.709826230025428, 21.284472357102295, 0.0 ], [ 39.709824163915151, 21.284473428400364, 0.0 ], [ 39.709822061580908, 21.284474435913364, 0.0 ], [ 39.709819925265023, 21.28447537856669, 0.0 ], [ 39.709817757246121, 21.28447625535491, 0.0 ], [ 39.709815559836578, 21.284477065342834, 0.0 ], [ 39.709813335380133, 21.284477807666537, 0.0 ], [ 39.709811086249417, 21.284478481534261, 0.0 ], [ 39.709808814843321, 21.284479086227261, 0.0 ], [ 39.709806523584533, 21.284479621100584, 0.0 ], [ 39.709804214916886, 21.284480085583706, 0.0 ], [ 39.70980189130281, 21.284480479181241, 0.0 ], [ 39.709799555220663, 21.284480801473357, 0.0 ], [ 39.709797209162112, 21.284481052116305, 0.0 ], [ 39.709794855629433, 21.284481230842765, 0.0 ], [ 39.709792497132909, 21.284481337462068, 0.0 ], [ 39.709790136188111, 21.284481371860551, 0.0 ], [ 39.709787775313217, 21.284481334001502, 0.0 ], [ 39.709787506445643, 21.284481325103787, 0.0 ], [ 39.709268714465509, 21.28446325014739, 0.0 ], [ 39.708998982569561, 21.284453851923356, 0.0 ], [ 39.706956727479813, 21.284382679801539, 0.0 ], [ 39.706919632560378, 21.284345230467395, 0.0 ], [ 39.706909565265789, 21.284597974028706, 0.0 ], [ 39.706949536602217, 21.2845632109169, 0.0 ], [ 39.708144064476748, 21.284604842928662, 0.0 ], [ 39.708413796635512, 21.284614242522697, 0.0 ], [ 39.709780319031317, 21.284661856224655, 0.0 ], [ 39.70978483867956, 21.284661977528412, 0.0 ], [ 39.709789359887935, 21.284662026585611, 0.0 ], [ 39.709793881341199, 21.284662003381985, 0.0 ], [ 39.709798401724044, 21.284661907924324, 0.0 ], [ 39.709802919721454, 21.284661740240335, 0.0 ], [ 39.709807434019126, 21.284661500378846, 0.0 ], [ 39.709811943303826, 21.284661188409626, 0.0 ], [ 39.70981644626378, 21.284660804423407, 0.0 ], [ 39.709820941589044, 21.284660348531926, 0.0 ], [ 39.709825427971928, 21.284659820867766, 0.0 ], [ 39.709829904107295, 21.284659221584452, 0.0 ], [ 39.709834368693031, 21.284658550856328, 0.0 ], [ 39.70983882043037, 21.284657808878492, 0.0 ], [ 39.709843258024243, 21.28465699586679, 0.0 ], [ 39.709847680183778, 21.28465611205775, 0.0 ], [ 39.709852085622515, 21.284655157708453, 0.0 ], [ 39.709856473058892, 21.284654133096549, 0.0 ], [ 39.709860841216589, 21.284653038520084, 0.0 ], [ 39.709865188824871, 21.284651874297477, 0.0 ], [ 39.709869514619029, 21.284650640767424, 0.0 ], [ 39.709873817340629, 21.284649338288745, 0.0 ], [ 39.709878095738027, 21.284647967240343, 0.0 ], [ 39.709882348566587, 21.284646528021081, 0.0 ], [ 39.709886574589149, 21.284645021049617, 0.0 ], [ 39.709890772576337, 21.284643446764335, 0.0 ], [ 39.709894941306956, 21.284641805623206, 0.0 ], [ 39.709899079568281, 21.284640098103644, 0.0 ], [ 39.709903186156474, 21.284638324702399, 0.0 ], [ 39.7099072598769, 21.284636485935334, 0.0 ], [ 39.709911299544515, 21.284634582337365, 0.0 ], [ 39.709915303984175, 21.284632614462264, 0.0 ], [ 39.709919272030916, 21.284630582882485, 0.0 ], [ 39.709923202530454, 21.284628488189032, 0.0 ], [ 39.709927094339392, 21.284626330991276, 0.0 ], [ 39.709930946325564, 21.284624111916727, 0.0 ], [ 39.709934757368423, 21.284621831610952, 0.0 ], [ 39.709938526359309, 21.284619490737278, 0.0 ], [ 39.709942252201813, 21.284617089976699, 0.0 ], [ 39.70994415589584, 21.284615829064307, 0.0 ], [ 39.709989511290793, 21.28458550682581, 0.0 ], [ 39.710043295869916, 21.284593931640618, 0.0 ] ] ] ] } },
{ "type": "Feature", "properties": { "ID": "596", "ROAD NAME": "R10E5", "FILL-TOTAL": null, "CUT-TOTAL": null, "FILL-DONE": null, "CUT-DONE": null, "FILL-REMAN": null, "CUT-REMAN": null, "EQUPIMENTS": null, "CONTRACTOR": null, "STATUS": null }, "geometry": { "type": "MultiPolygon", "coordinates": [ [ [ [ 39.709231618954171, 21.284425801345893, 0.0 ], [ 39.709264156813298, 21.283608599982006, 0.0 ], [ 39.709287987493752, 21.28360190520884, 0.0 ], [ 39.709082250945741, 21.283331686605568, 0.0 ], [ 39.70906770657642, 21.283696963778926, 0.0 ], [ 39.70905764297008, 21.283949707383602, 0.0 ], [ 39.709038953361372, 21.284419088328793, 0.0 ], [ 39.708998982569561, 21.284453851923356, 0.0 ], [ 39.709268714465509, 21.28446325014739, 0.0 ], [ 39.709231618954171, 21.284425801345893, 0.0 ] ] ] ] } },
{ "type": "Feature", "properties": { "ID": "521", "ROAD NAME": "R10E6", "FILL-TOTAL": null, "CUT-TOTAL": null, "FILL-DONE": null, "CUT-DONE": null, "FILL-REMAN": null, "CUT-REMAN": null, "EQUPIMENTS": null, "CONTRACTOR": null, "STATUS": null }, "geometry": { "type": "MultiPolygon", "coordinates": [ [ [ [ 39.70905764297008, 21.283949707383602, 0.0 ], [ 39.70906770657642, 21.283696963778926, 0.0 ], [ 39.7090277359815, 21.283731727379166, 0.0 ], [ 39.708526807825585, 21.283714272382401, 0.0 ], [ 39.708257077310634, 21.283704872915507, 0.0 ], [ 39.707756149268192, 21.283687415606668, 0.0 ], [ 39.707486418814369, 21.283678014894814, 0.0 ], [ 39.706985490885458, 21.283660555273887, 0.0 ], [ 39.706948396146224, 21.283623105934687, 0.0 ], [ 39.706938328910191, 21.283875849533363, 0.0 ], [ 39.706978300049698, 21.283841086415872, 0.0 ], [ 39.70902054764413, 21.28391225852528, 0.0 ], [ 39.70905764297008, 21.283949707383602, 0.0 ] ] ] ] } },
{ "type": "Feature", "properties": { "ID": "708", "ROAD NAME": "R10E7", "FILL-TOTAL": null, "CUT-TOTAL": null, "FILL-DONE": null, "CUT-DONE": null, "FILL-REMAN": null, "CUT-REMAN": null, "EQUPIMENTS": null, "CONTRACTOR": null, "STATUS": null }, "geometry": { "type": "MultiPolygon", "coordinates": [ [ [ [ 39.70848971269178, 21.283676823398277, 0.0 ], [ 39.708527470555353, 21.282728637759885, 0.0 ], [ 39.708567441007794, 21.282693874276632, 0.0 ], [ 39.708297712357869, 21.282684474812783, 0.0 ], [ 39.70833480718683, 21.282721923857032, 0.0 ], [ 39.708297048085392, 21.283670109493436, 0.0 ], [ 39.708257077310634, 21.283704872915507, 0.0 ], [ 39.708526807825585, 21.283714272382401, 0.0 ], [ 39.70848971269178, 21.283676823398277, 0.0 ] ] ] ] } },
{ "type": "Feature", "properties": { "ID": "570", "ROAD NAME": "R10E8", "FILL-TOTAL": null, "CUT-TOTAL": null, "FILL-DONE": null, "CUT-DONE": null, "FILL-REMAN": null, "CUT-REMAN": null, "EQUPIMENTS": null, "CONTRACTOR": null, "STATUS": null }, "geometry": { "type": "MultiPolygon", "coordinates": [ [ [ [ 39.707719054331662, 21.283649966444997, 0.0 ], [ 39.707756817146752, 21.282701780814705, 0.0 ], [ 39.707796787779031, 21.282667017509613, 0.0 ], [ 39.707527059190205, 21.282657616800872, 0.0 ], [ 39.707564153821899, 21.282695066022661, 0.0 ], [ 39.707526389768944, 21.283643251650908, 0.0 ], [ 39.707486418814369, 21.283678014894814, 0.0 ], [ 39.707756149268192, 21.283687415606668, 0.0 ], [ 39.707719054331662, 21.283649966444997, 0.0 ] ] ] ] } },
{ "type": "Feature", "properties": { "ID": "510", "ROAD NAME": "R10C1", "FILL-TOTAL": null, "CUT-TOTAL": null, "FILL-DONE": null, "CUT-DONE": null, "FILL-REMAN": null, "CUT-REMAN": null, "EQUPIMENTS": null, "CONTRACTOR": null, "STATUS": null }, "geometry": { "type": "MultiPolygon", "coordinates": [ [ [ [ 39.706834059905269, 21.286493550318742, 0.0 ], [ 39.706909565265789, 21.284597974028706, 0.0 ], [ 39.706919632560378, 21.284345230467395, 0.0 ], [ 39.706938328910191, 21.283875849533363, 0.0 ], [ 39.706948396146231, 21.283623105934673, 0.0 ], [ 39.706986163912845, 21.282674920312694, 0.0 ], [ 39.706949123236477, 21.28242281031164, 0.0 ], [ 39.706946687244113, 21.282416656752176, 0.0 ], [ 39.706944179096126, 21.282410528704041, 0.0 ], [ 39.706941599096531, 21.282404426909991, 0.0 ], [ 39.706938947558065, 21.282398352109649, 0.0 ], [ 39.706936224802135, 21.282392305039323, 0.0 ], [ 39.706933431158774, 21.282386286432015, 0.0 ], [ 39.706930566966612, 21.282380297017212, 0.0 ], [ 39.706927632572807, 21.282374337520913, 0.0 ], [ 39.706924628333077, 21.282368408665459, 0.0 ], [ 39.706921554611554, 21.282362511169513, 0.0 ], [ 39.706918411780826, 21.282356645747889, 0.0 ], [ 39.706915200221843, 21.282350813111542, 0.0 ], [ 39.706911920323876, 21.282345013967458, 0.0 ], [ 39.706908572484515, 21.282339249018545, 0.0 ], [ 39.706905157109539, 21.28233351896359, 0.0 ], [ 39.706901674612951, 21.282327824497134, 0.0 ], [ 39.706898125416856, 21.282322166309388, 0.0 ], [ 39.706894509951454, 21.282316545086175, 0.0 ], [ 39.706890828655027, 21.282310961508884, 0.0 ], [ 39.706887081973761, 21.282305416254282, 0.0 ], [ 39.7068832703618, 21.282299909994517, 0.0 ], [ 39.706879394281167, 21.282294443396985, 0.0 ], [ 39.706875454201693, 21.282289017124327, 0.0 ], [ 39.70687145060095, 21.282283631834236, 0.0 ], [ 39.706869363559171, 21.282280873868697, 0.0 ], [ 39.706440591395634, 21.281717653146085, 0.0 ], [ 39.706457806555548, 21.28164762011696, 0.0 ], [ 39.706087932933286, 21.28184519108515, 0.0 ], [ 39.706171199684569, 21.281861550923797, 0.0 ], [ 39.706452389610909, 21.282230914153004, 0.0 ], [ 39.706609601128285, 21.28243742175621, 0.0 ], [ 39.706660698430774, 21.282504541240137, 0.0 ], [ 39.706681651607326, 21.282570059967671, 0.0 ], [ 39.706668897848424, 21.282890236097042, 0.0 ], [ 39.70665883014285, 21.283142979732361, 0.0 ], [ 39.706640132921081, 21.283612360734459, 0.0 ], [ 39.706630065157071, 21.283865104332268, 0.0 ], [ 39.70661136782676, 21.284334485264601, 0.0 ], [ 39.706601300004195, 21.284587228824805, 0.0 ], [ 39.706553837137029, 21.285778734003308, 0.0 ], [ 39.706543769197665, 21.286031477488603, 0.0 ], [ 39.706525790683592, 21.286482805108218, 0.0 ], [ 39.706465832760323, 21.286534949629388, 0.0 ], [ 39.706889703095747, 21.286549724294087, 0.0 ], [ 39.706834059905269, 21.286493550318742, 0.0 ] ] ] ] } },
{ "type": "Feature", "properties": { "ID": "593", "ROAD NAME": "R10E12", "FILL-TOTAL": null, "CUT-TOTAL": null, "FILL-DONE": null, "CUT-DONE": null, "FILL-REMAN": null, "CUT-REMAN": null, "EQUPIMENTS": null, "CONTRACTOR": null, "STATUS": null }, "geometry": { "type": "MultiPolygon", "coordinates": [ [ [ [ 39.706012930232639, 21.285796034732776, 0.0 ], [ 39.705743195950511, 21.285786631337299, 0.0 ], [ 39.703882461848742, 21.285721751092176, 0.0 ], [ 39.703845367341323, 21.285684301073161, 0.0 ], [ 39.703835294762719, 21.285937044550156, 0.0 ], [ 39.703875267196928, 21.285902282147298, 0.0 ], [ 39.706506673952504, 21.28599402808613, 0.0 ], [ 39.706543769197665, 21.286031477488603, 0.0 ], [ 39.706553837137029, 21.285778734003308, 0.0 ], [ 39.706513865384913, 21.28581349702527, 0.0 ], [ 39.706012930232639, 21.285796034732776, 0.0 ] ] ] ] } },
{ "type": "Feature", "properties": { "ID": "641", "ROAD NAME": "R10E13", "FILL-TOTAL": null, "CUT-TOTAL": null, "FILL-DONE": null, "CUT-DONE": null, "FILL-REMAN": null, "CUT-REMAN": null, "EQUPIMENTS": null, "CONTRACTOR": null, "STATUS": null }, "geometry": { "type": "MultiPolygon", "coordinates": [ [ [ [ 39.705975835179686, 21.285758585204526, 0.0 ], [ 39.706023302714001, 21.284567080034115, 0.0 ], [ 39.706063274257211, 21.284532317127223, 0.0 ], [ 39.705793542285065, 21.284522913735838, 0.0 ], [ 39.705830636972479, 21.284560363325905, 0.0 ], [ 39.705811937082274, 21.285029744184232, 0.0 ], [ 39.705801867881348, 21.285282487704812, 0.0 ], [ 39.705783167882458, 21.285751868493556, 0.0 ], [ 39.705743195950511, 21.285786631337299, 0.0 ], [ 39.706012930232639, 21.285796034732776, 0.0 ], [ 39.705975835179686, 21.285758585204526, 0.0 ] ] ] ] } },
{ "type": "Feature", "properties": { "ID": "580", "ROAD NAME": "R10E14", "FILL-TOTAL": null, "CUT-TOTAL": null, "FILL-DONE": null, "CUT-DONE": null, "FILL-REMAN": null, "CUT-REMAN": null, "EQUPIMENTS": null, "CONTRACTOR": null, "STATUS": null }, "geometry": { "type": "MultiPolygon", "coordinates": [ [ [ [ 39.705801867881348, 21.285282487704812, 0.0 ], [ 39.705811937082274, 21.285029744184232, 0.0 ], [ 39.70577196534726, 21.285064507033685, 0.0 ], [ 39.703911240351459, 21.284999626805007, 0.0 ], [ 39.703874146024233, 21.284962176780965, 0.0 ], [ 39.70386407350427, 21.28521492029552, 0.0 ], [ 39.703904045741488, 21.285180157886938, 0.0 ], [ 39.70576477301374, 21.285245038119776, 0.0 ], [ 39.705801867881348, 21.285282487704812, 0.0 ] ] ] ] } },
{ "type": "Feature", "properties": { "ID": "653", "ROAD NAME": "R10E11", "FILL-TOTAL": null, "CUT-TOTAL": null, "FILL-DONE": null, "CUT-DONE": null, "FILL-REMAN": null, "CUT-REMAN": null, "EQUPIMENTS": null, "CONTRACTOR": null, "STATUS": null }, "geometry": { "type": "MultiPolygon", "coordinates": [ [ [ [ 39.706601300004195, 21.284587228824805, 0.0 ], [ 39.706611367826767, 21.284334485264647, 0.0 ], [ 39.706571396468505, 21.284369248297988, 0.0 ], [ 39.703708820280205, 21.284269439438148, 0.0 ], [ 39.703635324385019, 21.286113564392352, 0.0 ], [ 39.703827992130378, 21.286120283562905, 0.0 ], [ 39.703835294762719, 21.285937044550156, 0.0 ], [ 39.703845367341323, 21.285684301073161, 0.0 ], [ 39.70386407350427, 21.28521492029552, 0.0 ], [ 39.703874146024233, 21.284962176780965, 0.0 ], [ 39.703892852078248, 21.284492795933698, 0.0 ], [ 39.70393282411851, 21.284458033519407, 0.0 ], [ 39.705793542285065, 21.284522913735838, 0.0 ], [ 39.706063274257211, 21.284532317127223, 0.0 ], [ 39.706564205119484, 21.28454977941227, 0.0 ], [ 39.706601300004195, 21.284587228824805, 0.0 ] ] ] ] } },
{ "type": "Feature", "properties": { "ID": "697", "ROAD NAME": "R10C2", "FILL-TOTAL": null, "CUT-TOTAL": null, "FILL-DONE": null, "CUT-DONE": null, "FILL-REMAN": null, "CUT-REMAN": null, "EQUPIMENTS": null, "CONTRACTOR": null, "STATUS": null }, "geometry": { "type": "MultiPolygon", "coordinates": [ [ [ [ 39.703046635648342, 21.286361494136237, 0.0 ], [ 39.703119896178791, 21.284523459630833, 0.0 ], [ 39.703156721677374, 21.2844259127146, 0.0 ], [ 39.702649135884649, 21.285061183139074, 0.0 ], [ 39.702650628214769, 21.285059375698452, 0.0 ], [ 39.702652180781968, 21.285057613366504, 0.0 ], [ 39.702653792033765, 21.285055897905416, 0.0 ], [ 39.702655460359018, 21.285054231030575, 0.0 ], [ 39.702657184089475, 21.28505261440873, 0.0 ], [ 39.702658961501577, 21.285051049656374, 0.0 ], [ 39.702660790817959, 21.285049538338242, 0.0 ], [ 39.702662670209449, 21.285048081965481, 0.0 ], [ 39.702664597796755, 21.285046681994398, 0.0 ], [ 39.702666571652436, 21.285045339824865, 0.0 ], [ 39.702668589802748, 21.285044056798984, 0.0 ], [ 39.702670650229656, 21.285042834199679, 0.0 ], [ 39.702672750872892, 21.285041673249484, 0.0 ], [ 39.702674889631929, 21.285040575109274, 0.0 ], [ 39.702677064368139, 21.285039540877126, 0.0 ], [ 39.702679272906927, 21.285038571587187, 0.0 ], [ 39.702681513039906, 21.285037668208695, 0.0 ], [ 39.70268378252706, 21.285036831644973, 0.0 ], [ 39.702686079099067, 21.285036062732527, 0.0 ], [ 39.7026884004595, 21.285035362240222, 0.0 ], [ 39.702690744287139, 21.285034730868507, 0.0 ], [ 39.702693108238321, 21.285034169248718, 0.0 ], [ 39.702695489949228, 21.285033677942423, 0.0 ], [ 39.702697887038283, 21.285033257440919, 0.0 ], [ 39.702700297108599, 21.285032908164659, 0.0 ], [ 39.702702717750235, 21.285032630462904, 0.0 ], [ 39.702705146542705, 21.285032424613348, 0.0 ], [ 39.702707581057361, 21.285032290821807, 0.0 ], [ 39.702710018859861, 21.2850322292221, 0.0 ], [ 39.70271245751254, 21.285032239875779, 0.0 ], [ 39.702714894576935, 21.285032322772214, 0.0 ], [ 39.702717327616114, 21.285032477828526, 0.0 ], [ 39.702719754197176, 21.285032704889638, 0.0 ], [ 39.702722171893726, 21.285033003728515, 0.0 ], [ 39.702724578288205, 21.285033374046364, 0.0 ], [ 39.702726970974382, 21.285033815472833, 0.0 ], [ 39.702729347559711, 21.285034327566585, 0.0 ], [ 39.702731705667766, 21.285034909815511, 0.0 ], [ 39.702734042940598, 21.285035561637443, 0.0 ], [ 39.702736357041061, 21.285036282380556, 0.0 ], [ 39.702738645655231, 21.28503707132419, 0.0 ], [ 39.702740906494618, 21.285037927679419, 0.0 ], [ 39.702743137298548, 21.28503885058997, 0.0 ], [ 39.702745335836319, 21.285039839132974, 0.0 ], [ 39.702747499909577, 21.285040892319977, 0.0 ], [ 39.702749627354365, 21.285042009097818, 0.0 ], [ 39.702751716043366, 21.285043188349825, 0.0 ], [ 39.702753763888055, 21.2850444288968, 0.0 ], [ 39.702755768840674, 21.28504572949829, 0.0 ], [ 39.702757728896422, 21.285047088853769, 0.0 ], [ 39.702759642095366, 21.285048505603964, 0.0 ], [ 39.702761506524418, 21.285049978332218, 0.0 ], [ 39.702763320319278, 21.285051505565889, 0.0 ], [ 39.702765081666271, 21.285053085777864, 0.0 ], [ 39.702766788804134, 21.285054717388007, 0.0 ], [ 39.702768440025849, 21.285056398764826, 0.0 ], [ 39.702770033680302, 21.28505812822705, 0.0 ], [ 39.702771568173937, 21.285059904045323, 0.0 ], [ 39.70277304197235, 21.285061724443928, 0.0 ], [ 39.702774453601847, 21.285063587602593, 0.0 ], [ 39.702775801650873, 21.28506549165828, 0.0 ], [ 39.702777084771455, 21.285067434707056, 0.0 ], [ 39.702778301680574, 21.285069414805989, 0.0 ], [ 39.702779451161362, 21.28507142997509, 0.0 ], [ 39.702780532064445, 21.285073478199351, 0.0 ], [ 39.702781543308966, 21.285075557430648, 0.0 ], [ 39.702782483883752, 21.285077665589906, 0.0 ], [ 39.702783352848257, 21.285079800569068, 0.0 ], [ 39.702784149333603, 21.285081960233327, 0.0 ], [ 39.702784872543347, 21.285084142423116, 0.0 ], [ 39.702785521754286, 21.285086344956408, 0.0 ], [ 39.702786096317276, 21.285088565630808, 0.0 ], [ 39.702786595657798, 21.285090802225767, 0.0 ], [ 39.702787019276506, 21.285093052504845, 0.0 ], [ 39.702787366749838, 21.285095314217884, 0.0 ], [ 39.702787637730317, 21.28509758510333, 0.0 ], [ 39.702787831946992, 21.285099862890437, 0.0 ], [ 39.702787949205629, 21.285102145301572, 0.0 ], [ 39.702787989389002, 21.285104430054449, 0.0 ], [ 39.702787952456916, 21.285106714864451, 0.0 ], [ 39.702787935671722, 21.285107175317712, 0.0 ], [ 39.702737647165925, 21.286368795035774, 0.0 ], [ 39.70269767433318, 21.286403557176211, 0.0 ], [ 39.703102277384048, 21.28641766942031, 0.0 ], [ 39.703046635648342, 21.286361494136237, 0.0 ] ] ] ] } },
{ "type": "Feature", "properties": { "ID": "547", "ROAD NAME": "R10E10", "FILL-TOTAL": null, "CUT-TOTAL": null, "FILL-DONE": null, "CUT-DONE": null, "FILL-REMAN": null, "CUT-REMAN": null, "EQUPIMENTS": null, "CONTRACTOR": null, "STATUS": null }, "geometry": { "type": "MultiPolygon", "coordinates": [ [ [ [ 39.70665883014285, 21.283142979732361, 0.0 ], [ 39.706668897848424, 21.282890236097042, 0.0 ], [ 39.706628926883958, 21.282924999141745, 0.0 ], [ 39.705834331794378, 21.282897298828459, 0.0 ], [ 39.705826850665062, 21.28287453027356, 0.0 ], [ 39.705555986680352, 21.283068376501163, 0.0 ], [ 39.706621735618562, 21.283105530309751, 0.0 ], [ 39.70665883014285, 21.283142979732361, 0.0 ] ] ] ] } },
{ "type": "Feature", "properties": { "ID": "705", "ROAD NAME": "R10E9", "FILL-TOTAL": null, "CUT-TOTAL": null, "FILL-DONE": null, "CUT-DONE": null, "FILL-REMAN": null, "CUT-REMAN": null, "EQUPIMENTS": null, "CONTRACTOR": null, "STATUS": null }, "geometry": { "type": "MultiPolygon", "coordinates": [ [ [ [ 39.706630065157071, 21.283865104332268, 0.0 ], [ 39.706640132921081, 21.283612360734459, 0.0 ], [ 39.706600161759724, 21.283647123773491, 0.0 ], [ 39.705083974806371, 21.283594265070427, 0.0 ], [ 39.705079297198544, 21.283593949163098, 0.0 ], [ 39.705072938051103, 21.283593021672736, 0.0 ], [ 39.705068216978837, 21.283591947869411, 0.0 ], [ 39.705062442166962, 21.283590159333841, 0.0 ], [ 39.705051958994403, 21.28358540550845, 0.0 ], [ 39.705041035197318, 21.283577814663278, 0.0 ], [ 39.70503428025571, 21.283571140793857, 0.0 ], [ 39.705029131561197, 21.283564389193888, 0.0 ], [ 39.705025248682674, 21.283557633754857, 0.0 ], [ 39.705021738861184, 21.283548876836242, 0.0 ], [ 39.705019701373985, 21.283540096114198, 0.0 ], [ 39.705019013578692, 21.283531371699787, 0.0 ], [ 39.705019510517552, 21.283523422229308, 0.0 ], [ 39.705022386287638, 21.283511344853501, 0.0 ], [ 39.70502776851756, 21.28349993818281, 0.0 ], [ 39.705033010680729, 21.283492528553559, 0.0 ], [ 39.70504044938852, 21.283484860628576, 0.0 ], [ 39.705062362937625, 21.283465759739887, 0.0 ], [ 39.70510429127178, 21.283429580798821, 0.0 ], [ 39.705140639461035, 21.283398602119334, 0.0 ], [ 39.705174053934492, 21.283370434447349, 0.0 ], [ 39.705222225671911, 21.283330341924717, 0.0 ], [ 39.705293829277124, 21.283271848362155, 0.0 ], [ 39.705343225598547, 21.283232246124907, 0.0 ], [ 39.705401070563731, 21.283186630818435, 0.0 ], [ 39.705475947341128, 21.283128774881799, 0.0 ], [ 39.705555986680345, 21.283068376501159, 0.0 ], [ 39.705583218597631, 21.283048887778875, 0.0 ], [ 39.705635251801667, 21.283011649806625, 0.0 ], [ 39.705723732716002, 21.282948327664204, 0.0 ], [ 39.705826850665069, 21.28287453027356, 0.0 ], [ 39.70591028631204, 21.282817944899794, 0.0 ], [ 39.706000809356439, 21.282758141361633, 0.0 ], [ 39.70609003437157, 21.28270077110551, 0.0 ], [ 39.706184345933465, 21.282641786564863, 0.0 ], [ 39.706304435557684, 21.282569075080051, 0.0 ], [ 39.706398261001041, 21.282514082405008, 0.0 ], [ 39.706553923556854, 21.28242625169392, 0.0 ], [ 39.706609601128285, 21.28243742175621, 0.0 ], [ 39.706452389610909, 21.282230914153004, 0.0 ], [ 39.706441533473182, 21.282278630960416, 0.0 ], [ 39.706366959085521, 21.282320359360877, 0.0 ], [ 39.706283275540734, 21.282368308130437, 0.0 ], [ 39.70617506253317, 21.282432111789443, 0.0 ], [ 39.70603902032807, 21.282515285635856, 0.0 ], [ 39.705973997585964, 21.282556236847171, 0.0 ], [ 39.705904247388695, 21.282601047917822, 0.0 ], [ 39.705809539626564, 21.28266338734187, 0.0 ], [ 39.705744910494474, 21.282706938410929, 0.0 ], [ 39.70567747038676, 21.282753277578838, 0.0 ], [ 39.705538962556822, 21.28285139318475, 0.0 ], [ 39.705457995925173, 21.282910640002569, 0.0 ], [ 39.705391908902506, 21.282960066936752, 0.0 ], [ 39.705345237770658, 21.282995564092598, 0.0 ], [ 39.705279627123616, 21.283046312004014, 0.0 ], [ 39.705218097193914, 21.283094820887595, 0.0 ], [ 39.705078302065949, 21.283208445439389, 0.0 ], [ 39.705011167088507, 21.283264757060934, 0.0 ], [ 39.704843342507388, 21.28341073858676, 0.0 ], [ 39.7048037294634, 21.283446325789782, 0.0 ], [ 39.704755573686228, 21.283490191149568, 0.0 ], [ 39.704725167746389, 21.283518235482198, 0.0 ], [ 39.704689215374522, 21.283551748690325, 0.0 ], [ 39.704658107244434, 21.283581060012992, 0.0 ], [ 39.704646549120014, 21.283592025641539, 0.0 ], [ 39.704639974596738, 21.283599385999533, 0.0 ], [ 39.704625751044517, 21.283622846645219, 0.0 ], [ 39.704619542183551, 21.283643093701617, 0.0 ], [ 39.704617866238372, 21.283661358497024, 0.0 ], [ 39.704619231135879, 21.283676983508904, 0.0 ], [ 39.704625504698697, 21.283698376463182, 0.0 ], [ 39.704631206592417, 21.283709745509903, 0.0 ], [ 39.704642957132869, 21.283725924910748, 0.0 ], [ 39.704657903558243, 21.283739774903395, 0.0 ], [ 39.704674598282331, 21.28375025061035, 0.0 ], [ 39.704696193801041, 21.28375855798479, 0.0 ], [ 39.704718605370459, 21.283762307138367, 0.0 ], [ 39.706592970452625, 21.283827654914695, 0.0 ], [ 39.706630065157071, 21.283865104332268, 0.0 ] ] ] ] } },
{ "type": "Feature", "properties": { "ID": "730", "ROAD NAME": "R10E1", "FILL-TOTAL": null, "CUT-TOTAL": null, "FILL-DONE": null, "CUT-DONE": null, "FILL-REMAN": null, "CUT-REMAN": null, "EQUPIMENTS": null, "CONTRACTOR": null, "STATUS": null }, "geometry": { "type": "MultiPolygon", "coordinates": [ [ [ [ 39.711216255272547, 21.285823394579623, 0.0 ], [ 39.708699348330178, 21.282517689114147, 0.0 ], [ 39.706999762552989, 21.282458456114995, 0.0 ], [ 39.706949123236477, 21.28242281031164, 0.0 ], [ 39.706986163912845, 21.282674920312694, 0.0 ], [ 39.707026134724913, 21.282640157185767, 0.0 ], [ 39.707527059190205, 21.282657616800872, 0.0 ], [ 39.707796787779031, 21.282667017509613, 0.0 ], [ 39.708297712357869, 21.282684474812783, 0.0 ], [ 39.708567441007794, 21.282693874276632, 0.0 ], [ 39.708597439061819, 21.282694919617384, 0.0 ], [ 39.709082250945741, 21.283331686605568, 0.0 ], [ 39.709287987493752, 21.28360190520884, 0.0 ], [ 39.709540610768698, 21.283933704032808, 0.0 ], [ 39.709886542423369, 21.284388052181551, 0.0 ], [ 39.710043295869916, 21.284593931640618, 0.0 ], [ 39.710505380821076, 21.285200828122115, 0.0 ], [ 39.710680367573367, 21.285430651788172, 0.0 ], [ 39.710998745044584, 21.285848799201307, 0.0 ], [ 39.711019701632488, 21.28591431660583, 0.0 ], [ 39.711018905568928, 21.285934316038524, 0.0 ], [ 39.711008845277732, 21.286187059536065, 0.0 ], [ 39.710990880421413, 21.286638387177842, 0.0 ], [ 39.710930924061273, 21.286690533247583, 0.0 ], [ 39.711219926936131, 21.286700599270006, 0.0 ], [ 39.711182830362453, 21.286663150953132, 0.0 ], [ 39.711216255272547, 21.285823394579623, 0.0 ] ] ] ] } },
{ "type": "Feature", "properties": { "ID": "563", "ROAD NAME": "R9E19", "FILL-TOTAL": null, "CUT-TOTAL": null, "FILL-DONE": null, "CUT-DONE": null, "FILL-REMAN": null, "CUT-REMAN": null, "EQUPIMENTS": null, "CONTRACTOR": null, "STATUS": null }, "geometry": { "type": "MultiPolygon", "coordinates": [ [ [ [ 39.720462151755143, 21.284310217841583, 0.0 ], [ 39.720469313531844, 21.284130002805345, 0.0 ], [ 39.718320144347004, 21.284055251240375, 0.0 ], [ 39.71828304670673, 21.284017804513034, 0.0 ], [ 39.718272998883982, 21.284270548139844, 0.0 ], [ 39.718312967377891, 21.284235782402462, 0.0 ], [ 39.720007460411935, 21.284294721840144, 0.0 ], [ 39.720277199624775, 21.284303914773613, 0.0 ], [ 39.720462151755143, 21.284310217841583, 0.0 ] ] ] ] } },
{ "type": "Feature", "properties": { "ID": "615", "ROAD NAME": "R9E20", "FILL-TOTAL": null, "CUT-TOTAL": null, "FILL-DONE": null, "CUT-DONE": null, "FILL-REMAN": null, "CUT-REMAN": null, "EQUPIMENTS": null, "CONTRACTOR": null, "STATUS": null }, "geometry": { "type": "MultiPolygon", "coordinates": [ [ [ [ 39.720209960515803, 21.285024886864356, 0.0 ], [ 39.720237230535453, 21.284338707756543, 0.0 ], [ 39.720277199624775, 21.284303914773613, 0.0 ], [ 39.720007460411935, 21.284294721840144, 0.0 ], [ 39.720044558549723, 21.284332168166465, 0.0 ], [ 39.720025903889287, 21.284801549159475, 0.0 ], [ 39.719985935662294, 21.284836315293468, 0.0 ], [ 39.718291436408819, 21.28477737584852, 0.0 ], [ 39.718254338588217, 21.284739929126289, 0.0 ], [ 39.718244290707837, 21.284992672715674, 0.0 ], [ 39.718284259398551, 21.284957906983824, 0.0 ], [ 39.720209960515803, 21.285024886864356, 0.0 ] ] ] ] } },
{ "type": "Feature", "properties": { "ID": "720", "ROAD NAME": "R9E17", "FILL-TOTAL": null, "CUT-TOTAL": null, "FILL-DONE": null, "CUT-DONE": null, "FILL-REMAN": null, "CUT-REMAN": null, "EQUPIMENTS": null, "CONTRACTOR": null, "STATUS": null }, "geometry": { "type": "MultiPolygon", "coordinates": [ [ [ [ 39.718225630305085, 21.285462053632649, 0.0 ], [ 39.718244290707837, 21.284992672715674, 0.0 ], [ 39.718254338588217, 21.284739929126289, 0.0 ], [ 39.718272998883982, 21.284270548139844, 0.0 ], [ 39.71828304670673, 21.284017804513034, 0.0 ], [ 39.718301706895517, 21.283548423456885, 0.0 ], [ 39.718341675192619, 21.2835136577139, 0.0 ], [ 39.718071944895705, 21.283504274069369, 0.0 ], [ 39.718109042350555, 21.283541720853584, 0.0 ], [ 39.718004253870873, 21.286177475424708, 0.0 ], [ 39.717964284791591, 21.28621224109364, 0.0 ], [ 39.718234020038615, 21.28622162474413, 0.0 ], [ 39.718196921857327, 21.286184178032155, 0.0 ], [ 39.718215582367094, 21.285714797184646, 0.0 ], [ 39.718225630305085, 21.285462053632649, 0.0 ] ] ] ] } },
{ "type": "Feature", "properties": { "ID": "559", "ROAD NAME": "R9E16", "FILL-TOTAL": null, "CUT-TOTAL": null, "FILL-DONE": null, "CUT-DONE": null, "FILL-REMAN": null, "CUT-REMAN": null, "EQUPIMENTS": null, "CONTRACTOR": null, "STATUS": null }, "geometry": { "type": "MultiPolygon", "coordinates": [ [ [ [ 39.719880368844656, 21.286278889077472, 0.0 ], [ 39.718234020038615, 21.28622162474413, 0.0 ], [ 39.717964284791591, 21.28621224109364, 0.0 ], [ 39.717463347960361, 21.286194813157902, 0.0 ], [ 39.717426249976292, 21.286157366268267, 0.0 ], [ 39.717531048780543, 21.283521611709805, 0.0 ], [ 39.717571017257562, 21.283486846144903, 0.0 ], [ 39.717301287021186, 21.283477461255369, 0.0 ], [ 39.717338384278861, 21.283514908217203, 0.0 ], [ 39.717319721025945, 21.28398428926964, 0.0 ], [ 39.717309671553231, 21.284237032894442, 0.0 ], [ 39.717291008193207, 21.284706413877103, 0.0 ], [ 39.717280958662819, 21.28495915746446, 0.0 ], [ 39.717224968052435, 21.286367300068704, 0.0 ], [ 39.72010439581706, 21.286467460664298, 0.0 ], [ 39.720140269690567, 21.285564805174502, 0.0 ], [ 39.71826272830603, 21.285499500349761, 0.0 ], [ 39.718225630305085, 21.285462053632649, 0.0 ], [ 39.718215582367094, 21.285714797184646, 0.0 ], [ 39.718255551254622, 21.285680031458391, 0.0 ], [ 39.719901894017511, 21.285737295784649, 0.0 ], [ 39.719938992503707, 21.285774742111805, 0.0 ], [ 39.719920337476502, 21.286244122965716, 0.0 ], [ 39.719880368844656, 21.286278889077472, 0.0 ] ] ] ] } },
{ "type": "Feature", "properties": { "ID": "548", "ROAD NAME": "R9E22", "FILL-TOTAL": null, "CUT-TOTAL": null, "FILL-DONE": null, "CUT-DONE": null, "FILL-REMAN": null, "CUT-REMAN": null, "EQUPIMENTS": null, "CONTRACTOR": null, "STATUS": null }, "geometry": { "type": "MultiPolygon", "coordinates": [ [ [ [ 39.717309671553238, 21.284237032894435, 0.0 ], [ 39.717319721025945, 21.28398428926964, 0.0 ], [ 39.717279752357179, 21.284019054777183, 0.0 ], [ 39.716344363160552, 21.283986505940923, 0.0 ], [ 39.716307266025865, 21.283949058758189, 0.0 ], [ 39.716297214819036, 21.284201802380842, 0.0 ], [ 39.716337183774229, 21.284167037100044, 0.0 ], [ 39.717272574115221, 21.284199585937721, 0.0 ], [ 39.717309671553238, 21.284237032894435, 0.0 ] ] ] ] } },
{ "type": "Feature", "properties": { "ID": "721", "ROAD NAME": "R9E21", "FILL-TOTAL": null, "CUT-TOTAL": null, "FILL-DONE": null, "CUT-DONE": null, "FILL-REMAN": null, "CUT-REMAN": null, "EQUPIMENTS": null, "CONTRACTOR": null, "STATUS": null }, "geometry": { "type": "MultiPolygon", "coordinates": [ [ [ [ 39.717280958662819, 21.28495915746446, 0.0 ], [ 39.717291008193207, 21.284706413877103, 0.0 ], [ 39.717251039327614, 21.284741179379083, 0.0 ], [ 39.716315645553443, 21.284708630537025, 0.0 ], [ 39.716278548238463, 21.284671183359396, 0.0 ], [ 39.716268496973825, 21.284923926944543, 0.0 ], [ 39.716308466125831, 21.284889161669334, 0.0 ], [ 39.717243861044487, 21.284921710512847, 0.0 ], [ 39.717280958662819, 21.28495915746446, 0.0 ] ] ] ] } },
{ "type": "Feature", "properties": { "ID": "527", "ROAD NAME": "R9C4", "FILL-TOTAL": null, "CUT-TOTAL": null, "FILL-DONE": null, "CUT-DONE": null, "FILL-REMAN": null, "CUT-REMAN": null, "EQUPIMENTS": null, "CONTRACTOR": null, "STATUS": null }, "geometry": { "type": "MultiPolygon", "coordinates": [ [ [ [ 39.716193111845051, 21.286819503415678, 0.0 ], [ 39.716268496973825, 21.284923926944543, 0.0 ], [ 39.716278548238463, 21.284671183359396, 0.0 ], [ 39.716297214819036, 21.284201802380842, 0.0 ], [ 39.716307266025865, 21.283949058758189, 0.0 ], [ 39.716324388928051, 21.283518491914478, 0.0 ], [ 39.716407324103145, 21.283446353935172, 0.0 ], [ 39.715942039615925, 21.283430161484937, 0.0 ], [ 39.716016233454518, 21.283505056026023, 0.0 ], [ 39.715999001956192, 21.283938330836392, 0.0 ], [ 39.715988950221309, 21.284191074458935, 0.0 ], [ 39.715912843572845, 21.286104704313978, 0.0 ], [ 39.715902791664668, 21.286357447823608, 0.0 ], [ 39.715884841778319, 21.28680877548668, 0.0 ], [ 39.715824887131937, 21.286860923253393, 0.0 ], [ 39.716248758629369, 21.28687567415593, 0.0 ], [ 39.716193111845051, 21.286819503415678, 0.0 ] ] ] ] } },
{ "type": "Feature", "properties": { "ID": "618", "ROAD NAME": "R9E24", "FILL-TOTAL": null, "CUT-TOTAL": null, "FILL-DONE": null, "CUT-DONE": null, "FILL-REMAN": null, "CUT-REMAN": null, "EQUPIMENTS": null, "CONTRACTOR": null, "STATUS": null }, "geometry": { "type": "MultiPolygon", "coordinates": [ [ [ [ 39.715988950221309, 21.284191074458935, 0.0 ], [ 39.715999001956192, 21.283938330836392, 0.0 ], [ 39.715959032979065, 21.283973096038736, 0.0 ], [ 39.714453355708436, 21.283920688322116, 0.0 ], [ 39.714416259057685, 21.28388324070356, 0.0 ], [ 39.714406204611961, 21.284135984322241, 0.0 ], [ 39.714446174008629, 21.284101219478487, 0.0 ], [ 39.71518119194446, 21.284126804725606, 0.0 ], [ 39.715450923336618, 21.284136192995547, 0.0 ], [ 39.715951853121297, 21.284153627197821, 0.0 ], [ 39.715988950221309, 21.284191074458935, 0.0 ] ] ] ] } },
{ "type": "Feature", "properties": { "ID": "518", "ROAD NAME": "R9E26", "FILL-TOTAL": null, "CUT-TOTAL": null, "FILL-DONE": null, "CUT-DONE": null, "FILL-REMAN": null, "CUT-REMAN": null, "EQUPIMENTS": null, "CONTRACTOR": null, "STATUS": null }, "geometry": { "type": "MultiPolygon", "coordinates": [ [ [ [ 39.715189565722028, 21.284886376721197, 0.0 ], [ 39.715199618834646, 21.284633633138469, 0.0 ], [ 39.715159649480796, 21.284668398157102, 0.0 ], [ 39.71442462884724, 21.284642812906323, 0.0 ], [ 39.714387532016197, 21.284605365292865, 0.0 ], [ 39.71437747751262, 21.284858108873699, 0.0 ], [ 39.714417447106101, 21.284823344035544, 0.0 ], [ 39.715152468638912, 21.284848929287548, 0.0 ], [ 39.715189565722028, 21.284886376721197, 0.0 ] ] ] ] } },
{ "type": "Feature", "properties": { "ID": "627", "ROAD NAME": "R9E25", "FILL-TOTAL": null, "CUT-TOTAL": null, "FILL-DONE": null, "CUT-DONE": null, "FILL-REMAN": null, "CUT-REMAN": null, "EQUPIMENTS": null, "CONTRACTOR": null, "STATUS": null }, "geometry": { "type": "MultiPolygon", "coordinates": [ [ [ [ 39.715334840030025, 21.286084587916601, 0.0 ], [ 39.715410954174509, 21.284170958071513, 0.0 ], [ 39.715450923336618, 21.284136192995547, 0.0 ], [ 39.71518119194446, 21.284126804725606, 0.0 ], [ 39.715218288847268, 21.284164252164356, 0.0 ], [ 39.715199618834646, 21.284633633138469, 0.0 ], [ 39.715189565722028, 21.284886376721197, 0.0 ], [ 39.715170895602007, 21.285355757625798, 0.0 ], [ 39.715160842431544, 21.285608501171108, 0.0 ], [ 39.715142172204111, 21.286077882006122, 0.0 ], [ 39.715102202456556, 21.286112647013553, 0.0 ], [ 39.715371937478835, 21.286122035288312, 0.0 ], [ 39.715334840030025, 21.286084587916601, 0.0 ] ] ] ] } },
{ "type": "Feature", "properties": { "ID": "672", "ROAD NAME": "R9E27", "FILL-TOTAL": null, "CUT-TOTAL": null, "FILL-DONE": null, "CUT-DONE": null, "FILL-REMAN": null, "CUT-REMAN": null, "EQUPIMENTS": null, "CONTRACTOR": null, "STATUS": null }, "geometry": { "type": "MultiPolygon", "coordinates": [ [ [ [ 39.715160842431544, 21.285608501171108, 0.0 ], [ 39.715170895602007, 21.285355757625798, 0.0 ], [ 39.715130926051309, 21.285390522638838, 0.0 ], [ 39.714395901820652, 21.285364937383164, 0.0 ], [ 39.714358804809294, 21.285327489774794, 0.0 ], [ 39.714348750247808, 21.285580233318196, 0.0 ], [ 39.714388720038158, 21.285545468485665, 0.0 ], [ 39.715123745168114, 21.285571053742547, 0.0 ], [ 39.715160842431544, 21.285608501171108, 0.0 ] ] ] ] } },
{ "type": "Feature", "properties": { "ID": "610", "ROAD NAME": "R9E23", "FILL-TOTAL": null, "CUT-TOTAL": null, "FILL-DONE": null, "CUT-DONE": null, "FILL-REMAN": null, "CUT-REMAN": null, "EQUPIMENTS": null, "CONTRACTOR": null, "STATUS": null }, "geometry": { "type": "MultiPolygon", "coordinates": [ [ [ [ 39.714358804809294, 21.285327489774794, 0.0 ], [ 39.71437747751262, 21.284858108873699, 0.0 ], [ 39.714387532016197, 21.284605365292865, 0.0 ], [ 39.714406204611961, 21.284135984322241, 0.0 ], [ 39.714416259057685, 21.28388324070356, 0.0 ], [ 39.714434931545945, 21.283413859663906, 0.0 ], [ 39.714474900745763, 21.283379094814546, 0.0 ], [ 39.714205170752585, 21.283369704923249, 0.0 ], [ 39.714242267217948, 21.283407152598635, 0.0 ], [ 39.714137409667572, 21.286042907079676, 0.0 ], [ 39.714097439685446, 21.286077671854859, 0.0 ], [ 39.714367174628677, 21.286087061752987, 0.0 ], [ 39.714330077437005, 21.28604961414969, 0.0 ], [ 39.714348750247808, 21.285580233318196, 0.0 ], [ 39.714358804809294, 21.285327489774794, 0.0 ] ] ] ] } },
{ "type": "Feature", "properties": { "ID": "711", "ROAD NAME": "R9E29", "FILL-TOTAL": null, "CUT-TOTAL": null, "FILL-DONE": null, "CUT-DONE": null, "FILL-REMAN": null, "CUT-REMAN": null, "EQUPIMENTS": null, "CONTRACTOR": null, "STATUS": null }, "geometry": { "type": "MultiPolygon", "coordinates": [ [ [ [ 39.713442878366365, 21.284102446766124, 0.0 ], [ 39.713452934462026, 21.283849703149873, 0.0 ], [ 39.713412964890551, 21.283884467763745, 0.0 ], [ 39.711701137353508, 21.283824857421447, 0.0 ], [ 39.711664041407161, 21.283787409168688, 0.0 ], [ 39.711678698246693, 21.284039294698328, 0.0 ], [ 39.711706860292878, 21.284005838128667, 0.0 ], [ 39.713405781917949, 21.284064998918218, 0.0 ], [ 39.713442878366365, 21.284102446766124, 0.0 ] ] ] ] } },
{ "type": "Feature", "properties": { "ID": "536", "ROAD NAME": "R9E18", "FILL-TOTAL": null, "CUT-TOTAL": null, "FILL-DONE": null, "CUT-DONE": null, "FILL-REMAN": null, "CUT-REMAN": null, "EQUPIMENTS": null, "CONTRACTOR": null, "STATUS": null }, "geometry": { "type": "MultiPolygon", "coordinates": [ [ [ [ 39.713414146552758, 21.28482457131102, 0.0 ], [ 39.713424202706356, 21.284571827732474, 0.0 ], [ 39.713384232938047, 21.28460659234074, 0.0 ], [ 39.712093137617906, 21.284561634842238, 0.0 ], [ 39.712032210692954, 21.284530881858185, 0.0 ], [ 39.71221839586169, 21.284775409425986, 0.0 ], [ 39.712234535241983, 21.284747340282895, 0.0 ], [ 39.713377049924063, 21.284787123468199, 0.0 ], [ 39.713414146552758, 21.28482457131102, 0.0 ] ] ] ] } },
{ "type": "Feature", "properties": { "ID": "691", "ROAD NAME": "R9E30", "FILL-TOTAL": null, "CUT-TOTAL": null, "FILL-DONE": null, "CUT-DONE": null, "FILL-REMAN": null, "CUT-REMAN": null, "EQUPIMENTS": null, "CONTRACTOR": null, "STATUS": null }, "geometry": { "type": "MultiPolygon", "coordinates": [ [ [ [ 39.715902791664668, 21.286357447823608, 0.0 ], [ 39.715912843572845, 21.286104704313978, 0.0 ], [ 39.715872874005221, 21.286139469499524, 0.0 ], [ 39.715371937478835, 21.286122035288312, 0.0 ], [ 39.715102202456556, 21.286112647013553, 0.0 ], [ 39.714367174628677, 21.286087061752987, 0.0 ], [ 39.714097439685446, 21.286077671854859, 0.0 ], [ 39.7135965034187, 21.286060232316409, 0.0 ], [ 39.713559406424302, 21.286022784535518, 0.0 ], [ 39.71366427429902, 21.283387030068955, 0.0 ], [ 39.71370424367872, 21.283352265397706, 0.0 ], [ 39.713434513746222, 21.283342874261479, 0.0 ], [ 39.713471610014373, 21.283380322114457, 0.0 ], [ 39.713452934462026, 21.283849703149873, 0.0 ], [ 39.713442878366365, 21.284102446766124, 0.0 ], [ 39.713424202706356, 21.284571827732474, 0.0 ], [ 39.713414146552758, 21.28482457131102, 0.0 ], [ 39.713395470785109, 21.285293952207802, 0.0 ], [ 39.71338541457353, 21.285546695748909, 0.0 ], [ 39.713358119039867, 21.286232713865768, 0.0 ], [ 39.715865694023663, 21.286320000577771, 0.0 ], [ 39.715902791664668, 21.286357447823608, 0.0 ] ] ] ] } },
{ "type": "Feature", "properties": { "ID": "651", "ROAD NAME": "R9E28", "FILL-TOTAL": null, "CUT-TOTAL": null, "FILL-DONE": null, "CUT-DONE": null, "FILL-REMAN": null, "CUT-REMAN": null, "EQUPIMENTS": null, "CONTRACTOR": null, "STATUS": null }, "geometry": { "type": "MultiPolygon", "coordinates": [ [ [ [ 39.711573574087247, 21.284239597339852, 0.0 ], [ 39.712518290610923, 21.285480346680679, 0.0 ], [ 39.713348317764542, 21.285509247911172, 0.0 ], [ 39.71338541457353, 21.285546695748909, 0.0 ], [ 39.713395470785109, 21.285293952207802, 0.0 ], [ 39.713355500819937, 21.285328716810458, 0.0 ], [ 39.712620196915672, 21.285303113986451, 0.0 ], [ 39.71221839586169, 21.284775409425986, 0.0 ], [ 39.712032210692954, 21.284530881858185, 0.0 ], [ 39.711730528299562, 21.284134662970605, 0.0 ], [ 39.711727392900997, 21.284130482821581, 0.0 ], [ 39.711724320910619, 21.284126261535402, 0.0 ], [ 39.711721312942842, 21.284121999956312, 0.0 ], [ 39.711718369599289, 21.284117698936662, 0.0 ], [ 39.711715491468588, 21.284113359336672, 0.0 ], [ 39.711712679126428, 21.284108982024289, 0.0 ], [ 39.711709933135275, 21.28410456787498, 0.0 ], [ 39.711707254044299, 21.284100117771619, 0.0 ], [ 39.71170464238935, 21.284095632604213, 0.0 ], [ 39.711702098692754, 21.284091113269849, 0.0 ], [ 39.711699623463275, 21.284086560672396, 0.0 ], [ 39.71169721719594, 21.284081975722408, 0.0 ], [ 39.711694880372036, 21.28407735933688, 0.0 ], [ 39.711692613458901, 21.284072712439119, 0.0 ], [ 39.711690416909953, 21.284068035958516, 0.0 ], [ 39.711688291164478, 21.284063330830413, 0.0 ], [ 39.711686236647637, 21.284058597995831, 0.0 ], [ 39.711684253770343, 21.28405383840138, 0.0 ], [ 39.711682342929159, 21.284049052998981, 0.0 ], [ 39.711680504506262, 21.284044242745733, 0.0 ], [ 39.711678738869331, 21.284039408603711, 0.0 ], [ 39.711678698246693, 21.284039294698328, 0.0 ], [ 39.711664041407161, 21.283787409168688, 0.0 ], [ 39.711682722649464, 21.283318028141519, 0.0 ], [ 39.711722692491676, 21.283283263928276, 0.0 ], [ 39.711452962715533, 21.283273869590897, 0.0 ], [ 39.711490058476528, 21.283311317900463, 0.0 ], [ 39.711466442605243, 21.283904665626029, 0.0 ], [ 39.711466232235281, 21.283910920620308, 0.0 ], [ 39.711466098958702, 21.283917177464701, 0.0 ], [ 39.711466042793283, 21.283923435324994, 0.0 ], [ 39.711466063746521, 21.283929693366776, 0.0 ], [ 39.711466161815643, 21.283935950755659, 0.0 ], [ 39.71146633698757, 21.283942206657343, 0.0 ], [ 39.71146658923896, 21.283948460237717, 0.0 ], [ 39.711466918536182, 21.283954710662947, 0.0 ], [ 39.711467324835354, 21.283960957099673, 0.0 ], [ 39.711467808082311, 21.28396719871505, 0.0 ], [ 39.711468368212628, 21.283973434676856, 0.0 ], [ 39.711469005151621, 21.283979664153627, 0.0 ], [ 39.711469718814385, 21.283985886314778, 0.0 ], [ 39.711470509105773, 21.28399210033071, 0.0 ], [ 39.711471375920411, 21.283998305372883, 0.0 ], [ 39.711472319142771, 21.284004500613939, 0.0 ], [ 39.71147333864706, 21.284010685227887, 0.0 ], [ 39.711474434297372, 21.284016858390103, 0.0 ], [ 39.711475605947633, 21.284023019277491, 0.0 ], [ 39.711476853441631, 21.284029167068635, 0.0 ], [ 39.711478176613035, 21.284035300943799, 0.0 ], [ 39.711479575285452, 21.284041420085163, 0.0 ], [ 39.711481049272358, 21.284047523676847, 0.0 ], [ 39.711482598377309, 21.284053610905005, 0.0 ], [ 39.711484222393707, 21.284059680958073, 0.0 ], [ 39.71148592110503, 21.284065733026662, 0.0 ], [ 39.71148769428482, 21.284071766303871, 0.0 ], [ 39.711489541696643, 21.284077779985232, 0.0 ], [ 39.711491463094205, 21.284083773268943, 0.0 ], [ 39.711493458221305, 21.284089745355921, 0.0 ], [ 39.711495526811959, 21.284095695449857, 0.0 ], [ 39.71149766859034, 21.284101622757436, 0.0 ], [ 39.711499883270932, 21.284107526488345, 0.0 ], [ 39.711502170558411, 21.284113405855408, 0.0 ], [ 39.711504530147835, 21.284119260074725, 0.0 ], [ 39.711506961724588, 21.284125088365766, 0.0 ], [ 39.711509464964493, 21.284130889951374, 0.0 ], [ 39.711512039533773, 21.284136664058057, 0.0 ], [ 39.711514685089163, 21.284142409915901, 0.0 ], [ 39.711517401277952, 21.284148126758797, 0.0 ], [ 39.711520187737953, 21.284153813824542, 0.0 ], [ 39.711523044097703, 21.284159470354808, 0.0 ], [ 39.7115259699763, 21.284165095595434, 0.0 ], [ 39.711528964983671, 21.284170688796383, 0.0 ], [ 39.711532028720505, 21.284176249211889, 0.0 ], [ 39.711535160778276, 21.284181776100553, 0.0 ], [ 39.711538360739404, 21.284187268725493, 0.0 ], [ 39.711541628177251, 21.284192726354316, 0.0 ], [ 39.711544962656127, 21.284198148259389, 0.0 ], [ 39.711548363731481, 21.284203533717754, 0.0 ], [ 39.711551830949851, 21.284208882011377, 0.0 ], [ 39.711555363848902, 21.284214192427154, 0.0 ], [ 39.711558961957621, 21.284219464257017, 0.0 ], [ 39.711562624796265, 21.284224696798056, 0.0 ], [ 39.711566351876456, 21.284229889352602, 0.0 ], [ 39.71157014270127, 21.284235041228335, 0.0 ], [ 39.711573574087247, 21.284239597339852, 0.0 ] ] ] ] } },
{ "type": "Feature", "properties": { "ID": "571", "ROAD NAME": "R9C3", "FILL-TOTAL": null, "CUT-TOTAL": null, "FILL-DONE": null, "CUT-DONE": null, "FILL-REMAN": null, "CUT-REMAN": null, "EQUPIMENTS": null, "CONTRACTOR": null, "STATUS": null }, "geometry": { "type": "MultiPolygon", "coordinates": [ [ [ [ 39.720554202126635, 21.28364484700845, 0.0 ], [ 39.72056998540036, 21.283247678390314, 0.0 ], [ 39.720510033863519, 21.283299827772897, 0.0 ], [ 39.710268880105737, 21.282943373901883, 0.0 ], [ 39.710207954219328, 21.282912620209174, 0.0 ], [ 39.710567284821984, 21.283384565861077, 0.0 ], [ 39.71055831558278, 21.283367095938118, 0.0 ], [ 39.71055305589983, 21.283345720102751, 0.0 ], [ 39.710553683057825, 21.283322314393779, 0.0 ], [ 39.710558341003619, 21.28330536805144, 0.0 ], [ 39.710570112860246, 21.283284249367945, 0.0 ], [ 39.710581750678877, 21.283271476447307, 0.0 ], [ 39.710596927018202, 21.283260200094443, 0.0 ], [ 39.710611972550971, 21.283252830663208, 0.0 ], [ 39.710626062515402, 21.283248506120675, 0.0 ], [ 39.710644458097285, 21.283246023809571, 0.0 ], [ 39.711722692491676, 21.283283263928276, 0.0 ], [ 39.720498555006301, 21.283588677683266, 0.0 ], [ 39.720554202126635, 21.28364484700845, 0.0 ] ] ] ] } },
{ "type": "Feature", "properties": { "ID": "661", "ROAD NAME": "R9E11", "FILL-TOTAL": null, "CUT-TOTAL": null, "FILL-DONE": null, "CUT-DONE": null, "FILL-REMAN": null, "CUT-REMAN": null, "EQUPIMENTS": null, "CONTRACTOR": null, "STATUS": null }, "geometry": { "type": "MultiPolygon", "coordinates": [ [ [ [ 39.720203206010112, 21.283253001315202, 0.0 ], [ 39.720291879854628, 21.281021737920661, 0.0 ], [ 39.720124184516713, 21.280393916863147, 0.0 ], [ 39.718418859231754, 21.280334598685098, 0.0 ], [ 39.718381762532708, 21.280297151920045, 0.0 ], [ 39.718371714922455, 21.280549895739412, 0.0 ], [ 39.71841168241442, 21.280515129984703, 0.0 ], [ 39.719943415164245, 21.280568410640175, 0.0 ], [ 39.719985679020532, 21.280619451329606, 0.0 ], [ 39.720098198483953, 21.281040705360414, 0.0 ], [ 39.720096639757188, 21.281079926011863, 0.0 ], [ 39.720086595075152, 21.281332669797234, 0.0 ], [ 39.720067940612573, 21.28180205107817, 0.0 ], [ 39.720057895873232, 21.282054794826134, 0.0 ], [ 39.720039241303922, 21.282524176037626, 0.0 ], [ 39.720029196507127, 21.282776919748169, 0.0 ], [ 39.720010541831087, 21.283246300890067, 0.0 ], [ 39.719970574009182, 21.283281067018176, 0.0 ], [ 39.72024030392582, 21.283290447613432, 0.0 ], [ 39.720203206010112, 21.283253001315202, 0.0 ] ] ] ] } },
{ "type": "Feature", "properties": { "ID": "731", "ROAD NAME": "R9E15", "FILL-TOTAL": null, "CUT-TOTAL": null, "FILL-DONE": null, "CUT-DONE": null, "FILL-REMAN": null, "CUT-REMAN": null, "EQUPIMENTS": null, "CONTRACTOR": null, "STATUS": null }, "geometry": { "type": "MultiPolygon", "coordinates": [ [ [ [ 39.720086595075152, 21.281332669797234, 0.0 ], [ 39.720096639757188, 21.281079926011863, 0.0 ], [ 39.720056672525573, 21.281114692156635, 0.0 ], [ 39.718390151900692, 21.281056723843459, 0.0 ], [ 39.718353055021339, 21.281019277083548, 0.0 ], [ 39.718343007353454, 21.281272020865504, 0.0 ], [ 39.718382975042189, 21.281237255116348, 0.0 ], [ 39.720049497705517, 21.281295223431837, 0.0 ], [ 39.720086595075152, 21.281332669797234, 0.0 ] ] ] ] } },
{ "type": "Feature", "properties": { "ID": "663", "ROAD NAME": "R9E14", "FILL-TOTAL": null, "CUT-TOTAL": null, "FILL-DONE": null, "CUT-DONE": null, "FILL-REMAN": null, "CUT-REMAN": null, "EQUPIMENTS": null, "CONTRACTOR": null, "STATUS": null }, "geometry": { "type": "MultiPolygon", "coordinates": [ [ [ [ 39.720057895873232, 21.282054794826134, 0.0 ], [ 39.720067940612573, 21.28180205107817, 0.0 ], [ 39.720027973184209, 21.281836817217378, 0.0 ], [ 39.718361444405055, 21.281778848894916, 0.0 ], [ 39.718324347345408, 21.281741402140131, 0.0 ], [ 39.718314299619962, 21.28199414588466, 0.0 ], [ 39.718354267505433, 21.28195938014106, 0.0 ], [ 39.720020798323262, 21.282017348465878, 0.0 ], [ 39.720057895873232, 21.282054794826134, 0.0 ] ] ] ] } },
{ "type": "Feature", "properties": { "ID": "660", "ROAD NAME": "R9E13", "FILL-TOTAL": null, "CUT-TOTAL": null, "FILL-DONE": null, "CUT-DONE": null, "FILL-REMAN": null, "CUT-REMAN": null, "EQUPIMENTS": null, "CONTRACTOR": null, "STATUS": null }, "geometry": { "type": "MultiPolygon", "coordinates": [ [ [ [ 39.718324347345408, 21.281741402140131, 0.0 ], [ 39.718343007353454, 21.281272020865504, 0.0 ], [ 39.718353055021339, 21.281019277083548, 0.0 ], [ 39.718371714922455, 21.280549895739412, 0.0 ], [ 39.718381762532708, 21.280297151920045, 0.0 ], [ 39.718388927648228, 21.280116915843781, 0.0 ], [ 39.717656734341496, 21.280093580728735, 0.0 ], [ 39.7176196336098, 21.280056246220063, 0.0 ], [ 39.717609584662114, 21.280308990924198, 0.0 ], [ 39.717649556558925, 21.280274112910394, 0.0 ], [ 39.718150531770753, 21.28029007939713, 0.0 ], [ 39.718187632693734, 21.280327413779954, 0.0 ], [ 39.718102976376926, 21.282456824431485, 0.0 ], [ 39.718063008299701, 21.28249159011775, 0.0 ], [ 39.718332736744905, 21.282500973839461, 0.0 ], [ 39.71829563950493, 21.282463527089792, 0.0 ], [ 39.718314299619962, 21.28199414588466, 0.0 ], [ 39.718324347345408, 21.281741402140131, 0.0 ] ] ] ] } },
{ "type": "Feature", "properties": { "ID": "696", "ROAD NAME": "R9E12", "FILL-TOTAL": null, "CUT-TOTAL": null, "FILL-DONE": null, "CUT-DONE": null, "FILL-REMAN": null, "CUT-REMAN": null, "EQUPIMENTS": null, "CONTRACTOR": null, "STATUS": null }, "geometry": { "type": "MultiPolygon", "coordinates": [ [ [ [ 39.720029196507127, 21.282776919748169, 0.0 ], [ 39.720039241303922, 21.282524176037626, 0.0 ], [ 39.719999273678795, 21.282558942171278, 0.0 ], [ 39.718332736744905, 21.282500973839461, 0.0 ], [ 39.718063008299701, 21.28249159011775, 0.0 ], [ 39.717562084100472, 21.282474162049976, 0.0 ], [ 39.717524987057665, 21.282436715122696, 0.0 ], [ 39.717514937954761, 21.282689458828212, 0.0 ], [ 39.71755490621694, 21.282654693268263, 0.0 ], [ 39.719992098776821, 21.282739473393065, 0.0 ], [ 39.720029196507127, 21.282776919748169, 0.0 ] ] ] ] } },
{ "type": "Feature", "properties": { "ID": "683", "ROAD NAME": "R9C1", "FILL-TOTAL": null, "CUT-TOTAL": null, "FILL-DONE": null, "CUT-DONE": null, "FILL-REMAN": null, "CUT-REMAN": null, "EQUPIMENTS": null, "CONTRACTOR": null, "STATUS": null }, "geometry": { "type": "MultiPolygon", "coordinates": [ [ [ [ 39.717524987057665, 21.282436715122696, 0.0 ], [ 39.717609584662114, 21.280308990924198, 0.0 ], [ 39.7176196336098, 21.280056246220063, 0.0 ], [ 39.71763757815129, 21.279604915295888, 0.0 ], [ 39.717697535701618, 21.279552598263539, 0.0 ], [ 39.717273636597113, 21.279539087065224, 0.0 ], [ 39.717329287372728, 21.279595088956707, 0.0 ], [ 39.717311341888497, 21.280046419879653, 0.0 ], [ 39.717301292412877, 21.280299164583113, 0.0 ], [ 39.717216726127099, 21.282425989339885, 0.0 ], [ 39.717206676496453, 21.282678733044772, 0.0 ], [ 39.717189448510901, 21.283112007936985, 0.0 ], [ 39.717109511549907, 21.283181538880164, 0.0 ], [ 39.717552638912935, 21.283196957221278, 0.0 ], [ 39.717496993077937, 21.283140786841237, 0.0 ], [ 39.717514937954761, 21.282689458828212, 0.0 ], [ 39.717524987057665, 21.282436715122696, 0.0 ] ] ] ] } },
{ "type": "Feature", "properties": { "ID": "637", "ROAD NAME": "R9E7", "FILL-TOTAL": null, "CUT-TOTAL": null, "FILL-DONE": null, "CUT-DONE": null, "FILL-REMAN": null, "CUT-REMAN": null, "EQUPIMENTS": null, "CONTRACTOR": null, "STATUS": null }, "geometry": { "type": "MultiPolygon", "coordinates": [ [ [ [ 39.716464739919154, 21.281929791195534, 0.0 ], [ 39.716474790812121, 21.28167704745487, 0.0 ], [ 39.716434822544883, 21.281711812763863, 0.0 ], [ 39.715540870368066, 21.281680700448526, 0.0 ], [ 39.715503774030083, 21.281643253043704, 0.0 ], [ 39.715493721474189, 21.281895996782218, 0.0 ], [ 39.715533690018141, 21.281861231690367, 0.0 ], [ 39.716427643288483, 21.281892344007115, 0.0 ], [ 39.716464739919154, 21.281929791195534, 0.0 ] ] ] ] } },
{ "type": "Feature", "properties": { "ID": "630", "ROAD NAME": "R9E3", "FILL-TOTAL": null, "CUT-TOTAL": null, "FILL-DONE": null, "CUT-DONE": null, "FILL-REMAN": null, "CUT-REMAN": null, "EQUPIMENTS": null, "CONTRACTOR": null, "STATUS": null }, "geometry": { "type": "MultiPolygon", "coordinates": [ [ [ [ 39.717206676496453, 21.282678733044772, 0.0 ], [ 39.717216726127099, 21.282425989339885, 0.0 ], [ 39.717176757842964, 21.282460754821372, 0.0 ], [ 39.71667583377269, 21.282443324094839, 0.0 ], [ 39.716406105457466, 21.282433937696535, 0.0 ], [ 39.715512148906427, 21.282402825375577, 0.0 ], [ 39.715475052388165, 21.282365377975847, 0.0 ], [ 39.715493721474189, 21.281895996782218, 0.0 ], [ 39.715503774030083, 21.281643253043704, 0.0 ], [ 39.715522443008794, 21.281173871780219, 0.0 ], [ 39.71556241135594, 21.281139106682787, 0.0 ], [ 39.715292685441781, 21.281129718407687, 0.0 ], [ 39.715329781594384, 21.28116716586937, 0.0 ], [ 39.715273772610693, 21.282575309521437, 0.0 ], [ 39.717169579488306, 21.28264128603907, 0.0 ], [ 39.717206676496453, 21.282678733044772, 0.0 ] ] ] ] } },
{ "type": "Feature", "properties": { "ID": "613", "ROAD NAME": "R9E4", "FILL-TOTAL": null, "CUT-TOTAL": null, "FILL-DONE": null, "CUT-DONE": null, "FILL-REMAN": null, "CUT-REMAN": null, "EQUPIMENTS": null, "CONTRACTOR": null, "STATUS": null }, "geometry": { "type": "MultiPolygon", "coordinates": [ [ [ [ 39.716638736956646, 21.282405876963296, 0.0 ], [ 39.716723278032241, 21.280279895650533, 0.0 ], [ 39.716763245853109, 21.280245130276992, 0.0 ], [ 39.716493727954351, 21.280230553660022, 0.0 ], [ 39.71653082417005, 21.280268000860129, 0.0 ], [ 39.716503507537823, 21.280954922409041, 0.0 ], [ 39.716493456702572, 21.281207666187431, 0.0 ], [ 39.716474790812121, 21.28167704745487, 0.0 ], [ 39.716464739919154, 21.281929791195534, 0.0 ], [ 39.716446073921489, 21.282399172393148, 0.0 ], [ 39.716406105457466, 21.282433937696535, 0.0 ], [ 39.71667583377269, 21.282443324094839, 0.0 ], [ 39.716638736956646, 21.282405876963296, 0.0 ] ] ] ] } },
{ "type": "Feature", "properties": { "ID": "622", "ROAD NAME": "R9E8", "FILL-TOTAL": null, "CUT-TOTAL": null, "FILL-DONE": null, "CUT-DONE": null, "FILL-REMAN": null, "CUT-REMAN": null, "EQUPIMENTS": null, "CONTRACTOR": null, "STATUS": null }, "geometry": { "type": "MultiPolygon", "coordinates": [ [ [ [ 39.715925524153377, 21.280934807371967, 0.0 ], [ 39.715952843475748, 21.28024788582648, 0.0 ], [ 39.71599281147509, 21.280213120630954, 0.0 ], [ 39.715723110102573, 21.280203663468413, 0.0 ], [ 39.715760183265871, 21.280241180370712, 0.0 ], [ 39.715732863046838, 21.280928101914995, 0.0 ], [ 39.715692894796526, 21.280962867051507, 0.0 ], [ 39.715962620411652, 21.280972254691335, 0.0 ], [ 39.715925524153377, 21.280934807371967, 0.0 ] ] ] ] } },
{ "type": "Feature", "properties": { "ID": "647", "ROAD NAME": "R9E9", "FILL-TOTAL": null, "CUT-TOTAL": null, "FILL-DONE": null, "CUT-DONE": null, "FILL-REMAN": null, "CUT-REMAN": null, "EQUPIMENTS": null, "CONTRACTOR": null, "STATUS": null }, "geometry": { "type": "MultiPolygon", "coordinates": [ [ [ [ 39.715154879792145, 21.280907984210426, 0.0 ], [ 39.715182202701257, 21.280221062669639, 0.0 ], [ 39.715222170880466, 21.280186297652175, 0.0 ], [ 39.714952001195464, 21.280188113766574, 0.0 ], [ 39.71498910130498, 21.280225448886323, 0.0 ], [ 39.714962218728893, 21.280901277864306, 0.0 ], [ 39.71492225029867, 21.28093604282272, 0.0 ], [ 39.715191975853223, 21.280945431707369, 0.0 ], [ 39.715154879792145, 21.280907984210426, 0.0 ] ] ] ] } },
{ "type": "Feature", "properties": { "ID": "675", "ROAD NAME": "R9E10", "FILL-TOTAL": null, "CUT-TOTAL": null, "FILL-DONE": null, "CUT-DONE": null, "FILL-REMAN": null, "CUT-REMAN": null, "EQUPIMENTS": null, "CONTRACTOR": null, "STATUS": null }, "geometry": { "type": "MultiPolygon", "coordinates": [ [ [ [ 39.71438423560403, 21.280881157492235, 0.0 ], [ 39.714410797631949, 21.280213452869287, 0.0 ], [ 39.714450792512615, 21.28017721332715, 0.0 ], [ 39.714180642853904, 21.280181549464565, 0.0 ], [ 39.714217747383969, 21.280216551493083, 0.0 ], [ 39.714191574584078, 21.280874450257262, 0.0 ], [ 39.714151605973996, 21.280909215037582, 0.0 ], [ 39.714421331467925, 21.280918605166761, 0.0 ], [ 39.71438423560403, 21.280881157492235, 0.0 ] ] ] ] } },
{ "type": "Feature", "properties": { "ID": "646", "ROAD NAME": "R9E5", "FILL-TOTAL": null, "CUT-TOTAL": null, "FILL-DONE": null, "CUT-DONE": null, "FILL-REMAN": null, "CUT-REMAN": null, "EQUPIMENTS": null, "CONTRACTOR": null, "STATUS": null }, "geometry": { "type": "MultiPolygon", "coordinates": [ [ [ [ 39.716493456702572, 21.281207666187431, 0.0 ], [ 39.716503507537823, 21.280954922409041, 0.0 ], [ 39.716463539467362, 21.280989687723608, 0.0 ], [ 39.715962620411652, 21.280972254691335, 0.0 ], [ 39.715692894796526, 21.280962867051507, 0.0 ], [ 39.715191975853223, 21.280945431707369, 0.0 ], [ 39.71492225029867, 21.28093604282272, 0.0 ], [ 39.714421331467925, 21.280918605166761, 0.0 ], [ 39.714151605973996, 21.280909215037582, 0.0 ], [ 39.7136506872559, 21.280891775069829, 0.0 ], [ 39.713613591589223, 21.280854327217742, 0.0 ], [ 39.713603535805035, 21.281107070989265, 0.0 ], [ 39.713643504600043, 21.281072306335275, 0.0 ], [ 39.714537452995579, 21.281103428919518, 0.0 ], [ 39.714807178850364, 21.281112818414581, 0.0 ], [ 39.715292685441781, 21.281129718407687, 0.0 ], [ 39.71556241135594, 21.281139106682787, 0.0 ], [ 39.716456360252202, 21.281170218993918, 0.0 ], [ 39.716493456702572, 21.281207666187431, 0.0 ] ] ] ] } },
{ "type": "Feature", "properties": { "ID": "686", "ROAD NAME": "R9E6", "FILL-TOTAL": null, "CUT-TOTAL": null, "FILL-DONE": null, "CUT-DONE": null, "FILL-REMAN": null, "CUT-REMAN": null, "EQUPIMENTS": null, "CONTRACTOR": null, "STATUS": null }, "geometry": { "type": "MultiPolygon", "coordinates": [ [ [ [ 39.714545822782334, 21.281863001551081, 0.0 ], [ 39.714555876961555, 21.281610257814712, 0.0 ], [ 39.714515908246405, 21.281645022680269, 0.0 ], [ 39.713621956570364, 21.281613900091521, 0.0 ], [ 39.713584860723422, 21.281576452244522, 0.0 ], [ 39.713574804881269, 21.281829195978602, 0.0 ], [ 39.713614773873111, 21.281794431330223, 0.0 ], [ 39.714508726642698, 21.281825553920452, 0.0 ], [ 39.714545822782334, 21.281863001551081, 0.0 ] ] ] ] } },
{ "type": "Feature", "properties": { "ID": "517", "ROAD NAME": "R9E1", "FILL-TOTAL": null, "CUT-TOTAL": null, "FILL-DONE": null, "CUT-DONE": null, "FILL-REMAN": null, "CUT-REMAN": null, "EQUPIMENTS": null, "CONTRACTOR": null, "STATUS": null }, "geometry": { "type": "MultiPolygon", "coordinates": [ [ [ [ 39.713584860723422, 21.281576452244522, 0.0 ], [ 39.713603535805035, 21.281107070989265, 0.0 ], [ 39.713613591589223, 21.280854327217742, 0.0 ], [ 39.713637622476206, 21.280250328744934, 0.0 ], [ 39.71367744966048, 21.280210847444003, 0.0 ], [ 39.713703125695275, 21.280208680746025, 0.0 ], [ 39.713728808521779, 21.280206586024828, 0.0 ], [ 39.713754497910159, 21.280204563299101, 0.0 ], [ 39.713780193630598, 21.280202612586951, 0.0 ], [ 39.713805895453184, 21.280200733905836, 0.0 ], [ 39.713831603147959, 21.280198927272583, 0.0 ], [ 39.713857316484933, 21.280197192703319, 0.0 ], [ 39.713883035234019, 21.280195530213586, 0.0 ], [ 39.713908759165115, 21.28019393981824, 0.0 ], [ 39.713934488048089, 21.28019242153151, 0.0 ], [ 39.713960221652727, 21.280190975367002, 0.0 ], [ 39.713985959748769, 21.280189601337643, 0.0 ], [ 39.714011702105964, 21.280188299455709, 0.0 ], [ 39.71403744849399, 21.280187069732865, 0.0 ], [ 39.714063198682467, 21.280185912180109, 0.0 ], [ 39.714088952441017, 21.28018482680778, 0.0 ], [ 39.714114709539238, 21.280183813625626, 0.0 ], [ 39.71414046974666, 21.280182872642662, 0.0 ], [ 39.714166232832817, 21.280182003867345, 0.0 ], [ 39.714180642853904, 21.280181549464565, 0.0 ], [ 39.714450792512615, 21.28017721332715, 0.0 ], [ 39.714476572158546, 21.280177214384526, 0.0 ], [ 39.714502351676032, 21.280177287700141, 0.0 ], [ 39.714528130834488, 21.280177433273348, 0.0 ], [ 39.714553909403215, 21.280177651102832, 0.0 ], [ 39.714579687151613, 21.280177941186661, 0.0 ], [ 39.714605463849033, 21.280178303522202, 0.0 ], [ 39.714631239264818, 21.280178738106247, 0.0 ], [ 39.714657013168406, 21.280179244934885, 0.0 ], [ 39.714682785329153, 21.2801798240036, 0.0 ], [ 39.714708555516488, 21.280180475307191, 0.0 ], [ 39.714734323499854, 21.280181198839827, 0.0 ], [ 39.714756436115934, 21.280181877377583, 0.0 ], [ 39.714952001195464, 21.280188113766574, 0.0 ], [ 39.715222170880466, 21.280186297652175, 0.0 ], [ 39.715723110102573, 21.280203663468413, 0.0 ], [ 39.71599281147509, 21.280213120630954, 0.0 ], [ 39.716493727954351, 21.280230553660022, 0.0 ], [ 39.716763245853109, 21.280245130276992, 0.0 ], [ 39.717264191715302, 21.280261829996064, 0.0 ], [ 39.717301292412877, 21.280299164583113, 0.0 ], [ 39.717311341888497, 21.280046419879653, 0.0 ], [ 39.717271369969239, 21.280081297815002, 0.0 ], [ 39.7147630174562, 21.280001326067502, 0.0 ], [ 39.714736964978755, 21.280000531412007, 0.0 ], [ 39.71471091009694, 21.279999808979881, 0.0 ], [ 39.71468485303874, 21.279999158777482, 0.0 ], [ 39.714658794032253, 21.279998580810457, 0.0 ], [ 39.714632733305464, 21.279998075083885, 0.0 ], [ 39.714606671086486, 21.279997641602186, 0.0 ], [ 39.714580607603345, 21.279997280369177, 0.0 ], [ 39.714554543084169, 21.279996991387989, 0.0 ], [ 39.714528477757064, 21.279996774661175, 0.0 ], [ 39.714502411850106, 21.279996630190649, 0.0 ], [ 39.7144763455914, 21.279996557977615, 0.0 ], [ 39.714450279209068, 21.279996558022766, 0.0 ], [ 39.714424212931249, 21.279996630326075, 0.0 ], [ 39.714398146986035, 21.279996774886911, 0.0 ], [ 39.714372081601532, 21.279996991704031, 0.0 ], [ 39.714346017005845, 21.279997280775511, 0.0 ], [ 39.714319953427079, 21.279997642098838, 0.0 ], [ 39.714293891093334, 21.279998075670843, 0.0 ], [ 39.714267830232664, 21.279998581487746, 0.0 ], [ 39.714241771073141, 21.279999159545113, 0.0 ], [ 39.714215713842819, 21.279999809837882, 0.0 ], [ 39.714189658769733, 21.280000532360376, 0.0 ], [ 39.714163606081925, 21.280001327106255, 0.0 ], [ 39.714137556007323, 21.28000219406859, 0.0 ], [ 39.714111508773954, 21.280003133239777, 0.0 ], [ 39.714085464609745, 21.280004144611599, 0.0 ], [ 39.714059423742626, 21.280005228175213, 0.0 ], [ 39.714033386400487, 21.280006383921133, 0.0 ], [ 39.714007352811159, 21.280007611839249, 0.0 ], [ 39.713981323202511, 21.280008911918813, 0.0 ], [ 39.7139552978023, 21.280010284148464, 0.0 ], [ 39.713929276838307, 21.280011728516151, 0.0 ], [ 39.713903260538231, 21.280013245009297, 0.0 ], [ 39.713877249129759, 21.28001483361459, 0.0 ], [ 39.713851242840533, 21.280016494318126, 0.0 ], [ 39.713825241898121, 21.280018227105394, 0.0 ], [ 39.713799246530044, 21.280020031961229, 0.0 ], [ 39.713773256963854, 21.280021908869827, 0.0 ], [ 39.713747273426947, 21.280023857814776, 0.0 ], [ 39.71372129614673, 21.280025878779004, 0.0 ], [ 39.713695325350535, 21.280027971744836, 0.0 ], [ 39.71366936126563, 21.280030136693963, 0.0 ], [ 39.713643404119274, 21.280032373607437, 0.0 ], [ 39.713617454138571, 21.280034682465672, 0.0 ], [ 39.713591511550646, 21.280037063248471, 0.0 ], [ 39.713565576582525, 21.280039515935002, 0.0 ], [ 39.713539649461168, 21.280042040503805, 0.0 ], [ 39.713513730413496, 21.280044636932793, 0.0 ], [ 39.713487819666291, 21.280047305199211, 0.0 ], [ 39.713461917446338, 21.280050045279761, 0.0 ], [ 39.713452624349934, 21.28005104608463, 0.0 ], [ 39.713363466830103, 21.282291869036925, 0.0 ], [ 39.713323497646542, 21.282326633627921, 0.0 ], [ 39.713593225719301, 21.282336025005907, 0.0 ], [ 39.713556129692094, 21.282298577163971, 0.0 ], [ 39.713574804881269, 21.281829195978602, 0.0 ], [ 39.713584860723422, 21.281576452244522, 0.0 ] ] ] ] } },
{ "type": "Feature", "properties": { "ID": "642", "ROAD NAME": "R9E2", "FILL-TOTAL": null, "CUT-TOTAL": null, "FILL-DONE": null, "CUT-DONE": null, "FILL-REMAN": null, "CUT-REMAN": null, "EQUPIMENTS": null, "CONTRACTOR": null, "STATUS": null }, "geometry": { "type": "MultiPolygon", "coordinates": [ [ [ [ 39.714711195975475, 21.282555726982419, 0.0 ], [ 39.714767210326926, 21.281147583337479, 0.0 ], [ 39.714807178850364, 21.281112818414581, 0.0 ], [ 39.714537452995579, 21.281103428919518, 0.0 ], [ 39.714574548954957, 21.281140876555238, 0.0 ], [ 39.714555876961555, 21.281610257814712, 0.0 ], [ 39.714545822782334, 21.281863001551081, 0.0 ], [ 39.714527150681491, 21.282332382740702, 0.0 ], [ 39.714487181769513, 21.282367147600645, 0.0 ], [ 39.713593225719301, 21.282336025005907, 0.0 ], [ 39.713323497646542, 21.282326633627921, 0.0 ], [ 39.712822574139146, 21.28230919134144, 0.0 ], [ 39.712785478309144, 21.282271743321942, 0.0 ], [ 39.712775421089233, 21.282524487016691, 0.0 ], [ 39.712815390457777, 21.28248972255205, 0.0 ], [ 39.714711195975475, 21.282555726982419, 0.0 ] ] ] ] } },
{ "type": "Feature", "properties": { "ID": "620", "ROAD NAME": "R9C2", "FILL-TOTAL": null, "CUT-TOTAL": null, "FILL-DONE": null, "CUT-DONE": null, "FILL-REMAN": null, "CUT-REMAN": null, "EQUPIMENTS": null, "CONTRACTOR": null, "STATUS": null }, "geometry": { "type": "MultiPolygon", "coordinates": [ [ [ [ 39.712785478309144, 21.282271743321942, 0.0 ], [ 39.712890489366941, 21.279632724062456, 0.0 ], [ 39.712949698078198, 21.279569662955659, 0.0 ], [ 39.712525164010273, 21.279644072259526, 0.0 ], [ 39.712579639125813, 21.279687207654913, 0.0 ], [ 39.712449918156118, 21.282947027356414, 0.0 ], [ 39.712369978982451, 21.283016556108894, 0.0 ], [ 39.712832372114953, 21.283032657911452, 0.0 ], [ 39.712758180093594, 21.282957761891232, 0.0 ], [ 39.712775421089233, 21.282524487016691, 0.0 ], [ 39.712785478309144, 21.282271743321942, 0.0 ] ] ] ] } },
{ "type": "Feature", "properties": { "ID": "599", "ROAD NAME": "R0G2-2", "FILL-TOTAL": null, "CUT-TOTAL": null, "FILL-DONE": null, "CUT-DONE": null, "FILL-REMAN": null, "CUT-REMAN": null, "EQUPIMENTS": null, "CONTRACTOR": null, "STATUS": null }, "geometry": { "type": "MultiPolygon", "coordinates": [ [ [ [ 39.712520388061847, 21.301284966887554, 0.0 ], [ 39.712502350285895, 21.301284678183588, 0.0 ], [ 39.712478355776312, 21.301283150473139, 0.0 ], [ 39.712454069515935, 21.301280259058146, 0.0 ], [ 39.712347077897796, 21.301250230415882, 0.0 ], [ 39.712276333487793, 21.301211842170947, 0.0 ], [ 39.712188420113776, 21.301131597508849, 0.0 ], [ 39.712137707948379, 21.301050161438216, 0.0 ], [ 39.712111662213495, 21.300971252426791, 0.0 ], [ 39.712104223027211, 21.300882139073803, 0.0 ], [ 39.712226522769811, 21.297809072507519, 0.0 ], [ 39.712484982612189, 21.291314410613978, 0.0 ], [ 39.712496731109795, 21.291019182374033, 0.0 ], [ 39.712514693259756, 21.29091967462945, 0.0 ], [ 39.712572127563398, 21.290809908231317, 0.0 ], [ 39.712657461291251, 21.290726330529257, 0.0 ], [ 39.712770210515544, 21.290668293984577, 0.0 ], [ 39.712877470761065, 21.290646471631678, 0.0 ], [ 39.712930799637974, 21.290647699757272, 0.0 ], [ 39.71294169578043, 21.290402392840367, 0.0 ], [ 39.712677933037185, 21.290392137713969, 0.0 ], [ 39.712590369705097, 21.290426430676163, 0.0 ], [ 39.712452276218144, 21.290509992286182, 0.0 ], [ 39.712387284275181, 21.290566575983405, 0.0 ], [ 39.712299264263905, 21.290672517822006, 0.0 ], [ 39.712226256704945, 21.290816103869787, 0.0 ], [ 39.712192132953831, 21.290960926439993, 0.0 ], [ 39.712188452328171, 21.291008447923765, 0.0 ], [ 39.712012015153, 21.29544183326194, 0.0 ], [ 39.711956716696847, 21.296831299556803, 0.0 ], [ 39.711881099559143, 21.298731281092834, 0.0 ], [ 39.711799614603656, 21.300778666208796, 0.0 ], [ 39.711795428924376, 21.300899730311226, 0.0 ], [ 39.711805492718234, 21.301009322731975, 0.0 ], [ 39.711830915131124, 21.3011062888237, 0.0 ], [ 39.711880791019389, 21.301215970594413, 0.0 ], [ 39.711954199964794, 21.301320218869058, 0.0 ], [ 39.712051686552613, 21.30141397981652, 0.0 ], [ 39.712157571456189, 21.301483629816111, 0.0 ], [ 39.712256473978208, 21.301528004798705, 0.0 ], [ 39.712492408076351, 21.301536422562979, 0.0 ], [ 39.712520388061847, 21.301284966887554, 0.0 ] ] ] ] } },
{ "type": "Feature", "properties": { "ID": "717", "ROAD NAME": "R0G2", "FILL-TOTAL": null, "CUT-TOTAL": null, "FILL-DONE": null, "CUT-DONE": null, "FILL-REMAN": null, "CUT-REMAN": null, "EQUPIMENTS": null, "CONTRACTOR": null, "STATUS": null }, "geometry": { "type": "MultiPolygon", "coordinates": [ [ [ [ 39.712930799637974, 21.290647699757272, 0.0 ], [ 39.712964850879594, 21.29064848392391, 0.0 ], [ 39.713087681888254, 21.290682230205352, 0.0 ], [ 39.713170610551927, 21.290730782574578, 0.0 ], [ 39.713260182189536, 21.290824262844367, 0.0 ], [ 39.713320660727867, 21.290974272290839, 0.0 ], [ 39.713325230473302, 21.291048028387728, 0.0 ], [ 39.713226493790849, 21.293529512557495, 0.0 ], [ 39.712946516609122, 21.300565720664959, 0.0 ], [ 39.712932777801598, 21.300910985171559, 0.0 ], [ 39.71292414642042, 21.300976650531052, 0.0 ], [ 39.712881867506063, 21.301083499910511, 0.0 ], [ 39.712790341400876, 21.301189779218593, 0.0 ], [ 39.712684050671989, 21.301252638287789, 0.0 ], [ 39.712564829857484, 21.301282532677391, 0.0 ], [ 39.712520388061847, 21.301284966887554, 0.0 ], [ 39.712492408076351, 21.301536422562979, 0.0 ], [ 39.712728342191475, 21.30154483999361, 0.0 ], [ 39.712798174135514, 21.301521261213466, 0.0 ], [ 39.712929876266415, 21.301453649343905, 0.0 ], [ 39.713091139412406, 21.301310146130238, 0.0 ], [ 39.71317823426925, 21.301173776395441, 0.0 ], [ 39.713225640616187, 21.301037937810825, 0.0 ], [ 39.713241077303834, 21.30092171755302, 0.0 ], [ 39.713368710937431, 21.297714001270052, 0.0 ], [ 39.713621102803508, 21.291370585658321, 0.0 ], [ 39.713633509357457, 21.291058760738387, 0.0 ], [ 39.713627640370632, 21.290943789179359, 0.0 ], [ 39.713586365563444, 21.290791673092436, 0.0 ], [ 39.713497994158779, 21.290638021120468, 0.0 ], [ 39.713381825731275, 21.290519430532374, 0.0 ], [ 39.713199573190572, 21.290412418740345, 0.0 ], [ 39.71294169578043, 21.290402392840367, 0.0 ], [ 39.712930799637974, 21.290647699757272, 0.0 ] ] ] ] } },
{ "type": "Feature", "properties": { "ID": "584", "ROAD NAME": "R0B10", "FILL-TOTAL": null, "CUT-TOTAL": null, "FILL-DONE": null, "CUT-DONE": null, "FILL-REMAN": null, "CUT-REMAN": null, "EQUPIMENTS": null, "CONTRACTOR": null, "STATUS": null }, "geometry": { "type": "MultiPolygon", "coordinates": [ [ [ [ 39.71373753960787, 21.286788266975158, 0.0 ], [ 39.713704871744973, 21.286784793921697, 0.0 ], [ 39.713680969619013, 21.286781188422221, 0.0 ], [ 39.713647081254067, 21.286774497070105, 0.0 ], [ 39.713604369386886, 21.28676332525847, 0.0 ], [ 39.713533567162756, 21.286737552128432, 0.0 ], [ 39.71345537384429, 21.286696979734472, 0.0 ], [ 39.713404207155584, 21.286661980161888, 0.0 ], [ 39.713358197124833, 21.28662694820455, 0.0 ], [ 39.713288064169035, 21.286587511484505, 0.0 ], [ 39.71321899918491, 21.286561577404356, 0.0 ], [ 39.713141067329687, 21.286544468018157, 0.0 ], [ 39.713057688172007, 21.286519178685616, 0.0 ], [ 39.713002967382039, 21.28649187531942, 0.0 ], [ 39.712963053114557, 21.286465173913953, 0.0 ], [ 39.712895485578386, 21.286401145475139, 0.0 ], [ 39.712850525722018, 21.28634286751177, 0.0 ], [ 39.712771038922575, 21.286238520759234, 0.0 ], [ 39.712658530143045, 21.286090823882933, 0.0 ], [ 39.712355707913254, 21.285733426257053, 0.0 ], [ 39.711848243643466, 21.285066948075528, 0.0 ], [ 39.710570448300956, 21.283388720764226, 0.0 ], [ 39.710109733191466, 21.282783615795662, 0.0 ], [ 39.709302503917918, 21.281723382181156, 0.0 ], [ 39.709091281520671, 21.281413046937566, 0.0 ], [ 39.708993222208456, 21.281268085360544, 0.0 ], [ 39.708962787707179, 21.281200003819702, 0.0 ], [ 39.708944386975986, 21.281129304337888, 0.0 ], [ 39.708937958067132, 21.281056699679127, 0.0 ], [ 39.708940180928067, 21.281010530552749, 0.0 ], [ 39.708948373764407, 21.28095969543444, 0.0 ], [ 39.708953865216493, 21.280937655304513, 0.0 ], [ 39.708968909298228, 21.280892747805453, 0.0 ], [ 39.708989190957162, 21.280848575815348, 0.0 ], [ 39.709013417439543, 21.280807800952925, 0.0 ], [ 39.709046884340722, 21.280763531447299, 0.0 ], [ 39.709094443346039, 21.280715225299897, 0.0 ], [ 39.709133633488186, 21.280684079195822, 0.0 ], [ 39.709171910528347, 21.280659280441427, 0.0 ], [ 39.709218547882365, 21.280635147425098, 0.0 ], [ 39.707823898761063, 21.281082341553464, 0.0 ], [ 39.707950589470144, 21.281086133179016, 0.0 ], [ 39.70804538630351, 21.281105368265706, 0.0 ], [ 39.708121975466987, 21.281130209857601, 0.0 ], [ 39.708163325280914, 21.281140502700538, 0.0 ], [ 39.708227312216842, 21.281153661058575, 0.0 ], [ 39.708337054704415, 21.281199631924629, 0.0 ], [ 39.708383609430037, 21.281231445677637, 0.0 ], [ 39.708456465460031, 21.281305276465581, 0.0 ], [ 39.708498182683421, 21.281360067005721, 0.0 ], [ 39.7085782570337, 21.281465234855684, 0.0 ], [ 39.708668602096154, 21.281583891792838, 0.0 ], [ 39.708970521415118, 21.281940613620193, 0.0 ], [ 39.709098136491342, 21.282108228019279, 0.0 ], [ 39.70960530328464, 21.282774354877986, 0.0 ], [ 39.711005253817248, 21.284613047756018, 0.0 ], [ 39.711741959992253, 21.285580612472927, 0.0 ], [ 39.712024979317107, 21.285952315975383, 0.0 ], [ 39.712156538221528, 21.286145382176628, 0.0 ], [ 39.712288097475081, 21.286338448255329, 0.0 ], [ 39.712457266868192, 21.286560654133059, 0.0 ], [ 39.712470792950157, 21.286583005728701, 0.0 ], [ 39.712482213305819, 21.286637405160278, 0.0 ], [ 39.712465965950521, 21.286694467330342, 0.0 ], [ 39.712409533194837, 21.286730300315149, 0.0 ], [ 39.712354576700143, 21.286740101358482, 0.0 ], [ 39.71373753960787, 21.286788266975158, 0.0 ] ] ] ] } },
{ "type": "Feature", "properties": { "ID": "576", "ROAD NAME": "R0A2", "FILL-TOTAL": null, "CUT-TOTAL": null, "FILL-DONE": null, "CUT-DONE": null, "FILL-REMAN": null, "CUT-REMAN": null, "EQUPIMENTS": null, "CONTRACTOR": null, "STATUS": null }, "geometry": { "type": "MultiPolygon", "coordinates": [ [ [ [ 39.718873050828947, 21.28696697660525, 0.0 ], [ 39.716248758629369, 21.28687567415593, 0.0 ], [ 39.715824887131937, 21.286860923253393, 0.0 ], [ 39.713797437961638, 21.2867903522781, 0.0 ], [ 39.713790567368378, 21.286790392391904, 0.0 ], [ 39.713783696737011, 21.286790360243749, 0.0 ], [ 39.713776826933156, 21.286790255837705, 0.0 ], [ 39.713769958822333, 21.286790079186915, 0.0 ], [ 39.713763093269883, 21.286789830313655, 0.0 ], [ 39.713756231140799, 21.286789509249243, 0.0 ], [ 39.713749373299635, 21.286789116034164, 0.0 ], [ 39.713742520610445, 21.286788650717948, 0.0 ], [ 39.713737539608005, 21.286788266975158, 0.0 ], [ 39.71234210507582, 21.286739680186056, 0.0 ], [ 39.711219926936131, 21.286700599270006, 0.0 ], [ 39.710930924061273, 21.286690533247583, 0.0 ], [ 39.706889703095747, 21.286549724294087, 0.0 ], [ 39.706465832760323, 21.286534949629388, 0.0 ], [ 39.705288871458905, 21.286493919147205, 0.0 ], [ 39.703874146106493, 21.286444588885193, 0.0 ], [ 39.703687506884421, 21.286438080038653, 0.0 ], [ 39.703102277384048, 21.28641766942031, 0.0 ], [ 39.70269767433318, 21.286403557176211, 0.0 ], [ 39.702129036107685, 21.286383721850751, 0.0 ], [ 39.702099838331037, 21.286382703317077, 0.0 ], [ 39.702063497110252, 21.286430591270253, 0.0 ], [ 39.701752337630744, 21.28684061419294, 0.0 ], [ 39.702611530378562, 21.286870585692107, 0.0 ], [ 39.702996867834507, 21.286884026104808, 0.0 ], [ 39.705576246442476, 21.286973970833042, 0.0 ], [ 39.706096452473901, 21.286992105942119, 0.0 ], [ 39.708404362921947, 21.287072543344166, 0.0 ], [ 39.70882823484996, 21.287087313041749, 0.0 ], [ 39.712345517369748, 21.287209830169878, 0.0 ], [ 39.713704173795556, 21.287257136230345, 0.0 ], [ 39.718338289687672, 21.287418404790124, 0.0 ], [ 39.718762162845735, 21.287433149265382, 0.0 ], [ 39.718862855508185, 21.287436651712422, 0.0 ], [ 39.719175469457824, 21.287476809265048, 0.0 ], [ 39.719757622060598, 21.287496767332424, 0.0 ], [ 39.719764706498474, 21.287497264141795, 0.0 ], [ 39.719771784753718, 21.287497832980613, 0.0 ], [ 39.719778855992224, 21.287498473781845, 0.0 ], [ 39.719785919380719, 21.287499186469951, 0.0 ], [ 39.719792974086872, 21.287499970960983, 0.0 ], [ 39.719800019279319, 21.287500827162489, 0.0 ], [ 39.719807054127884, 21.287501754973555, 0.0 ], [ 39.719814077803591, 21.287502754284869, 0.0 ], [ 39.719821089478742, 21.28750382497865, 0.0 ], [ 39.719828088327112, 21.287504966928754, 0.0 ], [ 39.719835073523932, 21.287506180000584, 0.0 ], [ 39.719842044246072, 21.287507464051231, 0.0 ], [ 39.719848999672109, 21.287508818929339, 0.0 ], [ 39.71985593898242, 21.287510244475271, 0.0 ], [ 39.719862861359253, 21.287511740521037, 0.0 ], [ 39.719869765986907, 21.28751330689035, 0.0 ], [ 39.719876652051724, 21.287514943398609, 0.0 ], [ 39.719883518742243, 21.287516649852986, 0.0 ], [ 39.719890365249313, 21.28751842605239, 0.0 ], [ 39.719897190766126, 21.287520271787507, 0.0 ], [ 39.719903994488369, 21.287522186840828, 0.0 ], [ 39.719910775614288, 21.287524170986721, 0.0 ], [ 39.719917533344784, 21.287526223991332, 0.0 ], [ 39.719924266883545, 21.287528345612746, 0.0 ], [ 39.719930975437094, 21.287530535600947, 0.0 ], [ 39.719937658214867, 21.287532793697881, 0.0 ], [ 39.719944314429398, 21.28753511963745, 0.0 ], [ 39.71995094329629, 21.287537513145562, 0.0 ], [ 39.719957544034408, 21.287539973940145, 0.0 ], [ 39.719964115865913, 21.287542501731256, 0.0 ], [ 39.7199706580164, 21.287545096221006, 0.0 ], [ 39.71997716971493, 21.287547757103646, 0.0 ], [ 39.719983650194131, 21.287550484065619, 0.0 ], [ 39.719990098690396, 21.287553276785601, 0.0 ], [ 39.719996514443785, 21.287556134934491, 0.0 ], [ 39.72000289669829, 21.287559058175468, 0.0 ], [ 39.720009244701835, 21.287562046164059, 0.0 ], [ 39.720015557706333, 21.287565098548175, 0.0 ], [ 39.720021834967888, 21.287568214968115, 0.0 ], [ 39.720028075746768, 21.28757139505662, 0.0 ], [ 39.720034279307555, 21.287574638439001, 0.0 ], [ 39.720040444919242, 21.287577944732995, 0.0 ], [ 39.720046571855264, 21.287581313549019, 0.0 ], [ 39.720052659393595, 21.287584744490093, 0.0 ], [ 39.720058706816893, 21.287588237151915, 0.0 ], [ 39.720064713412548, 21.287591791122903, 0.0 ], [ 39.72007067847268, 21.287595405984245, 0.0 ], [ 39.72007660129443, 21.287599081309988, 0.0 ], [ 39.720082481179801, 21.287602816667018, 0.0 ], [ 39.720088317435952, 21.287606611615143, 0.0 ], [ 39.720094109375069, 21.287610465707207, 0.0 ], [ 39.720099856314697, 21.287614378489003, 0.0 ], [ 39.720105557577547, 21.287618349499482, 0.0 ], [ 39.72011121249183, 21.287622378270662, 0.0 ], [ 39.720116820391127, 21.287626464327829, 0.0 ], [ 39.720122380614619, 21.287630607189467, 0.0 ], [ 39.720127892507094, 21.287634806367354, 0.0 ], [ 39.720133355419001, 21.287639061366697, 0.0 ], [ 39.720138768706597, 21.287643371686055, 0.0 ], [ 39.720144131731978, 21.287647736817529, 0.0 ], [ 39.72014944386315, 21.287652156246715, 0.0 ], [ 39.72015470447414, 21.287656629452812, 0.0 ], [ 39.720159912945029, 21.287661155908719, 0.0 ], [ 39.720165068662034, 21.287665735081035, 0.0 ], [ 39.720170171017593, 21.28767036643012, 0.0 ], [ 39.72017521941045, 21.28767504941025, 0.0 ], [ 39.720180213245712, 21.287679783469571, 0.0 ], [ 39.720185151934892, 21.28768456805021, 0.0 ], [ 39.720190034895971, 21.287689402588356, 0.0 ], [ 39.72019486155358, 21.287694286514309, 0.0 ], [ 39.720199631338929, 21.287699219252545, 0.0 ], [ 39.720204343689915, 21.287704200221775, 0.0 ], [ 39.720208998051255, 21.287709228835052, 0.0 ], [ 39.720213593874448, 21.287714304499808, 0.0 ], [ 39.720218130617923, 21.287719426617912, 0.0 ], [ 39.720222607747083, 21.287724594585782, 0.0 ], [ 39.720227024734299, 21.287729807794403, 0.0 ], [ 39.720231381059101, 21.287735065629469, 0.0 ], [ 39.720235676208119, 21.287740367471372, 0.0 ], [ 39.720239909675193, 21.287745712695383, 0.0 ], [ 39.720244080961436, 21.287751100671571, 0.0 ], [ 39.720248189575329, 21.287756530765044, 0.0 ], [ 39.720252235032675, 21.287762002335885, 0.0 ], [ 39.720256216856754, 21.287767514739375, 0.0 ], [ 39.720260134578346, 21.287773067325872, 0.0 ], [ 39.720263987735777, 21.287778659441095, 0.0 ], [ 39.720267775874987, 21.28778429042606, 0.0 ], [ 39.720271498549565, 21.287789959617186, 0.0 ], [ 39.720275155320799, 21.287795666346433, 0.0 ], [ 39.72027874575781, 21.287801409941306, 0.0 ], [ 39.720282269437455, 21.287807189724983, 0.0 ], [ 39.720285725944514, 21.287813005016378, 0.0 ], [ 39.720289114871662, 21.287818855130201, 0.0 ], [ 39.720292435819516, 21.287824739377061, 0.0 ], [ 39.720295688396746, 21.287830657063594, 0.0 ], [ 39.720298872220063, 21.287836607492419, 0.0 ], [ 39.720301986914265, 21.287842589962331, 0.0 ], [ 39.720305032112286, 21.287848603768378, 0.0 ], [ 39.720308007455301, 21.287854648201868, 0.0 ], [ 39.72031091259268, 21.287860722550533, 0.0 ], [ 39.720313747182061, 21.287866826098568, 0.0 ], [ 39.720316510889404, 21.287872958126716, 0.0 ], [ 39.720319203389032, 21.287879117912375, 0.0 ], [ 39.720321824363651, 21.287885304729684, 0.0 ], [ 39.72032437350439, 21.287891517849573, 0.0 ], [ 39.720326850510851, 21.287897756539884, 0.0 ], [ 39.720329255091094, 21.287904020065451, 0.0 ], [ 39.720331586961812, 21.287910307688165, 0.0 ], [ 39.720333845848188, 21.287916618667083, 0.0 ], [ 39.720336031484003, 21.287922952258544, 0.0 ], [ 39.720336419134028, 21.287924100697687, 0.0 ], [ 39.720414709600725, 21.28643463083667, 0.0 ], [ 39.720413959260298, 21.286441142418116, 0.0 ], [ 39.720413132292144, 21.286447645855027, 0.0 ], [ 39.720412228796917, 21.286454140355673, 0.0 ], [ 39.720411248884595, 21.286460625129472, 0.0 ], [ 39.720410192674457, 21.286467099386975, 0.0 ], [ 39.720409060295069, 21.286473562340024, 0.0 ], [ 39.720407851884275, 21.286480013201889, 0.0 ], [ 39.72040656758918, 21.28648645118718, 0.0 ], [ 39.72040520756611, 21.286492875512227, 0.0 ], [ 39.720403771980642, 21.286499285394928, 0.0 ], [ 39.720402261007479, 21.286505680054969, 0.0 ], [ 39.720400674830607, 21.286512058713896, 0.0 ], [ 39.720399013643075, 21.286518420595183, 0.0 ], [ 39.720397277647145, 21.286524764924366, 0.0 ], [ 39.720395467054075, 21.286531090929085, 0.0 ], [ 39.720393582084313, 21.286537397839261, 0.0 ], [ 39.720391622967327, 21.286543684887096, 0.0 ], [ 39.720389589941583, 21.286549951307226, 0.0 ], [ 39.720387483254576, 21.286556196336814, 0.0 ], [ 39.72038530316275, 21.286562419215599, 0.0 ], [ 39.720383049931485, 21.286568619186035, 0.0 ], [ 39.720380723835092, 21.28657479549334, 0.0 ], [ 39.720378325156737, 21.286580947385652, 0.0 ], [ 39.720375854188404, 21.286587074114056, 0.0 ], [ 39.720373311230894, 21.28659317493268, 0.0 ], [ 39.720370696593754, 21.286599249098874, 0.0 ], [ 39.720368010595294, 21.286605295873148, 0.0 ], [ 39.720365253562477, 21.286611314519405, 0.0 ], [ 39.720362425830963, 21.286617304304951, 0.0 ], [ 39.720359527744918, 21.28662326450063, 0.0 ], [ 39.720356559657198, 21.286629194380829, 0.0 ], [ 39.720353521929091, 21.28663509322368, 0.0 ], [ 39.720350414930373, 21.286640960311082, 0.0 ], [ 39.72034723903932, 21.286646794928782, 0.0 ], [ 39.720343994642505, 21.286652596366519, 0.0 ], [ 39.720340682134889, 21.286658363918008, 0.0 ], [ 39.720337301919756, 21.286664096881154, 0.0 ], [ 39.720333854408551, 21.286669794558012, 0.0 ], [ 39.720330340020986, 21.286675456255008, 0.0 ], [ 39.720326759184857, 21.286681081282865, 0.0 ], [ 39.720323112336096, 21.286686668956829, 0.0 ], [ 39.72031939991863, 21.286692218596663, 0.0 ], [ 39.720315622384426, 21.286697729526768, 0.0 ], [ 39.720311780193313, 21.286703201076286, 0.0 ], [ 39.720307873813027, 21.286708632579103, 0.0 ], [ 39.720303903719106, 21.286714023374007, 0.0 ], [ 39.720299870394875, 21.286719372804747, 0.0 ], [ 39.720295774331305, 21.286724680220079, 0.0 ], [ 39.720291616027048, 21.286729944973914, 0.0 ], [ 39.720287395988315, 21.286735166425313, 0.0 ], [ 39.720283114728822, 21.286740343938693, 0.0 ], [ 39.720278772769788, 21.286745476883674, 0.0 ], [ 39.720274370639736, 21.286750564635437, 0.0 ], [ 39.72026990887457, 21.286755606574594, 0.0 ], [ 39.720265388017481, 21.286760602087373, 0.0 ], [ 39.720260808618804, 21.286765550565622, 0.0 ], [ 39.720256171235995, 21.286770451406923, 0.0 ], [ 39.72025147643361, 21.286775304014675, 0.0 ], [ 39.720246724783173, 21.286780107798116, 0.0 ], [ 39.72024191686311, 21.286784862172464, 0.0 ], [ 39.720237053258764, 21.286789566558912, 0.0 ], [ 39.720232134562167, 21.286794220384802, 0.0 ], [ 39.720227161372122, 21.286798823083544, 0.0 ], [ 39.720222134294055, 21.286803374094848, 0.0 ], [ 39.720217053939926, 21.286807872864671, 0.0 ], [ 39.720211920928215, 21.286812318845367, 0.0 ], [ 39.720206735883778, 21.286816711495668, 0.0 ], [ 39.720201499437827, 21.286821050280828, 0.0 ], [ 39.720196212227847, 21.28682533467266, 0.0 ], [ 39.720190874897476, 21.286829564149599, 0.0 ], [ 39.720185488096448, 21.286833738196751, 0.0 ], [ 39.720180052480551, 21.286837856305979, 0.0 ], [ 39.720174568711471, 21.28684191797597, 0.0 ], [ 39.720169037456827, 21.286845922712253, 0.0 ], [ 39.720163459389944, 21.286849870027286, 0.0 ], [ 39.720157835189873, 21.286853759440582, 0.0 ], [ 39.720152165541315, 21.286857590478601, 0.0 ], [ 39.720146451134454, 21.286861362674976, 0.0 ], [ 39.720140692664948, 21.286865075570518, 0.0 ], [ 39.720134890833798, 21.286868728713202, 0.0 ], [ 39.720129046347353, 21.286872321658301, 0.0 ], [ 39.720123159917051, 21.286875853968432, 0.0 ], [ 39.720117232259504, 21.286879325213565, 0.0 ], [ 39.720111264096332, 21.286882734971144, 0.0 ], [ 39.720105256154071, 21.286886082826069, 0.0 ], [ 39.720099209164111, 21.286889368370751, 0.0 ], [ 39.720093123862611, 21.286892591205234, 0.0 ], [ 39.720087000990354, 21.286895750937198, 0.0 ], [ 39.720080841292756, 21.286898847181945, 0.0 ], [ 39.720074645519652, 21.286901879562578, 0.0 ], [ 39.720068414425299, 21.286904847709927, 0.0 ], [ 39.72006214876825, 21.286907751262653, 0.0 ], [ 39.720055849311294, 21.286910589867322, 0.0 ], [ 39.720049516821284, 21.286913363178307, 0.0 ], [ 39.720043152069131, 21.286916070858048, 0.0 ], [ 39.720036755829668, 21.286918712576878, 0.0 ], [ 39.720030328881542, 21.286921288013225, 0.0 ], [ 39.720023872007168, 21.286923796853536, 0.0 ], [ 39.720017385992577, 21.286926238792422, 0.0 ], [ 39.720010871627352, 21.286928613532606, 0.0 ], [ 39.720004329704558, 21.286930920784961, 0.0 ], [ 39.719997761020572, 21.286933160268617, 0.0 ], [ 39.719991166375074, 21.286935331710982, 0.0 ], [ 39.719984546570842, 21.286937434847655, 0.0 ], [ 39.719977902413788, 21.286939469422638, 0.0 ], [ 39.71997123471273, 21.286941435188247, 0.0 ], [ 39.719964544279385, 21.28694333190515, 0.0 ], [ 39.719957831928248, 21.286945159342473, 0.0 ], [ 39.719951098476457, 21.286946917277724, 0.0 ], [ 39.719944344743695, 21.28694860549691, 0.0 ], [ 39.719937571552165, 21.286950223794513, 0.0 ], [ 39.719930779726447, 21.286951771973524, 0.0 ], [ 39.719923970093319, 21.286953249845467, 0.0 ], [ 39.71991714348178, 21.286954657230421, 0.0 ], [ 39.719910300722908, 21.286955993957061, 0.0 ], [ 39.719903442649695, 21.286957259862657, 0.0 ], [ 39.719896570097056, 21.286958454793123, 0.0 ], [ 39.71988968390162, 21.286959578602946, 0.0 ], [ 39.719882784901692, 21.286960631155335, 0.0 ], [ 39.719875873937156, 21.286961612322166, 0.0 ], [ 39.719868951849321, 21.286962521983998, 0.0 ], [ 39.719862019480885, 21.286963360030047, 0.0 ], [ 39.71985507767576, 21.286964126358349, 0.0 ], [ 39.719848127279029, 21.286964820875589, 0.0 ], [ 39.719841169136821, 21.286965443497195, 0.0 ], [ 39.719834204096209, 21.286965994147401, 0.0 ], [ 39.719827233005098, 21.286966472759154, 0.0 ], [ 39.719820256712133, 21.2869668792742, 0.0 ], [ 39.719813276066574, 21.286967213643038, 0.0 ], [ 39.719806291918268, 21.28696747582498, 0.0 ], [ 39.719799305117405, 21.286967665788097, 0.0 ], [ 39.719792316514592, 21.286967783509247, 0.0 ], [ 39.719785326960555, 21.286967828974138, 0.0 ], [ 39.719778394704598, 21.286967802691528, 0.0 ], [ 39.719196244189057, 21.286947844625722, 0.0 ], [ 39.718873050828947, 21.28696697660525, 0.0 ] ] ] ] } },
{ "type": "Feature", "properties": { "ID": "727", "ROAD NAME": "R0C6", "FILL-TOTAL": null, "CUT-TOTAL": null, "FILL-DONE": null, "CUT-DONE": null, "FILL-REMAN": null, "CUT-REMAN": null, "EQUPIMENTS": null, "CONTRACTOR": null, "STATUS": null }, "geometry": { "type": "MultiPolygon", "coordinates": [ [ [ [ 39.694730196293406, 21.299577060836093, 0.0 ], [ 39.694539293951664, 21.299395087587953, 0.0 ], [ 39.694182838649645, 21.299055302958667, 0.0 ], [ 39.693905025983916, 21.298776361754939, 0.0 ], [ 39.692983257327967, 21.29789768622069, 0.0 ], [ 39.692979003827475, 21.297893103352383, 0.0 ], [ 39.692974808829298, 21.297888473387886, 0.0 ], [ 39.692970672927267, 21.297883796982617, 0.0 ], [ 39.692966596706789, 21.29787907479853, 0.0 ], [ 39.692962580744876, 21.29787430750407, 0.0 ], [ 39.692958625610011, 21.297869495774076, 0.0 ], [ 39.692954731862052, 21.297864640289646, 0.0 ], [ 39.692950900052132, 21.297859741738094, 0.0 ], [ 39.692947130722708, 21.29785480081285, 0.0 ], [ 39.692943424407289, 21.297849818213276, 0.0 ], [ 39.692939781630528, 21.297844794644725, 0.0 ], [ 39.692936202908065, 21.297839730818268, 0.0 ], [ 39.692932688746474, 21.297834627450715, 0.0 ], [ 39.692929239643206, 21.297829485264494, 0.0 ], [ 39.692925856086454, 21.297824304987458, 0.0 ], [ 39.692922538555216, 21.297819087352917, 0.0 ], [ 39.692919287519047, 21.297813833099436, 0.0 ], [ 39.692916103438151, 21.297808542970778, 0.0 ], [ 39.692912986763233, 21.297803217715785, 0.0 ], [ 39.692909937935468, 21.297797858088249, 0.0 ], [ 39.692906957386427, 21.297792464846861, 0.0 ], [ 39.692904045538022, 21.297787038755047, 0.0 ], [ 39.692901202802389, 21.297781580580889, 0.0 ], [ 39.692898429581945, 21.297776091096999, 0.0 ], [ 39.692895726269242, 21.297770571080459, 0.0 ], [ 39.692893093246937, 21.297765021312614, 0.0 ], [ 39.692890530887709, 21.297759442579061, 0.0 ], [ 39.69288803955429, 21.297753835669511, 0.0 ], [ 39.692885619599316, 21.297748201377622, 0.0 ], [ 39.692883271365332, 21.297742540500955, 0.0 ], [ 39.692880995184737, 21.297736853840796, 0.0 ], [ 39.692878791379727, 21.297731142202164, 0.0 ], [ 39.692876660262243, 21.297725406393521, 0.0 ], [ 39.692874602133926, 21.297719647226803, 0.0 ], [ 39.692872617286127, 21.297713865517224, 0.0 ], [ 39.692870705999788, 21.297708062083235, 0.0 ], [ 39.692868868545453, 21.2977022377463, 0.0 ], [ 39.692867105183211, 21.297696393330884, 0.0 ], [ 39.692865416162661, 21.297690529664273, 0.0 ], [ 39.692863801722886, 21.29768464757651, 0.0 ], [ 39.692862262092383, 21.297678747900211, 0.0 ], [ 39.692860797489125, 21.297672831470496, 0.0 ], [ 39.692859408120391, 21.297666899124849, 0.0 ], [ 39.692858094182832, 21.297660951703005, 0.0 ], [ 39.692856855862473, 21.297654990046855, 0.0 ], [ 39.692855693334536, 21.297649015000285, 0.0 ], [ 39.692854606763639, 21.297643027409084, 0.0 ], [ 39.692853596303522, 21.297637028120807, 0.0 ], [ 39.692852662097231, 21.297631017984674, 0.0 ], [ 39.692851804277005, 21.297624997851436, 0.0 ], [ 39.692851022964248, 21.297618968573282, 0.0 ], [ 39.692850318269564, 21.297612931003638, 0.0 ], [ 39.692849690292668, 21.297606885997162, 0.0 ], [ 39.692849139122465, 21.297600834409543, 0.0 ], [ 39.692848664836966, 21.297594777097387, 0.0 ], [ 39.692848267503273, 21.297588714918128, 0.0 ], [ 39.692847947177654, 21.297582648729911, 0.0 ], [ 39.692847703905421, 21.297576579391396, 0.0 ], [ 39.692847537721015, 21.297570507761723, 0.0 ], [ 39.692847448647932, 21.297564434700341, 0.0 ], [ 39.692847436698791, 21.297558361066894, 0.0 ], [ 39.692847501875242, 21.297552287721182, 0.0 ], [ 39.692847644168097, 21.297546215522839, 0.0 ], [ 39.692847863557162, 21.297540145331435, 0.0 ], [ 39.692848160011401, 21.29753407800623, 0.0 ], [ 39.692848533488828, 21.297528014406033, 0.0 ], [ 39.692848983936571, 21.297521955389193, 0.0 ], [ 39.692849511290831, 21.297515901813373, 0.0 ], [ 39.692849640010905, 21.297514546052689, 0.0 ], [ 39.692850074932117, 21.297509051854099, 0.0 ], [ 39.692850432902709, 21.297503552792346, 0.0 ], [ 39.692850713861141, 21.297498049813498, 0.0 ], [ 39.692850917759024, 21.297492543864301, 0.0 ], [ 39.692851044561344, 21.297487035892015, 0.0 ], [ 39.692851094246265, 21.297481526844226, 0.0 ], [ 39.692851066805282, 21.2974760176687, 0.0 ], [ 39.692850962243092, 21.297470509313275, 0.0 ], [ 39.6928507805777, 21.297465002725588, 0.0 ], [ 39.69285052184037, 21.297459498853012, 0.0 ], [ 39.692850186075638, 21.297453998642428, 0.0 ], [ 39.692849773341244, 21.297448503040105, 0.0 ], [ 39.692849674851892, 21.297447325644342, 0.0 ], [ 39.692850217120927, 21.297441465714307, 0.0 ], [ 39.692850836185443, 21.29743561245936, 0.0 ], [ 39.692851531951966, 21.297429766762903, 0.0 ], [ 39.692852304315508, 21.297423929507286, 0.0 ], [ 39.692853153159447, 21.297418101573552, 0.0 ], [ 39.69285407835568, 21.297412283841336, 0.0 ], [ 39.692855079764527, 21.297406477188705, 0.0 ], [ 39.692856157234871, 21.297400682492114, 0.0 ], [ 39.692857310604047, 21.297394900626173, 0.0 ], [ 39.692858539697966, 21.297389132463543, 0.0 ], [ 39.692859844331117, 21.297383378874883, 0.0 ], [ 39.692861224306569, 21.297377640728577, 0.0 ], [ 39.692862679416017, 21.297371918890697, 0.0 ], [ 39.692864209439854, 21.297366214224887, 0.0 ], [ 39.692865814147105, 21.297360527592165, 0.0 ], [ 39.692867493295594, 21.297354859850845, 0.0 ], [ 39.692869246631844, 21.297349211856385, 0.0 ], [ 39.692871073891233, 21.297343584461249, 0.0 ], [ 39.692872974797922, 21.297337978514815, 0.0 ], [ 39.692874949065008, 21.297332394863194, 0.0 ], [ 39.692876996394503, 21.297326834349168, 0.0 ], [ 39.692879116477386, 21.297321297812008, 0.0 ], [ 39.692881308993641, 21.297315786087353, 0.0 ], [ 39.692883573612356, 21.297310300007123, 0.0 ], [ 39.692885909991702, 21.297304840399356, 0.0 ], [ 39.692888317779037, 21.297299408088055, 0.0 ], [ 39.692890796610932, 21.297294003893207, 0.0 ], [ 39.692893346113244, 21.297288628630433, 0.0 ], [ 39.692895965901144, 21.297283283111064, 0.0 ], [ 39.692898655579235, 21.29727796814192, 0.0 ], [ 39.692901414741534, 21.297272684525218, 0.0 ], [ 39.692904242971565, 21.297267433058419, 0.0 ], [ 39.692907139842454, 21.29726221453415, 0.0 ], [ 39.69291010491699, 21.297257029740088, 0.0 ], [ 39.692913137747588, 21.297251879458749, 0.0 ], [ 39.692916237876503, 21.29724676446752, 0.0 ], [ 39.692919404835827, 21.297241685538438, 0.0 ], [ 39.692922638147543, 21.297236643438044, 0.0 ], [ 39.692925937323615, 21.297231638927371, 0.0 ], [ 39.692929301866087, 21.297226672761798, 0.0 ], [ 39.692932731267135, 21.297221745690877, 0.0 ], [ 39.69293622500912, 21.297216858458235, 0.0 ], [ 39.69293978256475, 21.29721201180157, 0.0 ], [ 39.692943403397038, 21.29720720645237, 0.0 ], [ 39.692945782666456, 21.297204115705039, 0.0 ], [ 39.692209268712467, 21.297929712911799, 0.0 ], [ 39.692215155215457, 21.297927288016261, 0.0 ], [ 39.692221072329382, 21.297924929443433, 0.0 ], [ 39.692227019202946, 21.297922637532618, 0.0 ], [ 39.692232994980571, 21.297920412613568, 0.0 ], [ 39.69223899880253, 21.297918255006387, 0.0 ], [ 39.692245029805008, 21.297916165021487, 0.0 ], [ 39.692251087120347, 21.297914142959552, 0.0 ], [ 39.692257169877053, 21.297912189111507, 0.0 ], [ 39.692263277200013, 21.297910303758446, 0.0 ], [ 39.692269408210542, 21.297908487171615, 0.0 ], [ 39.692275562026587, 21.297906739612387, 0.0 ], [ 39.692281737762769, 21.297905061332145, 0.0 ], [ 39.692287934530583, 21.297903452572385, 0.0 ], [ 39.692294151438503, 21.297901913564541, 0.0 ], [ 39.692300387592091, 21.297900444530033, 0.0 ], [ 39.692306642094138, 21.297899045680218, 0.0 ], [ 39.692312914044827, 21.297897717216337, 0.0 ], [ 39.692319202541782, 21.297896459329539, 0.0 ], [ 39.692325506680262, 21.297895272200787, 0.0 ], [ 39.692331825553318, 21.297894156000851, 0.0 ], [ 39.692338158251829, 21.297893110890353, 0.0 ], [ 39.692344503864696, 21.297892137019634, 0.0 ], [ 39.692350861478971, 21.297891234528823, 0.0 ], [ 39.692357230179994, 21.297890403547743, 0.0 ], [ 39.69236360905149, 21.297889644195955, 0.0 ], [ 39.692369997175703, 21.297888956582707, 0.0 ], [ 39.692376393633609, 21.297888340806914, 0.0 ], [ 39.692382797504898, 21.297887796957198, 0.0 ], [ 39.692389207868281, 21.297887325111791, 0.0 ], [ 39.692395623801453, 21.29788692533856, 0.0 ], [ 39.692402044381382, 21.297886597695044, 0.0 ], [ 39.69240667888441, 21.297886406133564, 0.0 ], [ 39.692412499517275, 21.297886567932885, 0.0 ], [ 39.692418317342913, 21.297886801946046, 0.0 ], [ 39.692424131340701, 21.297887108132027, 0.0 ], [ 39.692429940490776, 21.297887486437102, 0.0 ], [ 39.692435743774119, 21.297887936794908, 0.0 ], [ 39.692441540172723, 21.297888459126451, 0.0 ], [ 39.692447328669786, 21.297889053340086, 0.0 ], [ 39.692453108249907, 21.297889719331589, 0.0 ], [ 39.692458877899249, 21.297890456984167, 0.0 ], [ 39.692464636605671, 21.297891266168364, 0.0 ], [ 39.69247038335903, 21.297892146742264, 0.0 ], [ 39.69247611715123, 21.297893098551391, 0.0 ], [ 39.692481836976434, 21.297894121428801, 0.0 ], [ 39.692487541831298, 21.29789521519502, 0.0 ], [ 39.692493230715101, 21.297896379658216, 0.0 ], [ 39.692498902629865, 21.297897614614094, 0.0 ], [ 39.692504556580666, 21.297898919846048, 0.0 ], [ 39.692510191575693, 21.297900295125096, 0.0 ], [ 39.692515806626439, 21.297901740209998, 0.0 ], [ 39.69252140074795, 21.297903254847249, 0.0 ], [ 39.692526972958888, 21.297904838771146, 0.0 ], [ 39.692532522281788, 21.297906491703877, 0.0 ], [ 39.692538047743227, 21.297908213355452, 0.0 ], [ 39.692543548373891, 21.297910003423866, 0.0 ], [ 39.692549023208876, 21.297911861595122, 0.0 ], [ 39.692554471287828, 21.297913787543248, 0.0 ], [ 39.692559891655009, 21.297915780930392, 0.0 ], [ 39.692565283359599, 21.297917841406896, 0.0 ], [ 39.692570645455817, 21.297919968611307, 0.0 ], [ 39.692575977003024, 21.297922162170472, 0.0 ], [ 39.692581277065962, 21.297924421699591, 0.0 ], [ 39.692586544714906, 21.297926746802304, 0.0 ], [ 39.692591779025825, 21.297929137070753, 0.0 ], [ 39.692596979080513, 21.297931592085629, 0.0 ], [ 39.692602143966781, 21.297934111416293, 0.0 ], [ 39.692607272778616, 21.297936694620788, 0.0 ], [ 39.692612364616295, 21.297939341245989, 0.0 ], [ 39.692614811357039, 21.297940642619569, 0.0 ], [ 39.692633551666574, 21.297960392159766, 0.0 ], [ 39.692652349554834, 21.297980093606803, 0.0 ], [ 39.692671204881272, 21.297999746813343, 0.0 ], [ 39.692690117504924, 21.298019351632433, 0.0 ], [ 39.692709087284371, 21.298038907917491, 0.0 ], [ 39.692728114077809, 21.298058415522274, 0.0 ], [ 39.692747197742989, 21.298077874300887, 0.0 ], [ 39.692766338137218, 21.298097284107861, 0.0 ], [ 39.69278553511738, 21.298116644798053, 0.0 ], [ 39.692804788539966, 21.298135956226655, 0.0 ], [ 39.692824098261035, 21.29815521824932, 0.0 ], [ 39.692843464136189, 21.298174430721971, 0.0 ], [ 39.692862886020663, 21.298193593500958, 0.0 ], [ 39.69288236376925, 21.298212706442985, 0.0 ], [ 39.69290189723629, 21.298231769405142, 0.0 ], [ 39.692921486275786, 21.298250782244882, 0.0 ], [ 39.692941130741247, 21.298269744820026, 0.0 ], [ 39.692960830485795, 21.298288656988788, 0.0 ], [ 39.692976485484202, 21.298303612594236, 0.0 ], [ 39.696252709423845, 21.301426589412973, 0.0 ], [ 39.696261702203564, 21.301435109724796, 0.0 ], [ 39.696270749666894, 21.301443579068238, 0.0 ], [ 39.696279851484839, 21.301451997135295, 0.0 ], [ 39.696289007326399, 21.301460363619867, 0.0 ], [ 39.696298216858679, 21.301468678217713, 0.0 ], [ 39.69630747974675, 21.301476940626468, 0.0 ], [ 39.6963167956538, 21.301485150545677, 0.0 ], [ 39.696326164241043, 21.301493307676797, 0.0 ], [ 39.69633558516783, 21.301501411723176, 0.0 ], [ 39.696345058091566, 21.30150946239014, 0.0 ], [ 39.69635458266778, 21.301517459384904, 0.0 ], [ 39.696364158550132, 21.301525402416679, 0.0 ], [ 39.696373785390392, 21.301533291196606, 0.0 ], [ 39.696383462838497, 21.301541125437826, 0.0 ], [ 39.696393190542551, 21.301548904855444, 0.0 ], [ 39.696402968148789, 21.301556629166559, 0.0 ], [ 39.696412795301676, 21.301564298090288, 0.0 ], [ 39.696422671643852, 21.30157191134775, 0.0 ], [ 39.69643259681618, 21.301579468662087, 0.0 ], [ 39.696442570457734, 21.301586969758485, 0.0 ], [ 39.69645259220583, 21.30159441436416, 0.0 ], [ 39.696462661696067, 21.301601802208427, 0.0 ], [ 39.696472778562239, 21.301609133022591, 0.0 ], [ 39.696482942436475, 21.301616406540063, 0.0 ], [ 39.696493152949152, 21.301623622496376, 0.0 ], [ 39.696503409729011, 21.3016307806291, 0.0 ], [ 39.696513712403046, 21.301637880677955, 0.0 ], [ 39.696524060596609, 21.301644922384725, 0.0 ], [ 39.696534453933417, 21.301651905493358, 0.0 ], [ 39.696544892035512, 21.301658829749915, 0.0 ], [ 39.696555374523314, 21.301665694902574, 0.0 ], [ 39.696565901015646, 21.30167250070172, 0.0 ], [ 39.696576471129724, 21.301679246899837, 0.0 ], [ 39.696587084481166, 21.301685933251623, 0.0 ], [ 39.69659774068402, 21.301692559513906, 0.0 ], [ 39.696608439350783, 21.301699125445737, 0.0 ], [ 39.696619180092412, 21.30170563080835, 0.0 ], [ 39.696629962518323, 21.301712075365181, 0.0 ], [ 39.696640786236408, 21.301718458881865, 0.0 ], [ 39.696651650853106, 21.301724781126278, 0.0 ], [ 39.696662555973305, 21.301731041868504, 0.0 ], [ 39.696673501200451, 21.301737240880868, 0.0 ], [ 39.696684486136526, 21.301743377937971, 0.0 ], [ 39.696695510382057, 21.301749452816612, 0.0 ], [ 39.69670657353619, 21.301755465295891, 0.0 ], [ 39.696717675196581, 21.301761415157184, 0.0 ], [ 39.696728814959542, 21.301767302184089, 0.0 ], [ 39.696739992419985, 21.301773126162541, 0.0 ], [ 39.696751207171445, 21.301778886880765, 0.0 ], [ 39.696762458806091, 21.301784584129248, 0.0 ], [ 39.696773746914786, 21.301790217700841, 0.0 ], [ 39.696785071087021, 21.30179578739067, 0.0 ], [ 39.696796430911007, 21.301801292996185, 0.0 ], [ 39.69680782597365, 21.301806734317204, 0.0 ], [ 39.696819255860561, 21.301812111155801, 0.0 ], [ 39.696830720156129, 21.301817423316496, 0.0 ], [ 39.696842218443429, 21.301822670606096, 0.0 ], [ 39.696853750304335, 21.301827852833792, 0.0 ], [ 39.696865315319506, 21.30183296981112, 0.0 ], [ 39.696876913068365, 21.301838021352022, 0.0 ], [ 39.696888543129205, 21.30184300727278, 0.0 ], [ 39.696900205079054, 21.301847927392089, 0.0 ], [ 39.696911898493866, 21.301852781531029, 0.0 ], [ 39.69692362294839, 21.301857569513082, 0.0 ], [ 39.696935378016285, 21.301862291164142, 0.0 ], [ 39.696947163270075, 21.301866946312497, 0.0 ], [ 39.696958978281181, 21.301871534788873, 0.0 ], [ 39.696970822619974, 21.301876056426384, 0.0 ], [ 39.696982695855731, 21.301880511060638, 0.0 ], [ 39.696994597556682, 21.301884898529643, 0.0 ], [ 39.697006527290043, 21.301889218673804, 0.0 ], [ 39.697018484621957, 21.301893471336076, 0.0 ], [ 39.697030469117635, 21.301897656361774, 0.0 ], [ 39.697042480341224, 21.301901773598722, 0.0 ], [ 39.697054517855968, 21.301905822897194, 0.0 ], [ 39.697066581224128, 21.30190980410994, 0.0 ], [ 39.697078670007009, 21.301913717092194, 0.0 ], [ 39.697090783764999, 21.30191756170165, 0.0 ], [ 39.697102922057603, 21.301921337798507, 0.0 ], [ 39.697115084443396, 21.301925045245437, 0.0 ], [ 39.697127270480095, 21.301928683907626, 0.0 ], [ 39.697139479724584, 21.301932253652765, 0.0 ], [ 39.69715171173285, 21.301935754351025, 0.0 ], [ 39.697163966060081, 21.301939185875117, 0.0 ], [ 39.697176242260653, 21.301942548100236, 0.0 ], [ 39.697188539888124, 21.301945840904136, 0.0 ], [ 39.697200858495336, 21.301949064167054, 0.0 ], [ 39.697213197634298, 21.301952217771802, 0.0 ], [ 39.697225556856289, 21.301955301603677, 0.0 ], [ 39.697237935711897, 21.301958315550547, 0.0 ], [ 39.697250333750922, 21.301961259502814, 0.0 ], [ 39.697262750522562, 21.301964133353412, 0.0 ], [ 39.697275185575236, 21.301966936997843, 0.0 ], [ 39.697287638456785, 21.301969670334145, 0.0 ], [ 39.69730010871433, 21.301972333262931, 0.0 ], [ 39.69731259589441, 21.301974925687361, 0.0 ], [ 39.697325099542908, 21.301977447513153, 0.0 ], [ 39.697337619205143, 21.301979898648604, 0.0 ], [ 39.697350154425848, 21.301982279004591, 0.0 ], [ 39.697362704749168, 21.301984588494541, 0.0 ], [ 39.697375269718705, 21.301986827034479, 0.0 ], [ 39.697387848877554, 21.301988994542995, 0.0 ], [ 39.697400441768252, 21.301991090941279, 0.0 ], [ 39.697413047932876, 21.301993116153064, 0.0 ], [ 39.697425666912991, 21.301995070104731, 0.0 ], [ 39.697438298249736, 21.301996952725236, 0.0 ], [ 39.697450941483737, 21.301998763946081, 0.0 ], [ 39.697463596155245, 21.30200050370145, 0.0 ], [ 39.697476261804056, 21.302002171928045, 0.0 ], [ 39.697488937969581, 21.302003768565193, 0.0 ], [ 39.69750162419087, 21.302005293554849, 0.0 ], [ 39.69751432000659, 21.302006746841574, 0.0 ], [ 39.69752702495505, 21.302008128372496, 0.0 ], [ 39.697539738574214, 21.302009438097382, 0.0 ], [ 39.697552460401795, 21.302010675968585, 0.0 ], [ 39.697565189975123, 21.30201184194113, 0.0 ], [ 39.6975779268313, 21.302012935972577, 0.0 ], [ 39.697590670507175, 21.302013958023188, 0.0 ], [ 39.697603420539295, 21.302014908055749, 0.0 ], [ 39.697616176464003, 21.302015786035749, 0.0 ], [ 39.697628937817456, 21.302016591931238, 0.0 ], [ 39.697641704135549, 21.302017325712928, 0.0 ], [ 39.697654474954064, 21.302017987354112, 0.0 ], [ 39.697667249808582, 21.302018576830751, 0.0 ], [ 39.697680028234551, 21.302019094121395, 0.0 ], [ 39.697692809767275, 21.302019539207251, 0.0 ], [ 39.697705593941961, 21.302019912072126, 0.0 ], [ 39.697718380293686, 21.302020212702459, 0.0 ], [ 39.697731168357514, 21.302020441087311, 0.0 ], [ 39.697743957668372, 21.30202059721838, 0.0 ], [ 39.69775674776119, 21.302020681090006, 0.0 ], [ 39.697769538170874, 21.302020692699113, 0.0 ], [ 39.697782328432275, 21.302020632045306, 0.0 ], [ 39.697795118080286, 21.302020499130769, 0.0 ], [ 39.697807906649821, 21.302020293960361, 0.0 ], [ 39.697820693675787, 21.302020016541526, 0.0 ], [ 39.697833478693227, 21.302019666884348, 0.0 ], [ 39.697846261237189, 21.302019245001546, 0.0 ], [ 39.697859040842836, 21.302018750908477, 0.0 ], [ 39.697871817045453, 21.302018184623094, 0.0 ], [ 39.697884589380415, 21.302017546165988, 0.0 ], [ 39.697897357383269, 21.302016835560398, 0.0 ], [ 39.69791012058969, 21.302016052832144, 0.0 ], [ 39.697922878535579, 21.302015198009695, 0.0 ], [ 39.697935630756945, 21.30201427112415, 0.0 ], [ 39.697948376790094, 21.302013272209212, 0.0 ], [ 39.697961116171477, 21.302012201301199, 0.0 ], [ 39.697973848437869, 21.302011058439053, 0.0 ], [ 39.697986573126244, 21.30200984366434, 0.0 ], [ 39.697999289773875, 21.302008557021232, 0.0 ], [ 39.698011997918286, 21.302007198556527, 0.0 ], [ 39.698024697097381, 21.302005768319606, 0.0 ], [ 39.698037386849364, 21.302004266362527, 0.0 ], [ 39.698050066712732, 21.302002692739858, 0.0 ], [ 39.698062736226412, 21.302001047508838, 0.0 ], [ 39.698075394929674, 21.301999330729306, 0.0 ], [ 39.698088042362187, 21.301997542463702, 0.0 ], [ 39.698100678064009, 21.30199568277704, 0.0 ], [ 39.69811330157566, 21.301993751736941, 0.0 ], [ 39.69812591243808, 21.301991749413641, 0.0 ], [ 39.698138510192685, 21.301989675879966, 0.0 ], [ 39.698151094381352, 21.301987531211285, 0.0 ], [ 39.698163664546449, 21.301985315485624, 0.0 ], [ 39.69817622023087, 21.301983028783557, 0.0 ], [ 39.69818876097802, 21.301980671188218, 0.0 ], [ 39.698201286331887, 21.301978242785356, 0.0 ], [ 39.698213795836971, 21.30197574366327, 0.0 ], [ 39.698226289038338, 21.301973173912859, 0.0 ], [ 39.698238765481712, 21.301970533627546, 0.0 ], [ 39.698251224713353, 21.301967822903375, 0.0 ], [ 39.698263666280212, 21.301965041838912, 0.0 ], [ 39.698276089729845, 21.301962190535285, 0.0 ], [ 39.69827844898218, 21.301961640649399, 0.0 ], [ 39.698283283797657, 21.3019605482475, 0.0 ], [ 39.698288136104281, 21.301959526221864, 0.0 ], [ 39.698293004735014, 21.301958574818315, 0.0 ], [ 39.698297888518887, 21.301957694265663, 0.0 ], [ 39.698302786281289, 21.301956884775706, 0.0 ], [ 39.698307696844282, 21.30195614654312, 0.0 ], [ 39.698312619026822, 21.30195547974548, 0.0 ], [ 39.698317551645019, 21.301954884543125, 0.0 ], [ 39.69832249351257, 21.301954361079247, 0.0 ], [ 39.698327443440888, 21.301953909479714, 0.0 ], [ 39.698332400239458, 21.301953529853158, 0.0 ], [ 39.698337362716103, 21.301953222290877, 0.0 ], [ 39.698342329677295, 21.301952986866834, 0.0 ], [ 39.69834729992845, 21.301952823637663, 0.0 ], [ 39.698352272274128, 21.301952732642615, 0.0 ], [ 39.698357245518459, 21.301952713903585, 0.0 ], [ 39.698362218465299, 21.301952767425075, 0.0 ], [ 39.698367189918599, 21.301952893194205, 0.0 ], [ 39.698372158682673, 21.301953091180739, 0.0 ], [ 39.698377123562508, 21.301953361337041, 0.0 ], [ 39.698382083363938, 21.301953703598159, 0.0 ], [ 39.698387036894111, 21.301954117881742, 0.0 ], [ 39.698391982961638, 21.301954604088195, 0.0 ], [ 39.69839692037695, 21.301955162100526, 0.0 ], [ 39.698401847952518, 21.301955791784568, 0.0 ], [ 39.698406764503218, 21.301956492988868, 0.0 ], [ 39.698411668846553, 21.301957265544772, 0.0 ], [ 39.698416559802986, 21.301958109266462, 0.0 ], [ 39.698421436196185, 21.301959023951035, 0.0 ], [ 39.698426296853334, 21.301960009378465, 0.0 ], [ 39.698431140605372, 21.301961065311787, 0.0 ], [ 39.698435966287313, 21.301962191497015, 0.0 ], [ 39.698440772738543, 21.301963387663278, 0.0 ], [ 39.698445558803066, 21.301964653522898, 0.0 ], [ 39.698450323329745, 21.301965988771418, 0.0 ], [ 39.698455065172688, 21.301967393087708, 0.0 ], [ 39.698458183173955, 21.301968358038184, 0.0 ], [ 39.69846255232072, 21.301969692013749, 0.0 ], [ 39.698466944757122, 21.301970957098597, 0.0 ], [ 39.698471359245872, 21.301972152936404, 0.0 ], [ 39.698475794543484, 21.301973279190296, 0.0 ], [ 39.698480249400589, 21.301974335543047, 0.0 ], [ 39.698484722562299, 21.301975321697064, 0.0 ], [ 39.698489212768607, 21.301976237374582, 0.0 ], [ 39.698493718754648, 21.301977082317674, 0.0 ], [ 39.69849823925118, 21.3019778562883, 0.0 ], [ 39.698502772984817, 21.301978559068488, 0.0 ], [ 39.698507318678487, 21.30197919046023, 0.0 ], [ 39.698511875051729, 21.3019797502857, 0.0 ], [ 39.698516440821038, 21.301980238387177, 0.0 ], [ 39.69852101470034, 21.301980654627197, 0.0 ], [ 39.698525595401222, 21.301980998888514, 0.0 ], [ 39.698530181633345, 21.30198127107413, 0.0 ], [ 39.69853477210485, 21.301981471107386, 0.0 ], [ 39.698539365522628, 21.301981598931935, 0.0 ], [ 39.698543960592829, 21.301981654511778, 0.0 ], [ 39.698548556021038, 21.301981637831236, 0.0 ], [ 39.698553150512822, 21.301981548895039, 0.0 ], [ 39.698557742773936, 21.301981387728208, 0.0 ], [ 39.698562331510814, 21.301981154376172, 0.0 ], [ 39.698566915430888, 21.301980848904648, 0.0 ], [ 39.698571493242909, 21.301980471399684, 0.0 ], [ 39.698576063657377, 21.301980021967616, 0.0 ], [ 39.69858062538686, 21.301979500735044, 0.0 ], [ 39.698585177146377, 21.301978907848788, 0.0 ], [ 39.698589717653775, 21.301978243475872, 0.0 ], [ 39.698594245630041, 21.301977507803429, 0.0 ], [ 39.698598759799708, 21.301976701038697, 0.0 ], [ 39.698603258891211, 21.301975823408924, 0.0 ], [ 39.698607741637176, 21.301974875161328, 0.0 ], [ 39.698612206774925, 21.301973856562999, 0.0 ], [ 39.698616653046642, 21.301972767900896, 0.0 ], [ 39.698621079199903, 21.301971609481679, 0.0 ], [ 39.698625483987911, 21.301970381631616, 0.0 ], [ 39.698629866169917, 21.301969084696641, 0.0 ], [ 39.698634224511466, 21.301967719042032, 0.0 ], [ 39.698638557784932, 21.30196628505249, 0.0 ], [ 39.69864286476966, 21.301964783131947, 0.0 ], [ 39.698647144252426, 21.301963213703491, 0.0 ], [ 39.698651395027781, 21.301961577209195, 0.0 ], [ 39.698655615898311, 21.30195987411004, 0.0 ], [ 39.698659805675092, 21.301958104885777, 0.0 ], [ 39.698663963177886, 21.301956270034747, 0.0 ], [ 39.69866808723561, 21.301954370073815, 0.0 ], [ 39.698672176686557, 21.301952405538191, 0.0 ], [ 39.69867623037878, 21.301950376981242, 0.0 ], [ 39.698680247170437, 21.301948284974372, 0.0 ], [ 39.698684225930023, 21.301946130106913, 0.0 ], [ 39.698688165536787, 21.301943912985827, 0.0 ], [ 39.698692064881008, 21.30194163423565, 0.0 ], [ 39.698695922864303, 21.301939294498293, 0.0 ], [ 39.698699738399917, 21.301936894432803, 0.0 ], [ 39.698703510413047, 21.301934434715267, 0.0 ], [ 39.698707237841198, 21.301931916038541, 0.0 ], [ 39.698710919634415, 21.30192933911211, 0.0 ], [ 39.698714554755583, 21.301926704661852, 0.0 ], [ 39.698718142180724, 21.301924013429854, 0.0 ], [ 39.698721680899318, 21.301921266174222, 0.0 ], [ 39.698725169914567, 21.301918463668784, 0.0 ], [ 39.698728608243677, 21.301915606703005, 0.0 ], [ 39.698731994918091, 21.301912696081622, 0.0 ], [ 39.698735328983858, 21.30190973262453, 0.0 ], [ 39.69873860950181, 21.301906717166506, 0.0 ], [ 39.698741835547864, 21.301903650556934, 0.0 ], [ 39.698745006213315, 21.301900533659659, 0.0 ], [ 39.698748120605025, 21.301897367352655, 0.0 ], [ 39.698751177845708, 21.301894152527836, 0.0 ], [ 39.698754177074179, 21.301890890090771, 0.0 ], [ 39.698757117445631, 21.301887580960443, 0.0 ], [ 39.698759998131777, 21.301884226068992, 0.0 ], [ 39.698762818321192, 21.301880826361437, 0.0 ], [ 39.698765577219461, 21.301877382795432, 0.0 ], [ 39.698768274049442, 21.301873896340965, 0.0 ], [ 39.6987709080515, 21.301870367980147, 0.0 ], [ 39.698773478483638, 21.301866798706858, 0.0 ], [ 39.698775984621861, 21.301863189526514, 0.0 ], [ 39.698778425760189, 21.301859541455759, 0.0 ], [ 39.698780801211001, 21.301855855522234, 0.0 ], [ 39.698783110305172, 21.301852132764175, 0.0 ], [ 39.698785352392292, 21.301848374230229, 0.0 ], [ 39.698787526840775, 21.301844580979182, 0.0 ], [ 39.69878963303811, 21.301840754079461, 0.0 ], [ 39.698791670391017, 21.301836894609099, 0.0 ], [ 39.69879363832564, 21.301833003655233, 0.0 ], [ 39.698794958701576, 21.301830294307589, 0.0 ], [ 39.698796972173049, 21.301826186578705, 0.0 ], [ 39.698799055474367, 21.301822109523975, 0.0 ], [ 39.698801208073071, 21.301818064185461, 0.0 ], [ 39.698803429418987, 21.301814051597091, 0.0 ], [ 39.698805718944371, 21.301810072784431, 0.0 ], [ 39.698808076064005, 21.30180612876439, 0.0 ], [ 39.698810500175476, 21.301802220545028, 0.0 ], [ 39.698812990659185, 21.301798349125221, 0.0 ], [ 39.698815546878606, 21.301794515494457, 0.0 ], [ 39.698818168180409, 21.301790720632575, 0.0 ], [ 39.698820853894588, 21.301786965509447, 0.0 ], [ 39.698823603334745, 21.301783251084874, 0.0 ], [ 39.698826415798123, 21.301779578308182, 0.0 ], [ 39.698829290565918, 21.301775948118092, 0.0 ], [ 39.698832226903363, 21.301772361442435, 0.0 ], [ 39.698835224059948, 21.30176881919791, 0.0 ], [ 39.698838281269673, 21.301765322289871, 0.0 ], [ 39.698841397751117, 21.301761871612065, 0.0 ], [ 39.698844572707763, 21.301758468046469, 0.0 ], [ 39.698847805328157, 21.301755112462942, 0.0 ], [ 39.69885109478605, 21.301751805719157, 0.0 ], [ 39.698854440240702, 21.301748548660253, 0.0 ], [ 39.698857840837057, 21.301745342118689, 0.0 ], [ 39.698861295705996, 21.301742186914055, 0.0 ], [ 39.698864803964462, 21.301739083852709, 0.0 ], [ 39.6988683647158, 21.301736033727799, 0.0 ], [ 39.69887197704994, 21.301733037318876, 0.0 ], [ 39.69887564004361, 21.301730095391775, 0.0 ], [ 39.698879352760592, 21.301727208698431, 0.0 ], [ 39.698883114251977, 21.301724377976619, 0.0 ], [ 39.698886923556373, 21.301721603949844, 0.0 ], [ 39.698890779700172, 21.301718887327098, 0.0 ], [ 39.698894681697794, 21.301716228802722, 0.0 ], [ 39.698898628551952, 21.301713629056209, 0.0 ], [ 39.698902619253857, 21.301711088751986, 0.0 ], [ 39.69890665278357, 21.301708608539336, 0.0 ], [ 39.698910591055295, 21.301706269036952, 0.0 ], [ 39.700204531419303, 21.300950670682944, 0.0 ], [ 39.700210891075244, 21.300946914337249, 0.0 ], [ 39.700217209270292, 21.300943097062927, 0.0 ], [ 39.700223485339372, 21.300939219261831, 0.0 ], [ 39.70022971862182, 21.300935281342138, 0.0 ], [ 39.700235908461536, 21.300931283718374, 0.0 ], [ 39.700242054206925, 21.300927226811325, 0.0 ], [ 39.700248155211085, 21.300923111048068, 0.0 ], [ 39.700254210831808, 21.300918936861812, 0.0 ], [ 39.700260220431666, 21.300914704691969, 0.0 ], [ 39.700266183378041, 21.300910414984003, 0.0 ], [ 39.700272099043296, 21.300906068189509, 0.0 ], [ 39.700277966804713, 21.30090166476602, 0.0 ], [ 39.700283786044622, 21.300897205177055, 0.0 ], [ 39.700289556150501, 21.300892689892038, 0.0 ], [ 39.700295276514957, 21.300888119386279, 0.0 ], [ 39.700300946535826, 21.300883494140887, 0.0 ], [ 39.700306565616323, 21.300878814642729, 0.0 ], [ 39.700312133164928, 21.300874081384386, 0.0 ], [ 39.700317648595572, 21.300869294864079, 0.0 ], [ 39.700323111327727, 21.300864455585685, 0.0 ], [ 39.70032852078635, 21.300859564058591, 0.0 ], [ 39.700333876402034, 21.300854620797693, 0.0 ], [ 39.700339177611021, 21.30084962632332, 0.0 ], [ 39.70034442385532, 21.30084458116124, 0.0 ], [ 39.700349614582684, 21.300839485842509, 0.0 ], [ 39.700354749246713, 21.300834340903453, 0.0 ], [ 39.700359827306926, 21.300829146885707, 0.0 ], [ 39.700364848228816, 21.300823904335946, 0.0 ], [ 39.70036981148386, 21.300818613806069, 0.0 ], [ 39.700374716549589, 21.300813275852946, 0.0 ], [ 39.700379562909731, 21.300807891038463, 0.0 ], [ 39.700384350054101, 21.300802459929468, 0.0 ], [ 39.700389077478832, 21.300796983097641, 0.0 ], [ 39.700393744686274, 21.300791461119491, 0.0 ], [ 39.700398351185193, 21.300785894576308, 0.0 ], [ 39.700402896490658, 21.300780284053996, 0.0 ], [ 39.700407380124219, 21.300774630143177, 0.0 ], [ 39.700411801613974, 21.300768933438992, 0.0 ], [ 39.700416160494456, 21.300763194541073, 0.0 ], [ 39.70042045630688, 21.30075741405355, 0.0 ], [ 39.700424688599028, 21.300751592584863, 0.0 ], [ 39.70042885692542, 21.300745730747821, 0.0 ], [ 39.700432960847316, 21.300739829159447, 0.0 ], [ 39.700436999932663, 21.30073388844098, 0.0 ], [ 39.700440973756379, 21.300727909217738, 0.0 ], [ 39.70044488190014, 21.300721892119114, 0.0 ], [ 39.700448723952569, 21.300715837778498, 0.0 ], [ 39.70045249950924, 21.300709746833189, 0.0 ], [ 39.70045620817276, 21.300703619924324, 0.0 ], [ 39.700459849552736, 21.30069745769686, 0.0 ], [ 39.70046342326588, 21.30069126079945, 0.0 ], [ 39.700466928936009, 21.300685029884381, 0.0 ], [ 39.700470366194111, 21.300678765607543, 0.0 ], [ 39.700473734678404, 21.300672468628363, 0.0 ], [ 39.700477034034286, 21.30066613960965, 0.0 ], [ 39.700480263914493, 21.300659779217604, 0.0 ], [ 39.700483423979044, 21.300653388121791, 0.0 ], [ 39.700486513895285, 21.300646966994904, 0.0 ], [ 39.700489533338001, 21.300640516512871, 0.0 ], [ 39.700492481989365, 21.300634037354683, 0.0 ], [ 39.700495359538991, 21.300627530202387, 0.0 ], [ 39.700498165683982, 21.3006209957409, 0.0 ], [ 39.700500900128972, 21.30061443465808, 0.0 ], [ 39.700503562586142, 21.300607847644567, 0.0 ], [ 39.700506152775226, 21.300601235393739, 0.0 ], [ 39.700508670423609, 21.300594598601585, 0.0 ], [ 39.700511115266259, 21.300587937966753, 0.0 ], [ 39.700513487045846, 21.300581254190337, 0.0 ], [ 39.700515785512735, 21.300574547975891, 0.0 ], [ 39.700518010424979, 21.300567820029347, 0.0 ], [ 39.700520161548361, 21.300561071058905, 0.0 ], [ 39.700522238656511, 21.30055430177498, 0.0 ], [ 39.700524241530758, 21.300547512890088, 0.0 ], [ 39.700526169960312, 21.300540705118898, 0.0 ], [ 39.700528023742159, 21.300533879178005, 0.0 ], [ 39.700529802681203, 21.300527035785894, 0.0 ], [ 39.700531506590174, 21.300520175662964, 0.0 ], [ 39.700533135289746, 21.300513299531278, 0.0 ], [ 39.700534688608485, 21.300506408114693, 0.0 ], [ 39.700536166382868, 21.300499502138575, 0.0 ], [ 39.700537568457392, 21.300492582329891, 0.0 ], [ 39.700538894684456, 21.300485649417027, 0.0 ], [ 39.700540144924489, 21.30047870412977, 0.0 ], [ 39.700541319045882, 21.300471747199182, 0.0 ], [ 39.700542416925039, 21.300464779357572, 0.0 ], [ 39.700543438446424, 21.30045780133841, 0.0 ], [ 39.700544383502532, 21.300450813876203, 0.0 ], [ 39.70054525199388, 21.300443817706483, 0.0 ], [ 39.700546043829071, 21.300436813565675, 0.0 ], [ 39.700546758924737, 21.300429802191058, 0.0 ], [ 39.700547397205654, 21.300422784320663, 0.0 ], [ 39.700547958604602, 21.300415760693205, 0.0 ], [ 39.700548443062544, 21.300408732048012, 0.0 ], [ 39.70054885052847, 21.300401699124965, 0.0 ], [ 39.700549180959491, 21.300394662664317, 0.0 ], [ 39.700549434320862, 21.300387623406781, 0.0 ], [ 39.700549610585909, 21.300380582093297, 0.0 ], [ 39.700549709736094, 21.300373539465077, 0.0 ], [ 39.700549731760987, 21.30036649626344, 0.0 ], [ 39.700549676658291, 21.300359453229774, 0.0 ], [ 39.700549544433791, 21.300352411105422, 0.0 ], [ 39.700549335101456, 21.300345370631664, 0.0 ], [ 39.7005490486833, 21.300338332549618, 0.0 ], [ 39.700548685209483, 21.300331297600103, 0.0 ], [ 39.700548244718313, 21.300324266523642, 0.0 ], [ 39.700547727256122, 21.300317240060359, 0.0 ], [ 39.700547132877418, 21.300310218949864, 0.0 ], [ 39.700546461644763, 21.300303203931222, 0.0 ], [ 39.700545713628827, 21.300296195742821, 0.0 ], [ 39.700544888908368, 21.300289195122389, 0.0 ], [ 39.7005439875702, 21.300282202806816, 0.0 ], [ 39.700543009709214, 21.300275219532139, 0.0 ], [ 39.700541955428349, 21.300268246033411, 0.0 ], [ 39.700540824838605, 21.300261283044698, 0.0 ], [ 39.700539618058976, 21.300254331298937, 0.0 ], [ 39.700538335216542, 21.300247391527886, 0.0 ], [ 39.700536976446287, 21.300240464462021, 0.0 ], [ 39.700535541891306, 21.30023355083053, 0.0 ], [ 39.700534031702581, 21.300226651361125, 0.0 ], [ 39.700532446039112, 21.300219766780092, 0.0 ], [ 39.700530785067805, 21.300212897812088, 0.0 ], [ 39.700529048963496, 21.300206045180161, 0.0 ], [ 39.700527237908965, 21.300199209605637, 0.0 ], [ 39.700525352094843, 21.300192391808036, 0.0 ], [ 39.700523391719649, 21.300185592505045, 0.0 ], [ 39.700521356989746, 21.300178812412344, 0.0 ], [ 39.700519248119328, 21.300172052243617, 0.0 ], [ 39.700517065330388, 21.300165312710462, 0.0 ], [ 39.700514808852702, 21.300158594522291, 0.0 ], [ 39.700512478923784, 21.300151898386286, 0.0 ], [ 39.700510075788927, 21.30014522500727, 0.0 ], [ 39.700507599701076, 21.300138575087729, 0.0 ], [ 39.700505050920881, 21.300131949327632, 0.0 ], [ 39.700502429716657, 21.300125348424412, 0.0 ], [ 39.7004997363643, 21.300118773072896, 0.0 ], [ 39.700496971147345, 21.300112223965218, 0.0 ], [ 39.70049413435688, 21.300105701790763, 0.0 ], [ 39.700491226291511, 21.300099207236048, 0.0 ], [ 39.700489743603129, 21.300095966138841, 0.0 ], [ 39.699331127366627, 21.297581088120875, 0.0 ], [ 39.698592017364646, 21.295976733500009, 0.0 ], [ 39.698586490231953, 21.295964644659922, 0.0 ], [ 39.698581034078799, 21.295952527540607, 0.0 ], [ 39.698575649069866, 21.295940382507883, 0.0 ], [ 39.698570335367734, 21.295928209928423, 0.0 ], [ 39.698565093132771, 21.295916010169687, 0.0 ], [ 39.698559922523231, 21.295903783599957, 0.0 ], [ 39.698554823695218, 21.295891530588392, 0.0 ], [ 39.698549796802595, 21.295879251504861, 0.0 ], [ 39.698544841997141, 21.295866946720082, 0.0 ], [ 39.698539959428402, 21.295854616605496, 0.0 ], [ 39.69853514924376, 21.295842261533366, 0.0 ], [ 39.698530411588422, 21.295829881876678, 0.0 ], [ 39.698525746605391, 21.295817478009166, 0.0 ], [ 39.69852115443549, 21.29580505030529, 0.0 ], [ 39.69851663521731, 21.295792599140213, 0.0 ], [ 39.698512189087282, 21.295780124889831, 0.0 ], [ 39.6985078161796, 21.295767627930758, 0.0 ], [ 39.698503516626282, 21.29575510864024, 0.0 ], [ 39.698499290557095, 21.295742567396225, 0.0 ], [ 39.698495138099616, 21.295730004577333, 0.0 ], [ 39.698491059379151, 21.295717420562809, 0.0 ], [ 39.69848705451885, 21.295704815732563, 0.0 ], [ 39.698483123639569, 21.295692190467115, 0.0 ], [ 39.698479266859991, 21.295679545147632, 0.0 ], [ 39.698475484296509, 21.295666880155846, 0.0 ], [ 39.698471776063293, 21.295654195874103, 0.0 ], [ 39.698468142272255, 21.29564149268532, 0.0 ], [ 39.698464583033129, 21.295628770973007, 0.0 ], [ 39.698461098453308, 21.295616031121227, 0.0 ], [ 39.698457688637966, 21.295603273514566, 0.0 ], [ 39.698454353690046, 21.295590498538168, 0.0 ], [ 39.698451093710197, 21.295577706577713, 0.0 ], [ 39.698447908796794, 21.295564898019357, 0.0 ], [ 39.698444799046001, 21.295552073249784, 0.0 ], [ 39.69844176455166, 21.295539232656157, 0.0 ], [ 39.698438805405381, 21.295526376626142, 0.0 ], [ 39.698435921696436, 21.29551350554781, 0.0 ], [ 39.698433113511904, 21.295500619809758, 0.0 ], [ 39.6984303809365, 21.295487719800988, 0.0 ], [ 39.698427724052735, 21.295474805910946, 0.0 ], [ 39.698425142940792, 21.295461878529466, 0.0 ], [ 39.698422637678561, 21.295448938046796, 0.0 ], [ 39.698420208341638, 21.295435984853647, 0.0 ], [ 39.698417855003385, 21.295423019341033, 0.0 ], [ 39.698415577734778, 21.295410041900364, 0.0 ], [ 39.698413376604599, 21.295397052923427, 0.0 ], [ 39.698411251679232, 21.295384052802344, 0.0 ], [ 39.698409203022827, 21.295371041929563, 0.0 ], [ 39.698407230697221, 21.295358020697883, 0.0 ], [ 39.69840533476188, 21.295344989500379, 0.0 ], [ 39.698403515274101, 21.295331948730471, 0.0 ], [ 39.69840177228874, 21.295318898781836, 0.0 ], [ 39.698400105858411, 21.295305840048432, 0.0 ], [ 39.698398516033393, 21.29529277292448, 0.0 ], [ 39.698397002861654, 21.295279697804496, 0.0 ], [ 39.698395566388882, 21.295266615083154, 0.0 ], [ 39.698394206658406, 21.295253525155452, 0.0 ], [ 39.698392923711246, 21.29524042841653, 0.0 ], [ 39.698391717586127, 21.295227325261763, 0.0 ], [ 39.698390588319448, 21.295214216086737, 0.0 ], [ 39.698389535945253, 21.295201101287191, 0.0 ], [ 39.698388560495303, 21.295187981259033, 0.0 ], [ 39.698387661999014, 21.295174856398379, 0.0 ], [ 39.698386840483515, 21.295161727101405, 0.0 ], [ 39.698386095973575, 21.295148593764498, 0.0 ], [ 39.698385428491648, 21.295135456784127, 0.0 ], [ 39.698384838057855, 21.295122316556888, 0.0 ], [ 39.698384324690025, 21.295109173479471, 0.0 ], [ 39.698383888403605, 21.295096027948617, 0.0 ], [ 39.698383529211775, 21.295082880361214, 0.0 ], [ 39.698383247125328, 21.29506973111415, 0.0 ], [ 39.69838304215277, 21.295056580604378, 0.0 ], [ 39.698382914300282, 21.295043429228908, 0.0 ], [ 39.698382863571688, 21.295030277384772, 0.0 ], [ 39.698382889968507, 21.295017125468977, 0.0 ], [ 39.698382993489915, 21.295003973878572, 0.0 ], [ 39.698383174132772, 21.294990823010608, 0.0 ], [ 39.698383431891592, 21.294977673262071, 0.0 ], [ 39.698383766758589, 21.29496452502994, 0.0 ], [ 39.698384178723636, 21.294951378711133, 0.0 ], [ 39.698384667774249, 21.294938234702531, 0.0 ], [ 39.698385233895671, 21.294925093400927, 0.0 ], [ 39.698385877070784, 21.294911955203045, 0.0 ], [ 39.698386597280127, 21.294898820505509, 0.0 ], [ 39.698387394501971, 21.294885689704827, 0.0 ], [ 39.698388268712222, 21.294872563197405, 0.0 ], [ 39.698389219884469, 21.294859441379529, 0.0 ], [ 39.698390247989948, 21.294846324647299, 0.0 ], [ 39.698391352997632, 21.294833213396704, 0.0 ], [ 39.698392534874131, 21.294820108023565, 0.0 ], [ 39.69839379358374, 21.294807008923492, 0.0 ], [ 39.698395129088468, 21.294793916491951, 0.0 ], [ 39.69839654134794, 21.294780831124164, 0.0 ], [ 39.698398030319531, 21.294767753215172, 0.0 ], [ 39.69839959595825, 21.29475468315977, 0.0 ], [ 39.698401238216825, 21.294741621352529, 0.0 ], [ 39.698402957045644, 21.294728568187772, 0.0 ], [ 39.698404752392811, 21.294715524059534, 0.0 ], [ 39.698406624204111, 21.294702489361601, 0.0 ], [ 39.698408572422998, 21.294689464487487, 0.0 ], [ 39.698410596990655, 21.294676449830391, 0.0 ], [ 39.698412697845924, 21.294663445783183, 0.0 ], [ 39.698414874925405, 21.294650452738452, 0.0 ], [ 39.698417128163292, 21.294637471088443, 0.0 ], [ 39.69841945749161, 21.294624501225055, 0.0 ], [ 39.698421862839972, 21.294611543539805, 0.0 ], [ 39.698424344135752, 21.294598598423875, 0.0 ], [ 39.698426901304032, 21.294585666268077, 0.0 ], [ 39.698429534267603, 21.294572747462794, 0.0 ], [ 39.698432242946957, 21.294559842398023, 0.0 ], [ 39.698435027260288, 21.294546951463342, 0.0 ], [ 39.698437887123525, 21.294534075047913, 0.0 ], [ 39.69844082245033, 21.294521213540477, 0.0 ], [ 39.698443833152055, 21.294508367329282, 0.0 ], [ 39.698446919137815, 21.294495536802117, 0.0 ], [ 39.698450080314394, 21.294482722346331, 0.0 ], [ 39.698453316586381, 21.294469924348785, 0.0 ], [ 39.698456627856018, 21.294457143195814, 0.0 ], [ 39.698460014023354, 21.294444379273259, 0.0 ], [ 39.698463474986134, 21.294431632966454, 0.0 ], [ 39.698467010639853, 21.294418904660159, 0.0 ], [ 39.698470620877771, 21.294406194738663, 0.0 ], [ 39.698474305590871, 21.29439350358561, 0.0 ], [ 39.698478064667903, 21.294380831584167, 0.0 ], [ 39.698481897995372, 21.294368179116866, 0.0 ], [ 39.698485805457523, 21.294355546565622, 0.0 ], [ 39.698489786936385, 21.294342934311871, 0.0 ], [ 39.698493842311755, 21.294330342736281, 0.0 ], [ 39.698497971461187, 21.294317772219003, 0.0 ], [ 39.698502174259978, 21.294305223139521, 0.0 ], [ 39.698506450581284, 21.294292695876667, 0.0 ], [ 39.698510800295956, 21.2942801908086, 0.0 ], [ 39.698515223272686, 21.294267708312848, 0.0 ], [ 39.698519719377913, 21.294255248766227, 0.0 ], [ 39.698524288475902, 21.294242812544862, 0.0 ], [ 39.698528930428708, 21.29423040002419, 0.0 ], [ 39.698533645096163, 21.294218011578923, 0.0 ], [ 39.698538432335923, 21.294205647583031, 0.0 ], [ 39.698543292003485, 21.294193308409774, 0.0 ], [ 39.698548223952073, 21.294180994431642, 0.0 ], [ 39.698553228032821, 21.294168706020383, 0.0 ], [ 39.698558304094639, 21.294156443546942, 0.0 ], [ 39.698563451984256, 21.294144207381521, 0.0 ], [ 39.69856867154629, 21.294131997893494, 0.0 ], [ 39.698573962623101, 21.294119815451438, 0.0 ], [ 39.698579325054972, 21.294107660423141, 0.0 ], [ 39.698584758679999, 21.294095533175518, 0.0 ], [ 39.69859026333414, 21.294083434074675, 0.0 ], [ 39.69859583885119, 21.294071363485866, 0.0 ], [ 39.698601485062831, 21.294059321773471, 0.0 ], [ 39.698607201798595, 21.294047309301, 0.0 ], [ 39.698612988885877, 21.294035326431104, 0.0 ], [ 39.698618846149955, 21.294023373525526, 0.0 ], [ 39.698623876906368, 21.294013243314058, 0.0 ], [ 39.69947202792455, 21.29231570558947, 0.0 ], [ 39.699474172513931, 21.292311498446974, 0.0 ], [ 39.699476386435435, 21.292307322945614, 0.0 ], [ 39.699478669157202, 21.292303180088467, 0.0 ], [ 39.699481020130833, 21.292299070870815, 0.0 ], [ 39.699483438791518, 21.292294996279836, 0.0 ], [ 39.699485924558203, 21.292290957294387, 0.0 ], [ 39.699488476833729, 21.29228695488478, 0.0 ], [ 39.69949109500493, 21.292282990012534, 0.0 ], [ 39.699493778442822, 21.292279063630179, 0.0 ], [ 39.699496526502742, 21.292275176680942, 0.0 ], [ 39.699499338524511, 21.292271330098615, 0.0 ], [ 39.699502213832567, 21.292267524807304, 0.0 ], [ 39.699505151736155, 21.292263761721141, 0.0 ], [ 39.699508151529486, 21.292260041744203, 0.0 ], [ 39.699511212491892, 21.292256365770093, 0.0 ], [ 39.699514333888011, 21.292252734681981, 0.0 ], [ 39.699517514967972, 21.292249149352145, 0.0 ], [ 39.699520754967558, 21.292245610641917, 0.0 ], [ 39.699524053108412, 21.292242119401429, 0.0 ], [ 39.699527408598193, 21.292238676469399, 0.0 ], [ 39.699530820630791, 21.29223528267292, 0.0 ], [ 39.699534288386502, 21.292231938827339, 0.0 ], [ 39.699537811032258, 21.292228645735957, 0.0 ], [ 39.699541387721759, 21.292225404189864, 0.0 ], [ 39.699545017595788, 21.292222214967829, 0.0 ], [ 39.699548699782291, 21.292219078835998, 0.0 ], [ 39.699552433396697, 21.292215996547789, 0.0 ], [ 39.699556217542046, 21.292212968843678, 0.0 ], [ 39.699560051309241, 21.292209996451007, 0.0 ], [ 39.699563933777277, 21.292207080083887, 0.0 ], [ 39.699567864013446, 21.292204220442898, 0.0 ], [ 39.699571841073556, 21.292201418215054, 0.0 ], [ 39.699575864002178, 21.292198674073536, 0.0 ], [ 39.699579931832865, 21.292195988677577, 0.0 ], [ 39.699584043588381, 21.292193362672332, 0.0 ], [ 39.699588198280907, 21.292190796688619, 0.0 ], [ 39.699592394912365, 21.292188291342928, 0.0 ], [ 39.699596632474552, 21.292185847237068, 0.0 ], [ 39.699600909949467, 21.292183464958274, 0.0 ], [ 39.699605226309515, 21.292181145078786, 0.0 ], [ 39.699609580517723, 21.292178888155956, 0.0 ], [ 39.699612304800098, 21.292177517673593, 0.0 ], [ 39.69961634573712, 21.292175467357506, 0.0 ], [ 39.699620349388049, 21.292173353790844, 0.0 ], [ 39.699624314625105, 21.292171177568971, 0.0 ], [ 39.69962824033135, 21.292168939304897, 0.0 ], [ 39.699632125400946, 21.292166639629105, 0.0 ], [ 39.699635968739543, 21.292164279189372, 0.0 ], [ 39.699639769264493, 21.292161858650619, 0.0 ], [ 39.699643525905287, 21.292159378694677, 0.0 ], [ 39.699647237603699, 21.29215684002012, 0.0 ], [ 39.699650903314222, 21.292154243342043, 0.0 ], [ 39.699654522004273, 21.292151589391899, 0.0 ], [ 39.699658092654495, 21.292148878917281, 0.0 ], [ 39.699661614259107, 21.292146112681685, 0.0 ], [ 39.699665085826133, 21.292143291464317, 0.0 ], [ 39.699668506377684, 21.292140416059873, 0.0 ], [ 39.699671874950198, 21.292137487278332, 0.0 ], [ 39.699675190594853, 21.292134505944677, 0.0 ], [ 39.699678452377647, 21.292131472898713, 0.0 ], [ 39.699681659379792, 21.292128388994801, 0.0 ], [ 39.699684810697924, 21.292125255101649, 0.0 ], [ 39.699687905444371, 21.292122072102018, 0.0 ], [ 39.699690942747395, 21.292118840892524, 0.0 ], [ 39.699693921751404, 21.292115562383344, 0.0 ], [ 39.699696841617282, 21.292112237497996, 0.0 ], [ 39.699699701522555, 21.292108867173049, 0.0 ], [ 39.699702500661608, 21.292105452357873, 0.0 ], [ 39.699705238245976, 21.292101994014388, 0.0 ], [ 39.69970791350454, 21.292098493116761, 0.0 ], [ 39.699710525683699, 21.292094950651112, 0.0 ], [ 39.699713074047644, 21.292091367615345, 0.0 ], [ 39.699715557878555, 21.29208774501873, 0.0 ], [ 39.699717976476791, 21.292084083881722, 0.0 ], [ 39.699720329161032, 21.292080385235582, 0.0 ], [ 39.699722615268591, 21.29207665012218, 0.0 ], [ 39.699724834155496, 21.292072879593647, 0.0 ], [ 39.699726985196733, 21.292069074712085, 0.0 ], [ 39.699729067786393, 21.292065236549281, 0.0 ], [ 39.699731081337838, 21.292061366186395, 0.0 ], [ 39.699733025283898, 21.292057464713618, 0.0 ], [ 39.699734899076958, 21.292053533229986, 0.0 ], [ 39.699736702189249, 21.29204957284292, 0.0 ], [ 39.699738434112852, 21.292045584667981, 0.0 ], [ 39.699740094359903, 21.292041569828637, 0.0 ], [ 39.699741682462744, 21.292037529455772, 0.0 ], [ 39.69974319797403, 21.292033464687492, 0.0 ], [ 39.699744640466903, 21.292029376668811, 0.0 ], [ 39.699746009534969, 21.292025266551253, 0.0 ], [ 39.699747304792673, 21.29202113549259, 0.0 ], [ 39.699748525875123, 21.292016984656456, 0.0 ], [ 39.699749672438351, 21.292012815212097, 0.0 ], [ 39.69975074415941, 21.292008628333988, 0.0 ], [ 39.699751740736417, 21.292004425201508, 0.0 ], [ 39.699752661888674, 21.292000206998623, 0.0 ], [ 39.699753507356675, 21.291995974913529, 0.0 ], [ 39.699754276902297, 21.291991730138335, 0.0 ], [ 39.699754970308767, 21.291987473868772, 0.0 ], [ 39.699755587380778, 21.291983207303733, 0.0 ], [ 39.699756127944511, 21.291978931645051, 0.0 ], [ 39.699756591847695, 21.291974648097117, 0.0 ], [ 39.699756978959684, 21.291970357866564, 0.0 ], [ 39.699757289171416, 21.291966062161851, 0.0 ], [ 39.699757522395551, 21.29196176219304, 0.0 ], [ 39.69975767856635, 21.291957459171364, 0.0 ], [ 39.69975775763988, 21.291953154308924, 0.0 ], [ 39.69975775959383, 21.291948848818329, 0.0 ], [ 39.699757684427674, 21.291944543912351, 0.0 ], [ 39.699757532162593, 21.291940240803665, 0.0 ], [ 39.699757302841505, 21.29193594070437, 0.0 ], [ 39.69975699652899, 21.291931644825731, 0.0 ], [ 39.699756613311322, 21.29192735437784, 0.0 ], [ 39.699756153296484, 21.291923070569233, 0.0 ], [ 39.699755616614055, 21.291918794606637, 0.0 ], [ 39.699755003415213, 21.29191452769448, 0.0 ], [ 39.699754313872688, 21.29191027103472, 0.0 ], [ 39.699753548180723, 21.2919060258264, 0.0 ], [ 39.699752706555032, 21.291901793265279, 0.0 ], [ 39.699751789232657, 21.291897574543668, 0.0 ], [ 39.699751279433613, 21.29189537415586, 0.0 ], [ 39.699750270968515, 21.291890954166487, 0.0 ], [ 39.699749338048569, 21.291886519627518, 0.0 ], [ 39.699748480912241, 21.291882071672347, 0.0 ], [ 39.69974769977857, 21.291877611437837, 0.0 ], [ 39.69974699484721, 21.291873140063949, 0.0 ], [ 39.699746366298328, 21.291868658693531, 0.0 ], [ 39.699745814292577, 21.291864168471928, 0.0 ], [ 39.699745338970999, 21.29185967054682, 0.0 ], [ 39.699744940455119, 21.291855166067801, 0.0 ], [ 39.699744618846765, 21.291850656186149, 0.0 ], [ 39.699744374228104, 21.291846142054546, 0.0 ], [ 39.699744206661684, 21.291841624826755, 0.0 ], [ 39.699744116190303, 21.29183710565729, 0.0 ], [ 39.699744102837109, 21.29183258570124, 0.0 ], [ 39.699744166605484, 21.291828066113812, 0.0 ], [ 39.699744307479115, 21.291823548050154, 0.0 ], [ 39.69974452542202, 21.291819032665021, 0.0 ], [ 39.699744820378449, 21.291814521112496, 0.0 ], [ 39.699745192273042, 21.291810014545685, 0.0 ], [ 39.699745641010715, 21.291805514116394, 0.0 ], [ 39.6997461664768, 21.29180102097488, 0.0 ], [ 39.699746768536947, 21.291796536269505, 0.0 ], [ 39.699747447037318, 21.291792061146541, 0.0 ], [ 39.699748201804461, 21.291787596749732, 0.0 ], [ 39.699749032645443, 21.291783144220151, 0.0 ], [ 39.699749939347932, 21.291778704695798, 0.0 ], [ 39.699750921680184, 21.29177427931134, 0.0 ], [ 39.699751979391124, 21.291769869197857, 0.0 ], [ 39.699753112210381, 21.291765475482535, 0.0 ], [ 39.699754319848424, 21.291761099288308, 0.0 ], [ 39.6997556019966, 21.291756741733707, 0.0 ], [ 39.6997569583272, 21.291752403932449, 0.0 ], [ 39.699758388493557, 21.291748086993223, 0.0 ], [ 39.699759892130139, 21.291743792019389, 0.0 ], [ 39.699761468852607, 21.291739520108663, 0.0 ], [ 39.699763118257991, 21.291735272352891, 0.0 ], [ 39.699764839924704, 21.291731049837775, 0.0 ], [ 39.699766633412722, 21.291726853642498, 0.0 ], [ 39.699768498263623, 21.29172268483957, 0.0 ], [ 39.699770434000797, 21.291718544494454, 0.0 ], [ 39.699772440129472, 21.291714433665398, 0.0 ], [ 39.6997725642048, 21.291714185014445, 0.0 ], [ 39.699784744647623, 21.291689805859022, 0.0 ], [ 39.699790077563371, 21.291679217241654, 0.0 ], [ 39.699795480123285, 21.291668659658193, 0.0 ], [ 39.699800952121585, 21.291658133510833, 0.0 ], [ 39.699806493349776, 21.291647639200551, 0.0 ], [ 39.699812103596756, 21.291637177127139, 0.0 ], [ 39.699817782648793, 21.291626747689129, 0.0 ], [ 39.699823530289528, 21.291616351283832, 0.0 ], [ 39.699829346299985, 21.291605988307289, 0.0 ], [ 39.699835230458611, 21.291595659154286, 0.0 ], [ 39.699841182541228, 21.291585364218289, 0.0 ], [ 39.699847202321074, 21.2915751038915, 0.0 ], [ 39.699853289568829, 21.291564878564767, 0.0 ], [ 39.699859444052564, 21.291554688627599, 0.0 ], [ 39.699865665537843, 21.291544534468212, 0.0 ], [ 39.699871953787628, 21.291534416473411, 0.0 ], [ 39.699878308562369, 21.291524335028619, 0.0 ], [ 39.699884729619946, 21.291514290517924, 0.0 ], [ 39.699891216715777, 21.291504283323921, 0.0 ], [ 39.699897769602693, 21.291494313827847, 0.0 ], [ 39.699904388031072, 21.291484382409486, 0.0 ], [ 39.699911071748765, 21.291474489447165, 0.0 ], [ 39.699917820501149, 21.291464635317752, 0.0 ], [ 39.699924634031134, 21.291454820396641, 0.0 ], [ 39.699931512079132, 21.291445045057721, 0.0 ], [ 39.699938454383116, 21.291435309673368, 0.0 ], [ 39.699945460678613, 21.291425614614454, 0.0 ], [ 39.699952530698724, 21.291415960250305, 0.0 ], [ 39.699959664174095, 21.291406346948708, 0.0 ], [ 39.699966860832959, 21.291396775075849, 0.0 ], [ 39.69997412040118, 21.291387244996397, 0.0 ], [ 39.699981442602159, 21.291377757073377, 0.0 ], [ 39.699988827156993, 21.291368311668204, 0.0 ], [ 39.699996273784322, 21.29135890914073, 0.0 ], [ 39.700003782200483, 21.291349549849123, 0.0 ], [ 39.700011352119432, 21.291340234149914, 0.0 ], [ 39.700018983252768, 21.291330962397982, 0.0 ], [ 39.7000266753098, 21.291321734946525, 0.0 ], [ 39.700034427997487, 21.291312552147062, 0.0 ], [ 39.700042241020483, 21.291303414349397, 0.0 ], [ 39.700050114081137, 21.291294321901642, 0.0 ], [ 39.700058046879533, 21.291285275150162, 0.0 ], [ 39.700066039113459, 21.291276274439568, 0.0 ], [ 39.700074090478438, 21.291267320112741, 0.0 ], [ 39.700082200667786, 21.291258412510821, 0.0 ], [ 39.700090369372468, 21.291249551973099, 0.0 ], [ 39.70009859628135, 21.291240738837139, 0.0 ], [ 39.700106881081027, 21.291231973438645, 0.0 ], [ 39.700115223455867, 21.291223256111543, 0.0 ], [ 39.700123623088039, 21.291214587187895, 0.0 ], [ 39.700132079657607, 21.291205966997964, 0.0 ], [ 39.700140592842374, 21.291197395870128, 0.0 ], [ 39.700149162318056, 21.291188874130849, 0.0 ], [ 39.700157787758179, 21.291180402104814, 0.0 ], [ 39.700166468834169, 21.291171980114715, 0.0 ], [ 39.700175205215288, 21.291163608481426, 0.0 ], [ 39.70018399656874, 21.291155287523811, 0.0 ], [ 39.700192842559616, 21.291147017558892, 0.0 ], [ 39.700201742850943, 21.291138798901667, 0.0 ], [ 39.700210697103614, 21.291130631865233, 0.0 ], [ 39.700219704976575, 21.291122516760726, 0.0 ], [ 39.700228766126649, 21.291114453897254, 0.0 ], [ 39.700237880208618, 21.291106443581981, 0.0 ], [ 39.700247046875319, 21.291098486120045, 0.0 ], [ 39.700256265777533, 21.29109058181459, 0.0 ], [ 39.700265536564068, 21.291082730966696, 0.0 ], [ 39.700274858881748, 21.291074933875475, 0.0 ], [ 39.700284232375452, 21.291067190837929, 0.0 ], [ 39.700293656688089, 21.291059502149022, 0.0 ], [ 39.700303131460636, 21.291051868101626, 0.0 ], [ 39.700312656332166, 21.291044288986587, 0.0 ], [ 39.700322230939811, 21.29103676509261, 0.0 ], [ 39.700331854918844, 21.291029296706316, 0.0 ], [ 39.70034152790263, 21.29102188411219, 0.0 ], [ 39.70035124952269, 21.291014527592619, 0.0 ], [ 39.70036101940866, 21.291007227427841, 0.0 ], [ 39.700370837188387, 21.290999983895965, 0.0 ], [ 39.700380702487848, 21.290992797272892, 0.0 ], [ 39.700390614931216, 21.290985667832423, 0.0 ], [ 39.700400574140915, 21.290978595846127, 0.0 ], [ 39.700410579737508, 21.290971581583392, 0.0 ], [ 39.700420631339874, 21.290964625311471, 0.0 ], [ 39.700430728565081, 21.290957727295286, 0.0 ], [ 39.700440871028455, 21.290950887797671, 0.0 ], [ 39.700451058343688, 21.29094410707912, 0.0 ], [ 39.700461290122639, 21.290937385397967, 0.0 ], [ 39.700471565975548, 21.29093072301028, 0.0 ], [ 39.700481885510975, 21.290924120169823, 0.0 ], [ 39.70049224833577, 21.290917577128138, 0.0 ], [ 39.700502654055228, 21.290911094134465, 0.0 ], [ 39.700513102272872, 21.290904671435793, 0.0 ], [ 39.700523592590741, 21.29089830927677, 0.0 ], [ 39.700534124609185, 21.290892007899743, 0.0 ], [ 39.700544697926993, 21.290885767544786, 0.0 ], [ 39.700555312141383, 21.290879588449599, 0.0 ], [ 39.700565966848011, 21.290873470849561, 0.0 ], [ 39.700576661640994, 21.290867414977733, 0.0 ], [ 39.700587396112937, 21.290861421064804, 0.0 ], [ 39.700598169854899, 21.290855489339094, 0.0 ], [ 39.700608982456458, 21.290849620026574, 0.0 ], [ 39.700619833505719, 21.290843813350822, 0.0 ], [ 39.700630722589317, 21.290838069533045, 0.0 ], [ 39.700641649292457, 21.290832388792051, 0.0 ], [ 39.700652613198884, 21.290826771344225, 0.0 ], [ 39.700663613890903, 21.290821217403558, 0.0 ], [ 39.700665984414499, 21.290820031316603, 0.0 ], [ 39.700826752186586, 21.290739719769881, 0.0 ], [ 39.700833100225481, 21.290736507658654, 0.0 ], [ 39.700839411261647, 21.290733232150011, 0.0 ], [ 39.7008456845738, 21.290729893618291, 0.0 ], [ 39.700851919445014, 21.290726492445039, 0.0 ], [ 39.700858115162731, 21.290723029018956, 0.0 ], [ 39.700864271018858, 21.290719503735893, 0.0 ], [ 39.700870386309873, 21.2907159169987, 0.0 ], [ 39.700876460336886, 21.290712269217313, 0.0 ], [ 39.700882492405725, 21.290708560808628, 0.0 ], [ 39.700888481827, 21.290704792196454, 0.0 ], [ 39.700894427916225, 21.290700963811503, 0.0 ], [ 39.700900329993836, 21.290697076091281, 0.0 ], [ 39.700906187385321, 21.29069312948014, 0.0 ], [ 39.700911999421251, 21.290689124429097, 0.0 ], [ 39.700917765437424, 21.290685061395862, 0.0 ], [ 39.700923484774833, 21.290680940844805, 0.0 ], [ 39.700929156779864, 21.290676763246843, 0.0 ], [ 39.700934780804275, 21.290672529079409, 0.0 ], [ 39.700940356205336, 21.290668238826427, 0.0 ], [ 39.700945882345856, 21.290663892978188, 0.0 ], [ 39.700951358594281, 21.290659492031377, 0.0 ], [ 39.700956784324767, 21.29065503648896, 0.0 ], [ 39.700962158917207, 21.290650526860144, 0.0 ], [ 39.700967481757402, 21.29064596366031, 0.0 ], [ 39.700972752236993, 21.290641347410979, 0.0 ], [ 39.700977969753652, 21.2906366786397, 0.0 ], [ 39.700983133711119, 21.290631957880088, 0.0 ], [ 39.700988243519234, 21.2906271856716, 0.0 ], [ 39.700993298593978, 21.290622362559695, 0.0 ], [ 39.700998298357668, 21.290617489095549, 0.0 ], [ 39.701003242238912, 21.290612565836135, 0.0 ], [ 39.70100812967268, 21.290607593344113, 0.0 ], [ 39.701012960100421, 21.290602572187794, 0.0 ], [ 39.701017732970101, 21.290597502940976, 0.0 ], [ 39.701022447736236, 21.29059238618304, 0.0 ], [ 39.701027103860021, 21.29058722249875, 0.0 ], [ 39.701031700809317, 21.290582012478264, 0.0 ], [ 39.701036238058769, 21.290576756716966, 0.0 ], [ 39.701040715089853, 21.290571455815527, 0.0 ], [ 39.701045131390899, 21.290566110379796, 0.0 ], [ 39.701049486457201, 21.290560721020647, 0.0 ], [ 39.701053779791025, 21.290555288354017, 0.0 ], [ 39.701058010901747, 21.290549813000805, 0.0 ], [ 39.701062179305787, 21.290544295586734, 0.0 ], [ 39.701066284526789, 21.290538736742377, 0.0 ], [ 39.701070326095568, 21.290533137103029, 0.0 ], [ 39.70107430355025, 21.290527497308666, 0.0 ], [ 39.701078216436279, 21.290521818003796, 0.0 ], [ 39.701082064306476, 21.290516099837532, 0.0 ], [ 39.701085846721071, 21.290510343463325, 0.0 ], [ 39.701089563247834, 21.290504549539094, 0.0 ], [ 39.701093213462009, 21.290498718726987, 0.0 ], [ 39.701096796946416, 21.29049285169334, 0.0 ], [ 39.701100313291562, 21.29048694910874, 0.0 ], [ 39.701103762095556, 21.290481011647714, 0.0 ], [ 39.701107142964261, 21.290475039988852, 0.0 ], [ 39.701110455511305, 21.290469034814613, 0.0 ], [ 39.701113699358153, 21.290462996811339, 0.0 ], [ 39.701116874134037, 21.29045692666903, 0.0 ], [ 39.701119979476154, 21.29045082508145, 0.0 ], [ 39.70112301502963, 21.290444692745929, 0.0 ], [ 39.701125980447543, 21.290438530363286, 0.0 ], [ 39.701128875391014, 21.290432338637785, 0.0 ], [ 39.701131699529171, 21.290426118277079, 0.0 ], [ 39.701134452539293, 21.290419869992029, 0.0 ], [ 39.701137134106744, 21.290413594496751, 0.0 ], [ 39.701139743925069, 21.290407292508423, 0.0 ], [ 39.701142281696029, 21.290400964747281, 0.0 ], [ 39.701144747129604, 21.290394611936506, 0.0 ], [ 39.701147139944005, 21.290388234802101, 0.0 ], [ 39.70114945986581, 21.290381834072903, 0.0 ], [ 39.701151706629901, 21.290375410480426, 0.0 ], [ 39.701153879979486, 21.290368964758766, 0.0 ], [ 39.701155979666211, 21.290362497644605, 0.0 ], [ 39.701158005450132, 21.290356009877009, 0.0 ], [ 39.701159957099719, 21.290349502197465, 0.0 ], [ 39.701161834391954, 21.290342975349667, 0.0 ], [ 39.701163637112302, 21.290336430079563, 0.0 ], [ 39.701165365054749, 21.290329867135192, 0.0 ], [ 39.701167018021792, 21.29032328726657, 0.0 ], [ 39.701168595824562, 21.290316691225694, 0.0 ], [ 39.701170098282773, 21.290310079766392, 0.0 ], [ 39.701171525224687, 21.290303453644277, 0.0 ], [ 39.701172876487256, 21.290296813616568, 0.0 ], [ 39.701174151916035, 21.290290160442172, 0.0 ], [ 39.701175351365301, 21.290283494881411, 0.0 ], [ 39.701176474697967, 21.290276817696085, 0.0 ], [ 39.701177521785688, 21.290270129649272, 0.0 ], [ 39.701178492508774, 21.290263431505348, 0.0 ], [ 39.70117938675633, 21.290256724029774, 0.0 ], [ 39.70118020442613, 21.290250007989133, 0.0 ], [ 39.701180945424774, 21.290243284150979, 0.0 ], [ 39.701181609667572, 21.290236553283716, 0.0 ], [ 39.701182197078616, 21.290229816156614, 0.0 ], [ 39.701182707590789, 21.2902230735396, 0.0 ], [ 39.701183141145762, 21.290216326203254, 0.0 ], [ 39.701183497693982, 21.290209574918723, 0.0 ], [ 39.701183777194728, 21.290202820457552, 0.0 ], [ 39.701183979616076, 21.290196063591676, 0.0 ], [ 39.701184104934875, 21.29018930509331, 0.0 ], [ 39.701184153136815, 21.290182545734847, 0.0 ], [ 39.701184124216432, 21.290175786288764, 0.0 ], [ 39.70118401817701, 21.290169027527586, 0.0 ], [ 39.701183835030697, 21.290162270223739, 0.0 ], [ 39.701183574798421, 21.29015551514944, 0.0 ], [ 39.701183314503496, 21.29015017646271, 0.0 ], [ 39.701161204333729, 21.289735171585736, 0.0 ], [ 39.701160870553849, 21.289728181864206, 0.0 ], [ 39.701160613835945, 21.289721189276523, 0.0 ], [ 39.70116043420736, 21.289714194568546, 0.0 ], [ 39.701160331687241, 21.289707198486411, 0.0 ], [ 39.701160306286546, 21.289700201776316, 0.0 ], [ 39.701160358007911, 21.289693205184605, 0.0 ], [ 39.701160486845872, 21.289686209457564, 0.0 ], [ 39.701160692786644, 21.289679215341394, 0.0 ], [ 39.701160975808243, 21.289672223582151, 0.0 ], [ 39.701161335880492, 21.289665234925582, 0.0 ], [ 39.701161772964952, 21.289658250117174, 0.0 ], [ 39.701162287015002, 21.289651269901938, 0.0 ], [ 39.701162877975811, 21.28964429502447, 0.0 ], [ 39.701163545784304, 21.289637326228686, 0.0 ], [ 39.701164290369256, 21.289630364257974, 0.0 ], [ 39.701165111651235, 21.289623409854915, 0.0 ], [ 39.701166009542611, 21.289616463761309, 0.0 ], [ 39.701166983947623, 21.28960952671806, 0.0 ], [ 39.70116803476229, 21.289602599465145, 0.0 ], [ 39.701169161874553, 21.289595682741417, 0.0 ], [ 39.701170365164153, 21.289588777284681, 0.0 ], [ 39.701171644502757, 21.289581883831524, 0.0 ], [ 39.701172999753858, 21.289575003117228, 0.0 ], [ 39.701174430772902, 21.289568135875705, 0.0 ], [ 39.70117593740725, 21.289561282839493, 0.0 ], [ 39.701177519496149, 21.289554444739561, 0.0 ], [ 39.701179176870866, 21.28954762230531, 0.0 ], [ 39.701180909354605, 21.289540816264424, 0.0 ], [ 39.701182716762546, 21.289534027342931, 0.0 ], [ 39.701184598901889, 21.289527256264918, 0.0 ], [ 39.701186555571894, 21.289520503752659, 0.0 ], [ 39.701188586563795, 21.289513770526415, 0.0 ], [ 39.701190691660976, 21.28950705730438, 0.0 ], [ 39.701192870638863, 21.289500364802624, 0.0 ], [ 39.701195123265052, 21.289493693735025, 0.0 ], [ 39.701197449299258, 21.289487044813125, 0.0 ], [ 39.701199848493317, 21.289480418746148, 0.0 ], [ 39.701202320591349, 21.289473816240871, 0.0 ], [ 39.701204865329643, 21.289467238001567, 0.0 ], [ 39.701207482436772, 21.289460684729878, 0.0 ], [ 39.70121017163352, 21.289454157124833, 0.0 ], [ 39.701212932633098, 21.289447655882697, 0.0 ], [ 39.701215765140944, 21.28944118169693, 0.0 ], [ 39.701218668854956, 21.289434735258091, 0.0 ], [ 39.701221643465352, 21.289428317253801, 0.0 ], [ 39.701224688654882, 21.289421928368643, 0.0 ], [ 39.7012278040987, 21.289415569284103, 0.0 ], [ 39.701230989464484, 21.289409240678438, 0.0 ], [ 39.701234244412447, 21.289402943226719, 0.0 ], [ 39.701237568595424, 21.289396677600671, 0.0 ], [ 39.701240961658783, 21.289390444468598, 0.0 ], [ 39.701244423240645, 21.289384244495356, 0.0 ], [ 39.701247952971741, 21.289378078342303, 0.0 ], [ 39.701251550475561, 21.289371946667128, 0.0 ], [ 39.701255215368363, 21.289365850123858, 0.0 ], [ 39.701258947259248, 21.289359789362805, 0.0 ], [ 39.701262745750121, 21.289353765030427, 0.0 ], [ 39.701266610435809, 21.289347777769311, 0.0 ], [ 39.701270540904083, 21.289341828218099, 0.0 ], [ 39.701274536735703, 21.28933591701141, 0.0 ], [ 39.70127859750442, 21.289330044779742, 0.0 ], [ 39.701282722777101, 21.289324212149459, 0.0 ], [ 39.701286912113702, 21.28931841974271, 0.0 ], [ 39.701291165067367, 21.289312668177356, 0.0 ], [ 39.701295481184438, 21.289306958066863, 0.0 ], [ 39.701299860004553, 21.289301290020312, 0.0 ], [ 39.701304301060617, 21.28929566464226, 0.0 ], [ 39.701308803878909, 21.289290082532794, 0.0 ], [ 39.701313367979147, 21.289284544287288, 0.0 ], [ 39.701317992874486, 21.2892790504965, 0.0 ], [ 39.701322678071605, 21.289273601746427, 0.0 ], [ 39.701327423070744, 21.289268198618217, 0.0 ], [ 39.701332227365768, 21.289262841688249, 0.0 ], [ 39.701337090444234, 21.289257531527902, 0.0 ], [ 39.701342011787418, 21.289252268703578, 0.0 ], [ 39.701346990870363, 21.289247053776634, 0.0 ], [ 39.701352027161974, 21.289241887303334, 0.0 ], [ 39.701357120125046, 21.289236769834748, 0.0 ], [ 39.701362269216361, 21.289231701916737, 0.0 ], [ 39.701367473886641, 21.289226684089869, 0.0 ], [ 39.701372733580754, 21.289221716889372, 0.0 ], [ 39.701378047737656, 21.289216800845065, 0.0 ], [ 39.701383415790509, 21.28921193648133, 0.0 ], [ 39.701388837166725, 21.289207124317013, 0.0 ], [ 39.701394311288027, 21.2892023648654, 0.0 ], [ 39.701399837570513, 21.289197658634169, 0.0 ], [ 39.701405415424723, 21.289193006125306, 0.0 ], [ 39.701411044255707, 21.28918840783507, 0.0 ], [ 39.701416723463026, 21.289183864253928, 0.0 ], [ 39.701422452440923, 21.289179375866539, 0.0 ], [ 39.701428230578294, 21.28917494315165, 0.0 ], [ 39.701434057258851, 21.289170566582051, 0.0 ], [ 39.701439931861053, 21.289166246624596, 0.0 ], [ 39.70144585375828, 21.289161983740083, 0.0 ], [ 39.701451822318894, 21.289157778383174, 0.0 ], [ 39.701457836906229, 21.289153631002456, 0.0 ], [ 39.701463896878771, 21.289149542040306, 0.0 ], [ 39.701470001590081, 21.289145511932869, 0.0 ], [ 39.701476150389041, 21.289141541110023, 0.0 ], [ 39.701482342619776, 21.289137629995309, 0.0 ], [ 39.701488577621795, 21.289133779005894, 0.0 ], [ 39.701494854730022, 21.289129988552553, 0.0 ], [ 39.701501173274906, 21.289126259039612, 0.0 ], [ 39.701507532582497, 21.289122590864853, 0.0 ], [ 39.701513931974468, 21.289118984419542, 0.0 ], [ 39.701520370768215, 21.289115440088359, 0.0 ], [ 39.701526848276963, 21.289111958249372, 0.0 ], [ 39.701533363809787, 21.289108539273983, 0.0 ], [ 39.701539916671699, 21.289105183526839, 0.0 ], [ 39.701546506163737, 21.289101891365906, 0.0 ], [ 39.701553131583026, 21.28909866314233, 0.0 ], [ 39.701559792222881, 21.289095499200446, 0.0 ], [ 39.70156648737283, 21.289092399877738, 0.0 ], [ 39.701573216318742, 21.289089365504804, 0.0 ], [ 39.701579978342892, 21.289086396405295, 0.0 ], [ 39.701586772723964, 21.289083492895909, 0.0 ], [ 39.701593598737269, 21.28908065528633, 0.0 ], [ 39.701600455654713, 21.289077883879262, 0.0 ], [ 39.701607342744893, 21.289075178970318, 0.0 ], [ 39.701614259273185, 21.289072540847982, 0.0 ], [ 39.701621204501883, 21.289069969793665, 0.0 ], [ 39.701628177690118, 21.289067466081622, 0.0 ], [ 39.701635178094143, 21.289065029978882, 0.0 ], [ 39.701642204967229, 21.289062661745316, 0.0 ], [ 39.701649257559886, 21.289060361633517, 0.0 ], [ 39.701656335119822, 21.289058129888819, 0.0 ], [ 39.701663436892126, 21.289055966749288, 0.0 ], [ 39.70167056211929, 21.289053872445635, 0.0 ], [ 39.701677710041288, 21.289051847201275, 0.0 ], [ 39.701684879895723, 21.28904989123221, 0.0 ], [ 39.701692070917794, 21.289048004747066, 0.0 ], [ 39.701699282340464, 21.289046187947083, 0.0 ], [ 39.701706513394569, 21.289044441026018, 0.0 ], [ 39.701713763308781, 21.289042764170251, 0.0 ], [ 39.701721031309795, 21.289041157558607, 0.0 ], [ 39.701728316622393, 21.28903962136247, 0.0 ], [ 39.701735618469456, 21.289038155745679, 0.0 ], [ 39.701742936072158, 21.289036760864583, 0.0 ], [ 39.701750268649967, 21.28903543686797, 0.0 ], [ 39.70175761542076, 21.289034183897034, 0.0 ], [ 39.701764975600874, 21.289033002085468, 0.0 ], [ 39.701772348405264, 21.289031891559265, 0.0 ], [ 39.701779733047495, 21.289030852436948, 0.0 ], [ 39.701787128739923, 21.28902988482929, 0.0 ], [ 39.701794534693654, 21.289028988839551, 0.0 ], [ 39.701801950118721, 21.289028164563295, 0.0 ], [ 39.701809374224212, 21.289027412088405, 0.0 ], [ 39.701816806218204, 21.289026731495181, 0.0 ], [ 39.701824245307975, 21.289026122856214, 0.0 ], [ 39.70183169070004, 21.289025586236377, 0.0 ], [ 39.701839141600246, 21.289025121692969, 0.0 ], [ 39.701846597213809, 21.289024729275518, 0.0 ], [ 39.701854056745532, 21.289024409025874, 0.0 ], [ 39.701861519399714, 21.28902416097819, 0.0 ], [ 39.70186898438039, 21.289023985158956, 0.0 ], [ 39.701876450891255, 21.289023881586893, 0.0 ], [ 39.701883918135948, 21.28902385027305, 0.0 ], [ 39.701891385317971, 21.289023891220793, 0.0 ], [ 39.701898851640799, 21.289024004425716, 0.0 ], [ 39.701906316308097, 21.289024189875793, 0.0 ], [ 39.701913778523618, 21.289024447551181, 0.0 ], [ 39.701921237491405, 21.289024777424441, 0.0 ], [ 39.701924992696021, 21.289024970891226, 0.0 ], [ 39.702524334622609, 21.289057312885642, 0.0 ], [ 39.704318791007189, 21.289154133306777, 0.0 ], [ 39.704325698579957, 21.289153813485594, 0.0 ], [ 39.704332601926545, 21.28915342151139, 0.0 ], [ 39.704339500188546, 21.289152957432933, 0.0 ], [ 39.704346392508072, 21.289152421307907, 0.0 ], [ 39.704353278028094, 21.289151813202999, 0.0 ], [ 39.704360155892388, 21.289151133193805, 0.0 ], [ 39.704367025245638, 21.289150381364934, 0.0 ], [ 39.704373885233636, 21.289149557809822, 0.0 ], [ 39.704380735003326, 21.289148662630886, 0.0 ], [ 39.704387573702952, 21.289147695939491, 0.0 ], [ 39.704394400482066, 21.289146657855802, 0.0 ], [ 39.704401214491746, 21.289145548508937, 0.0 ], [ 39.704408014884677, 21.289144368036819, 0.0 ], [ 39.704414800815186, 21.289143116586256, 0.0 ], [ 39.704421571439447, 21.289141794312883, 0.0 ], [ 39.704428325915501, 21.289140401381097, 0.0 ], [ 39.704435063403423, 21.289138937964143, 0.0 ], [ 39.704441783065384, 21.289137404243981, 0.0 ], [ 39.704448484065793, 21.289135800411355, 0.0 ], [ 39.704455165571332, 21.28913412666568, 0.0 ], [ 39.704461826751185, 21.289132383215108, 0.0 ], [ 39.70446846677698, 21.289130570276434, 0.0 ], [ 39.704475084823031, 21.28912868807511, 0.0 ], [ 39.704481680066372, 21.289126736845184, 0.0 ], [ 39.704488251686868, 21.28912471682931, 0.0 ], [ 39.704494798867309, 21.289122628278644, 0.0 ], [ 39.70450132079354, 21.289120471452939, 0.0 ], [ 39.704507816654584, 21.289118246620404, 0.0 ], [ 39.704514285642603, 21.289115954057671, 0.0 ], [ 39.704520726953213, 21.289113594049855, 0.0 ], [ 39.704527139785405, 21.289111166890422, 0.0 ], [ 39.704533523341723, 21.289108672881181, 0.0 ], [ 39.70453987682837, 21.289106112332302, 0.0 ], [ 39.70454619945528, 21.289103485562158, 0.0 ], [ 39.7045524904362, 21.289100792897418, 0.0 ], [ 39.70455874898888, 21.289098034672907, 0.0 ], [ 39.704564974334993, 21.289095211231622, 0.0 ], [ 39.704571165700443, 21.289092322924663, 0.0 ], [ 39.704577322315309, 21.28908937011121, 0.0 ], [ 39.704583443414009, 21.289086353158439, 0.0 ], [ 39.704589528235367, 21.289083272441506, 0.0 ], [ 39.70459557602274, 21.289080128343546, 0.0 ], [ 39.704601586024062, 21.289076921255486, 0.0 ], [ 39.704607557491975, 21.289073651576164, 0.0 ], [ 39.704613489683908, 21.289070319712167, 0.0 ], [ 39.704619381862202, 21.289066926077815, 0.0 ], [ 39.704625233294145, 21.289063471095112, 0.0 ], [ 39.704631043252107, 21.289059955193711, 0.0 ], [ 39.704636811013593, 21.289056378810791, 0.0 ], [ 39.704642535861403, 21.289052742391114, 0.0 ], [ 39.704645321935367, 21.289050940860019, 0.0 ], [ 39.70473406157452, 21.288982909792576, 0.0 ], [ 39.704738208292845, 21.288979846519201, 0.0 ], [ 39.70474240231065, 21.288976840315037, 0.0 ], [ 39.70474664273317, 21.288973891821399, 0.0 ], [ 39.704750928655848, 21.288971001667299, 0.0 ], [ 39.704755259164337, 21.288968170469282, 0.0 ], [ 39.70475963333481, 21.28896539883133, 0.0 ], [ 39.704764050234154, 21.288962687344718, 0.0 ], [ 39.704768508920068, 21.28896003658787, 0.0 ], [ 39.704773008441428, 21.288957447126279, 0.0 ], [ 39.704777547838319, 21.288954919512346, 0.0 ], [ 39.704782126142369, 21.288952454285312, 0.0 ], [ 39.704786742376875, 21.288950051971046, 0.0 ], [ 39.704791395557081, 21.288947713082067, 0.0 ], [ 39.704796084690308, 21.288945438117281, 0.0 ], [ 39.70480080877622, 21.288943227562044, 0.0 ], [ 39.704805566807053, 21.288941081887927, 0.0 ], [ 39.704810357767755, 21.288939001552645, 0.0 ], [ 39.704815180636281, 21.288936987000024, 0.0 ], [ 39.704820034383772, 21.28893503865979, 0.0 ], [ 39.704824917974797, 21.288933156947632, 0.0 ], [ 39.704829830367515, 21.288931342264902, 0.0 ], [ 39.704834770513983, 21.288929594998802, 0.0 ], [ 39.704839737360324, 21.288927915522017, 0.0 ], [ 39.704844729846961, 21.288926304192863, 0.0 ], [ 39.704849746908842, 21.288924761355048, 0.0 ], [ 39.704854787475696, 21.288923287337724, 0.0 ], [ 39.704859850472218, 21.288921882455359, 0.0 ], [ 39.704864934818303, 21.288920547007635, 0.0 ], [ 39.704870039429338, 21.288919281279437, 0.0 ], [ 39.704875163216364, 21.288918085540811, 0.0 ], [ 39.704880305086299, 21.288916960046791, 0.0 ], [ 39.704885463942247, 21.288915905037523, 0.0 ], [ 39.704890638683693, 21.288914920738051, 0.0 ], [ 39.704895828206681, 21.288914007358368, 0.0 ], [ 39.704901031404141, 21.288913165093316, 0.0 ], [ 39.7049062471661, 21.288912394122583, 0.0 ], [ 39.704911474379877, 21.288911694610604, 0.0 ], [ 39.704916711930338, 21.28891106670665, 0.0 ], [ 39.70492195870019, 21.288910510544635, 0.0 ], [ 39.704927213570109, 21.288910026243247, 0.0 ], [ 39.704932475419106, 21.288909613905751, 0.0 ], [ 39.704937743124667, 21.288909273620146, 0.0 ], [ 39.704943015563039, 21.288909005459008, 0.0 ], [ 39.704948291609455, 21.288908809479551, 0.0 ], [ 39.7049535701384, 21.288908685723584, 0.0 ], [ 39.704958850023765, 21.288908634217506, 0.0 ], [ 39.704964130139238, 21.288908654972296, 0.0 ], [ 39.704969409358426, 21.288908747983534, 0.0 ], [ 39.704974686555069, 21.288908913231381, 0.0 ], [ 39.704977292497638, 21.288909021514662, 0.0 ], [ 39.70514337232968, 21.2889257036854, 0.0 ], [ 39.705149154874192, 21.288927343857775, 0.0 ], [ 39.705154914595127, 21.28892905305722, 0.0 ], [ 39.705160650554056, 21.288930831005324, 0.0 ], [ 39.70516636181641, 21.288932677412362, 0.0 ], [ 39.705172047451654, 21.288934591977515, 0.0 ], [ 39.705177706533441, 21.28893657438886, 0.0 ], [ 39.705183338139754, 21.288938624323375, 0.0 ], [ 39.705188941352986, 21.288940741447064, 0.0 ], [ 39.705194515260224, 21.288942925415025, 0.0 ], [ 39.705200058953338, 21.288945175871362, 0.0 ], [ 39.705205571529071, 21.288947492449452, 0.0 ], [ 39.705211052089254, 21.288949874771852, 0.0 ], [ 39.705216499740949, 21.288952322450388, 0.0 ], [ 39.705221913596588, 21.288954835086287, 0.0 ], [ 39.705227292774047, 21.288957412270147, 0.0 ], [ 39.705232636396929, 21.288960053582077, 0.0 ], [ 39.705233548488636, 21.288960512622467, 0.0 ], [ 39.706340924329488, 21.289007304535041, 0.0 ], [ 39.708324562993567, 21.289076437297815, 0.0 ], [ 39.70838020774157, 21.289132610696793, 0.0 ], [ 39.708393867151379, 21.288789601883973, 0.0 ], [ 39.707854387584604, 21.288770802706878, 0.0 ], [ 39.707584647833329, 21.288761402464569, 0.0 ], [ 39.706779546076596, 21.288733342633247, 0.0 ], [ 39.706509806410686, 21.288723940654187, 0.0 ], [ 39.706360399499999, 21.288718732775997, 0.0 ], [ 39.705106961155217, 21.288636939723038, 0.0 ], [ 39.705101236612435, 21.28863681993829, 0.0 ], [ 39.70509551432027, 21.28863662792233, 0.0 ], [ 39.705089795316759, 21.288636363709983, 0.0 ], [ 39.705084080639409, 21.288636027349192, 0.0 ], [ 39.705078371324838, 21.288635618900944, 0.0 ], [ 39.705072668408775, 21.288635138439368, 0.0 ], [ 39.705068276585855, 21.288634718903484, 0.0 ], [ 39.704972843714266, 21.288619698303808, 0.0 ], [ 39.704965656134327, 21.288619605434892, 0.0 ], [ 39.704958467895118, 21.288619584824936, 0.0 ], [ 39.70495127982403, 21.288619636476323, 0.0 ], [ 39.704944092748462, 21.288619760383089, 0.0 ], [ 39.704936907495672, 21.28861995653099, 0.0 ], [ 39.704929724892736, 21.288620224897457, 0.0 ], [ 39.704922545766408, 21.28862056545157, 0.0 ], [ 39.704915370943041, 21.288620978154157, 0.0 ], [ 39.704908201248507, 21.28862146295771, 0.0 ], [ 39.704901037508087, 21.288622019806393, 0.0 ], [ 39.704893880546344, 21.288622648636171, 0.0 ], [ 39.704886731187102, 21.288623349374603, 0.0 ], [ 39.704879590253277, 21.288624121941059, 0.0 ], [ 39.70487245856684, 21.288624966246623, 0.0 ], [ 39.704865336948714, 21.288625882194076, 0.0 ], [ 39.704858226218597, 21.288626869678023, 0.0 ], [ 39.704851127194978, 21.288627928584784, 0.0 ], [ 39.704844040695015, 21.288629058792459, 0.0 ], [ 39.704836967534405, 21.288630260170979, 0.0 ], [ 39.704829908527287, 21.288631532582052, 0.0 ], [ 39.704822864486218, 21.28863287587922, 0.0 ], [ 39.704815836221975, 21.288634289907854, 0.0 ], [ 39.704808824543605, 21.288635774505192, 0.0 ], [ 39.704801830258134, 21.288637329500347, 0.0 ], [ 39.704794854170686, 21.288638954714326, 0.0 ], [ 39.704787897084238, 21.288640649960076, 0.0 ], [ 39.704780959799564, 21.288642415042453, 0.0 ], [ 39.704774043115229, 21.288644249758281, 0.0 ], [ 39.704767147827347, 21.288646153896405, 0.0 ], [ 39.704760274729622, 21.288648127237611, 0.0 ], [ 39.704753424613195, 21.288650169554757, 0.0 ], [ 39.704746598266539, 21.288652280612791, 0.0 ], [ 39.704739796475437, 21.288654460168683, 0.0 ], [ 39.704733020022765, 21.288656707971576, 0.0 ], [ 39.704726269688571, 21.288659023762754, 0.0 ], [ 39.704719546249848, 21.288661407275615, 0.0 ], [ 39.704712850480497, 21.288663858235818, 0.0 ], [ 39.704706183151259, 21.288666376361252, 0.0 ], [ 39.704699545029577, 21.288668961362056, 0.0 ], [ 39.704692936879518, 21.288671612940689, 0.0 ], [ 39.704686359461732, 21.288674330791956, 0.0 ], [ 39.704679813533332, 21.288677114602979, 0.0 ], [ 39.704673299847791, 21.288679964053344, 0.0 ], [ 39.704666819154852, 21.288682878815081, 0.0 ], [ 39.704660372200507, 21.288685858552654, 0.0 ], [ 39.704653959726819, 21.288688902923095, 0.0 ], [ 39.704647582471921, 21.288692011575979, 0.0 ], [ 39.704641241169867, 21.288695184153468, 0.0 ], [ 39.704634936550583, 21.288698420290402, 0.0 ], [ 39.704628669339776, 21.288701719614284, 0.0 ], [ 39.704622440258831, 21.288705081745299, 0.0 ], [ 39.704616250024749, 21.288708506296494, 0.0 ], [ 39.704610099350077, 21.288711992873662, 0.0 ], [ 39.7046039889428, 21.288715541075494, 0.0 ], [ 39.704597919506249, 21.288719150493545, 0.0 ], [ 39.704591891739071, 21.288722820712383, 0.0 ], [ 39.704585906335083, 21.288726551309519, 0.0 ], [ 39.704579963983257, 21.288730341855544, 0.0 ], [ 39.704574065367595, 21.288734191914145, 0.0 ], [ 39.704568211167057, 21.288738101042163, 0.0 ], [ 39.704562402055508, 21.288742068789631, 0.0 ], [ 39.704556638701632, 21.288746094699842, 0.0 ], [ 39.704550921768778, 21.288750178309364, 0.0 ], [ 39.70454525191505, 21.28875431914819, 0.0 ], [ 39.704539629793082, 21.288758516739669, 0.0 ], [ 39.704534056050001, 21.288762770600634, 0.0 ], [ 39.704528531327377, 21.288767080241414, 0.0 ], [ 39.704523056261174, 21.288771445165978, 0.0 ], [ 39.704517631481586, 21.288775864871884, 0.0 ], [ 39.70451225761304, 21.288780338850394, 0.0 ], [ 39.704506935274104, 21.288784866586532, 0.0 ], [ 39.704504947124121, 21.288786583167475, 0.0 ], [ 39.704501344667463, 21.28878969985017, 0.0 ], [ 39.704497690344063, 21.288792763060766, 0.0 ], [ 39.704493985058079, 21.288795772041404, 0.0 ], [ 39.704490229726261, 21.288798726047592, 0.0 ], [ 39.704486425277736, 21.288801624348455, 0.0 ], [ 39.704482572653802, 21.288804466226892, 0.0 ], [ 39.704478672807674, 21.288807250979783, 0.0 ], [ 39.704474726704234, 21.28880997791812, 0.0 ], [ 39.704470735319816, 21.288812646367202, 0.0 ], [ 39.704466699641983, 21.288815255666805, 0.0 ], [ 39.704462620669212, 21.288817805171355, 0.0 ], [ 39.70445849941072, 21.288820294250055, 0.0 ], [ 39.704457749815333, 21.288820737799178, 0.0 ], [ 39.704191603522794, 21.288857741231787, 0.0 ], [ 39.703691022325259, 21.288830733708462, 0.0 ], [ 39.703421503112949, 21.288816191892604, 0.0 ], [ 39.702920922129195, 21.28878918205676, 0.0 ], [ 39.702540032603288, 21.288768629397921, 0.0 ], [ 39.702002539704793, 21.288739624990672, 0.0 ], [ 39.701694937374256, 21.288751078844463, 0.0 ], [ 39.701686175326444, 21.2887526416987, 0.0 ], [ 39.70167742801884, 21.288754275480652, 0.0 ], [ 39.701668696105436, 21.28875598006816, 0.0 ], [ 39.701659980239079, 21.288757755333794, 0.0 ], [ 39.701651281071406, 21.2887596011448, 0.0 ], [ 39.701642599252786, 21.288761517363234, 0.0 ], [ 39.701633935432326, 21.288763503845768, 0.0 ], [ 39.701625290257788, 21.288765560443913, 0.0 ], [ 39.7016166643755, 21.288767687003922, 0.0 ], [ 39.701608058430388, 21.288769883366779, 0.0 ], [ 39.70159947306589, 21.288772149368278, 0.0 ], [ 39.701590908923855, 21.288774484839017, 0.0 ], [ 39.701582366644601, 21.288776889604375, 0.0 ], [ 39.701573846866779, 21.288779363484554, 0.0 ], [ 39.701565350227369, 21.288781906294624, 0.0 ], [ 39.701556877361618, 21.288784517844441, 0.0 ], [ 39.701548428903003, 21.28878719793877, 0.0 ], [ 39.701540005483182, 21.288789946377239, 0.0 ], [ 39.701531607731916, 21.288792762954337, 0.0 ], [ 39.701523236277062, 21.288795647459516, 0.0 ], [ 39.701514891744502, 21.288798599677104, 0.0 ], [ 39.701506574758142, 21.288801619386366, 0.0 ], [ 39.70149828593977, 21.28880470636155, 0.0 ], [ 39.701490025909131, 21.288807860371854, 0.0 ], [ 39.701481795283762, 21.288811081181485, 0.0 ], [ 39.701473594679015, 21.288814368549627, 0.0 ], [ 39.701465424708033, 21.288817722230487, 0.0 ], [ 39.70145728598164, 21.288821141973372, 0.0 ], [ 39.701449179108302, 21.288824627522541, 0.0 ], [ 39.701441104694155, 21.288828178617457, 0.0 ], [ 39.701433063342883, 21.288831794992607, 0.0 ], [ 39.701425055655669, 21.288835476377603, 0.0 ], [ 39.701417082231252, 21.288839222497216, 0.0 ], [ 39.701409143665728, 21.288843033071355, 0.0 ], [ 39.701401240552663, 21.288846907815145, 0.0 ], [ 39.701393373482894, 21.288850846438873, 0.0 ], [ 39.701385543044616, 21.288854848648086, 0.0 ], [ 39.70137774982328, 21.288858914143542, 0.0 ], [ 39.701369994401546, 21.288863042621305, 0.0 ], [ 39.701362277359245, 21.288867233772702, 0.0 ], [ 39.701354599273344, 21.288871487284375, 0.0 ], [ 39.701346960717906, 21.288875802838323, 0.0 ], [ 39.701339362264022, 21.288880180111882, 0.0 ], [ 39.701331804479786, 21.2888846187778, 0.0 ], [ 39.701324287930269, 21.288889118504223, 0.0 ], [ 39.701316813177442, 21.288893678954697, 0.0 ], [ 39.701309380780167, 21.288898299788308, 0.0 ], [ 39.701301991294102, 21.288902980659543, 0.0 ], [ 39.701294645271759, 21.288907721218468, 0.0 ], [ 39.701287343262351, 21.288912521110632, 0.0 ], [ 39.701280085811824, 21.288917379977178, 0.0 ], [ 39.701272873462784, 21.288922297454853, 0.0 ], [ 39.701265706754427, 21.288927273175975, 0.0 ], [ 39.701258586222643, 21.288932306768547, 0.0 ], [ 39.70125151239975, 21.288937397856248, 0.0 ], [ 39.701244485814655, 21.288942546058415, 0.0 ], [ 39.70123750699269, 21.288947750990147, 0.0 ], [ 39.701230576455636, 21.288953012262319, 0.0 ], [ 39.701228874459979, 21.288954318619471, 0.0 ], [ 39.701042416168264, 21.289141656849072, 0.0 ], [ 39.701037282096983, 21.289148491239164, 0.0 ], [ 39.701032211280683, 21.289155366961335, 0.0 ], [ 39.701027204098487, 21.289162283501515, 0.0 ], [ 39.701022260924738, 21.289169240342609, 0.0 ], [ 39.701017382129052, 21.289176236964433, 0.0 ], [ 39.701012568076209, 21.289183272843925, 0.0 ], [ 39.701007819126126, 21.289190347455055, 0.0 ], [ 39.701003135633869, 21.289197460268859, 0.0 ], [ 39.700998517949607, 21.289204610753565, 0.0 ], [ 39.700993966418608, 21.289211798374538, 0.0 ], [ 39.700989481381157, 21.28921902259442, 0.0 ], [ 39.700985063172602, 21.289226282873088, 0.0 ], [ 39.700980712123304, 21.289233578667709, 0.0 ], [ 39.70097642855854, 21.289240909432824, 0.0 ], [ 39.70097221279859, 21.289248274620334, 0.0 ], [ 39.700968065158683, 21.289255673679602, 0.0 ], [ 39.70096398594891, 21.289263106057415, 0.0 ], [ 39.700959975474269, 21.289270571198088, 0.0 ], [ 39.700956034034618, 21.289278068543485, 0.0 ], [ 39.700952161924647, 21.28928559753308, 0.0 ], [ 39.700948359433859, 21.289293157603943, 0.0 ], [ 39.700944626846578, 21.289300748190858, 0.0 ], [ 39.700940964441862, 21.28930836872631, 0.0 ], [ 39.700937372493577, 21.289316018640534, 0.0 ], [ 39.700933851270236, 21.28932369736161, 0.0 ], [ 39.700930401035158, 21.289331404315405, 0.0 ], [ 39.700927022046294, 21.289339138925701, 0.0 ], [ 39.700923714556318, 21.289346900614238, 0.0 ], [ 39.700920478812471, 21.289354688800703, 0.0 ], [ 39.700917315056756, 21.289362502902812, 0.0 ], [ 39.700914223525665, 21.289370342336326, 0.0 ], [ 39.700911204450371, 21.289378206515114, 0.0 ], [ 39.700908258056614, 21.289386094851242, 0.0 ], [ 39.700905384564678, 21.289394006754922, 0.0 ], [ 39.70090258418945, 21.289401941634598, 0.0 ], [ 39.700899857140271, 21.289409898897045, 0.0 ], [ 39.700897203621061, 21.289417877947294, 0.0 ], [ 39.700894623830216, 21.289425878188815, 0.0 ], [ 39.700892117960642, 21.289433899023468, 0.0 ], [ 39.700889686199702, 21.289441939851546, 0.0 ], [ 39.700887328729209, 21.289450000071891, 0.0 ], [ 39.700885045725443, 21.289458079081875, 0.0 ], [ 39.700882837359096, 21.28946617627745, 0.0 ], [ 39.700880703795313, 21.289474291053228, 0.0 ], [ 39.70087864519359, 21.289482422802511, 0.0 ], [ 39.700876661707895, 21.289490570917327, 0.0 ], [ 39.700874753486495, 21.289498734788452, 0.0 ], [ 39.700872920672076, 21.289506913805543, 0.0 ], [ 39.700871163401722, 21.28951510735704, 0.0 ], [ 39.700869481806798, 21.289523314830401, 0.0 ], [ 39.700867876013042, 21.28953153561195, 0.0 ], [ 39.700866346140529, 21.289539769087082, 0.0 ], [ 39.70086489230367, 21.289548014640189, 0.0 ], [ 39.70086351461115, 21.289556271654799, 0.0 ], [ 39.700862213166005, 21.28956453951356, 0.0 ], [ 39.700860988065543, 21.289572817598323, 0.0 ], [ 39.700859839401375, 21.289581105290182, 0.0 ], [ 39.700858767259376, 21.289589401969486, 0.0 ], [ 39.700857771719761, 21.289597707015933, 0.0 ], [ 39.70085685285693, 21.289606019808566, 0.0 ], [ 39.700856010739628, 21.289614339725922, 0.0 ], [ 39.700855245430809, 21.289622666145899, 0.0 ], [ 39.700854556987721, 21.289630998446011, 0.0 ], [ 39.70085394546183, 21.289639336003258, 0.0 ], [ 39.700853595222732, 21.289644662567181, 0.0 ], [ 39.700849528697823, 21.290073546860398, 0.0 ], [ 39.700873843637737, 21.290139045470944, 0.0 ], [ 39.70087520628929, 21.290164623166742, 0.0 ], [ 39.700875432763702, 21.290169598926912, 0.0 ], [ 39.700875582164436, 21.290174577251122, 0.0 ], [ 39.700875654459978, 21.290179557091317, 0.0 ], [ 39.700875649635115, 21.290184537399121, 0.0 ], [ 39.700875567690872, 21.290189517126041, 0.0 ], [ 39.700875408644471, 21.290194495223776, 0.0 ], [ 39.7008751725294, 21.290199470644286, 0.0 ], [ 39.700874859395363, 21.290204442340123, 0.0 ], [ 39.700874469308253, 21.290209409264662, 0.0 ], [ 39.700874002350204, 21.290214370372201, 0.0 ], [ 39.700873458619512, 21.290219324618366, 0.0 ], [ 39.700872838230623, 21.290224270960106, 0.0 ], [ 39.700872141314157, 21.290229208356156, 0.0 ], [ 39.700871368016827, 21.290234135767051, 0.0 ], [ 39.700870518501375, 21.290239052155446, 0.0 ], [ 39.700869592946695, 21.290243956486325, 0.0 ], [ 39.700868591547582, 21.290248847727241, 0.0 ], [ 39.700867514514904, 21.290253724848448, 0.0 ], [ 39.700866362075345, 21.290258586823189, 0.0 ], [ 39.70086513447152, 21.290263432627924, 0.0 ], [ 39.70086383196189, 21.290268261242474, 0.0 ], [ 39.70086245482063, 21.290273071650326, 0.0 ], [ 39.700861003337664, 21.290277862838742, 0.0 ], [ 39.700859477818554, 21.29028263379908, 0.0 ], [ 39.700857878584443, 21.290287383526941, 0.0 ], [ 39.70085620597203, 21.290292111022403, 0.0 ], [ 39.700854460333396, 21.290296815290183, 0.0 ], [ 39.700852642036054, 21.290301495339953, 0.0 ], [ 39.700850751462788, 21.290306150186435, 0.0 ], [ 39.700848789011602, 21.290310778849665, 0.0 ], [ 39.700846755095625, 21.290315380355221, 0.0 ], [ 39.700844650143047, 21.290319953734354, 0.0 ], [ 39.700842474597017, 21.290324498024248, 0.0 ], [ 39.700840228915517, 21.290329012268266, 0.0 ], [ 39.700837913571299, 21.290333495516006, 0.0 ], [ 39.700835529051808, 21.290337946823659, 0.0 ], [ 39.700833075859038, 21.290342365254094, 0.0 ], [ 39.700830554509437, 21.290346749877148, 0.0 ], [ 39.700827965533811, 21.290351099769762, 0.0 ], [ 39.700825309477189, 21.290355414016144, 0.0 ], [ 39.700822586898731, 21.290359691708062, 0.0 ], [ 39.70081979837159, 21.290363931944956, 0.0 ], [ 39.700816944482831, 21.290368133834157, 0.0 ], [ 39.700814025833239, 21.290372296491043, 0.0 ], [ 39.700811043037262, 21.290376419039308, 0.0 ], [ 39.700807996722872, 21.290380500611015, 0.0 ], [ 39.700804887531341, 21.290384540346935, 0.0 ], [ 39.700801716117269, 21.290388537396581, 0.0 ], [ 39.700798483148262, 21.290392490918478, 0.0 ], [ 39.700795189304991, 21.290396400080319, 0.0 ], [ 39.700791835280853, 21.290400264059119, 0.0 ], [ 39.700788421781965, 21.290404082041452, 0.0 ], [ 39.700784949526906, 21.290407853223481, 0.0 ], [ 39.700781419246709, 21.290411576811323, 0.0 ], [ 39.700777831684569, 21.290415252021067, 0.0 ], [ 39.700774187595734, 21.29041887807897, 0.0 ], [ 39.700770487747398, 21.290422454221684, 0.0 ], [ 39.700766732918432, 21.290425979696327, 0.0 ], [ 39.700762923899362, 21.290429453760705, 0.0 ], [ 39.700759061492022, 21.290432875683443, 0.0 ], [ 39.700755146509579, 21.290436244744129, 0.0 ], [ 39.700751179776212, 21.290439560233512, 0.0 ], [ 39.700747162127023, 21.290442821453595, 0.0 ], [ 39.700743094407819, 21.290446027717802, 0.0 ], [ 39.700738977474934, 21.29044917835115, 0.0 ], [ 39.700734812195101, 21.290452272690338, 0.0 ], [ 39.70073059944523, 21.290455310083939, 0.0 ], [ 39.700726340112176, 21.290458289892513, 0.0 ], [ 39.700722035092632, 21.290461211488719, 0.0 ], [ 39.700717685292901, 21.290464074257493, 0.0 ], [ 39.700713291628745, 21.290466877596174, 0.0 ], [ 39.700708855025113, 21.29046962091455, 0.0 ], [ 39.700704376416034, 21.290472303635124, 0.0 ], [ 39.700699856744379, 21.290474925193095, 0.0 ], [ 39.700695296961605, 21.290477485036575, 0.0 ], [ 39.700690698027699, 21.290479982626625, 0.0 ], [ 39.700686060910819, 21.29048241743747, 0.0 ], [ 39.700681643539049, 21.290484660718903, 0.0 ], [ 39.700549281277375, 21.290550782271026, 0.0 ], [ 39.700316497201094, 21.290680002635618, 0.0 ], [ 39.700305387383089, 21.290687046726319, 0.0 ], [ 39.700294320964488, 21.290694150545516, 0.0 ], [ 39.700283298311149, 21.29070131385841, 0.0 ], [ 39.70027231978743, 21.290708536428177, 0.0 ], [ 39.700261385756257, 21.290715818016089, 0.0 ], [ 39.700250496579081, 21.290723158381425, 0.0 ], [ 39.700239652615856, 21.290730557281556, 0.0 ], [ 39.700228854225081, 21.290738014471877, 0.0 ], [ 39.700218101763681, 21.290745529705887, 0.0 ], [ 39.700207395587128, 21.290753102735145, 0.0 ], [ 39.70019673604935, 21.290760733309355, 0.0 ], [ 39.700186123502704, 21.290768421176239, 0.0 ], [ 39.700175558298028, 21.290776166081663, 0.0 ], [ 39.700165040784569, 21.29078396776962, 0.0 ], [ 39.700154571310001, 21.290791825982218, 0.0 ], [ 39.700144150220439, 21.290799740459651, 0.0 ], [ 39.700133777860366, 21.290807710940339, 0.0 ], [ 39.700123454572648, 21.290815737160795, 0.0 ], [ 39.700113180698587, 21.290823818855667, 0.0 ], [ 39.700102956577787, 21.290831955757842, 0.0 ], [ 39.700092782548225, 21.29084014759832, 0.0 ], [ 39.700082658946251, 21.290848394106305, 0.0 ], [ 39.700072586106508, 21.2908566950092, 0.0 ], [ 39.700062564362, 21.290865050032604, 0.0 ], [ 39.700052594043989, 21.290873458900332, 0.0 ], [ 39.700042675482109, 21.290881921334417, 0.0 ], [ 39.70003280900422, 21.290890437055086, 0.0 ], [ 39.700022994936475, 21.29089900578089, 0.0 ], [ 39.70001323360335, 21.290907627228524, 0.0 ], [ 39.700003525327475, 21.290916301113029, 0.0 ], [ 39.699993870429829, 21.290925027147647, 0.0 ], [ 39.69998426922956, 21.290933805043963, 0.0 ], [ 39.699974722044054, 21.290942634511772, 0.0 ], [ 39.699965229188948, 21.290951515259191, 0.0 ], [ 39.699955790978024, 21.290960446992685, 0.0 ], [ 39.699946407723324, 21.290969429416982, 0.0 ], [ 39.699937079735001, 21.290978462235145, 0.0 ], [ 39.699931279511475, 21.290984131667255, 0.0 ], [ 39.699752826339832, 21.291181319874248, 0.0 ], [ 39.699744801619389, 21.291191391885746, 0.0 ], [ 39.699736838830098, 21.291201506953744, 0.0 ], [ 39.699728938235175, 21.291211664743848, 0.0 ], [ 39.699721100095793, 21.291221864920288, 0.0 ], [ 39.699713324671102, 21.29123210714587, 0.0 ], [ 39.699705612218111, 21.291242391082029, 0.0 ], [ 39.699697962991799, 21.291252716388783, 0.0 ], [ 39.699690377245041, 21.291263082724846, 0.0 ], [ 39.699682855228616, 21.291273489747521, 0.0 ], [ 39.6996753971912, 21.291283937112766, 0.0 ], [ 39.699668003379323, 21.29129442447525, 0.0 ], [ 39.699660674037439, 21.291304951488261, 0.0 ], [ 39.699653409407844, 21.291315517803845, 0.0 ], [ 39.699646209730687, 21.291326123072682, 0.0 ], [ 39.699639075244001, 21.291336766944191, 0.0 ], [ 39.699632006183606, 21.291347449066542, 0.0 ], [ 39.699625002783243, 21.2913581690866, 0.0 ], [ 39.699618065274436, 21.291368926649991, 0.0 ], [ 39.699611193886504, 21.291379721401103, 0.0 ], [ 39.699604388846637, 21.291390552983096, 0.0 ], [ 39.699597650379793, 21.291401421037907, 0.0 ], [ 39.699590978708727, 21.291412325206284, 0.0 ], [ 39.699584374054034, 21.291423265127744, 0.0 ], [ 39.699577836634028, 21.291434240440662, 0.0 ], [ 39.699571366664841, 21.2914452507822, 0.0 ], [ 39.699564964360377, 21.291456295788429, 0.0 ], [ 39.699558629932284, 21.291467375094197, 0.0 ], [ 39.699552363589987, 21.291478488333262, 0.0 ], [ 39.699546165540632, 21.291489635138266, 0.0 ], [ 39.699540035989138, 21.291500815140715, 0.0 ], [ 39.699539409090654, 21.291501967547145, 0.0 ], [ 39.699195402981609, 21.292187639974763, 0.0 ], [ 39.698499879854005, 21.293579697467777, 0.0 ], [ 39.698385425504028, 21.293808769848166, 0.0 ], [ 39.69834448052012, 21.293890718183896, 0.0 ], [ 39.69833821464993, 21.293903344062024, 0.0 ], [ 39.698332018796393, 21.293916000231111, 0.0 ], [ 39.698325893126444, 21.293928686350267, 0.0 ], [ 39.698319837805073, 21.293941402077792, 0.0 ], [ 39.698313852995412, 21.29395414707119, 0.0 ], [ 39.698307938858676, 21.293966920987152, 0.0 ], [ 39.698302095554197, 21.293979723481616, 0.0 ], [ 39.698296323239362, 21.29399255420973, 0.0 ], [ 39.698290622069706, 21.294005412825904, 0.0 ], [ 39.698284992198779, 21.294018298983787, 0.0 ], [ 39.698279433778254, 21.294031212336268, 0.0 ], [ 39.698273946957876, 21.294044152535534, 0.0 ], [ 39.698268531885439, 21.294057119233035, 0.0 ], [ 39.698263188706832, 21.294070112079499, 0.0 ], [ 39.698257917565989, 21.294083130724964, 0.0 ], [ 39.698252718604927, 21.294096174818762, 0.0 ], [ 39.698247591963671, 21.294109244009537, 0.0 ], [ 39.698242537780345, 21.294122337945275, 0.0 ], [ 39.698237556191117, 21.294135456273295, 0.0 ], [ 39.698232647330165, 21.294148598640216, 0.0 ], [ 39.698227811329737, 21.294161764692049, 0.0 ], [ 39.698223048320138, 21.294174954074194, 0.0 ], [ 39.698220276611615, 21.294182734818218, 0.0 ], [ 39.698131736084008, 21.294493870523347, 0.0 ], [ 39.698128813898549, 21.294507522404935, 0.0 ], [ 39.698125967370999, 21.294521188303584, 0.0 ], [ 39.698123196578045, 21.294534867851215, 0.0 ], [ 39.69812050159431, 21.294548560679331, 0.0 ], [ 39.698117882492447, 21.294562266419149, 0.0 ], [ 39.698115339343019, 21.294575984701471, 0.0 ], [ 39.698112872214544, 21.294589715156757, 0.0 ], [ 39.698110481173458, 21.294603457415203, 0.0 ], [ 39.698108166284271, 21.294617211106651, 0.0 ], [ 39.698105927609291, 21.294630975860613, 0.0 ], [ 39.698103765208849, 21.294644751306336, 0.0 ], [ 39.698101679141239, 21.29465853707276, 0.0 ], [ 39.69809966946265, 21.294672332788558, 0.0 ], [ 39.69809773622724, 21.294686138082138, 0.0 ], [ 39.698095879487106, 21.294699952581631, 0.0 ], [ 39.698094099292291, 21.294713775914932, 0.0 ], [ 39.698092395690743, 21.29472760770971, 0.0 ], [ 39.698090768728392, 21.294741447593381, 0.0 ], [ 39.698089218449091, 21.294755295193159, 0.0 ], [ 39.698087744894607, 21.294769150136062, 0.0 ], [ 39.698086348104638, 21.294783012048864, 0.0 ], [ 39.698085028116843, 21.294796880558206, 0.0 ], [ 39.698083784966826, 21.294810755290523, 0.0 ], [ 39.698082618688048, 21.294824635872079, 0.0 ], [ 39.69808152931197, 21.294838521928998, 0.0 ], [ 39.698080516867961, 21.294852413087224, 0.0 ], [ 39.69807958138329, 21.294866308972619, 0.0 ], [ 39.69807872288321, 21.294880209210859, 0.0 ], [ 39.698077941390842, 21.294894113427535, 0.0 ], [ 39.698077236927269, 21.294908021248133, 0.0 ], [ 39.698076609511496, 21.294921932298013, 0.0 ], [ 39.698076059160421, 21.294935846202499, 0.0 ], [ 39.698075585888908, 21.294949762586775, 0.0 ], [ 39.698075189709726, 21.294963681075995, 0.0 ], [ 39.698074870633569, 21.294977601295255, 0.0 ], [ 39.698074628669033, 21.294991522869612, 0.0 ], [ 39.698074463822678, 21.295005445424064, 0.0 ], [ 39.698074376098972, 21.295019368583585, 0.0 ], [ 39.69807436550029, 21.295033291973148, 0.0 ], [ 39.698074432026928, 21.295047215217714, 0.0 ], [ 39.698074575677133, 21.295061137942241, 0.0 ], [ 39.698074796447045, 21.295075059771708, 0.0 ], [ 39.698075094330761, 21.295088980331119, 0.0 ], [ 39.698075469320244, 21.295102899245517, 0.0 ], [ 39.69807592140544, 21.295116816139959, 0.0 ], [ 39.698076450574192, 21.295130730639585, 0.0 ], [ 39.698077056812274, 21.295144642369603, 0.0 ], [ 39.698077740103351, 21.295158550955293, 0.0 ], [ 39.698078500429077, 21.295172456021994, 0.0 ], [ 39.698079337768952, 21.295186357195156, 0.0 ], [ 39.698080252100475, 21.295200254100347, 0.0 ], [ 39.698081243399024, 21.295214146363229, 0.0 ], [ 39.698082311637926, 21.295228033609622, 0.0 ], [ 39.698083456788432, 21.295241915465404, 0.0 ], [ 39.698084678819697, 21.295255791556716, 0.0 ], [ 39.698085977698845, 21.295269661509757, 0.0 ], [ 39.69808735339091, 21.295283524950907, 0.0 ], [ 39.698088805858852, 21.295297381506774, 0.0 ], [ 39.698090335063583, 21.295311230804096, 0.0 ], [ 39.698091940963899, 21.295325072469822, 0.0 ], [ 39.698093623516598, 21.295338906131118, 0.0 ], [ 39.698095382676364, 21.295352731415363, 0.0 ], [ 39.698097218395844, 21.295366547950138, 0.0 ], [ 39.698099130625607, 21.29538035536331, 0.0 ], [ 39.698101119314167, 21.295394153282928, 0.0 ], [ 39.698103184407955, 21.295407941337341, 0.0 ], [ 39.698105325851408, 21.295421719155147, 0.0 ], [ 39.698107543586836, 21.295435486365236, 0.0 ], [ 39.69810983755454, 21.295449242596746, 0.0 ], [ 39.698112207692738, 21.295462987479162, 0.0 ], [ 39.698114653937601, 21.295476720642231, 0.0 ], [ 39.698117176223278, 21.295490441716044, 0.0 ], [ 39.698119774481839, 21.295504150330995, 0.0 ], [ 39.698122448643318, 21.295517846117843, 0.0 ], [ 39.698125198635708, 21.295531528707656, 0.0 ], [ 39.698128024384943, 21.295545197731872, 0.0 ], [ 39.698130925814937, 21.295558852822325, 0.0 ], [ 39.698133902847559, 21.295572493611161, 0.0 ], [ 39.698136955402646, 21.295586119730999, 0.0 ], [ 39.698140083397973, 21.295599730814747, 0.0 ], [ 39.698143286749328, 21.295613326495804, 0.0 ], [ 39.698146565370422, 21.295626906407925, 0.0 ], [ 39.698149919172991, 21.295640470185351, 0.0 ], [ 39.698153348066676, 21.295654017462706, 0.0 ], [ 39.698156851959176, 21.295667547875073, 0.0 ], [ 39.698160430756097, 21.295681061058001, 0.0 ], [ 39.698164084361082, 21.29569455664749, 0.0 ], [ 39.698167812675734, 21.295708034280004, 0.0 ], [ 39.698171615599634, 21.295721493592538, 0.0 ], [ 39.698175493030369, 21.295734934222516, 0.0 ], [ 39.698179444863534, 21.295748355807898, 0.0 ], [ 39.698183470992674, 21.295761757987162, 0.0 ], [ 39.698187571309369, 21.295775140399311, 0.0 ], [ 39.698191745703213, 21.295788502683855, 0.0 ], [ 39.698195994061734, 21.295801844480867, 0.0 ], [ 39.698200316270551, 21.295815165430977, 0.0 ], [ 39.698204712213254, 21.295828465175344, 0.0 ], [ 39.698209181771453, 21.295841743355741, 0.0 ], [ 39.698213724824768, 21.295854999614498, 0.0 ], [ 39.69821834125085, 21.295868233594515, 0.0 ], [ 39.698223030925362, 21.295881444939347, 0.0 ], [ 39.698227793722019, 21.295894633293106, 0.0 ], [ 39.698232398148157, 21.295907173455639, 0.0 ], [ 39.698310667283536, 21.296086250226931, 0.0 ], [ 39.698388936614734, 21.296265326948731, 0.0 ], [ 39.699047877164979, 21.297695665060562, 0.0 ], [ 39.699190953261727, 21.298006230878592, 0.0 ], [ 39.699299678477779, 21.298242232504712, 0.0 ], [ 39.699708521998197, 21.29912967050959, 0.0 ], [ 39.699817248917363, 21.299365671689845, 0.0 ], [ 39.700206489594279, 21.300210545104335, 0.0 ], [ 39.700208720865305, 21.300215479371595, 0.0 ], [ 39.700210880918036, 21.30022044138606, 0.0 ], [ 39.700212969359754, 21.300225430245522, 0.0 ], [ 39.700214985810724, 21.300230445042978, 0.0 ], [ 39.700216929904329, 21.300235484866615, 0.0 ], [ 39.700218801287072, 21.300240548800129, 0.0 ], [ 39.700220599618724, 21.300245635922831, 0.0 ], [ 39.700222324572316, 21.300250745309789, 0.0 ], [ 39.700223975834184, 21.300255876032043, 0.0 ], [ 39.700225553104133, 21.30026102715674, 0.0 ], [ 39.700227056095351, 21.300266197747337, 0.0 ], [ 39.700228484534605, 21.30027138686372, 0.0 ], [ 39.700229838162137, 21.300276593562444, 0.0 ], [ 39.700231116731828, 21.300281816896828, 0.0 ], [ 39.700232320011224, 21.300287055917227, 0.0 ], [ 39.700233447781535, 21.300292309671079, 0.0 ], [ 39.700234499837713, 21.300297577203157, 0.0 ], [ 39.700235475988457, 21.300302857555753, 0.0 ], [ 39.700236376056274, 21.30030814976881, 0.0 ], [ 39.700237199877542, 21.300313452880129, 0.0 ], [ 39.700237947302448, 21.300318765925528, 0.0 ], [ 39.700238618195073, 21.300324087938996, 0.0 ], [ 39.700239212433459, 21.300329417952902, 0.0 ], [ 39.700239729909534, 21.300334754998175, 0.0 ], [ 39.700240170529227, 21.300340098104456, 0.0 ], [ 39.700240534212398, 21.30034544630027, 0.0 ], [ 39.700240820892915, 21.300350798613252, 0.0 ], [ 39.700241030518647, 21.30035615407024, 0.0 ], [ 39.700241163051494, 21.300361511697552, 0.0 ], [ 39.70024121846734, 21.300366870521067, 0.0 ], [ 39.700241196756082, 21.30037222956647, 0.0 ], [ 39.700241097921683, 21.300377587859401, 0.0 ], [ 39.700240921982086, 21.300382944425632, 0.0 ], [ 39.7002406689693, 21.300388298291264, 0.0 ], [ 39.700240338929277, 21.300393648482849, 0.0 ], [ 39.700239931922042, 21.300398994027685, 0.0 ], [ 39.700239448021591, 21.300404333953832, 0.0 ], [ 39.700238887315876, 21.300409667290406, 0.0 ], [ 39.700238249906853, 21.300414993067726, 0.0 ], [ 39.700237535910389, 21.300420310317481, 0.0 ], [ 39.700236745456316, 21.300425618072893, 0.0 ], [ 39.700235878688325, 21.300430915368949, 0.0 ], [ 39.700234935763987, 21.300436201242512, 0.0 ], [ 39.700233916854771, 21.300441474732498, 0.0 ], [ 39.700232822145885, 21.300446734880136, 0.0 ], [ 39.700231651836383, 21.300451980729033, 0.0 ], [ 39.700230406139013, 21.300457211325384, 0.0 ], [ 39.700229085280277, 21.300462425718198, 0.0 ], [ 39.700227689500316, 21.300467622959424, 0.0 ], [ 39.700226219052908, 21.300472802104103, 0.0 ], [ 39.700224674205366, 21.300477962210582, 0.0 ], [ 39.700223055238581, 21.300483102340692, 0.0 ], [ 39.700221362446911, 21.300488221559839, 0.0 ], [ 39.700219596138105, 21.300493318937296, 0.0 ], [ 39.7002177566333, 21.300498393546235, 0.0 ], [ 39.70021584426695, 21.300503444464042, 0.0 ], [ 39.700213859386771, 21.300508470772375, 0.0 ], [ 39.700211802353593, 21.300513471557352, 0.0 ], [ 39.700209673541437, 21.300518445909759, 0.0 ], [ 39.700207473337336, 21.300523392925179, 0.0 ], [ 39.700205202141348, 21.300528311704142, 0.0 ], [ 39.700202860366367, 21.300533201352341, 0.0 ], [ 39.700200448438174, 21.300538060980791, 0.0 ], [ 39.700197966795315, 21.300542889705866, 0.0 ], [ 39.700195415888942, 21.300547686649683, 0.0 ], [ 39.700192796182876, 21.300552450940039, 0.0 ], [ 39.700190108153414, 21.300557181710712, 0.0 ], [ 39.700187352289269, 21.300561878101586, 0.0 ], [ 39.700184529091509, 21.300566539258774, 0.0 ], [ 39.700181639073435, 21.300571164334794, 0.0 ], [ 39.70017868276048, 21.30057575248874, 0.0 ], [ 39.700175660690135, 21.30058030288637, 0.0 ], [ 39.700172573411884, 21.300584814700382, 0.0 ], [ 39.700169421487033, 21.300589287110455, 0.0 ], [ 39.700166205488635, 21.300593719303411, 0.0 ], [ 39.70016292600144, 21.300598110473402, 0.0 ], [ 39.700159583621648, 21.300602459822059, 0.0 ], [ 39.700156178957023, 21.300606766558559, 0.0 ], [ 39.700152712626547, 21.300611029899908, 0.0 ], [ 39.700149185260464, 21.300615249070937, 0.0 ], [ 39.700145597500075, 21.300619423304536, 0.0 ], [ 39.700141949997743, 21.300623551841731, 0.0 ], [ 39.700138243416603, 21.300627633931931, 0.0 ], [ 39.700134478430584, 21.300631668832899, 0.0 ], [ 39.700130655724209, 21.30063565581106, 0.0 ], [ 39.700126775992516, 21.300639594141476, 0.0 ], [ 39.700122839940882, 21.300643483108118, 0.0 ], [ 39.700118848285001, 21.300647322003893, 0.0 ], [ 39.700114801750537, 21.300651110130826, 0.0 ], [ 39.700110701073292, 21.300654846800182, 0.0 ], [ 39.700106546998789, 21.300658531332548, 0.0 ], [ 39.700102340282314, 21.300662163058025, 0.0 ], [ 39.700098081688722, 21.300665741316308, 0.0 ], [ 39.700093771992286, 21.300669265456794, 0.0 ], [ 39.700089411976592, 21.300672734838752, 0.0 ], [ 39.700085002434342, 21.300676148831364, 0.0 ], [ 39.700080544167292, 21.300679506813946, 0.0 ], [ 39.70007603798603, 21.300682808175925, 0.0 ], [ 39.700071484709802, 21.300686052317062, 0.0 ], [ 39.700066885166521, 21.300689238647522, 0.0 ], [ 39.700062240192452, 21.30069236658797, 0.0 ], [ 39.700057550632117, 21.300695435569708, 0.0 ], [ 39.700052817338154, 21.300698445034733, 0.0 ], [ 39.700048041171165, 21.300701394435855, 0.0 ], [ 39.700043222999525, 21.300704283236836, 0.0 ], [ 39.700041363282089, 21.300705375482551, 0.0 ], [ 39.699944099050583, 21.300762172663905, 0.0 ], [ 39.699714672952013, 21.300896145012601, 0.0 ], [ 39.699288231092602, 21.301145162372283, 0.0 ], [ 39.699058803787736, 21.301279133848709, 0.0 ], [ 39.698786836739885, 21.301437945211859, 0.0 ], [ 39.698222624950631, 21.301676690535178, 0.0 ], [ 39.698211173924385, 21.301679450949599, 0.0 ], [ 39.698199703931053, 21.301682141322331, 0.0 ], [ 39.698188215458742, 21.301684761538901, 0.0 ], [ 39.698176708996328, 21.301687311487804, 0.0 ], [ 39.69816518503346, 21.301689791060515, 0.0 ], [ 39.698153644060532, 21.301692200151532, 0.0 ], [ 39.69814208656868, 21.301694538658314, 0.0 ], [ 39.698130513049712, 21.301696806481374, 0.0 ], [ 39.698118923996134, 21.301699003524185, 0.0 ], [ 39.698107319901091, 21.301701129693264, 0.0 ], [ 39.698095701258453, 21.301703184898138, 0.0 ], [ 39.698084068562572, 21.301705169051324, 0.0 ], [ 39.69807242230852, 21.301707082068404, 0.0 ], [ 39.698060762991865, 21.30170892386797, 0.0 ], [ 39.698049091108786, 21.301710694371653, 0.0 ], [ 39.698037407155958, 21.301712393504079, 0.0 ], [ 39.698025711630585, 21.301714021192979, 0.0 ], [ 39.698014005030402, 21.301715577369059, 0.0 ], [ 39.698002287853527, 21.301717061966109, 0.0 ], [ 39.697990560598591, 21.301718474920957, 0.0 ], [ 39.697978823764657, 21.301719816173463, 0.0 ], [ 39.697967077851182, 21.301721085666564, 0.0 ], [ 39.697955323357995, 21.301722283346216, 0.0 ], [ 39.697943560785291, 21.30172340916145, 0.0 ], [ 39.697931790633653, 21.30172446306441, 0.0 ], [ 39.697920013403916, 21.301725445010177, 0.0 ], [ 39.69790822959731, 21.301726354956998, 0.0 ], [ 39.69789643971523, 21.30172719286616, 0.0 ], [ 39.69788464425941, 21.301727958701989, 0.0 ], [ 39.697872843731808, 21.301728652431894, 0.0 ], [ 39.697861038634606, 21.301729274026361, 0.0 ], [ 39.697849229470116, 21.301729823458935, 0.0 ], [ 39.69783741674091, 21.301730300706218, 0.0 ], [ 39.69782560094967, 21.301730705747936, 0.0 ], [ 39.697813782599198, 21.301731038566825, 0.0 ], [ 39.697801962192422, 21.301731299148734, 0.0 ], [ 39.697790140232364, 21.301731487482577, 0.0 ], [ 39.697778317222095, 21.301731603560324, 0.0 ], [ 39.69776649366473, 21.301731647377029, 0.0 ], [ 39.697754670063432, 21.301731618930845, 0.0 ], [ 39.697742846921336, 21.301731518222969, 0.0 ], [ 39.697731024741572, 21.301731345257721, 0.0 ], [ 39.69771920402723, 21.301731100042417, 0.0 ], [ 39.69770738528134, 21.301730782587502, 0.0 ], [ 39.697695569006839, 21.301730392906499, 0.0 ], [ 39.697683755706556, 21.30172993101597, 0.0 ], [ 39.697671945883215, 21.301729396935599, 0.0 ], [ 39.697660140039375, 21.301728790688074, 0.0 ], [ 39.697648338677418, 21.301728112299223, 0.0 ], [ 39.697636542299556, 21.301727361797923, 0.0 ], [ 39.697624751407773, 21.301726539216066, 0.0 ], [ 39.697612966503826, 21.301725644588693, 0.0 ], [ 39.697601188089209, 21.301724677953871, 0.0 ], [ 39.697589416665153, 21.301723639352723, 0.0 ], [ 39.697577652732605, 21.301722528829451, 0.0 ], [ 39.697565896792135, 21.301721346431307, 0.0 ], [ 39.697554149344057, 21.301720092208605, 0.0 ], [ 39.697542410888232, 21.30171876621473, 0.0 ], [ 39.697530681924199, 21.301717368506115, 0.0 ], [ 39.697518962951115, 21.301715899142202, 0.0 ], [ 39.69750725446761, 21.301714358185556, 0.0 ], [ 39.697495556971994, 21.301712745701725, 0.0 ], [ 39.697483870962024, 21.301711061759335, 0.0 ], [ 39.697472196934989, 21.301709306430055, 0.0 ], [ 39.69746053538767, 21.301707479788586, 0.0 ], [ 39.697448886816311, 21.301705581912636, 0.0 ], [ 39.697437251716622, 21.301703612882978, 0.0 ], [ 39.697425630583744, 21.301701572783404, 0.0 ], [ 39.697414023912188, 21.301699461700739, 0.0 ], [ 39.697402432195865, 21.301697279724802, 0.0 ], [ 39.697390855928077, 21.301695026948462, 0.0 ], [ 39.697379295601436, 21.301692703467562, 0.0 ], [ 39.697367751707873, 21.301690309380991, 0.0 ], [ 39.697356224738648, 21.301687844790614, 0.0 ], [ 39.697344715184279, 21.301685309801332, 0.0 ], [ 39.697333223534542, 21.301682704521003, 0.0 ], [ 39.697321750278469, 21.301680029060499, 0.0 ], [ 39.697310295904302, 21.301677283533685, 0.0 ], [ 39.697298860899465, 21.301674468057364, 0.0 ], [ 39.697287445750568, 21.301671582751371, 0.0 ], [ 39.697276050943373, 21.301668627738479, 0.0 ], [ 39.697264676962796, 21.301665603144439, 0.0 ], [ 39.697253324292824, 21.301662509097959, 0.0 ], [ 39.69724199341659, 21.301659345730709, 0.0 ], [ 39.697230684816255, 21.301656113177305, 0.0 ], [ 39.697219398973054, 21.301652811575291, 0.0 ], [ 39.697208136367244, 21.301649441065166, 0.0 ], [ 39.697196897478115, 21.301646001790385, 0.0 ], [ 39.69718568278391, 21.301642493897276, 0.0 ], [ 39.697174492761867, 21.301638917535133, 0.0 ], [ 39.697163327888191, 21.301635272856135, 0.0 ], [ 39.697152188637986, 21.30163156001538, 0.0 ], [ 39.697141075485263, 21.301627779170875, 0.0 ], [ 39.697129988902915, 21.301623930483498, 0.0 ], [ 39.697118929362773, 21.301620014117038, 0.0 ], [ 39.697107897335449, 21.301616030238154, 0.0 ], [ 39.697096893290386, 21.301611979016354, 0.0 ], [ 39.697085917695873, 21.30160786062406, 0.0 ], [ 39.697074971018949, 21.301603675236535, 0.0 ], [ 39.697064053725455, 21.30159942303186, 0.0 ], [ 39.697053166279979, 21.301595104190994, 0.0 ], [ 39.697042309145807, 21.301590718897714, 0.0 ], [ 39.697031482784965, 21.301586267338649, 0.0 ], [ 39.69702068765816, 21.301581749703239, 0.0 ], [ 39.697009924224758, 21.301577166183698, 0.0 ], [ 39.696999192942805, 21.301572516975103, 0.0 ], [ 39.696988494268979, 21.301567802275279, 0.0 ], [ 39.696977828658497, 21.301563022284867, 0.0 ], [ 39.696967196565282, 21.301558177207291, 0.0 ], [ 39.696956598441723, 21.301553267248668, 0.0 ], [ 39.696946034738858, 21.301548292618019, 0.0 ], [ 39.696935505906197, 21.30154325352699, 0.0 ], [ 39.696925012391773, 21.301538150190026, 0.0 ], [ 39.696914554642149, 21.301532982824288, 0.0 ], [ 39.696904133102336, 21.301527751649687, 0.0 ], [ 39.696893748215807, 21.301522456888808, 0.0 ], [ 39.696883400424497, 21.301517098767007, 0.0 ], [ 39.696873090168729, 21.301511677512238, 0.0 ], [ 39.696862817887258, 21.301506193355234, 0.0 ], [ 39.696852584017201, 21.301500646529366, 0.0 ], [ 39.69684238899405, 21.301495037270676, 0.0 ], [ 39.696832233251655, 21.301489365817854, 0.0 ], [ 39.696822117222148, 21.301483632412243, 0.0 ], [ 39.696812041336067, 21.301477837297853, 0.0 ], [ 39.696802006022132, 21.301471980721235, 0.0 ], [ 39.696792011707402, 21.301466062931656, 0.0 ], [ 39.696782058817149, 21.301460084180949, 0.0 ], [ 39.696772147774944, 21.301454044723492, 0.0 ], [ 39.696762279002527, 21.301447944816328, 0.0 ], [ 39.696752452919846, 21.30144178471901, 0.0 ], [ 39.696742669945053, 21.301435564693705, 0.0 ], [ 39.696732930494427, 21.30142928500505, 0.0 ], [ 39.696723234982436, 21.301422945920322, 0.0 ], [ 39.696713583821619, 21.301416547709263, 0.0 ], [ 39.69670397742275, 21.301410090644147, 0.0 ], [ 39.696694416194568, 21.301403574999732, 0.0 ], [ 39.696684900543922, 21.301397001053282, 0.0 ], [ 39.696675430875757, 21.30139036908459, 0.0 ], [ 39.696666007593052, 21.301383679375821, 0.0 ], [ 39.696656631096793, 21.301376932211685, 0.0 ], [ 39.696647301785973, 21.301370127879292, 0.0 ], [ 39.696638020057613, 21.301363266668186, 0.0 ], [ 39.696628786306661, 21.301356348870357, 0.0 ], [ 39.696619600926049, 21.301349374780173, 0.0 ], [ 39.696610464306652, 21.301342344694412, 0.0 ], [ 39.696601376837279, 21.301335258912232, 0.0 ], [ 39.696592338904601, 21.301328117735171, 0.0 ], [ 39.696583350893235, 21.301320921467116, 0.0 ], [ 39.696574413185658, 21.301313670414292, 0.0 ], [ 39.696565526162175, 21.30130636488526, 0.0 ], [ 39.696556690200985, 21.301299005190909, 0.0 ], [ 39.696547905678074, 21.301291591644414, 0.0 ], [ 39.696539172967249, 21.301284124561256, 0.0 ], [ 39.696530492440147, 21.301276604259186, 0.0 ], [ 39.696521864466106, 21.301269031058247, 0.0 ], [ 39.696513289412302, 21.301261405280677, 0.0 ], [ 39.696504767643631, 21.301253727251012, 0.0 ], [ 39.696496299522714, 21.301245997295968, 0.0 ], [ 39.696487885409915, 21.30123821574449, 0.0 ], [ 39.696479525663236, 21.301230382927706, 0.0 ], [ 39.696472747963583, 21.301223956766176, 0.0 ], [ 39.695286268931767, 21.300093000852911, 0.0 ], [ 39.695086657926275, 21.2999168478092, 0.0 ], [ 39.694730196293406, 21.299577060836093, 0.0 ] ] ] ] } },
{ "type": "Feature", "properties": { "ID": "616", "ROAD NAME": "R0B2", "FILL-TOTAL": null, "CUT-TOTAL": null, "FILL-DONE": null, "CUT-DONE": null, "FILL-REMAN": null, "CUT-REMAN": null, "EQUPIMENTS": null, "CONTRACTOR": null, "STATUS": null }, "geometry": { "type": "MultiPolygon", "coordinates": [ [ [ [ 39.720663104993548, 21.306171267068112, 0.0 ], [ 39.720633550308278, 21.306148841692014, 0.0 ], [ 39.720558760787881, 21.306073224417514, 0.0 ], [ 39.72051245752219, 21.306003536162059, 0.0 ], [ 39.720460391036845, 21.305894987859723, 0.0 ], [ 39.720403079309612, 21.305814660811677, 0.0 ], [ 39.720345988454682, 21.305683123548334, 0.0 ], [ 39.720337423018456, 21.305584884790079, 0.0 ], [ 39.720354465104798, 21.304743071878438, 0.0 ], [ 39.720418523060523, 21.303914178084018, 0.0 ], [ 39.720692805045644, 21.300618850286689, 0.0 ], [ 39.721040795433247, 21.295043323607359, 0.0 ], [ 39.721113571642505, 21.290235692129393, 0.0 ], [ 39.721145968364752, 21.288095556706235, 0.0 ], [ 39.721206280519873, 21.285478828915288, 0.0 ], [ 39.72141864550683, 21.28150101228875, 0.0 ], [ 39.721513015121708, 21.279733322895243, 0.0 ], [ 39.720248373349108, 21.280052308058806, 0.0 ], [ 39.720509869811494, 21.281038674957408, 0.0 ], [ 39.720598238679138, 21.281571790875248, 0.0 ], [ 39.720614441078958, 21.282128993543498, 0.0 ], [ 39.720474367862451, 21.285660889495805, 0.0 ], [ 39.720422675064263, 21.286231301792352, 0.0 ], [ 39.720336419134028, 21.287924100697687, 0.0 ], [ 39.720381575521827, 21.288576116036463, 0.0 ], [ 39.720429069667439, 21.288843414384623, 0.0 ], [ 39.72052442198089, 21.290220177220654, 0.0 ], [ 39.720357117606198, 21.294430069145509, 0.0 ], [ 39.720319169682888, 21.294652097016012, 0.0 ], [ 39.720214294491463, 21.297290987570282, 0.0 ], [ 39.720232510709351, 21.297565467731896, 0.0 ], [ 39.720205218493923, 21.298252192506123, 0.0 ], [ 39.720118716725445, 21.300428718465341, 0.0 ], [ 39.720036436534187, 21.302498986854637, 0.0 ], [ 39.71996133011946, 21.304388723950524, 0.0 ], [ 39.719822323806717, 21.305461955533804, 0.0 ], [ 39.719814697491103, 21.305518130492093, 0.0 ], [ 39.719803204700504, 21.305552512673412, 0.0 ], [ 39.71977858504868, 21.305589109932484, 0.0 ], [ 39.719741289591077, 21.305619496851161, 0.0 ], [ 39.719699166323444, 21.305637267063815, 0.0 ], [ 39.719663382491071, 21.305643046739011, 0.0 ], [ 39.719601861910839, 21.305635469445438, 0.0 ], [ 39.720663104993548, 21.306171267068112, 0.0 ] ] ] ] } },
{ "type": "Feature", "properties": { "ID": "514", "ROAD NAME": "R0A3", "FILL-TOTAL": null, "CUT-TOTAL": null, "FILL-DONE": null, "CUT-DONE": null, "FILL-REMAN": null, "CUT-REMAN": null, "EQUPIMENTS": null, "CONTRACTOR": null, "STATUS": null }, "geometry": { "type": "MultiPolygon", "coordinates": [ [ [ [ 39.720585952957315, 21.279973097702914, 0.0 ], [ 39.720578022807196, 21.279937320054316, 0.0 ], [ 39.720571536007775, 21.279865521432445, 0.0 ], [ 39.720577893867294, 21.27979029856488, 0.0 ], [ 39.720601384846837, 21.279706959909536, 0.0 ], [ 39.720635287879503, 21.279638947216544, 0.0 ], [ 39.720673984938905, 21.279575641198651, 0.0 ], [ 39.720700720579494, 21.279508920049334, 0.0 ], [ 39.720715526267561, 21.279428548383034, 0.0 ], [ 39.720710436307613, 21.279331648688032, 0.0 ], [ 39.72068018014911, 21.279236907300337, 0.0 ], [ 39.720638747976373, 21.279167600460067, 0.0 ], [ 39.720593713960319, 21.279092721466366, 0.0 ], [ 39.720564635981781, 21.279011201953921, 0.0 ], [ 39.720096025841706, 21.278990228250791, 0.0 ], [ 39.720050434258432, 21.27904389341457, 0.0 ], [ 39.719989222125484, 21.279100799229578, 0.0 ], [ 39.719926710551846, 21.279146379452175, 0.0 ], [ 39.719844477062622, 21.279186748845575, 0.0 ], [ 39.71975101063115, 21.279212402700342, 0.0 ], [ 39.719665219528785, 21.279220000480027, 0.0 ], [ 39.71932460576128, 21.27920948640709, 0.0 ], [ 39.718022419672089, 21.279167990069507, 0.0 ], [ 39.71800013925187, 21.279167252308593, 0.0 ], [ 39.717981891610606, 21.279165228896385, 0.0 ], [ 39.717974089525242, 21.279163678586414, 0.0 ], [ 39.717961324495349, 21.27916020627227, 0.0 ], [ 39.717951505882731, 21.279156691942521, 0.0 ], [ 39.717514461220347, 21.279142762317115, 0.0 ], [ 39.717502308451529, 21.279146152344271, 0.0 ], [ 39.717488718333058, 21.27914870118402, 0.0 ], [ 39.717477059309424, 21.279149897118433, 0.0 ], [ 39.71746225227934, 21.279150136271248, 0.0 ], [ 39.717445654063944, 21.279149607219995, 0.0 ], [ 39.71595115923126, 21.279101964946673, 0.0 ], [ 39.715062222464837, 21.2790736206133, 0.0 ], [ 39.714417485979673, 21.279059949182106, 0.0 ], [ 39.713780780995442, 21.279082131069153, 0.0 ], [ 39.7133355128895, 21.279120806396719, 0.0 ], [ 39.712851081722896, 21.279184847589342, 0.0 ], [ 39.712232341731308, 21.279300717332379, 0.0 ], [ 39.71179019170021, 21.279407694062972, 0.0 ], [ 39.711341246924938, 21.279537781963612, 0.0 ], [ 39.71070965450582, 21.279740060421478, 0.0 ], [ 39.709312507785178, 21.280187863190928, 0.0 ], [ 39.708891883942684, 21.280322675535658, 0.0 ], [ 39.708787229439189, 21.280356217918893, 0.0 ], [ 39.708658543976313, 21.280356551450105, 0.0 ], [ 39.708476163223274, 21.280329065354145, 0.0 ], [ 39.708343482422208, 21.28029104361617, 0.0 ], [ 39.708177539299562, 21.280227139541832, 0.0 ], [ 39.708108667054091, 21.280176230453751, 0.0 ], [ 39.708047976493887, 21.280110854569585, 0.0 ], [ 39.707649187619644, 21.280395517884727, 0.0 ], [ 39.707626797707576, 21.280502672241806, 0.0 ], [ 39.70753932082674, 21.280666503191721, 0.0 ], [ 39.707423605068712, 21.280776830745786, 0.0 ], [ 39.707296186364367, 21.280845751861552, 0.0 ], [ 39.70696429841032, 21.280976095802259, 0.0 ], [ 39.706499248883816, 21.281182010922297, 0.0 ], [ 39.706151745070486, 21.281354730343956, 0.0 ], [ 39.705705368791477, 21.28160214873434, 0.0 ], [ 39.705523770517878, 21.281711602528542, 0.0 ], [ 39.705372856557254, 21.281806668219986, 0.0 ], [ 39.705231242880345, 21.281899399875442, 0.0 ], [ 39.705083404221796, 21.281999990578839, 0.0 ], [ 39.704966157710324, 21.282082617468181, 0.0 ], [ 39.704854345430952, 21.282163850502904, 0.0 ], [ 39.704704545422018, 21.282276553760319, 0.0 ], [ 39.704574958855531, 21.282377776351261, 0.0 ], [ 39.704403047179227, 21.282517669728495, 0.0 ], [ 39.70426732620934, 21.282632869856958, 0.0 ], [ 39.704109715993695, 21.282772231012597, 0.0 ], [ 39.703927110205832, 21.282941684801646, 0.0 ], [ 39.7037534862082, 21.283111364353157, 0.0 ], [ 39.703573835933327, 21.283296472362871, 0.0 ], [ 39.703412565230217, 21.283471645781173, 0.0 ], [ 39.70319260669897, 21.283725779328222, 0.0 ], [ 39.703149804177187, 21.283771671265487, 0.0 ], [ 39.703107292650508, 21.283794155813908, 0.0 ], [ 39.703069435909256, 21.283801718451556, 0.0 ], [ 39.703026653904502, 21.283798784197533, 0.0 ], [ 39.702880560151549, 21.283955529169269, 0.0 ], [ 39.702891134747972, 21.283971706422872, 0.0 ], [ 39.702906658281222, 21.284020145236145, 0.0 ], [ 39.702902259410038, 21.28407014724085, 0.0 ], [ 39.702878588673371, 21.284115418727431, 0.0 ], [ 39.702145745459234, 21.285032606993664, 0.0 ], [ 39.701412893230717, 21.285949792164853, 0.0 ], [ 39.701257512287732, 21.286090261597462, 0.0 ], [ 39.701161485818858, 21.286142326105487, 0.0 ], [ 39.700972965607605, 21.286201011604806, 0.0 ], [ 39.700898346307937, 21.28623189406504, 0.0 ], [ 39.700791678056355, 21.286261579405714, 0.0 ], [ 39.700672376821828, 21.286267040535851, 0.0 ], [ 39.700560670204531, 21.286246500272764, 0.0 ], [ 39.700362451257085, 21.286536626955527, 0.0 ], [ 39.700472838099209, 21.286631652208225, 0.0 ], [ 39.700545575317044, 21.286766977907995, 0.0 ], [ 39.700562350376842, 21.286877113743873, 0.0 ], [ 39.700546240264856, 21.286988693004641, 0.0 ], [ 39.700475798568839, 21.287122571537967, 0.0 ], [ 39.698301083733426, 21.289844149105068, 0.0 ], [ 39.698040793628458, 21.290169884344721, 0.0 ], [ 39.697989885396957, 21.290209784990893, 0.0 ], [ 39.697938831255669, 21.290223559230459, 0.0 ], [ 39.697898805638545, 21.290221932495335, 0.0 ], [ 39.697748030863345, 21.290378839199835, 0.0 ], [ 39.697773814263982, 21.290440877603086, 0.0 ], [ 39.697770511741034, 21.290490670725987, 0.0 ], [ 39.697746053963392, 21.290538728659275, 0.0 ], [ 39.697143574844127, 21.291292678300394, 0.0 ], [ 39.695056942007724, 21.293903840684834, 0.0 ], [ 39.695005157976489, 21.293944147777008, 0.0 ], [ 39.694939511594747, 21.293958123673843, 0.0 ], [ 39.694764167629891, 21.294112790524629, 0.0 ], [ 39.694778703662962, 21.294136695763367, 0.0 ], [ 39.69479103460926, 21.294193034833445, 0.0 ], [ 39.694782478021089, 21.2942374046218, 0.0 ], [ 39.694762187576224, 21.294272679926038, 0.0 ], [ 39.692863373951745, 21.296408015676693, 0.0 ], [ 39.692589197182279, 21.29676044513295, 0.0 ], [ 39.692530389153561, 21.296829601746399, 0.0 ], [ 39.692471569447456, 21.296896297550582, 0.0 ], [ 39.692425838115952, 21.296951863310827, 0.0 ], [ 39.692388422411476, 21.297021580585081, 0.0 ], [ 39.692368471784143, 21.297048083951129, 0.0 ], [ 39.692336845131898, 21.297074239520484, 0.0 ], [ 39.692009822751359, 21.297443308844585, 0.0 ], [ 39.692005084780476, 21.297475405520967, 0.0 ], [ 39.691979272251388, 21.297561838335586, 0.0 ], [ 39.691954942684376, 21.297611206145419, 0.0 ], [ 39.691915994074016, 21.297668394983855, 0.0 ], [ 39.692209268712467, 21.297929712911799, 0.0 ], [ 39.692945782666456, 21.297204115705039, 0.0 ], [ 39.693987007140073, 21.295901231387482, 0.0 ], [ 39.695028213408236, 21.294598340813298, 0.0 ], [ 39.697495729899501, 21.291510552362279, 0.0 ], [ 39.700767660985917, 21.287415888168145, 0.0 ], [ 39.700890477697484, 21.287262183386417, 0.0 ], [ 39.700959304668451, 21.287190057407187, 0.0 ], [ 39.701042449695699, 21.287128918350632, 0.0 ], [ 39.701113055399929, 21.287092047125885, 0.0 ], [ 39.701183271544558, 21.28706600162166, 0.0 ], [ 39.701271175452511, 21.287043548097245, 0.0 ], [ 39.701358034940675, 21.287010000268427, 0.0 ], [ 39.701421301968928, 21.286973245016643, 0.0 ], [ 39.70146620487489, 21.286938949930725, 0.0 ], [ 39.701534969938564, 21.286891580327719, 0.0 ], [ 39.70159894380172, 21.286863391124164, 0.0 ], [ 39.701680241132031, 21.286844177180487, 0.0 ], [ 39.701752337630744, 21.28684061419294, 0.0 ], [ 39.702099838331037, 21.286382703317077, 0.0 ], [ 39.701990494842143, 21.286356506021217, 0.0 ], [ 39.701921231764715, 21.28630819123002, 0.0 ], [ 39.701875564235749, 21.28624642328975, 0.0 ], [ 39.701850010111322, 21.286142732705354, 0.0 ], [ 39.701864069321196, 21.286063023705836, 0.0 ], [ 39.701901348858264, 21.285997107968488, 0.0 ], [ 39.702275243544719, 21.285529145956591, 0.0 ], [ 39.702649135884649, 21.285061183139074, 0.0 ], [ 39.702902929321553, 21.284743548112417, 0.0 ], [ 39.703404774342751, 21.284115459195849, 0.0 ], [ 39.703994093647765, 21.283448914661065, 0.0 ], [ 39.704628676660811, 21.282858203489308, 0.0 ], [ 39.705030007508867, 21.282537338174127, 0.0 ], [ 39.705600241447414, 21.282139171546266, 0.0 ], [ 39.706272869870077, 21.281746405700243, 0.0 ], [ 39.706658737292415, 21.28154879546971, 0.0 ], [ 39.70712884511164, 21.28133949458967, 0.0 ], [ 39.707823898760985, 21.281082341553475, 0.0 ], [ 39.708521224414909, 21.280858745912635, 0.0 ], [ 39.709218547881925, 21.28063514742523, 0.0 ], [ 39.710288407010736, 21.28028180558896, 0.0 ], [ 39.710923580935265, 21.280088663959098, 0.0 ], [ 39.711970129806978, 21.279770426468009, 0.0 ], [ 39.712737431101594, 21.279606867740561, 0.0 ], [ 39.713215360608132, 21.279532647863469, 0.0 ], [ 39.713608243696186, 21.279491147055502, 0.0 ], [ 39.714065658223468, 21.27946247868049, 0.0 ], [ 39.71441940726514, 21.279454677951229, 0.0 ], [ 39.714782772515022, 21.279459672450823, 0.0 ], [ 39.715278521851047, 21.279475481072254, 0.0 ], [ 39.715677333390055, 21.279488197439225, 0.0 ], [ 39.716028204360967, 21.279499384401319, 0.0 ], [ 39.717273636597113, 21.279539087065224, 0.0 ], [ 39.717697535701618, 21.279552598263539, 0.0 ], [ 39.718711270366782, 21.279584905286843, 0.0 ], [ 39.719725005289526, 21.279617206157372, 0.0 ], [ 39.719821797147333, 21.279654851398607, 0.0 ], [ 39.719931620253732, 21.279723035893308, 0.0 ], [ 39.719996275045759, 21.279773241038985, 0.0 ], [ 39.72004340950766, 21.279801339076261, 0.0 ], [ 39.720090764425947, 21.27983016490861, 0.0 ], [ 39.720173592222181, 21.279906958131775, 0.0 ], [ 39.720227036252126, 21.279992800615343, 0.0 ], [ 39.720248373349108, 21.280052308058806, 0.0 ], [ 39.720585952957315, 21.279973097702914, 0.0 ] ] ] ] } },
{ "type": "Feature", "properties": { "ID": "649", "ROAD NAME": "R11E21", "FILL-TOTAL": null, "CUT-TOTAL": null, "FILL-DONE": null, "CUT-DONE": null, "FILL-REMAN": null, "CUT-REMAN": null, "EQUPIMENTS": null, "CONTRACTOR": null, "STATUS": null }, "geometry": { "type": "MultiPolygon", "coordinates": [ [ [ [ 39.697022841587753, 21.300717373849924, 0.0 ], [ 39.695922034837039, 21.299668085369181, 0.0 ], [ 39.695926400174223, 21.299621335085618, 0.0 ], [ 39.695704666161788, 21.299769532080205, 0.0 ], [ 39.695763093706937, 21.299774314459288, 0.0 ], [ 39.696885318530128, 21.300844019737212, 0.0 ], [ 39.696892184449403, 21.300850512715549, 0.0 ], [ 39.696899104949225, 21.300856954629648, 0.0 ], [ 39.696906079597056, 21.300863345076845, 0.0 ], [ 39.696913107956966, 21.300869683657758, 0.0 ], [ 39.696920189589711, 21.300875969976214, 0.0 ], [ 39.696927324052702, 21.300882203639315, 0.0 ], [ 39.696934510899972, 21.30088838425743, 0.0 ], [ 39.696941749682424, 21.300894511444302, 0.0 ], [ 39.696949039947569, 21.300900584816951, 0.0 ], [ 39.696956381239808, 21.300906603995806, 0.0 ], [ 39.696963773100286, 21.300912568604641, 0.0 ], [ 39.69697121506703, 21.300918478270681, 0.0 ], [ 39.696978706674862, 21.300924332624557, 0.0 ], [ 39.696986247455634, 21.300930131300383, 0.0 ], [ 39.696993836938006, 21.300935873935703, 0.0 ], [ 39.697001474647635, 21.300941560171619, 0.0 ], [ 39.697009160107164, 21.300947189652756, 0.0 ], [ 39.697016892836238, 21.300952762027229, 0.0 ], [ 39.697024672351581, 21.300958276946783, 0.0 ], [ 39.697032498166955, 21.300963734066716, 0.0 ], [ 39.697040369793257, 21.300969133045967, 0.0 ], [ 39.6970482867385, 21.300974473547093, 0.0 ], [ 39.697056248507877, 21.300979755236302, 0.0 ], [ 39.697064254603752, 21.300984977783493, 0.0 ], [ 39.697072304525776, 21.30099014086224, 0.0 ], [ 39.69708039777079, 21.300995244149849, 0.0 ], [ 39.697088533832996, 21.30100028732738, 0.0 ], [ 39.697096712203866, 21.301005270079596, 0.0 ], [ 39.697104932372248, 21.301010192095102, 0.0 ], [ 39.697113193824386, 21.301015053066237, 0.0 ], [ 39.69712149604392, 21.301019852689187, 0.0 ], [ 39.69712983851197, 21.301024590664007, 0.0 ], [ 39.697138220707124, 21.301029266694545, 0.0 ], [ 39.697146642105494, 21.301033880488536, 0.0 ], [ 39.697155102180737, 21.301038431757643, 0.0 ], [ 39.69716360040406, 21.301042920217366, 0.0 ], [ 39.697172136244362, 21.301047345587214, 0.0 ], [ 39.69718070916813, 21.301051707590577, 0.0 ], [ 39.697189318639552, 21.301056005954813, 0.0 ], [ 39.697197964120534, 21.301060240411299, 0.0 ], [ 39.697206645070722, 21.30106441069535, 0.0 ], [ 39.697215360947546, 21.301068516546337, 0.0 ], [ 39.69722411120626, 21.301072557707631, 0.0 ], [ 39.697232895299962, 21.301076533926675, 0.0 ], [ 39.697241712679649, 21.301080444954913, 0.0 ], [ 39.697250562794224, 21.301084290547937, 0.0 ], [ 39.697259445090545, 21.301088070465369, 0.0 ], [ 39.697268359013457, 21.301091784470987, 0.0 ], [ 39.69727730400583, 21.301095432332644, 0.0 ], [ 39.69728627950861, 21.301099013822363, 0.0 ], [ 39.697295284960816, 21.301102528716264, 0.0 ], [ 39.697304319799592, 21.30110597679468, 0.0 ], [ 39.697313383460255, 21.301109357842112, 0.0 ], [ 39.697322475376318, 21.301112671647218, 0.0 ], [ 39.697331594979502, 21.301115918002917, 0.0 ], [ 39.697340741699868, 21.301119096706294, 0.0 ], [ 39.69734991496572, 21.301122207558659, 0.0 ], [ 39.697359114203721, 21.301125250365594, 0.0 ], [ 39.697368338838899, 21.301128224936924, 0.0 ], [ 39.697377588294707, 21.301131131086731, 0.0 ], [ 39.697386861993046, 21.301133968633376, 0.0 ], [ 39.697396159354305, 21.301136737399521, 0.0 ], [ 39.697405479797382, 21.301139437212104, 0.0 ], [ 39.697414822739759, 21.301142067902376, 0.0 ], [ 39.697424187597463, 21.301144629305927, 0.0 ], [ 39.697433573785212, 21.30114712126268, 0.0 ], [ 39.697442980716339, 21.301149543616866, 0.0 ], [ 39.697452407802899, 21.301151896217089, 0.0 ], [ 39.697461854455689, 21.301154178916303, 0.0 ], [ 39.69747132008429, 21.301156391571876, 0.0 ], [ 39.69748080409709, 21.301158534045449, 0.0 ], [ 39.697490305901326, 21.301160606203165, 0.0 ], [ 39.697499824903119, 21.301162607915501, 0.0 ], [ 39.69750936050751, 21.301164539057339, 0.0 ], [ 39.697518912118554, 21.301166399507981, 0.0 ], [ 39.69752847913923, 21.301168189151177, 0.0 ], [ 39.697538060971581, 21.301169907875028, 0.0 ], [ 39.69754765701677, 21.301171555572147, 0.0 ], [ 39.697557266674998, 21.301173132139517, 0.0 ], [ 39.697566889345651, 21.301174637478649, 0.0 ], [ 39.697576524427333, 21.301176071495398, 0.0 ], [ 39.697586171317809, 21.301177434100197, 0.0 ], [ 39.697595829414134, 21.301178725207834, 0.0 ], [ 39.697605498112679, 21.301179944737655, 0.0 ], [ 39.697615176809158, 21.301181092613394, 0.0 ], [ 39.697624864898593, 21.301182168763344, 0.0 ], [ 39.697634561775516, 21.301183173120222, 0.0 ], [ 39.697644266833848, 21.301184105621278, 0.0 ], [ 39.697653979466978, 21.301184966208211, 0.0 ], [ 39.697663699067888, 21.301185754827262, 0.0 ], [ 39.697673425029073, 21.301186471429077, 0.0 ], [ 39.697683156742663, 21.301187115968936, 0.0 ], [ 39.697692893600404, 21.301187688406518, 0.0 ], [ 39.697702634993732, 21.301188188706075, 0.0 ], [ 39.697712380313803, 21.301188616836299, 0.0 ], [ 39.697722128951533, 21.301188972770458, 0.0 ], [ 39.697731880297596, 21.301189256486317, 0.0 ], [ 39.697741633742524, 21.301189467966118, 0.0 ], [ 39.697751388676735, 21.301189607196644, 0.0 ], [ 39.697761144490514, 21.301189674169223, 0.0 ], [ 39.69777090057412, 21.301189668879633, 0.0 ], [ 39.697780656317796, 21.301189591328221, 0.0 ], [ 39.697790411111768, 21.301189441519849, 0.0 ], [ 39.697800164346368, 21.301189219463851, 0.0 ], [ 39.697809915412016, 21.301188925174127, 0.0 ], [ 39.697819663699242, 21.301188558669057, 0.0 ], [ 39.697829408598778, 21.301188119971574, 0.0 ], [ 39.697839149501526, 21.301187609109082, 0.0 ], [ 39.697848885798699, 21.301187026113507, 0.0 ], [ 39.69785861688176, 21.301186371021277, 0.0 ], [ 39.697868342142506, 21.30118564387336, 0.0 ], [ 39.697878060973103, 21.301184844715177, 0.0 ], [ 39.697887772766087, 21.301183973596711, 0.0 ], [ 39.697897476914477, 21.301183030572396, 0.0 ], [ 39.697901316627572, 21.301182637363986, 0.0 ], [ 39.697961969236395, 21.301207507497448, 0.0 ], [ 39.697787771320442, 21.300978707483672, 0.0 ], [ 39.697771612069431, 21.301009007313233, 0.0 ], [ 39.697762650559213, 21.301009021818953, 0.0 ], [ 39.697753689257233, 21.301008964062476, 0.0 ], [ 39.697744728827317, 21.301008834048108, 0.0 ], [ 39.697735769933182, 21.301008631785443, 0.0 ], [ 39.697726813238468, 21.301008357289483, 0.0 ], [ 39.697717859406652, 21.301008010580567, 0.0 ], [ 39.697708909100996, 21.301007591684385, 0.0 ], [ 39.69769996298448, 21.301007100631939, 0.0 ], [ 39.697691021719791, 21.301006537459607, 0.0 ], [ 39.697682085969269, 21.30100590220913, 0.0 ], [ 39.697673156394814, 21.301005194927541, 0.0 ], [ 39.69766423365791, 21.301004415667236, 0.0 ], [ 39.697655318419478, 21.301003564485939, 0.0 ], [ 39.697646411339946, 21.301002641446722, 0.0 ], [ 39.69763751307908, 21.301001646617934, 0.0 ], [ 39.697628624296044, 21.301000580073271, 0.0 ], [ 39.697619745649277, 21.300999441891744, 0.0 ], [ 39.69761087779645, 21.300998232157653, 0.0 ], [ 39.697602021394452, 21.300996950960624, 0.0 ], [ 39.697593177099328, 21.300995598395545, 0.0 ], [ 39.69758434556622, 21.300994174562618, 0.0 ], [ 39.697575527449338, 21.300992679567315, 0.0 ], [ 39.697566723401856, 21.300991113520357, 0.0 ], [ 39.697557934075952, 21.300989476537772, 0.0 ], [ 39.697549160122705, 21.300987768740811, 0.0 ], [ 39.697540402192033, 21.300985990255988, 0.0 ], [ 39.697531660932682, 21.300984141215025, 0.0 ], [ 39.697522936992179, 21.300982221754911, 0.0 ], [ 39.697514231016733, 21.300980232017803, 0.0 ], [ 39.697505543651225, 21.300978172151105, 0.0 ], [ 39.697496875539201, 21.300976042307422, 0.0 ], [ 39.697488227322751, 21.300973842644485, 0.0 ], [ 39.697479599642477, 21.300971573325274, 0.0 ], [ 39.697470993137486, 21.300969234517851, 0.0 ], [ 39.69746240844529, 21.300966826395488, 0.0 ], [ 39.697453846201824, 21.300964349136539, 0.0 ], [ 39.69744530704132, 21.300961802924537, 0.0 ], [ 39.69743679159631, 21.300959187948084, 0.0 ], [ 39.697428300497592, 21.300956504400876, 0.0 ], [ 39.697419834374138, 21.300953752481714, 0.0 ], [ 39.697411393853081, 21.300950932394414, 0.0 ], [ 39.697402979559634, 21.300948044347912, 0.0 ], [ 39.697394592117121, 21.300945088556102, 0.0 ], [ 39.697386232146798, 21.300942065237976, 0.0 ], [ 39.697377900267959, 21.300938974617441, 0.0 ], [ 39.697369597097769, 21.300935816923477, 0.0 ], [ 39.6973613232513, 21.300932592389977, 0.0 ], [ 39.697353079341433, 21.300929301255763, 0.0 ], [ 39.697344865978813, 21.300925943764685, 0.0 ], [ 39.697336683771887, 21.300922520165404, 0.0 ], [ 39.697328533326711, 21.30091903071154, 0.0 ], [ 39.697320415247049, 21.300915475661565, 0.0 ], [ 39.697312330134238, 21.300911855278827, 0.0 ], [ 39.697304278587168, 21.300908169831512, 0.0 ], [ 39.697296261202297, 21.300904419592612, 0.0 ], [ 39.697288278573467, 21.300900604839917, 0.0 ], [ 39.697280331292006, 21.30089672585602, 0.0 ], [ 39.697272419946607, 21.300892782928237, 0.0 ], [ 39.697264545123311, 21.300888776348678, 0.0 ], [ 39.697256707405415, 21.300884706414077, 0.0 ], [ 39.697248907373528, 21.30088057342596, 0.0 ], [ 39.697241145605418, 21.300876377690464, 0.0 ], [ 39.697233422676014, 21.30087211951837, 0.0 ], [ 39.697225739157425, 21.300867799225124, 0.0 ], [ 39.697218095618808, 21.300863417130735, 0.0 ], [ 39.697210492626319, 21.300858973559809, 0.0 ], [ 39.697202930743153, 21.300854468841514, 0.0 ], [ 39.697195410529488, 21.30084990330954, 0.0 ], [ 39.697187932542349, 21.30084527730207, 0.0 ], [ 39.697180497335673, 21.300840591161762, 0.0 ], [ 39.697173105460202, 21.300835845235763, 0.0 ], [ 39.69716575746353, 21.300831039875614, 0.0 ], [ 39.697158453889898, 21.300826175437265, 0.0 ], [ 39.697151195280341, 21.300821252281068, 0.0 ], [ 39.697143982172534, 21.300816270771687, 0.0 ], [ 39.697136815100812, 21.300811231278143, 0.0 ], [ 39.697129694596036, 21.300806134173715, 0.0 ], [ 39.697122621185642, 21.300800979836005, 0.0 ], [ 39.697115595393605, 21.300795768646772, 0.0 ], [ 39.697108617740369, 21.300790500992072, 0.0 ], [ 39.697101688742791, 21.300785177262096, 0.0 ], [ 39.697094808914109, 21.300779797851195, 0.0 ], [ 39.697087978763953, 21.300774363157849, 0.0 ], [ 39.697081198798266, 21.300768873584619, 0.0 ], [ 39.697074469519272, 21.300763329538171, 0.0 ], [ 39.697067791425411, 21.300757731429158, 0.0 ], [ 39.697061165011384, 21.300752079672264, 0.0 ], [ 39.697054590768033, 21.300746374686138, 0.0 ], [ 39.697048069182323, 21.300740616893389, 0.0 ], [ 39.697041600737329, 21.300734806720516, 0.0 ], [ 39.69703518591222, 21.300728944597893, 0.0 ], [ 39.697028825182144, 21.300723030959784, 0.0 ], [ 39.697022841587753, 21.300717373849924, 0.0 ] ] ] ] } },
{ "type": "Feature", "properties": { "ID": "733", "ROAD NAME": "R11E22", "FILL-TOTAL": null, "CUT-TOTAL": null, "FILL-DONE": null, "CUT-DONE": null, "FILL-REMAN": null, "CUT-REMAN": null, "EQUPIMENTS": null, "CONTRACTOR": null, "STATUS": null }, "geometry": { "type": "MultiPolygon", "coordinates": [ [ [ [ 39.697639732538228, 21.299042046195968, 0.0 ], [ 39.697348622885464, 21.298659680279687, 0.0 ], [ 39.697219862558796, 21.298490555689469, 0.0 ], [ 39.69692875335501, 21.298108186628259, 0.0 ], [ 39.696772002877061, 21.29790229535265, 0.0 ], [ 39.69662644861009, 21.297711109593855, 0.0 ], [ 39.696469466986706, 21.297816029953822, 0.0 ], [ 39.697482752229746, 21.299146967611954, 0.0 ], [ 39.697473749372229, 21.299197364818507, 0.0 ], [ 39.697693521823801, 21.29905047480694, 0.0 ], [ 39.697639732538228, 21.299042046195968, 0.0 ] ] ] ] } }
]
}
